
 /----------------------------------------------------------------------------\
 |  yosys -- Yosys Open SYnthesis Suite                                       |
 |  Copyright (C) 2012 - 2026  Claire Xenia Wolf <claire@yosyshq.com>         |
 |  Distributed under an ISC-like license, type "license" to see terms        |
 \----------------------------------------------------------------------------/
 Yosys 0.68+195 (git sha1 435977e97-dirty, Release, Clang /usr/bin/clang++ 21.1.8)

-- Executing script file `design_prep.ys' --

1. Executing RTLIL frontend.
Input filename: design.il

2. Executing SCC pass (detecting logic loops).
Found 0 SCCs in module __eqcheck_top.
Found 0 SCCs in module gate.
Found 0 SCCs in module gold.
Found 0 SCCs.

3. Executing SIMPLEMAP pass (map simple cells to gate primitives).

4. Executing MEMORY_NORDFF pass (extracting $dff cells from memories).

5. Executing CLK2FFLOGIC pass (convert clocked FFs to generic $ff cells).

5.1. Executing PEEPOPT pass (run peephole optimizers).
Replacing __eqcheck_top.$procdff$17226 ($dff): CLK=\clk_e, D=$0\seen_rst_clk_e[0:0], Q=\seen_rst_clk_e
Replacing __eqcheck_top.$procdff$17227 ($dff): CLK=\clk_d, D=$0\seen_rst_clk_d[0:0], Q=\seen_rst_clk_d
Replacing __eqcheck_top.$procdff$17228 ($dff): CLK=\clk_c, D=$0\seen_rst_clk_c[0:0], Q=\seen_rst_clk_c
Replacing __eqcheck_top.$procdff$17229 ($dff): CLK=\clk_b, D=$0\seen_rst_clk_b[0:0], Q=\seen_rst_clk_b
Replacing __eqcheck_top.$procdff$17230 ($dff): CLK=\clk_a, D=$0\seen_rst_clk_a[0:0], Q=\seen_rst_clk_a
Modifying write port 0 on memory gate.u_cpu.cpuregs: CLK=\clk_a, A=$0$memwr$\u_cpu.cpuregs$gold_gate.v:5174$1291_ADDR[4:0]$1329, D=$0$memwr$\u_cpu.cpuregs$gold_gate.v:5174$1291_DATA[31:0]$1330
Modifying write port 1 on memory gate.u_cpu.cpuregs: CLK=\clk_a, A=$0$memwr$\u_cpu.cpuregs$gold_gate.v:5176$1292_ADDR[4:0]$1332, D=$0$memwr$\u_cpu.cpuregs$gold_gate.v:5176$1292_DATA[31:0]$1333
Modifying write port 2 on memory gate.u_cpu.cpuregs: CLK=\clk_a, A=$0$memwr$\u_cpu.cpuregs$gold_gate.v:5178$1293_ADDR[4:0]$1335, D=$0$memwr$\u_cpu.cpuregs$gold_gate.v:5178$1293_DATA[31:0]$1336
Modifying write port 3 on memory gate.u_cpu.cpuregs: CLK=\clk_a, A=$0$memwr$\u_cpu.cpuregs$gold_gate.v:5180$1294_ADDR[4:0]$1338, D=$0$memwr$\u_cpu.cpuregs$gold_gate.v:5180$1294_DATA[31:0]$1339
Modifying write port 4 on memory gate.u_cpu.cpuregs: CLK=\clk_a, A=$0$memwr$\u_cpu.cpuregs$gold_gate.v:5182$1295_ADDR[4:0]$1341, D=$0$memwr$\u_cpu.cpuregs$gold_gate.v:5182$1295_DATA[31:0]$1342
Modifying write port 5 on memory gate.u_cpu.cpuregs: CLK=\clk_a, A=$0$memwr$\u_cpu.cpuregs$gold_gate.v:5184$1296_ADDR[4:0]$1344, D=$0$memwr$\u_cpu.cpuregs$gold_gate.v:5184$1296_DATA[31:0]$1345
Modifying write port 6 on memory gate.u_cpu.cpuregs: CLK=\clk_a, A=$0$memwr$\u_cpu.cpuregs$gold_gate.v:5186$1297_ADDR[4:0]$1347, D=$0$memwr$\u_cpu.cpuregs$gold_gate.v:5186$1297_DATA[31:0]$1348
Modifying write port 7 on memory gate.u_cpu.cpuregs: CLK=\clk_a, A=$0$memwr$\u_cpu.cpuregs$gold_gate.v:5188$1298_ADDR[4:0]$1350, D=$0$memwr$\u_cpu.cpuregs$gold_gate.v:5188$1298_DATA[31:0]$1351
Modifying write port 8 on memory gate.u_cpu.cpuregs: CLK=\clk_a, A=$0$memwr$\u_cpu.cpuregs$gold_gate.v:5190$1299_ADDR[4:0]$1353, D=$0$memwr$\u_cpu.cpuregs$gold_gate.v:5190$1299_DATA[31:0]$1354
Modifying write port 9 on memory gate.u_cpu.cpuregs: CLK=\clk_a, A=$0$memwr$\u_cpu.cpuregs$gold_gate.v:5192$1300_ADDR[4:0]$1356, D=$0$memwr$\u_cpu.cpuregs$gold_gate.v:5192$1300_DATA[31:0]$1357
Modifying write port 10 on memory gate.u_cpu.cpuregs: CLK=\clk_a, A=$0$memwr$\u_cpu.cpuregs$gold_gate.v:5194$1301_ADDR[4:0]$1359, D=$0$memwr$\u_cpu.cpuregs$gold_gate.v:5194$1301_DATA[31:0]$1360
Modifying write port 11 on memory gate.u_cpu.cpuregs: CLK=\clk_a, A=$0$memwr$\u_cpu.cpuregs$gold_gate.v:5196$1302_ADDR[4:0]$1362, D=$0$memwr$\u_cpu.cpuregs$gold_gate.v:5196$1302_DATA[31:0]$1363
Modifying write port 12 on memory gate.u_cpu.cpuregs: CLK=\clk_a, A=$0$memwr$\u_cpu.cpuregs$gold_gate.v:5198$1303_ADDR[4:0]$1365, D=$0$memwr$\u_cpu.cpuregs$gold_gate.v:5198$1303_DATA[31:0]$1366
Modifying write port 13 on memory gate.u_cpu.cpuregs: CLK=\clk_a, A=$0$memwr$\u_cpu.cpuregs$gold_gate.v:5200$1304_ADDR[4:0]$1368, D=$0$memwr$\u_cpu.cpuregs$gold_gate.v:5200$1304_DATA[31:0]$1369
Modifying write port 14 on memory gate.u_cpu.cpuregs: CLK=\clk_a, A=$0$memwr$\u_cpu.cpuregs$gold_gate.v:5202$1305_ADDR[4:0]$1371, D=$0$memwr$\u_cpu.cpuregs$gold_gate.v:5202$1305_DATA[31:0]$1372
Modifying write port 15 on memory gate.u_cpu.cpuregs: CLK=\clk_a, A=$0$memwr$\u_cpu.cpuregs$gold_gate.v:5204$1306_ADDR[4:0]$1374, D=$0$memwr$\u_cpu.cpuregs$gold_gate.v:5204$1306_DATA[31:0]$1375
Modifying write port 16 on memory gate.u_cpu.cpuregs: CLK=\clk_a, A=$0$memwr$\u_cpu.cpuregs$gold_gate.v:5206$1307_ADDR[4:0]$1377, D=$0$memwr$\u_cpu.cpuregs$gold_gate.v:5206$1307_DATA[31:0]$1378
Modifying write port 17 on memory gate.u_cpu.cpuregs: CLK=\clk_a, A=$0$memwr$\u_cpu.cpuregs$gold_gate.v:5208$1308_ADDR[4:0]$1380, D=$0$memwr$\u_cpu.cpuregs$gold_gate.v:5208$1308_DATA[31:0]$1381
Modifying write port 18 on memory gate.u_cpu.cpuregs: CLK=\clk_a, A=$0$memwr$\u_cpu.cpuregs$gold_gate.v:5210$1309_ADDR[4:0]$1383, D=$0$memwr$\u_cpu.cpuregs$gold_gate.v:5210$1309_DATA[31:0]$1384
Modifying write port 19 on memory gate.u_cpu.cpuregs: CLK=\clk_a, A=$0$memwr$\u_cpu.cpuregs$gold_gate.v:5212$1310_ADDR[4:0]$1386, D=$0$memwr$\u_cpu.cpuregs$gold_gate.v:5212$1310_DATA[31:0]$1387
Modifying write port 20 on memory gate.u_cpu.cpuregs: CLK=\clk_a, A=$0$memwr$\u_cpu.cpuregs$gold_gate.v:5214$1311_ADDR[4:0]$1389, D=$0$memwr$\u_cpu.cpuregs$gold_gate.v:5214$1311_DATA[31:0]$1390
Modifying write port 21 on memory gate.u_cpu.cpuregs: CLK=\clk_a, A=$0$memwr$\u_cpu.cpuregs$gold_gate.v:5216$1312_ADDR[4:0]$1392, D=$0$memwr$\u_cpu.cpuregs$gold_gate.v:5216$1312_DATA[31:0]$1393
Modifying write port 22 on memory gate.u_cpu.cpuregs: CLK=\clk_a, A=$0$memwr$\u_cpu.cpuregs$gold_gate.v:5218$1313_ADDR[4:0]$1395, D=$0$memwr$\u_cpu.cpuregs$gold_gate.v:5218$1313_DATA[31:0]$1396
Modifying write port 23 on memory gate.u_cpu.cpuregs: CLK=\clk_a, A=$0$memwr$\u_cpu.cpuregs$gold_gate.v:5220$1314_ADDR[4:0]$1398, D=$0$memwr$\u_cpu.cpuregs$gold_gate.v:5220$1314_DATA[31:0]$1399
Modifying write port 24 on memory gate.u_cpu.cpuregs: CLK=\clk_a, A=$0$memwr$\u_cpu.cpuregs$gold_gate.v:5222$1315_ADDR[4:0]$1401, D=$0$memwr$\u_cpu.cpuregs$gold_gate.v:5222$1315_DATA[31:0]$1402
Modifying write port 25 on memory gate.u_cpu.cpuregs: CLK=\clk_a, A=$0$memwr$\u_cpu.cpuregs$gold_gate.v:5224$1316_ADDR[4:0]$1404, D=$0$memwr$\u_cpu.cpuregs$gold_gate.v:5224$1316_DATA[31:0]$1405
Modifying write port 26 on memory gate.u_cpu.cpuregs: CLK=\clk_a, A=$0$memwr$\u_cpu.cpuregs$gold_gate.v:5226$1317_ADDR[4:0]$1407, D=$0$memwr$\u_cpu.cpuregs$gold_gate.v:5226$1317_DATA[31:0]$1408
Modifying write port 27 on memory gate.u_cpu.cpuregs: CLK=\clk_a, A=$0$memwr$\u_cpu.cpuregs$gold_gate.v:5228$1318_ADDR[4:0]$1410, D=$0$memwr$\u_cpu.cpuregs$gold_gate.v:5228$1318_DATA[31:0]$1411
Modifying write port 28 on memory gate.u_cpu.cpuregs: CLK=\clk_a, A=$0$memwr$\u_cpu.cpuregs$gold_gate.v:5230$1319_ADDR[4:0]$1413, D=$0$memwr$\u_cpu.cpuregs$gold_gate.v:5230$1319_DATA[31:0]$1414
Modifying write port 29 on memory gate.u_cpu.cpuregs: CLK=\clk_a, A=$0$memwr$\u_cpu.cpuregs$gold_gate.v:5232$1320_ADDR[4:0]$1416, D=$0$memwr$\u_cpu.cpuregs$gold_gate.v:5232$1320_DATA[31:0]$1417
Modifying write port 30 on memory gate.u_cpu.cpuregs: CLK=\clk_a, A=$0$memwr$\u_cpu.cpuregs$gold_gate.v:5234$1321_ADDR[4:0]$1419, D=$0$memwr$\u_cpu.cpuregs$gold_gate.v:5234$1321_DATA[31:0]$1420
Modifying write port 31 on memory gate.u_cpu.cpuregs: CLK=\clk_a, A=$0$memwr$\u_cpu.cpuregs$gold_gate.v:5236$1322_ADDR[4:0]$1422, D=$0$memwr$\u_cpu.cpuregs$gold_gate.v:5236$1322_DATA[31:0]$1423
Replacing gate.$procdff$17979 ($dff): CLK=\u_div_a.clk_out, D=\_0000_, Q=\cap_a
Replacing gate.$procdff$17980 ($dff): CLK=\u_div_b.clk_out, D=\_0001_, Q=\cap_b
Replacing gate.$procdff$17981 ($dff): CLK=\u_div_c.clk_out, D=\_0002_, Q=\cap_c
Replacing gate.$procdff$17982 ($dff): CLK=\u_div_d.clk_out, D={ 1'0 \_0003_ }, Q=\cap_d
Replacing gate.$procdff$17983 ($dff): CLK=\clk_e, D=\_0005_, Q=\crc_cnt
Replacing gate.$procdff$17984 ($dff): CLK=\u_div_e.clk_out, D=\_0004_, Q=\cap_e
Replacing gate.$procdff$17989 ($adff): CLK=\clk_c, D=\_2623_, Q=\u_sha.core.w_mem_inst.w_mem[0]
Replacing gate.$procdff$17994 ($adff): CLK=\clk_c, D=\_2630_, Q=\u_sha.core.w_mem_inst.w_mem[1]
Replacing gate.$procdff$17999 ($adff): CLK=\clk_c, D=\_2631_, Q=\u_sha.core.w_mem_inst.w_mem[2]
Replacing gate.$procdff$18004 ($adff): CLK=\clk_c, D=\_2632_, Q=\u_sha.core.w_mem_inst.w_mem[3]
Replacing gate.$procdff$18009 ($adff): CLK=\clk_c, D=\_2633_, Q=\u_sha.core.w_mem_inst.w_mem[4]
Replacing gate.$procdff$18014 ($adff): CLK=\clk_c, D=\_2634_, Q=\u_sha.core.w_mem_inst.w_mem[5]
Replacing gate.$procdff$18019 ($adff): CLK=\clk_c, D=\_2635_, Q=\u_sha.core.w_mem_inst.w_mem[6]
Replacing gate.$procdff$18024 ($adff): CLK=\clk_c, D=\_2636_, Q=\u_sha.core.w_mem_inst.w_mem[7]
Replacing gate.$procdff$18029 ($adff): CLK=\clk_c, D=\_2637_, Q=\u_sha.core.w_mem_inst.w_mem[8]
Replacing gate.$procdff$18034 ($adff): CLK=\clk_c, D=\_2638_, Q=\u_sha.core.w_mem_inst.w_mem[9]
Replacing gate.$procdff$18039 ($adff): CLK=\clk_c, D=\_2624_, Q=\u_sha.core.w_mem_inst.w_mem[10]
Replacing gate.$procdff$18044 ($adff): CLK=\clk_c, D=\_2625_, Q=\u_sha.core.w_mem_inst.w_mem[11]
Replacing gate.$procdff$18049 ($adff): CLK=\clk_c, D=\_2626_, Q=\u_sha.core.w_mem_inst.w_mem[12]
Replacing gate.$procdff$18054 ($adff): CLK=\clk_c, D=\_2627_, Q=\u_sha.core.w_mem_inst.w_mem[13]
Replacing gate.$procdff$18059 ($adff): CLK=\clk_c, D=\_2628_, Q=\u_sha.core.w_mem_inst.w_mem[14]
Replacing gate.$procdff$18064 ($adff): CLK=\clk_c, D=\_2629_, Q=\u_sha.core.w_mem_inst.w_mem[15]
Replacing gate.$procdff$18069 ($adff): CLK=\clk_c, D=\_2445_, Q=\u_sha.core.digest_valid_reg
Replacing gate.$procdff$18074 ($adff): CLK=\clk_c, D=\_2441_, Q=\u_sha.core.a_reg
Replacing gate.$procdff$18079 ($adff): CLK=\clk_c, D=\_2442_, Q=\u_sha.core.b_reg
Replacing gate.$procdff$18084 ($adff): CLK=\clk_c, D=\_2443_, Q=\u_sha.core.c_reg
Replacing gate.$procdff$18089 ($adff): CLK=\clk_c, D=\_2444_, Q=\u_sha.core.d_reg
Replacing gate.$procdff$18094 ($adff): CLK=\clk_c, D=\_2446_, Q=\u_sha.core.e_reg
Replacing gate.$procdff$18099 ($adff): CLK=\clk_c, D=\_2447_, Q=\u_sha.core.f_reg
Replacing gate.$procdff$18104 ($adff): CLK=\clk_c, D=\_2448_, Q=\u_sha.core.g_reg
Replacing gate.$procdff$18109 ($adff): CLK=\clk_c, D=\_2449_, Q=\u_sha.core.h_reg
Replacing gate.$procdff$18114 ($adff): CLK=\clk_c, D=\_2433_, Q=\u_sha.core.H0_reg
Replacing gate.$procdff$18119 ($adff): CLK=\clk_c, D=\_2434_, Q=\u_sha.core.H1_reg
Replacing gate.$procdff$18124 ($adff): CLK=\clk_c, D=\_2435_, Q=\u_sha.core.H2_reg
Replacing gate.$procdff$18129 ($adff): CLK=\clk_c, D=\_2436_, Q=\u_sha.core.H3_reg
Replacing gate.$procdff$18134 ($adff): CLK=\clk_c, D=\_2437_, Q=\u_sha.core.H4_reg
Replacing gate.$procdff$18139 ($adff): CLK=\clk_c, D=\_2438_, Q=\u_sha.core.H5_reg
Replacing gate.$procdff$18144 ($adff): CLK=\clk_c, D=\_2439_, Q=\u_sha.core.H6_reg
Replacing gate.$procdff$18149 ($adff): CLK=\clk_c, D=\_2440_, Q=\u_sha.core.H7_reg
Replacing gate.$procdff$18154 ($adff): CLK=\clk_c, D=\_2451_, Q=\u_sha.core.t_ctr_reg
Replacing gate.$procdff$18159 ($adff): CLK=\clk_c, D=\_2450_, Q=\u_sha.core.sha256_ctrl_reg
Replacing gate.$procdff$18164 ($adff): CLK=\clk_c, D=\u_sha.init_new, Q=\u_sha.init_reg
Replacing gate.$procdff$18169 ($adff): CLK=\clk_c, D=\u_sha.init_new, Q=\u_sha.next_reg
Replacing gate.$procdff$18174 ($adff): CLK=\clk_c, D=\_2324_, Q=\u_sha.mode_reg
Replacing gate.$procdff$18179 ($adff): CLK=\clk_c, D=\u_sha.core.ready, Q=\u_sha.ready_reg
Replacing gate.$procdff$18184 ($adff): CLK=\clk_c, D=\_2323_, Q=\u_sha.digest_reg
Replacing gate.$procdff$18189 ($adff): CLK=\clk_c, D=\u_sha.core.digest_valid_reg, Q=\u_sha.digest_valid_reg
Replacing gate.$procdff$18194 ($adff): CLK=\clk_c, D=\_2307_, Q=\u_sha.block_reg[0]
Replacing gate.$procdff$18199 ($adff): CLK=\clk_c, D=\_2314_, Q=\u_sha.block_reg[1]
Replacing gate.$procdff$18204 ($adff): CLK=\clk_c, D=\_2315_, Q=\u_sha.block_reg[2]
Replacing gate.$procdff$18209 ($adff): CLK=\clk_c, D=\_2316_, Q=\u_sha.block_reg[3]
Replacing gate.$procdff$18214 ($adff): CLK=\clk_c, D=\_2317_, Q=\u_sha.block_reg[4]
Replacing gate.$procdff$18219 ($adff): CLK=\clk_c, D=\_2318_, Q=\u_sha.block_reg[5]
Replacing gate.$procdff$18224 ($adff): CLK=\clk_c, D=\_2319_, Q=\u_sha.block_reg[6]
Replacing gate.$procdff$18229 ($adff): CLK=\clk_c, D=\_2320_, Q=\u_sha.block_reg[7]
Replacing gate.$procdff$18234 ($adff): CLK=\clk_c, D=\_2321_, Q=\u_sha.block_reg[8]
Replacing gate.$procdff$18239 ($adff): CLK=\clk_c, D=\_2322_, Q=\u_sha.block_reg[9]
Replacing gate.$procdff$18244 ($adff): CLK=\clk_c, D=\_2308_, Q=\u_sha.block_reg[10]
Replacing gate.$procdff$18249 ($adff): CLK=\clk_c, D=\_2309_, Q=\u_sha.block_reg[11]
Replacing gate.$procdff$18254 ($adff): CLK=\clk_c, D=\_2310_, Q=\u_sha.block_reg[12]
Replacing gate.$procdff$18259 ($adff): CLK=\clk_c, D=\_2311_, Q=\u_sha.block_reg[13]
Replacing gate.$procdff$18264 ($adff): CLK=\clk_c, D=\_2312_, Q=\u_sha.block_reg[14]
Replacing gate.$procdff$18269 ($adff): CLK=\clk_c, D=\_2313_, Q=\u_sha.block_reg[15]
Replacing gate.$procdff$18270 ($dff): CLK=\clk_d, D=\_2051_, Q=\u_sad.valid_out
Replacing gate.$procdff$18271 ($dff): CLK=\clk_d, D=\_2050_, Q=\u_sad.sad
Replacing gate.$procdff$18274 ($adff): CLK=\clk_e, D=1'0, Q=\u_rs_e.meta
Replacing gate.$procdff$18277 ($adff): CLK=\clk_e, D=\u_rs_e.meta, Q=\u_rs_e.stable
Replacing gate.$procdff$18280 ($adff): CLK=\clk_d, D=1'0, Q=\u_rs_d.meta
Replacing gate.$procdff$18283 ($adff): CLK=\clk_d, D=\u_rs_d.meta, Q=\u_rs_d.stable
Replacing gate.$procdff$18286 ($adff): CLK=\clk_c, D=1'0, Q=\u_rs_c.meta
Replacing gate.$procdff$18289 ($adff): CLK=\clk_c, D=\u_rs_c.meta, Q=\u_rs_c.stable
Replacing gate.$procdff$18292 ($adff): CLK=\clk_b, D=1'0, Q=\u_rs_b.meta
Replacing gate.$procdff$18295 ($adff): CLK=\clk_b, D=\u_rs_b.meta, Q=\u_rs_b.stable
Replacing gate.$procdff$18298 ($adff): CLK=\clk_a, D=1'0, Q=\u_rs_a.meta
Replacing gate.$procdff$18301 ($adff): CLK=\clk_a, D=\u_rs_a.meta, Q=\u_rs_a.stable
Replacing gate.$procdff$18302 ($dff): CLK=\clk_e, D=\_2043_, Q=\u_div_e.clk_out
Replacing gate.$procdff$18303 ($dff): CLK=\clk_e, D=\_2044_, Q=\u_div_e.count
Replacing gate.$procdff$18304 ($dff): CLK=\clk_d, D=\_2036_, Q=\u_div_d.clk_out
Replacing gate.$procdff$18305 ($dff): CLK=\clk_d, D=\_2037_, Q=\u_div_d.count
Replacing gate.$procdff$18306 ($dff): CLK=\clk_c, D=\_2029_, Q=\u_div_c.clk_out
Replacing gate.$procdff$18307 ($dff): CLK=\clk_c, D=\_2030_, Q=\u_div_c.count
Replacing gate.$procdff$18308 ($dff): CLK=\clk_b, D=\_2022_, Q=\u_div_b.clk_out
Replacing gate.$procdff$18309 ($dff): CLK=\clk_b, D=\_2023_, Q=\u_div_b.count
Replacing gate.$procdff$18310 ($dff): CLK=\clk_a, D=\_2015_, Q=\u_div_a.clk_out
Replacing gate.$procdff$18311 ($dff): CLK=\clk_a, D=\_2016_, Q=\u_div_a.count
Replacing gate.$procdff$18312 ($dff): CLK=\clk_e, D=\_2007_, Q=\u_ddc2.u_nco.cosout
Replacing gate.$procdff$18313 ($dff): CLK=\clk_e, D=\_2009_, Q=\u_ddc2.u_nco.sinout
Replacing gate.$procdff$18314 ($dff): CLK=\clk_e, D=\_2008_, Q=\u_ddc2.u_nco.phase
Replacing gate.$procdff$18315 ($dff): CLK=\clk_e, D=\_1996_, Q=\u_ddc2.u_mix.iout
Replacing gate.$procdff$18316 ($dff): CLK=\clk_e, D=\_1997_, Q=\u_ddc2.u_mix.qout
Replacing gate.$procdff$18317 ($dff): CLK=\clk_e, D=\_1961_, Q=\u_ddc2.g_lane[1].u_fir.out_data
Replacing gate.$procdff$18318 ($dff): CLK=\clk_e, D=\_1962_, Q=\u_ddc2.g_lane[1].u_fir.shift[0]
Replacing gate.$procdff$18319 ($dff): CLK=\clk_e, D=\_1968_, Q=\u_ddc2.g_lane[1].u_fir.shift[1]
Replacing gate.$procdff$18320 ($dff): CLK=\clk_e, D=\_1969_, Q=\u_ddc2.g_lane[1].u_fir.shift[2]
Replacing gate.$procdff$18321 ($dff): CLK=\clk_e, D=\_1970_, Q=\u_ddc2.g_lane[1].u_fir.shift[3]
Replacing gate.$procdff$18322 ($dff): CLK=\clk_e, D=\_1971_, Q=\u_ddc2.g_lane[1].u_fir.shift[4]
Replacing gate.$procdff$18323 ($dff): CLK=\clk_e, D=\_1972_, Q=\u_ddc2.g_lane[1].u_fir.shift[5]
Replacing gate.$procdff$18324 ($dff): CLK=\clk_e, D=\_1973_, Q=\u_ddc2.g_lane[1].u_fir.shift[6]
Replacing gate.$procdff$18325 ($dff): CLK=\clk_e, D=\_1974_, Q=\u_ddc2.g_lane[1].u_fir.shift[7]
Replacing gate.$procdff$18326 ($dff): CLK=\clk_e, D=\_1975_, Q=\u_ddc2.g_lane[1].u_fir.shift[8]
Replacing gate.$procdff$18327 ($dff): CLK=\clk_e, D=\_1976_, Q=\u_ddc2.g_lane[1].u_fir.shift[9]
Replacing gate.$procdff$18328 ($dff): CLK=\clk_e, D=\_1963_, Q=\u_ddc2.g_lane[1].u_fir.shift[10]
Replacing gate.$procdff$18329 ($dff): CLK=\clk_e, D=\_1964_, Q=\u_ddc2.g_lane[1].u_fir.shift[11]
Replacing gate.$procdff$18330 ($dff): CLK=\clk_e, D=\_1965_, Q=\u_ddc2.g_lane[1].u_fir.shift[12]
Replacing gate.$procdff$18331 ($dff): CLK=\clk_e, D=\_1966_, Q=\u_ddc2.g_lane[1].u_fir.shift[13]
Replacing gate.$procdff$18332 ($dff): CLK=\clk_e, D=\_1967_, Q=\u_ddc2.g_lane[1].u_fir.shift[14]
Replacing gate.$procdff$18333 ($dff): CLK=\clk_e, D=\_1928_, Q=\u_ddc2.g_lane[1].u_cic.cnt
Replacing gate.$procdff$18334 ($dff): CLK=\clk_e, D=\_1927_, Q=\u_ddc2.g_lane[1].u_cic.cb_en
Replacing gate.$procdff$18335 ($dff): CLK=\clk_e, D=\_1929_, Q=\u_ddc2.g_lane[1].u_cic.dec_data
Replacing gate.$procdff$18336 ($dff): CLK=\clk_e, D=\_1939_, Q=\u_ddc2.g_lane[1].u_cic.out_valid
Replacing gate.$procdff$18337 ($dff): CLK=\clk_e, D=\_1938_, Q=\u_ddc2.g_lane[1].u_cic.out_data
Replacing gate.$procdff$18338 ($dff): CLK=\clk_e, D=\_1934_, Q=\u_ddc2.g_lane[1].u_cic.g_integ[0].acc
Replacing gate.$procdff$18339 ($dff): CLK=\clk_e, D=\_1935_, Q=\u_ddc2.g_lane[1].u_cic.g_integ[1].acc
Replacing gate.$procdff$18340 ($dff): CLK=\clk_e, D=\_1936_, Q=\u_ddc2.g_lane[1].u_cic.g_integ[2].acc
Replacing gate.$procdff$18341 ($dff): CLK=\clk_e, D=\_1937_, Q=\u_ddc2.g_lane[1].u_cic.g_integ[3].acc
Replacing gate.$procdff$18342 ($dff): CLK=\clk_e, D=\_1930_, Q=\u_ddc2.g_lane[1].u_cic.g_comb[0].dly[0]
Replacing gate.$procdff$18343 ($dff): CLK=\clk_e, D=\_1931_, Q=\u_ddc2.g_lane[1].u_cic.g_comb[1].dly[0]
Replacing gate.$procdff$18344 ($dff): CLK=\clk_e, D=\_1932_, Q=\u_ddc2.g_lane[1].u_cic.g_comb[2].dly[0]
Replacing gate.$procdff$18345 ($dff): CLK=\clk_e, D=\_1933_, Q=\u_ddc2.g_lane[1].u_cic.g_comb[3].dly[0]
Replacing gate.$procdff$18346 ($dff): CLK=\clk_e, D=\_1892_, Q=\u_ddc2.g_lane[0].u_fir.out_valid
Replacing gate.$procdff$18347 ($dff): CLK=\clk_e, D=\_1891_, Q=\u_ddc2.g_lane[0].u_fir.out_data
Replacing gate.$procdff$18348 ($dff): CLK=\clk_e, D=\_1893_, Q=\u_ddc2.g_lane[0].u_fir.shift[0]
Replacing gate.$procdff$18349 ($dff): CLK=\clk_e, D=\_1899_, Q=\u_ddc2.g_lane[0].u_fir.shift[1]
Replacing gate.$procdff$18350 ($dff): CLK=\clk_e, D=\_1900_, Q=\u_ddc2.g_lane[0].u_fir.shift[2]
Replacing gate.$procdff$18351 ($dff): CLK=\clk_e, D=\_1901_, Q=\u_ddc2.g_lane[0].u_fir.shift[3]
Replacing gate.$procdff$18352 ($dff): CLK=\clk_e, D=\_1902_, Q=\u_ddc2.g_lane[0].u_fir.shift[4]
Replacing gate.$procdff$18353 ($dff): CLK=\clk_e, D=\_1903_, Q=\u_ddc2.g_lane[0].u_fir.shift[5]
Replacing gate.$procdff$18354 ($dff): CLK=\clk_e, D=\_1904_, Q=\u_ddc2.g_lane[0].u_fir.shift[6]
Replacing gate.$procdff$18355 ($dff): CLK=\clk_e, D=\_1905_, Q=\u_ddc2.g_lane[0].u_fir.shift[7]
Replacing gate.$procdff$18356 ($dff): CLK=\clk_e, D=\_1906_, Q=\u_ddc2.g_lane[0].u_fir.shift[8]
Replacing gate.$procdff$18357 ($dff): CLK=\clk_e, D=\_1907_, Q=\u_ddc2.g_lane[0].u_fir.shift[9]
Replacing gate.$procdff$18358 ($dff): CLK=\clk_e, D=\_1894_, Q=\u_ddc2.g_lane[0].u_fir.shift[10]
Replacing gate.$procdff$18359 ($dff): CLK=\clk_e, D=\_1895_, Q=\u_ddc2.g_lane[0].u_fir.shift[11]
Replacing gate.$procdff$18360 ($dff): CLK=\clk_e, D=\_1896_, Q=\u_ddc2.g_lane[0].u_fir.shift[12]
Replacing gate.$procdff$18361 ($dff): CLK=\clk_e, D=\_1897_, Q=\u_ddc2.g_lane[0].u_fir.shift[13]
Replacing gate.$procdff$18362 ($dff): CLK=\clk_e, D=\_1898_, Q=\u_ddc2.g_lane[0].u_fir.shift[14]
Replacing gate.$procdff$18363 ($dff): CLK=\clk_e, D=\_1858_, Q=\u_ddc2.g_lane[0].u_cic.cnt
Replacing gate.$procdff$18364 ($dff): CLK=\clk_e, D=\_1857_, Q=\u_ddc2.g_lane[0].u_cic.cb_en
Replacing gate.$procdff$18365 ($dff): CLK=\clk_e, D=\_1859_, Q=\u_ddc2.g_lane[0].u_cic.dec_data
Replacing gate.$procdff$18366 ($dff): CLK=\clk_e, D=\_1869_, Q=\u_ddc2.g_lane[0].u_cic.out_valid
Replacing gate.$procdff$18367 ($dff): CLK=\clk_e, D=\_1868_, Q=\u_ddc2.g_lane[0].u_cic.out_data
Replacing gate.$procdff$18368 ($dff): CLK=\clk_e, D=\_1864_, Q=\u_ddc2.g_lane[0].u_cic.g_integ[0].acc
Replacing gate.$procdff$18369 ($dff): CLK=\clk_e, D=\_1865_, Q=\u_ddc2.g_lane[0].u_cic.g_integ[1].acc
Replacing gate.$procdff$18370 ($dff): CLK=\clk_e, D=\_1866_, Q=\u_ddc2.g_lane[0].u_cic.g_integ[2].acc
Replacing gate.$procdff$18371 ($dff): CLK=\clk_e, D=\_1867_, Q=\u_ddc2.g_lane[0].u_cic.g_integ[3].acc
Replacing gate.$procdff$18372 ($dff): CLK=\clk_e, D=\_1860_, Q=\u_ddc2.g_lane[0].u_cic.g_comb[0].dly[0]
Replacing gate.$procdff$18373 ($dff): CLK=\clk_e, D=\_1861_, Q=\u_ddc2.g_lane[0].u_cic.g_comb[1].dly[0]
Replacing gate.$procdff$18374 ($dff): CLK=\clk_e, D=\_1862_, Q=\u_ddc2.g_lane[0].u_cic.g_comb[2].dly[0]
Replacing gate.$procdff$18375 ($dff): CLK=\clk_e, D=\_1863_, Q=\u_ddc2.g_lane[0].u_cic.g_comb[3].dly[0]
Replacing gate.$procdff$18376 ($dff): CLK=\clk_e, D=\_1855_, Q=\u_ddc2.mix_valid
Replacing gate.$procdff$18377 ($dff): CLK=\clk_e, D=\_1856_, Q=\u_ddc2.mix_valid_d
Replacing gate.$procdff$18378 ($dff): CLK=\clk_b, D=\_1847_, Q=\u_ddc.u_nco.cosout
Replacing gate.$procdff$18379 ($dff): CLK=\clk_b, D=\_1849_, Q=\u_ddc.u_nco.sinout
Replacing gate.$procdff$18380 ($dff): CLK=\clk_b, D=\_1848_, Q=\u_ddc.u_nco.phase
Replacing gate.$procdff$18381 ($dff): CLK=\clk_b, D=\_1836_, Q=\u_ddc.u_mix.iout
Replacing gate.$procdff$18382 ($dff): CLK=\clk_b, D=\_1837_, Q=\u_ddc.u_mix.qout
Replacing gate.$procdff$18383 ($dff): CLK=\clk_b, D=\_1801_, Q=\u_ddc.g_lane[1].u_fir.out_data
Replacing gate.$procdff$18384 ($dff): CLK=\clk_b, D=\_1802_, Q=\u_ddc.g_lane[1].u_fir.shift[0]
Replacing gate.$procdff$18385 ($dff): CLK=\clk_b, D=\_1808_, Q=\u_ddc.g_lane[1].u_fir.shift[1]
Replacing gate.$procdff$18386 ($dff): CLK=\clk_b, D=\_1809_, Q=\u_ddc.g_lane[1].u_fir.shift[2]
Replacing gate.$procdff$18387 ($dff): CLK=\clk_b, D=\_1810_, Q=\u_ddc.g_lane[1].u_fir.shift[3]
Replacing gate.$procdff$18388 ($dff): CLK=\clk_b, D=\_1811_, Q=\u_ddc.g_lane[1].u_fir.shift[4]
Replacing gate.$procdff$18389 ($dff): CLK=\clk_b, D=\_1812_, Q=\u_ddc.g_lane[1].u_fir.shift[5]
Replacing gate.$procdff$18390 ($dff): CLK=\clk_b, D=\_1813_, Q=\u_ddc.g_lane[1].u_fir.shift[6]
Replacing gate.$procdff$18391 ($dff): CLK=\clk_b, D=\_1814_, Q=\u_ddc.g_lane[1].u_fir.shift[7]
Replacing gate.$procdff$18392 ($dff): CLK=\clk_b, D=\_1815_, Q=\u_ddc.g_lane[1].u_fir.shift[8]
Replacing gate.$procdff$18393 ($dff): CLK=\clk_b, D=\_1816_, Q=\u_ddc.g_lane[1].u_fir.shift[9]
Replacing gate.$procdff$18394 ($dff): CLK=\clk_b, D=\_1803_, Q=\u_ddc.g_lane[1].u_fir.shift[10]
Replacing gate.$procdff$18395 ($dff): CLK=\clk_b, D=\_1804_, Q=\u_ddc.g_lane[1].u_fir.shift[11]
Replacing gate.$procdff$18396 ($dff): CLK=\clk_b, D=\_1805_, Q=\u_ddc.g_lane[1].u_fir.shift[12]
Replacing gate.$procdff$18397 ($dff): CLK=\clk_b, D=\_1806_, Q=\u_ddc.g_lane[1].u_fir.shift[13]
Replacing gate.$procdff$18398 ($dff): CLK=\clk_b, D=\_1807_, Q=\u_ddc.g_lane[1].u_fir.shift[14]
Replacing gate.$procdff$18399 ($dff): CLK=\clk_b, D=\_1768_, Q=\u_ddc.g_lane[1].u_cic.cnt
Replacing gate.$procdff$18400 ($dff): CLK=\clk_b, D=\_1767_, Q=\u_ddc.g_lane[1].u_cic.cb_en
Replacing gate.$procdff$18401 ($dff): CLK=\clk_b, D=\_1769_, Q=\u_ddc.g_lane[1].u_cic.dec_data
Replacing gate.$procdff$18402 ($dff): CLK=\clk_b, D=\_1779_, Q=\u_ddc.g_lane[1].u_cic.out_valid
Replacing gate.$procdff$18403 ($dff): CLK=\clk_b, D=\_1778_, Q=\u_ddc.g_lane[1].u_cic.out_data
Replacing gate.$procdff$18404 ($dff): CLK=\clk_b, D=\_1774_, Q=\u_ddc.g_lane[1].u_cic.g_integ[0].acc
Replacing gate.$procdff$18405 ($dff): CLK=\clk_b, D=\_1775_, Q=\u_ddc.g_lane[1].u_cic.g_integ[1].acc
Replacing gate.$procdff$18406 ($dff): CLK=\clk_b, D=\_1776_, Q=\u_ddc.g_lane[1].u_cic.g_integ[2].acc
Replacing gate.$procdff$18407 ($dff): CLK=\clk_b, D=\_1777_, Q=\u_ddc.g_lane[1].u_cic.g_integ[3].acc
Replacing gate.$procdff$18408 ($dff): CLK=\clk_b, D=\_1770_, Q=\u_ddc.g_lane[1].u_cic.g_comb[0].dly[0]
Replacing gate.$procdff$18409 ($dff): CLK=\clk_b, D=\_1771_, Q=\u_ddc.g_lane[1].u_cic.g_comb[1].dly[0]
Replacing gate.$procdff$18410 ($dff): CLK=\clk_b, D=\_1772_, Q=\u_ddc.g_lane[1].u_cic.g_comb[2].dly[0]
Replacing gate.$procdff$18411 ($dff): CLK=\clk_b, D=\_1773_, Q=\u_ddc.g_lane[1].u_cic.g_comb[3].dly[0]
Replacing gate.$procdff$18412 ($dff): CLK=\clk_b, D=\_1732_, Q=\u_ddc.g_lane[0].u_fir.out_data
Replacing gate.$procdff$18413 ($dff): CLK=\clk_b, D=\_1733_, Q=\u_ddc.g_lane[0].u_fir.shift[0]
Replacing gate.$procdff$18414 ($dff): CLK=\clk_b, D=\_1739_, Q=\u_ddc.g_lane[0].u_fir.shift[1]
Replacing gate.$procdff$18415 ($dff): CLK=\clk_b, D=\_1740_, Q=\u_ddc.g_lane[0].u_fir.shift[2]
Replacing gate.$procdff$18416 ($dff): CLK=\clk_b, D=\_1741_, Q=\u_ddc.g_lane[0].u_fir.shift[3]
Replacing gate.$procdff$18417 ($dff): CLK=\clk_b, D=\_1742_, Q=\u_ddc.g_lane[0].u_fir.shift[4]
Replacing gate.$procdff$18418 ($dff): CLK=\clk_b, D=\_1743_, Q=\u_ddc.g_lane[0].u_fir.shift[5]
Replacing gate.$procdff$18419 ($dff): CLK=\clk_b, D=\_1744_, Q=\u_ddc.g_lane[0].u_fir.shift[6]
Replacing gate.$procdff$18420 ($dff): CLK=\clk_b, D=\_1745_, Q=\u_ddc.g_lane[0].u_fir.shift[7]
Replacing gate.$procdff$18421 ($dff): CLK=\clk_b, D=\_1746_, Q=\u_ddc.g_lane[0].u_fir.shift[8]
Replacing gate.$procdff$18422 ($dff): CLK=\clk_b, D=\_1747_, Q=\u_ddc.g_lane[0].u_fir.shift[9]
Replacing gate.$procdff$18423 ($dff): CLK=\clk_b, D=\_1734_, Q=\u_ddc.g_lane[0].u_fir.shift[10]
Replacing gate.$procdff$18424 ($dff): CLK=\clk_b, D=\_1735_, Q=\u_ddc.g_lane[0].u_fir.shift[11]
Replacing gate.$procdff$18425 ($dff): CLK=\clk_b, D=\_1736_, Q=\u_ddc.g_lane[0].u_fir.shift[12]
Replacing gate.$procdff$18426 ($dff): CLK=\clk_b, D=\_1737_, Q=\u_ddc.g_lane[0].u_fir.shift[13]
Replacing gate.$procdff$18427 ($dff): CLK=\clk_b, D=\_1738_, Q=\u_ddc.g_lane[0].u_fir.shift[14]
Replacing gate.$procdff$18428 ($dff): CLK=\clk_b, D=\_1699_, Q=\u_ddc.g_lane[0].u_cic.cnt
Replacing gate.$procdff$18429 ($dff): CLK=\clk_b, D=\_1698_, Q=\u_ddc.g_lane[0].u_cic.cb_en
Replacing gate.$procdff$18430 ($dff): CLK=\clk_b, D=\_1700_, Q=\u_ddc.g_lane[0].u_cic.dec_data
Replacing gate.$procdff$18431 ($dff): CLK=\clk_b, D=\_1710_, Q=\u_ddc.g_lane[0].u_cic.out_valid
Replacing gate.$procdff$18432 ($dff): CLK=\clk_b, D=\_1709_, Q=\u_ddc.g_lane[0].u_cic.out_data
Replacing gate.$procdff$18433 ($dff): CLK=\clk_b, D=\_1705_, Q=\u_ddc.g_lane[0].u_cic.g_integ[0].acc
Replacing gate.$procdff$18434 ($dff): CLK=\clk_b, D=\_1706_, Q=\u_ddc.g_lane[0].u_cic.g_integ[1].acc
Replacing gate.$procdff$18435 ($dff): CLK=\clk_b, D=\_1707_, Q=\u_ddc.g_lane[0].u_cic.g_integ[2].acc
Replacing gate.$procdff$18436 ($dff): CLK=\clk_b, D=\_1708_, Q=\u_ddc.g_lane[0].u_cic.g_integ[3].acc
Replacing gate.$procdff$18437 ($dff): CLK=\clk_b, D=\_1701_, Q=\u_ddc.g_lane[0].u_cic.g_comb[0].dly[0]
Replacing gate.$procdff$18438 ($dff): CLK=\clk_b, D=\_1702_, Q=\u_ddc.g_lane[0].u_cic.g_comb[1].dly[0]
Replacing gate.$procdff$18439 ($dff): CLK=\clk_b, D=\_1703_, Q=\u_ddc.g_lane[0].u_cic.g_comb[2].dly[0]
Replacing gate.$procdff$18440 ($dff): CLK=\clk_b, D=\_1704_, Q=\u_ddc.g_lane[0].u_cic.g_comb[3].dly[0]
Replacing gate.$procdff$18441 ($dff): CLK=\clk_b, D=\_1696_, Q=\u_ddc.mix_valid
Replacing gate.$procdff$18442 ($dff): CLK=\clk_b, D=\_1697_, Q=\u_ddc.mix_valid_d
Replacing gate.$procdff$18443 ($dff): CLK=\clk_e, D=\_1502_, Q=\u_crc.out_valid
Replacing gate.$procdff$18444 ($dff): CLK=\clk_e, D=\_1501_, Q=\u_crc.out_crc
Replacing gate.$procdff$18445 ($dff): CLK=\clk_e, D=\_1500_, Q=\u_crc.crc
Replacing gate.$procdff$18446 ($dff): CLK=\clk_e, D=\_1499_, Q=\u_crc.active
Replacing gate.$procdff$18447 ($dff): CLK=\clk_a, D=\_1431_, Q=\u_cpu.genblk2.pcpi_div.pcpi_wait
Replacing gate.$procdff$18448 ($dff): CLK=\clk_a, D=\_1432_, Q=\u_cpu.genblk2.pcpi_div.pcpi_wait_q
Replacing gate.$procdff$18449 ($dff): CLK=\clk_a, D=\_1424_, Q=\u_cpu.genblk2.pcpi_div.instr_div
Replacing gate.$procdff$18450 ($dff): CLK=\clk_a, D=\_1425_, Q=\u_cpu.genblk2.pcpi_div.instr_divu
Replacing gate.$procdff$18451 ($dff): CLK=\clk_a, D=\_1426_, Q=\u_cpu.genblk2.pcpi_div.instr_rem
Replacing gate.$procdff$18452 ($dff): CLK=\clk_a, D=\_1427_, Q=\u_cpu.genblk2.pcpi_div.instr_remu
Replacing gate.$procdff$18453 ($dff): CLK=\clk_a, D=\_1430_, Q=\u_cpu.genblk2.pcpi_div.pcpi_wr
Replacing gate.$procdff$18454 ($dff): CLK=\clk_a, D=\_1429_, Q=\u_cpu.genblk2.pcpi_div.pcpi_rd
Replacing gate.$procdff$18455 ($dff): CLK=\clk_a, D=\_1430_, Q=\u_cpu.genblk2.pcpi_div.pcpi_ready
Replacing gate.$procdff$18456 ($dff): CLK=\clk_a, D=\_1422_, Q=\u_cpu.genblk2.pcpi_div.dividend
Replacing gate.$procdff$18457 ($dff): CLK=\clk_a, D=\_1423_, Q=\u_cpu.genblk2.pcpi_div.divisor
Replacing gate.$procdff$18458 ($dff): CLK=\clk_a, D=\_1434_, Q=\u_cpu.genblk2.pcpi_div.quotient
Replacing gate.$procdff$18459 ($dff): CLK=\clk_a, D=\_1435_, Q=\u_cpu.genblk2.pcpi_div.quotient_msk
Replacing gate.$procdff$18460 ($dff): CLK=\clk_a, D=\_1436_, Q=\u_cpu.genblk2.pcpi_div.running
Replacing gate.$procdff$18461 ($dff): CLK=\clk_a, D=\_1428_, Q=\u_cpu.genblk2.pcpi_div.outsign
Replacing gate.$procdff$18462 ($dff): CLK=\clk_a, D=\_1397_, Q=\u_cpu.genblk1.pcpi_mul.rd
Replacing gate.$procdff$18463 ($dff): CLK=\clk_a, D=\_1396_, Q=\u_cpu.genblk1.pcpi_mul.active
Replacing gate.$procdff$18464 ($dff): CLK=\clk_a, D=\_1398_, Q=\u_cpu.genblk1.pcpi_mul.rs1
Replacing gate.$procdff$18465 ($dff): CLK=\clk_a, D=\_1399_, Q=\u_cpu.genblk1.pcpi_mul.rs2
Replacing gate.$procdff$18466 ($dff): CLK=\clk_a, D=\u_cpu.genblk1.pcpi_mul.instr_any_mulh, Q=\u_cpu.genblk1.pcpi_mul.shift_out
Replacing gate.$procdff$18467 ($dff): CLK=\clk_a, D=\_0211_, Q=\u_cpu.mem_la_firstword_reg
Replacing gate.$procdff$18468 ($dff): CLK=\clk_a, D=\_0195_, Q=\u_cpu.last_mem_valid
Replacing gate.$procdff$18469 ($dff): CLK=\clk_a, D=\_0213_, Q=\u_cpu.mem_rdata_q
Replacing gate.$procdff$18470 ($dff): CLK=\clk_a, D=\_0215_, Q=\u_cpu.mem_valid
Replacing gate.$procdff$18471 ($dff): CLK=\clk_a, D=\_0210_, Q=\u_cpu.mem_instr
Replacing gate.$procdff$18472 ($dff): CLK=\clk_a, D=\_0205_, Q=\u_cpu.mem_addr
Replacing gate.$procdff$18473 ($dff): CLK=\clk_a, D=\_0216_, Q=\u_cpu.mem_wdata
Replacing gate.$procdff$18474 ($dff): CLK=\clk_a, D=\_0218_, Q=\u_cpu.mem_wstrb
Replacing gate.$procdff$18475 ($dff): CLK=\clk_a, D=\_0214_, Q=\u_cpu.mem_state
Replacing gate.$procdff$18476 ($dff): CLK=\clk_a, D=\_0212_, Q=\u_cpu.mem_la_secondword
Replacing gate.$procdff$18477 ($dff): CLK=\clk_a, D=\_0221_, Q=\u_cpu.prefetched_high_word
Replacing gate.$procdff$18478 ($dff): CLK=\clk_a, D=\_0204_, Q=\u_cpu.mem_16bit_buffer
Replacing gate.$procdff$18479 ($dff): CLK=\clk_a, D=\_0219_, Q=\u_cpu.pcpi_insn
Replacing gate.$procdff$18480 ($dff): CLK=\clk_a, D=\_0148_, Q=\u_cpu.instr_lui
Replacing gate.$procdff$18481 ($dff): CLK=\clk_a, D=\_0132_, Q=\u_cpu.instr_auipc
Replacing gate.$procdff$18482 ($dff): CLK=\clk_a, D=\_0142_, Q=\u_cpu.instr_jal
Replacing gate.$procdff$18483 ($dff): CLK=\clk_a, D=\_0143_, Q=\u_cpu.instr_jalr
Replacing gate.$procdff$18484 ($dff): CLK=\clk_a, D=\_0133_, Q=\u_cpu.instr_beq
Replacing gate.$procdff$18485 ($dff): CLK=\clk_a, D=\_0138_, Q=\u_cpu.instr_bne
Replacing gate.$procdff$18486 ($dff): CLK=\clk_a, D=\_0136_, Q=\u_cpu.instr_blt
Replacing gate.$procdff$18487 ($dff): CLK=\clk_a, D=\_0134_, Q=\u_cpu.instr_bge
Replacing gate.$procdff$18488 ($dff): CLK=\clk_a, D=\_0137_, Q=\u_cpu.instr_bltu
Replacing gate.$procdff$18489 ($dff): CLK=\clk_a, D=\_0135_, Q=\u_cpu.instr_bgeu
Replacing gate.$procdff$18490 ($dff): CLK=\clk_a, D=\_0144_, Q=\u_cpu.instr_lb
Replacing gate.$procdff$18491 ($dff): CLK=\clk_a, D=\_0146_, Q=\u_cpu.instr_lh
Replacing gate.$procdff$18492 ($dff): CLK=\clk_a, D=\_0149_, Q=\u_cpu.instr_lw
Replacing gate.$procdff$18493 ($dff): CLK=\clk_a, D=\_0145_, Q=\u_cpu.instr_lbu
Replacing gate.$procdff$18494 ($dff): CLK=\clk_a, D=\_0147_, Q=\u_cpu.instr_lhu
Replacing gate.$procdff$18495 ($dff): CLK=\clk_a, D=\_0158_, Q=\u_cpu.instr_sb
Replacing gate.$procdff$18496 ($dff): CLK=\clk_a, D=\_0160_, Q=\u_cpu.instr_sh
Replacing gate.$procdff$18497 ($dff): CLK=\clk_a, D=\_0172_, Q=\u_cpu.instr_sw
Replacing gate.$procdff$18498 ($dff): CLK=\clk_a, D=\_0129_, Q=\u_cpu.instr_addi
Replacing gate.$procdff$18499 ($dff): CLK=\clk_a, D=\_0164_, Q=\u_cpu.instr_slti
Replacing gate.$procdff$18500 ($dff): CLK=\clk_a, D=\_0165_, Q=\u_cpu.instr_sltiu
Replacing gate.$procdff$18501 ($dff): CLK=\clk_a, D=\_0176_, Q=\u_cpu.instr_xori
Replacing gate.$procdff$18502 ($dff): CLK=\clk_a, D=\_0152_, Q=\u_cpu.instr_ori
Replacing gate.$procdff$18503 ($dff): CLK=\clk_a, D=\_0131_, Q=\u_cpu.instr_andi
Replacing gate.$procdff$18504 ($dff): CLK=\clk_a, D=\_0162_, Q=\u_cpu.instr_slli
Replacing gate.$procdff$18505 ($dff): CLK=\clk_a, D=\_0170_, Q=\u_cpu.instr_srli
Replacing gate.$procdff$18506 ($dff): CLK=\clk_a, D=\_0168_, Q=\u_cpu.instr_srai
Replacing gate.$procdff$18507 ($dff): CLK=\clk_a, D=\_0128_, Q=\u_cpu.instr_add
Replacing gate.$procdff$18508 ($dff): CLK=\clk_a, D=\_0171_, Q=\u_cpu.instr_sub
Replacing gate.$procdff$18509 ($dff): CLK=\clk_a, D=\_0161_, Q=\u_cpu.instr_sll
Replacing gate.$procdff$18510 ($dff): CLK=\clk_a, D=\_0163_, Q=\u_cpu.instr_slt
Replacing gate.$procdff$18511 ($dff): CLK=\clk_a, D=\_0166_, Q=\u_cpu.instr_sltu
Replacing gate.$procdff$18512 ($dff): CLK=\clk_a, D=\_0175_, Q=\u_cpu.instr_xor
Replacing gate.$procdff$18513 ($dff): CLK=\clk_a, D=\_0169_, Q=\u_cpu.instr_srl
Replacing gate.$procdff$18514 ($dff): CLK=\clk_a, D=\_0167_, Q=\u_cpu.instr_sra
Replacing gate.$procdff$18515 ($dff): CLK=\clk_a, D=\_0151_, Q=\u_cpu.instr_or
Replacing gate.$procdff$18516 ($dff): CLK=\clk_a, D=\_0130_, Q=\u_cpu.instr_and
Replacing gate.$procdff$18517 ($dff): CLK=\clk_a, D=\_0153_, Q=\u_cpu.instr_rdcycle
Replacing gate.$procdff$18518 ($dff): CLK=\clk_a, D=\_0154_, Q=\u_cpu.instr_rdcycleh
Replacing gate.$procdff$18519 ($dff): CLK=\clk_a, D=\_0155_, Q=\u_cpu.instr_rdinstr
Replacing gate.$procdff$18520 ($dff): CLK=\clk_a, D=\_0156_, Q=\u_cpu.instr_rdinstrh
Replacing gate.$procdff$18521 ($dff): CLK=\clk_a, D=\_0139_, Q=\u_cpu.instr_ecall_ebreak
Replacing gate.$procdff$18522 ($dff): CLK=\clk_a, D=\_0140_, Q=\u_cpu.instr_fence
Replacing gate.$procdff$18523 ($dff): CLK=\clk_a, D=\_0141_, Q=\u_cpu.instr_getq
Replacing gate.$procdff$18524 ($dff): CLK=\clk_a, D=\_0159_, Q=\u_cpu.instr_setq
Replacing gate.$procdff$18525 ($dff): CLK=\clk_a, D=\_0157_, Q=\u_cpu.instr_retirq
Replacing gate.$procdff$18526 ($dff): CLK=\clk_a, D=\_0150_, Q=\u_cpu.instr_maskirq
Replacing gate.$procdff$18527 ($dff): CLK=\clk_a, D=\_0174_, Q=\u_cpu.instr_waitirq
Replacing gate.$procdff$18528 ($dff): CLK=\clk_a, D=\_0173_, Q=\u_cpu.instr_timer
Replacing gate.$procdff$18529 ($dff): CLK=\clk_a, D=\_0121_, Q=\u_cpu.decoded_rd
Replacing gate.$procdff$18530 ($dff): CLK=\clk_a, D=\_0122_, Q=\u_cpu.decoded_rs1
Replacing gate.$procdff$18531 ($dff): CLK=\clk_a, D=\_0123_, Q=\u_cpu.decoded_rs2
Replacing gate.$procdff$18532 ($dff): CLK=\clk_a, D=\_0119_, Q=\u_cpu.decoded_imm
Replacing gate.$procdff$18533 ($dff): CLK=\clk_a, D=\_0120_, Q=\u_cpu.decoded_imm_j
Replacing gate.$procdff$18534 ($dff): CLK=\clk_a, D=\_0115_, Q=\u_cpu.compressed_instr
Replacing gate.$procdff$18535 ($dff): CLK=\clk_a, D=\_0189_, Q=\u_cpu.is_lui_auipc_jal
Replacing gate.$procdff$18536 ($dff): CLK=\clk_a, D=\_0187_, Q=\u_cpu.is_lb_lh_lw_lbu_lhu
Replacing gate.$procdff$18537 ($dff): CLK=\clk_a, D=\_0192_, Q=\u_cpu.is_slli_srli_srai
Replacing gate.$procdff$18538 ($dff): CLK=\clk_a, D=\_0186_, Q=\u_cpu.is_jalr_addi_slti_sltiu_xori_ori_andi
Replacing gate.$procdff$18539 ($dff): CLK=\clk_a, D=\_0191_, Q=\u_cpu.is_sb_sh_sw
Replacing gate.$procdff$18540 ($dff): CLK=\clk_a, D=\_0190_, Q=\u_cpu.is_lui_auipc_jal_jalr_addi_add_sub
Replacing gate.$procdff$18541 ($dff): CLK=\clk_a, D=\_0193_, Q=\u_cpu.is_slti_blt_slt
Replacing gate.$procdff$18542 ($dff): CLK=\clk_a, D=\_0194_, Q=\u_cpu.is_sltiu_bltu_sltu
Replacing gate.$procdff$18543 ($dff): CLK=\clk_a, D=\_0184_, Q=\u_cpu.is_beq_bne_blt_bge_bltu_bgeu
Replacing gate.$procdff$18544 ($dff): CLK=\clk_a, D=\_0188_, Q=\u_cpu.is_lbu_lhu_lw
Replacing gate.$procdff$18545 ($dff): CLK=\clk_a, D=\_0182_, Q=\u_cpu.is_alu_reg_imm
Replacing gate.$procdff$18546 ($dff): CLK=\clk_a, D=\_0183_, Q=\u_cpu.is_alu_reg_reg
Replacing gate.$procdff$18547 ($dff): CLK=\clk_a, D=\_0185_, Q=\u_cpu.is_compare
Replacing gate.$procdff$18548 ($dff): CLK=\clk_a, D=\u_cpu.clear_prefetched_high_word, Q=\u_cpu.clear_prefetched_high_word_q
Replacing gate.$procdff$18549 ($dff): CLK=\clk_a, D=\_0232_, Q=\u_cpu.trap
Replacing gate.$procdff$18550 ($dff): CLK=\clk_a, D=\_0220_, Q=\u_cpu.pcpi_valid
Replacing gate.$procdff$18551 ($dff): CLK=\clk_a, D=\_0127_, Q=\u_cpu.eoi
Replacing gate.$procdff$18552 ($dff): CLK=\clk_a, D=\_1385_, Q=\u_cpu.count_cycle
Replacing gate.$procdff$18553 ($dff): CLK=\clk_a, D=\_0117_, Q=\u_cpu.count_instr
Replacing gate.$procdff$18554 ($dff): CLK=\clk_a, D={ \_0226_ [31:1] 1'0 }, Q=\u_cpu.reg_pc
Replacing gate.$procdff$18555 ($dff): CLK=\clk_a, D={ \_0222_ [31:1] 1'0 }, Q=\u_cpu.reg_next_pc
Replacing gate.$procdff$18556 ($dff): CLK=\clk_a, D=\_0223_, Q=\u_cpu.reg_op1
Replacing gate.$procdff$18557 ($dff): CLK=\clk_a, D=\_0224_, Q=\u_cpu.reg_op2
Replacing gate.$procdff$18558 ($dff): CLK=\clk_a, D=\_0225_, Q=\u_cpu.reg_out
Replacing gate.$procdff$18559 ($dff): CLK=\clk_a, D=\_0227_, Q=\u_cpu.reg_sh
Replacing gate.$procdff$18560 ($dff): CLK=\clk_a, D=\_0178_, Q=\u_cpu.irq_delay
Replacing gate.$procdff$18561 ($dff): CLK=\clk_a, D=\_0177_, Q=\u_cpu.irq_active
Replacing gate.$procdff$18562 ($dff): CLK=\clk_a, D=\_0179_, Q=\u_cpu.irq_mask
Replacing gate.$procdff$18563 ($dff): CLK=\clk_a, D={ \_0604_ [31:1] \_0180_ [0] }, Q=\u_cpu.irq_pending
Replacing gate.$procdff$18564 ($dff): CLK=\clk_a, D=\_0231_, Q=\u_cpu.timer
Replacing gate.$procdff$18565 ($dff): CLK=\clk_a, D=\_0217_, Q=\u_cpu.mem_wordsize
Replacing gate.$procdff$18566 ($dff): CLK=\clk_a, D=\_0206_, Q=\u_cpu.mem_do_prefetch
Replacing gate.$procdff$18567 ($dff): CLK=\clk_a, D=\_0208_, Q=\u_cpu.mem_do_rinst
Replacing gate.$procdff$18568 ($dff): CLK=\clk_a, D=\_0207_, Q=\u_cpu.mem_do_rdata
Replacing gate.$procdff$18569 ($dff): CLK=\clk_a, D=\_0209_, Q=\u_cpu.mem_do_wdata
Replacing gate.$procdff$18570 ($dff): CLK=\clk_a, D=\_0125_, Q=\u_cpu.decoder_trigger
Replacing gate.$procdff$18571 ($dff): CLK=\clk_a, D=\u_cpu.decoder_trigger, Q=\u_cpu.decoder_trigger_q
Replacing gate.$procdff$18572 ($dff): CLK=\clk_a, D=\_0124_, Q=\u_cpu.decoder_pseudo_trigger
Replacing gate.$procdff$18573 ($dff): CLK=\clk_a, D=\u_cpu.decoder_pseudo_trigger, Q=\u_cpu.decoder_pseudo_trigger_q
Replacing gate.$procdff$18574 ($dff): CLK=\clk_a, D=\_0118_, Q=\u_cpu.cpu_state
Replacing gate.$procdff$18575 ($dff): CLK=\clk_a, D=\_0181_, Q=\u_cpu.irq_state
Replacing gate.$procdff$18576 ($dff): CLK=\clk_a, D=\_0203_, Q=\u_cpu.latched_store
Replacing gate.$procdff$18577 ($dff): CLK=\clk_a, D=\_0202_, Q=\u_cpu.latched_stalu
Replacing gate.$procdff$18578 ($dff): CLK=\clk_a, D=\_0196_, Q=\u_cpu.latched_branch
Replacing gate.$procdff$18579 ($dff): CLK=\clk_a, D=\_0197_, Q=\u_cpu.latched_compr
Replacing gate.$procdff$18580 ($dff): CLK=\clk_a, D=\_0200_, Q=\u_cpu.latched_is_lu
Replacing gate.$procdff$18581 ($dff): CLK=\clk_a, D=\_0199_, Q=\u_cpu.latched_is_lh
Replacing gate.$procdff$18582 ($dff): CLK=\clk_a, D=\_0198_, Q=\u_cpu.latched_is_lb
Replacing gate.$procdff$18583 ($dff): CLK=\clk_a, D=\_0201_, Q=\u_cpu.latched_rd
Replacing gate.$procdff$18584 ($dff): CLK=\clk_a, D=\_0126_, Q=\u_cpu.do_waitirq
Replacing gate.$procdff$18585 ($dff): CLK=\clk_a, D=\_3709_$func$gold_gate.v:7146$41.$result, Q=\u_cpu.alu_out_q
Replacing gate.$procdff$18586 ($dff): CLK=\clk_a, D=\_0110_, Q=\u_cdc_ea.u_req_sync.meta
Replacing gate.$procdff$18587 ($dff): CLK=\clk_a, D=\_0111_, Q=\u_cdc_ea.u_req_sync.stable
Replacing gate.$procdff$18588 ($dff): CLK=\u_div_e.clk_out, D=\_0108_, Q=\u_cdc_ea.u_ack_sync.meta
Replacing gate.$procdff$18589 ($dff): CLK=\u_div_e.clk_out, D=\_0109_, Q=\u_cdc_ea.u_ack_sync.stable
Replacing gate.$procdff$18590 ($dff): CLK=\u_div_e.clk_out, D=\_0092_, Q=\u_cdc_ea.busy
Replacing gate.$procdff$18591 ($dff): CLK=\u_div_e.clk_out, D=\_0095_, Q=\u_cdc_ea.req
Replacing gate.$procdff$18592 ($dff): CLK=\u_div_e.clk_out, D=\_0093_, Q=\u_cdc_ea.data_hold
Replacing gate.$procdff$18593 ($dff): CLK=\clk_a, D=\_0094_, Q=\u_cdc_ea.data_out
Replacing gate.$procdff$18594 ($dff): CLK=\clk_a, D=\_0091_, Q=\u_cdc_ea.ack
Replacing gate.$procdff$18595 ($dff): CLK=\clk_e, D=\_0089_, Q=\u_cdc_de.u_req_sync.meta
Replacing gate.$procdff$18596 ($dff): CLK=\clk_e, D=\_0090_, Q=\u_cdc_de.u_req_sync.stable
Replacing gate.$procdff$18597 ($dff): CLK=\u_div_d.clk_out, D=\_0087_, Q=\u_cdc_de.u_ack_sync.meta
Replacing gate.$procdff$18598 ($dff): CLK=\u_div_d.clk_out, D=\_0088_, Q=\u_cdc_de.u_ack_sync.stable
Replacing gate.$procdff$18599 ($dff): CLK=\u_div_d.clk_out, D=\_0071_, Q=\u_cdc_de.busy
Replacing gate.$procdff$18600 ($dff): CLK=\u_div_d.clk_out, D=\_0074_, Q=\u_cdc_de.req
Replacing gate.$procdff$18601 ($dff): CLK=\u_div_d.clk_out, D=\_0072_, Q=\u_cdc_de.data_hold
Replacing gate.$procdff$18602 ($dff): CLK=\clk_e, D=\_0073_, Q=\u_cdc_de.data_out
Replacing gate.$procdff$18603 ($dff): CLK=\clk_e, D=\_0070_, Q=\u_cdc_de.ack
Replacing gate.$procdff$18604 ($dff): CLK=\clk_d, D=\_0068_, Q=\u_cdc_cd.u_req_sync.meta
Replacing gate.$procdff$18605 ($dff): CLK=\clk_d, D=\_0069_, Q=\u_cdc_cd.u_req_sync.stable
Replacing gate.$procdff$18606 ($dff): CLK=\u_div_c.clk_out, D=\_0066_, Q=\u_cdc_cd.u_ack_sync.meta
Replacing gate.$procdff$18607 ($dff): CLK=\u_div_c.clk_out, D=\_0067_, Q=\u_cdc_cd.u_ack_sync.stable
Replacing gate.$procdff$18608 ($dff): CLK=\u_div_c.clk_out, D=\_0050_, Q=\u_cdc_cd.busy
Replacing gate.$procdff$18609 ($dff): CLK=\u_div_c.clk_out, D=\_0053_, Q=\u_cdc_cd.req
Replacing gate.$procdff$18610 ($dff): CLK=\u_div_c.clk_out, D=\_0051_, Q=\u_cdc_cd.data_hold
Replacing gate.$procdff$18611 ($dff): CLK=\clk_d, D=\_0052_, Q=\u_cdc_cd.data_out
Replacing gate.$procdff$18612 ($dff): CLK=\clk_d, D=\_0049_, Q=\u_cdc_cd.ack
Replacing gate.$procdff$18613 ($dff): CLK=\clk_c, D=\_0047_, Q=\u_cdc_bc.u_req_sync.meta
Replacing gate.$procdff$18614 ($dff): CLK=\clk_c, D=\_0048_, Q=\u_cdc_bc.u_req_sync.stable
Replacing gate.$procdff$18615 ($dff): CLK=\u_div_b.clk_out, D=\_0045_, Q=\u_cdc_bc.u_ack_sync.meta
Replacing gate.$procdff$18616 ($dff): CLK=\u_div_b.clk_out, D=\_0046_, Q=\u_cdc_bc.u_ack_sync.stable
Replacing gate.$procdff$18617 ($dff): CLK=\u_div_b.clk_out, D=\_0029_, Q=\u_cdc_bc.busy
Replacing gate.$procdff$18618 ($dff): CLK=\u_div_b.clk_out, D=\_0032_, Q=\u_cdc_bc.req
Replacing gate.$procdff$18619 ($dff): CLK=\u_div_b.clk_out, D=\_0030_, Q=\u_cdc_bc.data_hold
Replacing gate.$procdff$18620 ($dff): CLK=\clk_c, D=\_0031_, Q=\u_cdc_bc.data_out
Replacing gate.$procdff$18621 ($dff): CLK=\clk_c, D=\_0028_, Q=\u_cdc_bc.ack
Replacing gate.$procdff$18622 ($dff): CLK=\clk_b, D=\_0026_, Q=\u_cdc_ab.u_req_sync.meta
Replacing gate.$procdff$18623 ($dff): CLK=\clk_b, D=\_0027_, Q=\u_cdc_ab.u_req_sync.stable
Replacing gate.$procdff$18624 ($dff): CLK=\u_div_a.clk_out, D=\_0024_, Q=\u_cdc_ab.u_ack_sync.meta
Replacing gate.$procdff$18625 ($dff): CLK=\u_div_a.clk_out, D=\_0025_, Q=\u_cdc_ab.u_ack_sync.stable
Replacing gate.$procdff$18626 ($dff): CLK=\u_div_a.clk_out, D=\_0008_, Q=\u_cdc_ab.busy
Replacing gate.$procdff$18627 ($dff): CLK=\u_div_a.clk_out, D=\_0011_, Q=\u_cdc_ab.req
Replacing gate.$procdff$18628 ($dff): CLK=\u_div_a.clk_out, D=\_0009_, Q=\u_cdc_ab.data_hold
Replacing gate.$procdff$18629 ($dff): CLK=\clk_b, D=\_0010_, Q=\u_cdc_ab.data_out
Replacing gate.$procdff$18630 ($dff): CLK=\clk_b, D=\_0007_, Q=\u_cdc_ab.ack
Modifying write port 0 on memory gold.u_cpu.cpuregs: CLK=\clk_a, A=$0$memwr$\u_cpu.cpuregs$gold_gate.v:16783$9000_ADDR[4:0]$9038, D=$0$memwr$\u_cpu.cpuregs$gold_gate.v:16783$9000_DATA[31:0]$9039
Modifying write port 1 on memory gold.u_cpu.cpuregs: CLK=\clk_a, A=$0$memwr$\u_cpu.cpuregs$gold_gate.v:16785$9001_ADDR[4:0]$9041, D=$0$memwr$\u_cpu.cpuregs$gold_gate.v:16785$9001_DATA[31:0]$9042
Modifying write port 2 on memory gold.u_cpu.cpuregs: CLK=\clk_a, A=$0$memwr$\u_cpu.cpuregs$gold_gate.v:16787$9002_ADDR[4:0]$9044, D=$0$memwr$\u_cpu.cpuregs$gold_gate.v:16787$9002_DATA[31:0]$9045
Modifying write port 3 on memory gold.u_cpu.cpuregs: CLK=\clk_a, A=$0$memwr$\u_cpu.cpuregs$gold_gate.v:16789$9003_ADDR[4:0]$9047, D=$0$memwr$\u_cpu.cpuregs$gold_gate.v:16789$9003_DATA[31:0]$9048
Modifying write port 4 on memory gold.u_cpu.cpuregs: CLK=\clk_a, A=$0$memwr$\u_cpu.cpuregs$gold_gate.v:16791$9004_ADDR[4:0]$9050, D=$0$memwr$\u_cpu.cpuregs$gold_gate.v:16791$9004_DATA[31:0]$9051
Modifying write port 5 on memory gold.u_cpu.cpuregs: CLK=\clk_a, A=$0$memwr$\u_cpu.cpuregs$gold_gate.v:16793$9005_ADDR[4:0]$9053, D=$0$memwr$\u_cpu.cpuregs$gold_gate.v:16793$9005_DATA[31:0]$9054
Modifying write port 6 on memory gold.u_cpu.cpuregs: CLK=\clk_a, A=$0$memwr$\u_cpu.cpuregs$gold_gate.v:16795$9006_ADDR[4:0]$9056, D=$0$memwr$\u_cpu.cpuregs$gold_gate.v:16795$9006_DATA[31:0]$9057
Modifying write port 7 on memory gold.u_cpu.cpuregs: CLK=\clk_a, A=$0$memwr$\u_cpu.cpuregs$gold_gate.v:16797$9007_ADDR[4:0]$9059, D=$0$memwr$\u_cpu.cpuregs$gold_gate.v:16797$9007_DATA[31:0]$9060
Modifying write port 8 on memory gold.u_cpu.cpuregs: CLK=\clk_a, A=$0$memwr$\u_cpu.cpuregs$gold_gate.v:16799$9008_ADDR[4:0]$9062, D=$0$memwr$\u_cpu.cpuregs$gold_gate.v:16799$9008_DATA[31:0]$9063
Modifying write port 9 on memory gold.u_cpu.cpuregs: CLK=\clk_a, A=$0$memwr$\u_cpu.cpuregs$gold_gate.v:16801$9009_ADDR[4:0]$9065, D=$0$memwr$\u_cpu.cpuregs$gold_gate.v:16801$9009_DATA[31:0]$9066
Modifying write port 10 on memory gold.u_cpu.cpuregs: CLK=\clk_a, A=$0$memwr$\u_cpu.cpuregs$gold_gate.v:16803$9010_ADDR[4:0]$9068, D=$0$memwr$\u_cpu.cpuregs$gold_gate.v:16803$9010_DATA[31:0]$9069
Modifying write port 11 on memory gold.u_cpu.cpuregs: CLK=\clk_a, A=$0$memwr$\u_cpu.cpuregs$gold_gate.v:16805$9011_ADDR[4:0]$9071, D=$0$memwr$\u_cpu.cpuregs$gold_gate.v:16805$9011_DATA[31:0]$9072
Modifying write port 12 on memory gold.u_cpu.cpuregs: CLK=\clk_a, A=$0$memwr$\u_cpu.cpuregs$gold_gate.v:16807$9012_ADDR[4:0]$9074, D=$0$memwr$\u_cpu.cpuregs$gold_gate.v:16807$9012_DATA[31:0]$9075
Modifying write port 13 on memory gold.u_cpu.cpuregs: CLK=\clk_a, A=$0$memwr$\u_cpu.cpuregs$gold_gate.v:16809$9013_ADDR[4:0]$9077, D=$0$memwr$\u_cpu.cpuregs$gold_gate.v:16809$9013_DATA[31:0]$9078
Modifying write port 14 on memory gold.u_cpu.cpuregs: CLK=\clk_a, A=$0$memwr$\u_cpu.cpuregs$gold_gate.v:16811$9014_ADDR[4:0]$9080, D=$0$memwr$\u_cpu.cpuregs$gold_gate.v:16811$9014_DATA[31:0]$9081
Modifying write port 15 on memory gold.u_cpu.cpuregs: CLK=\clk_a, A=$0$memwr$\u_cpu.cpuregs$gold_gate.v:16813$9015_ADDR[4:0]$9083, D=$0$memwr$\u_cpu.cpuregs$gold_gate.v:16813$9015_DATA[31:0]$9084
Modifying write port 16 on memory gold.u_cpu.cpuregs: CLK=\clk_a, A=$0$memwr$\u_cpu.cpuregs$gold_gate.v:16815$9016_ADDR[4:0]$9086, D=$0$memwr$\u_cpu.cpuregs$gold_gate.v:16815$9016_DATA[31:0]$9087
Modifying write port 17 on memory gold.u_cpu.cpuregs: CLK=\clk_a, A=$0$memwr$\u_cpu.cpuregs$gold_gate.v:16817$9017_ADDR[4:0]$9089, D=$0$memwr$\u_cpu.cpuregs$gold_gate.v:16817$9017_DATA[31:0]$9090
Modifying write port 18 on memory gold.u_cpu.cpuregs: CLK=\clk_a, A=$0$memwr$\u_cpu.cpuregs$gold_gate.v:16819$9018_ADDR[4:0]$9092, D=$0$memwr$\u_cpu.cpuregs$gold_gate.v:16819$9018_DATA[31:0]$9093
Modifying write port 19 on memory gold.u_cpu.cpuregs: CLK=\clk_a, A=$0$memwr$\u_cpu.cpuregs$gold_gate.v:16821$9019_ADDR[4:0]$9095, D=$0$memwr$\u_cpu.cpuregs$gold_gate.v:16821$9019_DATA[31:0]$9096
Modifying write port 20 on memory gold.u_cpu.cpuregs: CLK=\clk_a, A=$0$memwr$\u_cpu.cpuregs$gold_gate.v:16823$9020_ADDR[4:0]$9098, D=$0$memwr$\u_cpu.cpuregs$gold_gate.v:16823$9020_DATA[31:0]$9099
Modifying write port 21 on memory gold.u_cpu.cpuregs: CLK=\clk_a, A=$0$memwr$\u_cpu.cpuregs$gold_gate.v:16825$9021_ADDR[4:0]$9101, D=$0$memwr$\u_cpu.cpuregs$gold_gate.v:16825$9021_DATA[31:0]$9102
Modifying write port 22 on memory gold.u_cpu.cpuregs: CLK=\clk_a, A=$0$memwr$\u_cpu.cpuregs$gold_gate.v:16827$9022_ADDR[4:0]$9104, D=$0$memwr$\u_cpu.cpuregs$gold_gate.v:16827$9022_DATA[31:0]$9105
Modifying write port 23 on memory gold.u_cpu.cpuregs: CLK=\clk_a, A=$0$memwr$\u_cpu.cpuregs$gold_gate.v:16829$9023_ADDR[4:0]$9107, D=$0$memwr$\u_cpu.cpuregs$gold_gate.v:16829$9023_DATA[31:0]$9108
Modifying write port 24 on memory gold.u_cpu.cpuregs: CLK=\clk_a, A=$0$memwr$\u_cpu.cpuregs$gold_gate.v:16831$9024_ADDR[4:0]$9110, D=$0$memwr$\u_cpu.cpuregs$gold_gate.v:16831$9024_DATA[31:0]$9111
Modifying write port 25 on memory gold.u_cpu.cpuregs: CLK=\clk_a, A=$0$memwr$\u_cpu.cpuregs$gold_gate.v:16833$9025_ADDR[4:0]$9113, D=$0$memwr$\u_cpu.cpuregs$gold_gate.v:16833$9025_DATA[31:0]$9114
Modifying write port 26 on memory gold.u_cpu.cpuregs: CLK=\clk_a, A=$0$memwr$\u_cpu.cpuregs$gold_gate.v:16835$9026_ADDR[4:0]$9116, D=$0$memwr$\u_cpu.cpuregs$gold_gate.v:16835$9026_DATA[31:0]$9117
Modifying write port 27 on memory gold.u_cpu.cpuregs: CLK=\clk_a, A=$0$memwr$\u_cpu.cpuregs$gold_gate.v:16837$9027_ADDR[4:0]$9119, D=$0$memwr$\u_cpu.cpuregs$gold_gate.v:16837$9027_DATA[31:0]$9120
Modifying write port 28 on memory gold.u_cpu.cpuregs: CLK=\clk_a, A=$0$memwr$\u_cpu.cpuregs$gold_gate.v:16839$9028_ADDR[4:0]$9122, D=$0$memwr$\u_cpu.cpuregs$gold_gate.v:16839$9028_DATA[31:0]$9123
Modifying write port 29 on memory gold.u_cpu.cpuregs: CLK=\clk_a, A=$0$memwr$\u_cpu.cpuregs$gold_gate.v:16841$9029_ADDR[4:0]$9125, D=$0$memwr$\u_cpu.cpuregs$gold_gate.v:16841$9029_DATA[31:0]$9126
Modifying write port 30 on memory gold.u_cpu.cpuregs: CLK=\clk_a, A=$0$memwr$\u_cpu.cpuregs$gold_gate.v:16843$9030_ADDR[4:0]$9128, D=$0$memwr$\u_cpu.cpuregs$gold_gate.v:16843$9030_DATA[31:0]$9129
Modifying write port 31 on memory gold.u_cpu.cpuregs: CLK=\clk_a, A=$0$memwr$\u_cpu.cpuregs$gold_gate.v:16845$9031_ADDR[4:0]$9131, D=$0$memwr$\u_cpu.cpuregs$gold_gate.v:16845$9031_DATA[31:0]$9132
Replacing gold.$procdff$17231 ($dff): CLK=\u_div_a.clk_out, D=\_0000_, Q=\cap_a
Replacing gold.$procdff$17232 ($dff): CLK=\u_div_b.clk_out, D=\_0001_, Q=\cap_b
Replacing gold.$procdff$17233 ($dff): CLK=\u_div_c.clk_out, D=\_0002_, Q=\cap_c
Replacing gold.$procdff$17234 ($dff): CLK=\u_div_d.clk_out, D={ 1'0 \_0003_ }, Q=\cap_d
Replacing gold.$procdff$17235 ($dff): CLK=\clk_e, D=\_0005_, Q=\crc_cnt
Replacing gold.$procdff$17236 ($dff): CLK=\u_div_e.clk_out, D=\_0004_, Q=\cap_e
Replacing gold.$procdff$17241 ($adff): CLK=\clk_c, D=\_2629_, Q=\u_sha.core.w_mem_inst.w_mem[15]
Replacing gold.$procdff$17246 ($adff): CLK=\clk_c, D=\_2628_, Q=\u_sha.core.w_mem_inst.w_mem[14]
Replacing gold.$procdff$17251 ($adff): CLK=\clk_c, D=\_2627_, Q=\u_sha.core.w_mem_inst.w_mem[13]
Replacing gold.$procdff$17256 ($adff): CLK=\clk_c, D=\_2626_, Q=\u_sha.core.w_mem_inst.w_mem[12]
Replacing gold.$procdff$17261 ($adff): CLK=\clk_c, D=\_2625_, Q=\u_sha.core.w_mem_inst.w_mem[11]
Replacing gold.$procdff$17266 ($adff): CLK=\clk_c, D=\_2624_, Q=\u_sha.core.w_mem_inst.w_mem[10]
Replacing gold.$procdff$17271 ($adff): CLK=\clk_c, D=\_2638_, Q=\u_sha.core.w_mem_inst.w_mem[9]
Replacing gold.$procdff$17276 ($adff): CLK=\clk_c, D=\_2637_, Q=\u_sha.core.w_mem_inst.w_mem[8]
Replacing gold.$procdff$17281 ($adff): CLK=\clk_c, D=\_2636_, Q=\u_sha.core.w_mem_inst.w_mem[7]
Replacing gold.$procdff$17286 ($adff): CLK=\clk_c, D=\_2635_, Q=\u_sha.core.w_mem_inst.w_mem[6]
Replacing gold.$procdff$17291 ($adff): CLK=\clk_c, D=\_2634_, Q=\u_sha.core.w_mem_inst.w_mem[5]
Replacing gold.$procdff$17296 ($adff): CLK=\clk_c, D=\_2633_, Q=\u_sha.core.w_mem_inst.w_mem[4]
Replacing gold.$procdff$17301 ($adff): CLK=\clk_c, D=\_2632_, Q=\u_sha.core.w_mem_inst.w_mem[3]
Replacing gold.$procdff$17306 ($adff): CLK=\clk_c, D=\_2631_, Q=\u_sha.core.w_mem_inst.w_mem[2]
Replacing gold.$procdff$17311 ($adff): CLK=\clk_c, D=\_2630_, Q=\u_sha.core.w_mem_inst.w_mem[1]
Replacing gold.$procdff$17316 ($adff): CLK=\clk_c, D=\_2623_, Q=\u_sha.core.w_mem_inst.w_mem[0]
Replacing gold.$procdff$17321 ($adff): CLK=\clk_c, D=\_2450_, Q=\u_sha.core.sha256_ctrl_reg
Replacing gold.$procdff$17326 ($adff): CLK=\clk_c, D=\_2451_, Q=\u_sha.core.t_ctr_reg
Replacing gold.$procdff$17331 ($adff): CLK=\clk_c, D=\_2440_, Q=\u_sha.core.H7_reg
Replacing gold.$procdff$17336 ($adff): CLK=\clk_c, D=\_2439_, Q=\u_sha.core.H6_reg
Replacing gold.$procdff$17341 ($adff): CLK=\clk_c, D=\_2438_, Q=\u_sha.core.H5_reg
Replacing gold.$procdff$17346 ($adff): CLK=\clk_c, D=\_2437_, Q=\u_sha.core.H4_reg
Replacing gold.$procdff$17351 ($adff): CLK=\clk_c, D=\_2436_, Q=\u_sha.core.H3_reg
Replacing gold.$procdff$17356 ($adff): CLK=\clk_c, D=\_2435_, Q=\u_sha.core.H2_reg
Replacing gold.$procdff$17361 ($adff): CLK=\clk_c, D=\_2434_, Q=\u_sha.core.H1_reg
Replacing gold.$procdff$17366 ($adff): CLK=\clk_c, D=\_2433_, Q=\u_sha.core.H0_reg
Replacing gold.$procdff$17371 ($adff): CLK=\clk_c, D=\_2449_, Q=\u_sha.core.h_reg
Replacing gold.$procdff$17376 ($adff): CLK=\clk_c, D=\_2448_, Q=\u_sha.core.g_reg
Replacing gold.$procdff$17381 ($adff): CLK=\clk_c, D=\_2447_, Q=\u_sha.core.f_reg
Replacing gold.$procdff$17386 ($adff): CLK=\clk_c, D=\_2446_, Q=\u_sha.core.e_reg
Replacing gold.$procdff$17391 ($adff): CLK=\clk_c, D=\_2444_, Q=\u_sha.core.d_reg
Replacing gold.$procdff$17396 ($adff): CLK=\clk_c, D=\_2443_, Q=\u_sha.core.c_reg
Replacing gold.$procdff$17401 ($adff): CLK=\clk_c, D=\_2442_, Q=\u_sha.core.b_reg
Replacing gold.$procdff$17406 ($adff): CLK=\clk_c, D=\_2441_, Q=\u_sha.core.a_reg
Replacing gold.$procdff$17411 ($adff): CLK=\clk_c, D=\_2445_, Q=\u_sha.core.digest_valid_reg
Replacing gold.$procdff$17416 ($adff): CLK=\clk_c, D=\_2313_, Q=\u_sha.block_reg[15]
Replacing gold.$procdff$17421 ($adff): CLK=\clk_c, D=\_2312_, Q=\u_sha.block_reg[14]
Replacing gold.$procdff$17426 ($adff): CLK=\clk_c, D=\_2311_, Q=\u_sha.block_reg[13]
Replacing gold.$procdff$17431 ($adff): CLK=\clk_c, D=\_2310_, Q=\u_sha.block_reg[12]
Replacing gold.$procdff$17436 ($adff): CLK=\clk_c, D=\_2309_, Q=\u_sha.block_reg[11]
Replacing gold.$procdff$17441 ($adff): CLK=\clk_c, D=\_2308_, Q=\u_sha.block_reg[10]
Replacing gold.$procdff$17446 ($adff): CLK=\clk_c, D=\_2322_, Q=\u_sha.block_reg[9]
Replacing gold.$procdff$17451 ($adff): CLK=\clk_c, D=\_2321_, Q=\u_sha.block_reg[8]
Replacing gold.$procdff$17456 ($adff): CLK=\clk_c, D=\_2320_, Q=\u_sha.block_reg[7]
Replacing gold.$procdff$17461 ($adff): CLK=\clk_c, D=\_2319_, Q=\u_sha.block_reg[6]
Replacing gold.$procdff$17466 ($adff): CLK=\clk_c, D=\_2318_, Q=\u_sha.block_reg[5]
Replacing gold.$procdff$17471 ($adff): CLK=\clk_c, D=\_2317_, Q=\u_sha.block_reg[4]
Replacing gold.$procdff$17476 ($adff): CLK=\clk_c, D=\_2316_, Q=\u_sha.block_reg[3]
Replacing gold.$procdff$17481 ($adff): CLK=\clk_c, D=\_2315_, Q=\u_sha.block_reg[2]
Replacing gold.$procdff$17486 ($adff): CLK=\clk_c, D=\_2314_, Q=\u_sha.block_reg[1]
Replacing gold.$procdff$17491 ($adff): CLK=\clk_c, D=\_2307_, Q=\u_sha.block_reg[0]
Replacing gold.$procdff$17496 ($adff): CLK=\clk_c, D=\u_sha.core.digest_valid_reg, Q=\u_sha.digest_valid_reg
Replacing gold.$procdff$17501 ($adff): CLK=\clk_c, D=\_2323_, Q=\u_sha.digest_reg
Replacing gold.$procdff$17506 ($adff): CLK=\clk_c, D=\u_sha.core.ready, Q=\u_sha.ready_reg
Replacing gold.$procdff$17511 ($adff): CLK=\clk_c, D=\_2324_, Q=\u_sha.mode_reg
Replacing gold.$procdff$17516 ($adff): CLK=\clk_c, D=\u_sha.init_new, Q=\u_sha.next_reg
Replacing gold.$procdff$17521 ($adff): CLK=\clk_c, D=\u_sha.init_new, Q=\u_sha.init_reg
Replacing gold.$procdff$17522 ($dff): CLK=\clk_d, D=\_2050_, Q=\u_sad.sad
Replacing gold.$procdff$17523 ($dff): CLK=\clk_d, D=\_2051_, Q=\u_sad.valid_out
Replacing gold.$procdff$17526 ($adff): CLK=\clk_e, D=\u_rs_e.meta, Q=\u_rs_e.stable
Replacing gold.$procdff$17529 ($adff): CLK=\clk_e, D=1'0, Q=\u_rs_e.meta
Replacing gold.$procdff$17532 ($adff): CLK=\clk_d, D=\u_rs_d.meta, Q=\u_rs_d.stable
Replacing gold.$procdff$17535 ($adff): CLK=\clk_d, D=1'0, Q=\u_rs_d.meta
Replacing gold.$procdff$17538 ($adff): CLK=\clk_c, D=\u_rs_c.meta, Q=\u_rs_c.stable
Replacing gold.$procdff$17541 ($adff): CLK=\clk_c, D=1'0, Q=\u_rs_c.meta
Replacing gold.$procdff$17544 ($adff): CLK=\clk_b, D=\u_rs_b.meta, Q=\u_rs_b.stable
Replacing gold.$procdff$17547 ($adff): CLK=\clk_b, D=1'0, Q=\u_rs_b.meta
Replacing gold.$procdff$17550 ($adff): CLK=\clk_a, D=\u_rs_a.meta, Q=\u_rs_a.stable
Replacing gold.$procdff$17553 ($adff): CLK=\clk_a, D=1'0, Q=\u_rs_a.meta
Replacing gold.$procdff$17554 ($dff): CLK=\clk_e, D=\_2044_, Q=\u_div_e.count
Replacing gold.$procdff$17555 ($dff): CLK=\clk_e, D=\_2043_, Q=\u_div_e.clk_out
Replacing gold.$procdff$17556 ($dff): CLK=\clk_d, D=\_2037_, Q=\u_div_d.count
Replacing gold.$procdff$17557 ($dff): CLK=\clk_d, D=\_2036_, Q=\u_div_d.clk_out
Replacing gold.$procdff$17558 ($dff): CLK=\clk_c, D=\_2030_, Q=\u_div_c.count
Replacing gold.$procdff$17559 ($dff): CLK=\clk_c, D=\_2029_, Q=\u_div_c.clk_out
Replacing gold.$procdff$17560 ($dff): CLK=\clk_b, D=\_2023_, Q=\u_div_b.count
Replacing gold.$procdff$17561 ($dff): CLK=\clk_b, D=\_2022_, Q=\u_div_b.clk_out
Replacing gold.$procdff$17562 ($dff): CLK=\clk_a, D=\_2016_, Q=\u_div_a.count
Replacing gold.$procdff$17563 ($dff): CLK=\clk_a, D=\_2015_, Q=\u_div_a.clk_out
Replacing gold.$procdff$17564 ($dff): CLK=\clk_e, D=\_2008_, Q=\u_ddc2.u_nco.phase
Replacing gold.$procdff$17565 ($dff): CLK=\clk_e, D=\_2009_, Q=\u_ddc2.u_nco.sinout
Replacing gold.$procdff$17566 ($dff): CLK=\clk_e, D=\_2007_, Q=\u_ddc2.u_nco.cosout
Replacing gold.$procdff$17567 ($dff): CLK=\clk_e, D=\_1997_, Q=\u_ddc2.u_mix.qout
Replacing gold.$procdff$17568 ($dff): CLK=\clk_e, D=\_1996_, Q=\u_ddc2.u_mix.iout
Replacing gold.$procdff$17569 ($dff): CLK=\clk_e, D=\_1967_, Q=\u_ddc2.g_lane[1].u_fir.shift[14]
Replacing gold.$procdff$17570 ($dff): CLK=\clk_e, D=\_1966_, Q=\u_ddc2.g_lane[1].u_fir.shift[13]
Replacing gold.$procdff$17571 ($dff): CLK=\clk_e, D=\_1965_, Q=\u_ddc2.g_lane[1].u_fir.shift[12]
Replacing gold.$procdff$17572 ($dff): CLK=\clk_e, D=\_1964_, Q=\u_ddc2.g_lane[1].u_fir.shift[11]
Replacing gold.$procdff$17573 ($dff): CLK=\clk_e, D=\_1963_, Q=\u_ddc2.g_lane[1].u_fir.shift[10]
Replacing gold.$procdff$17574 ($dff): CLK=\clk_e, D=\_1976_, Q=\u_ddc2.g_lane[1].u_fir.shift[9]
Replacing gold.$procdff$17575 ($dff): CLK=\clk_e, D=\_1975_, Q=\u_ddc2.g_lane[1].u_fir.shift[8]
Replacing gold.$procdff$17576 ($dff): CLK=\clk_e, D=\_1974_, Q=\u_ddc2.g_lane[1].u_fir.shift[7]
Replacing gold.$procdff$17577 ($dff): CLK=\clk_e, D=\_1973_, Q=\u_ddc2.g_lane[1].u_fir.shift[6]
Replacing gold.$procdff$17578 ($dff): CLK=\clk_e, D=\_1972_, Q=\u_ddc2.g_lane[1].u_fir.shift[5]
Replacing gold.$procdff$17579 ($dff): CLK=\clk_e, D=\_1971_, Q=\u_ddc2.g_lane[1].u_fir.shift[4]
Replacing gold.$procdff$17580 ($dff): CLK=\clk_e, D=\_1970_, Q=\u_ddc2.g_lane[1].u_fir.shift[3]
Replacing gold.$procdff$17581 ($dff): CLK=\clk_e, D=\_1969_, Q=\u_ddc2.g_lane[1].u_fir.shift[2]
Replacing gold.$procdff$17582 ($dff): CLK=\clk_e, D=\_1968_, Q=\u_ddc2.g_lane[1].u_fir.shift[1]
Replacing gold.$procdff$17583 ($dff): CLK=\clk_e, D=\_1962_, Q=\u_ddc2.g_lane[1].u_fir.shift[0]
Replacing gold.$procdff$17584 ($dff): CLK=\clk_e, D=\_1961_, Q=\u_ddc2.g_lane[1].u_fir.out_data
Replacing gold.$procdff$17585 ($dff): CLK=\clk_e, D=\_1929_, Q=\u_ddc2.g_lane[1].u_cic.dec_data
Replacing gold.$procdff$17586 ($dff): CLK=\clk_e, D=\_1927_, Q=\u_ddc2.g_lane[1].u_cic.cb_en
Replacing gold.$procdff$17587 ($dff): CLK=\clk_e, D=\_1928_, Q=\u_ddc2.g_lane[1].u_cic.cnt
Replacing gold.$procdff$17588 ($dff): CLK=\clk_e, D=\_1938_, Q=\u_ddc2.g_lane[1].u_cic.out_data
Replacing gold.$procdff$17589 ($dff): CLK=\clk_e, D=\_1939_, Q=\u_ddc2.g_lane[1].u_cic.out_valid
Replacing gold.$procdff$17590 ($dff): CLK=\clk_e, D=\_1934_, Q=\u_ddc2.g_lane[1].u_cic.g_integ[0].acc
Replacing gold.$procdff$17591 ($dff): CLK=\clk_e, D=\_1935_, Q=\u_ddc2.g_lane[1].u_cic.g_integ[1].acc
Replacing gold.$procdff$17592 ($dff): CLK=\clk_e, D=\_1936_, Q=\u_ddc2.g_lane[1].u_cic.g_integ[2].acc
Replacing gold.$procdff$17593 ($dff): CLK=\clk_e, D=\_1937_, Q=\u_ddc2.g_lane[1].u_cic.g_integ[3].acc
Replacing gold.$procdff$17594 ($dff): CLK=\clk_e, D=\_1930_, Q=\u_ddc2.g_lane[1].u_cic.g_comb[0].dly[0]
Replacing gold.$procdff$17595 ($dff): CLK=\clk_e, D=\_1931_, Q=\u_ddc2.g_lane[1].u_cic.g_comb[1].dly[0]
Replacing gold.$procdff$17596 ($dff): CLK=\clk_e, D=\_1932_, Q=\u_ddc2.g_lane[1].u_cic.g_comb[2].dly[0]
Replacing gold.$procdff$17597 ($dff): CLK=\clk_e, D=\_1933_, Q=\u_ddc2.g_lane[1].u_cic.g_comb[3].dly[0]
Replacing gold.$procdff$17598 ($dff): CLK=\clk_e, D=\_1898_, Q=\u_ddc2.g_lane[0].u_fir.shift[14]
Replacing gold.$procdff$17599 ($dff): CLK=\clk_e, D=\_1897_, Q=\u_ddc2.g_lane[0].u_fir.shift[13]
Replacing gold.$procdff$17600 ($dff): CLK=\clk_e, D=\_1896_, Q=\u_ddc2.g_lane[0].u_fir.shift[12]
Replacing gold.$procdff$17601 ($dff): CLK=\clk_e, D=\_1895_, Q=\u_ddc2.g_lane[0].u_fir.shift[11]
Replacing gold.$procdff$17602 ($dff): CLK=\clk_e, D=\_1894_, Q=\u_ddc2.g_lane[0].u_fir.shift[10]
Replacing gold.$procdff$17603 ($dff): CLK=\clk_e, D=\_1907_, Q=\u_ddc2.g_lane[0].u_fir.shift[9]
Replacing gold.$procdff$17604 ($dff): CLK=\clk_e, D=\_1906_, Q=\u_ddc2.g_lane[0].u_fir.shift[8]
Replacing gold.$procdff$17605 ($dff): CLK=\clk_e, D=\_1905_, Q=\u_ddc2.g_lane[0].u_fir.shift[7]
Replacing gold.$procdff$17606 ($dff): CLK=\clk_e, D=\_1904_, Q=\u_ddc2.g_lane[0].u_fir.shift[6]
Replacing gold.$procdff$17607 ($dff): CLK=\clk_e, D=\_1903_, Q=\u_ddc2.g_lane[0].u_fir.shift[5]
Replacing gold.$procdff$17608 ($dff): CLK=\clk_e, D=\_1902_, Q=\u_ddc2.g_lane[0].u_fir.shift[4]
Replacing gold.$procdff$17609 ($dff): CLK=\clk_e, D=\_1901_, Q=\u_ddc2.g_lane[0].u_fir.shift[3]
Replacing gold.$procdff$17610 ($dff): CLK=\clk_e, D=\_1900_, Q=\u_ddc2.g_lane[0].u_fir.shift[2]
Replacing gold.$procdff$17611 ($dff): CLK=\clk_e, D=\_1899_, Q=\u_ddc2.g_lane[0].u_fir.shift[1]
Replacing gold.$procdff$17612 ($dff): CLK=\clk_e, D=\_1893_, Q=\u_ddc2.g_lane[0].u_fir.shift[0]
Replacing gold.$procdff$17613 ($dff): CLK=\clk_e, D=\_1891_, Q=\u_ddc2.g_lane[0].u_fir.out_data
Replacing gold.$procdff$17614 ($dff): CLK=\clk_e, D=\_1892_, Q=\u_ddc2.g_lane[0].u_fir.out_valid
Replacing gold.$procdff$17615 ($dff): CLK=\clk_e, D=\_1859_, Q=\u_ddc2.g_lane[0].u_cic.dec_data
Replacing gold.$procdff$17616 ($dff): CLK=\clk_e, D=\_1857_, Q=\u_ddc2.g_lane[0].u_cic.cb_en
Replacing gold.$procdff$17617 ($dff): CLK=\clk_e, D=\_1858_, Q=\u_ddc2.g_lane[0].u_cic.cnt
Replacing gold.$procdff$17618 ($dff): CLK=\clk_e, D=\_1868_, Q=\u_ddc2.g_lane[0].u_cic.out_data
Replacing gold.$procdff$17619 ($dff): CLK=\clk_e, D=\_1869_, Q=\u_ddc2.g_lane[0].u_cic.out_valid
Replacing gold.$procdff$17620 ($dff): CLK=\clk_e, D=\_1864_, Q=\u_ddc2.g_lane[0].u_cic.g_integ[0].acc
Replacing gold.$procdff$17621 ($dff): CLK=\clk_e, D=\_1865_, Q=\u_ddc2.g_lane[0].u_cic.g_integ[1].acc
Replacing gold.$procdff$17622 ($dff): CLK=\clk_e, D=\_1866_, Q=\u_ddc2.g_lane[0].u_cic.g_integ[2].acc
Replacing gold.$procdff$17623 ($dff): CLK=\clk_e, D=\_1867_, Q=\u_ddc2.g_lane[0].u_cic.g_integ[3].acc
Replacing gold.$procdff$17624 ($dff): CLK=\clk_e, D=\_1860_, Q=\u_ddc2.g_lane[0].u_cic.g_comb[0].dly[0]
Replacing gold.$procdff$17625 ($dff): CLK=\clk_e, D=\_1861_, Q=\u_ddc2.g_lane[0].u_cic.g_comb[1].dly[0]
Replacing gold.$procdff$17626 ($dff): CLK=\clk_e, D=\_1862_, Q=\u_ddc2.g_lane[0].u_cic.g_comb[2].dly[0]
Replacing gold.$procdff$17627 ($dff): CLK=\clk_e, D=\_1863_, Q=\u_ddc2.g_lane[0].u_cic.g_comb[3].dly[0]
Replacing gold.$procdff$17628 ($dff): CLK=\clk_e, D=\_1856_, Q=\u_ddc2.mix_valid_d
Replacing gold.$procdff$17629 ($dff): CLK=\clk_e, D=\_1855_, Q=\u_ddc2.mix_valid
Replacing gold.$procdff$17630 ($dff): CLK=\clk_b, D=\_1848_, Q=\u_ddc.u_nco.phase
Replacing gold.$procdff$17631 ($dff): CLK=\clk_b, D=\_1849_, Q=\u_ddc.u_nco.sinout
Replacing gold.$procdff$17632 ($dff): CLK=\clk_b, D=\_1847_, Q=\u_ddc.u_nco.cosout
Replacing gold.$procdff$17633 ($dff): CLK=\clk_b, D=\_1837_, Q=\u_ddc.u_mix.qout
Replacing gold.$procdff$17634 ($dff): CLK=\clk_b, D=\_1836_, Q=\u_ddc.u_mix.iout
Replacing gold.$procdff$17635 ($dff): CLK=\clk_b, D=\_1807_, Q=\u_ddc.g_lane[1].u_fir.shift[14]
Replacing gold.$procdff$17636 ($dff): CLK=\clk_b, D=\_1806_, Q=\u_ddc.g_lane[1].u_fir.shift[13]
Replacing gold.$procdff$17637 ($dff): CLK=\clk_b, D=\_1805_, Q=\u_ddc.g_lane[1].u_fir.shift[12]
Replacing gold.$procdff$17638 ($dff): CLK=\clk_b, D=\_1804_, Q=\u_ddc.g_lane[1].u_fir.shift[11]
Replacing gold.$procdff$17639 ($dff): CLK=\clk_b, D=\_1803_, Q=\u_ddc.g_lane[1].u_fir.shift[10]
Replacing gold.$procdff$17640 ($dff): CLK=\clk_b, D=\_1816_, Q=\u_ddc.g_lane[1].u_fir.shift[9]
Replacing gold.$procdff$17641 ($dff): CLK=\clk_b, D=\_1815_, Q=\u_ddc.g_lane[1].u_fir.shift[8]
Replacing gold.$procdff$17642 ($dff): CLK=\clk_b, D=\_1814_, Q=\u_ddc.g_lane[1].u_fir.shift[7]
Replacing gold.$procdff$17643 ($dff): CLK=\clk_b, D=\_1813_, Q=\u_ddc.g_lane[1].u_fir.shift[6]
Replacing gold.$procdff$17644 ($dff): CLK=\clk_b, D=\_1812_, Q=\u_ddc.g_lane[1].u_fir.shift[5]
Replacing gold.$procdff$17645 ($dff): CLK=\clk_b, D=\_1811_, Q=\u_ddc.g_lane[1].u_fir.shift[4]
Replacing gold.$procdff$17646 ($dff): CLK=\clk_b, D=\_1810_, Q=\u_ddc.g_lane[1].u_fir.shift[3]
Replacing gold.$procdff$17647 ($dff): CLK=\clk_b, D=\_1809_, Q=\u_ddc.g_lane[1].u_fir.shift[2]
Replacing gold.$procdff$17648 ($dff): CLK=\clk_b, D=\_1808_, Q=\u_ddc.g_lane[1].u_fir.shift[1]
Replacing gold.$procdff$17649 ($dff): CLK=\clk_b, D=\_1802_, Q=\u_ddc.g_lane[1].u_fir.shift[0]
Replacing gold.$procdff$17650 ($dff): CLK=\clk_b, D=\_1801_, Q=\u_ddc.g_lane[1].u_fir.out_data
Replacing gold.$procdff$17651 ($dff): CLK=\clk_b, D=\_1769_, Q=\u_ddc.g_lane[1].u_cic.dec_data
Replacing gold.$procdff$17652 ($dff): CLK=\clk_b, D=\_1767_, Q=\u_ddc.g_lane[1].u_cic.cb_en
Replacing gold.$procdff$17653 ($dff): CLK=\clk_b, D=\_1768_, Q=\u_ddc.g_lane[1].u_cic.cnt
Replacing gold.$procdff$17654 ($dff): CLK=\clk_b, D=\_1778_, Q=\u_ddc.g_lane[1].u_cic.out_data
Replacing gold.$procdff$17655 ($dff): CLK=\clk_b, D=\_1779_, Q=\u_ddc.g_lane[1].u_cic.out_valid
Replacing gold.$procdff$17656 ($dff): CLK=\clk_b, D=\_1774_, Q=\u_ddc.g_lane[1].u_cic.g_integ[0].acc
Replacing gold.$procdff$17657 ($dff): CLK=\clk_b, D=\_1775_, Q=\u_ddc.g_lane[1].u_cic.g_integ[1].acc
Replacing gold.$procdff$17658 ($dff): CLK=\clk_b, D=\_1776_, Q=\u_ddc.g_lane[1].u_cic.g_integ[2].acc
Replacing gold.$procdff$17659 ($dff): CLK=\clk_b, D=\_1777_, Q=\u_ddc.g_lane[1].u_cic.g_integ[3].acc
Replacing gold.$procdff$17660 ($dff): CLK=\clk_b, D=\_1770_, Q=\u_ddc.g_lane[1].u_cic.g_comb[0].dly[0]
Replacing gold.$procdff$17661 ($dff): CLK=\clk_b, D=\_1771_, Q=\u_ddc.g_lane[1].u_cic.g_comb[1].dly[0]
Replacing gold.$procdff$17662 ($dff): CLK=\clk_b, D=\_1772_, Q=\u_ddc.g_lane[1].u_cic.g_comb[2].dly[0]
Replacing gold.$procdff$17663 ($dff): CLK=\clk_b, D=\_1773_, Q=\u_ddc.g_lane[1].u_cic.g_comb[3].dly[0]
Replacing gold.$procdff$17664 ($dff): CLK=\clk_b, D=\_1738_, Q=\u_ddc.g_lane[0].u_fir.shift[14]
Replacing gold.$procdff$17665 ($dff): CLK=\clk_b, D=\_1737_, Q=\u_ddc.g_lane[0].u_fir.shift[13]
Replacing gold.$procdff$17666 ($dff): CLK=\clk_b, D=\_1736_, Q=\u_ddc.g_lane[0].u_fir.shift[12]
Replacing gold.$procdff$17667 ($dff): CLK=\clk_b, D=\_1735_, Q=\u_ddc.g_lane[0].u_fir.shift[11]
Replacing gold.$procdff$17668 ($dff): CLK=\clk_b, D=\_1734_, Q=\u_ddc.g_lane[0].u_fir.shift[10]
Replacing gold.$procdff$17669 ($dff): CLK=\clk_b, D=\_1747_, Q=\u_ddc.g_lane[0].u_fir.shift[9]
Replacing gold.$procdff$17670 ($dff): CLK=\clk_b, D=\_1746_, Q=\u_ddc.g_lane[0].u_fir.shift[8]
Replacing gold.$procdff$17671 ($dff): CLK=\clk_b, D=\_1745_, Q=\u_ddc.g_lane[0].u_fir.shift[7]
Replacing gold.$procdff$17672 ($dff): CLK=\clk_b, D=\_1744_, Q=\u_ddc.g_lane[0].u_fir.shift[6]
Replacing gold.$procdff$17673 ($dff): CLK=\clk_b, D=\_1743_, Q=\u_ddc.g_lane[0].u_fir.shift[5]
Replacing gold.$procdff$17674 ($dff): CLK=\clk_b, D=\_1742_, Q=\u_ddc.g_lane[0].u_fir.shift[4]
Replacing gold.$procdff$17675 ($dff): CLK=\clk_b, D=\_1741_, Q=\u_ddc.g_lane[0].u_fir.shift[3]
Replacing gold.$procdff$17676 ($dff): CLK=\clk_b, D=\_1740_, Q=\u_ddc.g_lane[0].u_fir.shift[2]
Replacing gold.$procdff$17677 ($dff): CLK=\clk_b, D=\_1739_, Q=\u_ddc.g_lane[0].u_fir.shift[1]
Replacing gold.$procdff$17678 ($dff): CLK=\clk_b, D=\_1733_, Q=\u_ddc.g_lane[0].u_fir.shift[0]
Replacing gold.$procdff$17679 ($dff): CLK=\clk_b, D=\_1732_, Q=\u_ddc.g_lane[0].u_fir.out_data
Replacing gold.$procdff$17680 ($dff): CLK=\clk_b, D=\_1700_, Q=\u_ddc.g_lane[0].u_cic.dec_data
Replacing gold.$procdff$17681 ($dff): CLK=\clk_b, D=\_1698_, Q=\u_ddc.g_lane[0].u_cic.cb_en
Replacing gold.$procdff$17682 ($dff): CLK=\clk_b, D=\_1699_, Q=\u_ddc.g_lane[0].u_cic.cnt
Replacing gold.$procdff$17683 ($dff): CLK=\clk_b, D=\_1709_, Q=\u_ddc.g_lane[0].u_cic.out_data
Replacing gold.$procdff$17684 ($dff): CLK=\clk_b, D=\_1710_, Q=\u_ddc.g_lane[0].u_cic.out_valid
Replacing gold.$procdff$17685 ($dff): CLK=\clk_b, D=\_1705_, Q=\u_ddc.g_lane[0].u_cic.g_integ[0].acc
Replacing gold.$procdff$17686 ($dff): CLK=\clk_b, D=\_1706_, Q=\u_ddc.g_lane[0].u_cic.g_integ[1].acc
Replacing gold.$procdff$17687 ($dff): CLK=\clk_b, D=\_1707_, Q=\u_ddc.g_lane[0].u_cic.g_integ[2].acc
Replacing gold.$procdff$17688 ($dff): CLK=\clk_b, D=\_1708_, Q=\u_ddc.g_lane[0].u_cic.g_integ[3].acc
Replacing gold.$procdff$17689 ($dff): CLK=\clk_b, D=\_1701_, Q=\u_ddc.g_lane[0].u_cic.g_comb[0].dly[0]
Replacing gold.$procdff$17690 ($dff): CLK=\clk_b, D=\_1702_, Q=\u_ddc.g_lane[0].u_cic.g_comb[1].dly[0]
Replacing gold.$procdff$17691 ($dff): CLK=\clk_b, D=\_1703_, Q=\u_ddc.g_lane[0].u_cic.g_comb[2].dly[0]
Replacing gold.$procdff$17692 ($dff): CLK=\clk_b, D=\_1704_, Q=\u_ddc.g_lane[0].u_cic.g_comb[3].dly[0]
Replacing gold.$procdff$17693 ($dff): CLK=\clk_b, D=\_1697_, Q=\u_ddc.mix_valid_d
Replacing gold.$procdff$17694 ($dff): CLK=\clk_b, D=\_1696_, Q=\u_ddc.mix_valid
Replacing gold.$procdff$17695 ($dff): CLK=\clk_e, D=\_1499_, Q=\u_crc.active
Replacing gold.$procdff$17696 ($dff): CLK=\clk_e, D=\_1500_, Q=\u_crc.crc
Replacing gold.$procdff$17697 ($dff): CLK=\clk_e, D=\_1501_, Q=\u_crc.out_crc
Replacing gold.$procdff$17698 ($dff): CLK=\clk_e, D=\_1502_, Q=\u_crc.out_valid
Replacing gold.$procdff$17699 ($dff): CLK=\clk_a, D=\_1427_, Q=\u_cpu.genblk2.pcpi_div.instr_remu
Replacing gold.$procdff$17700 ($dff): CLK=\clk_a, D=\_1426_, Q=\u_cpu.genblk2.pcpi_div.instr_rem
Replacing gold.$procdff$17701 ($dff): CLK=\clk_a, D=\_1425_, Q=\u_cpu.genblk2.pcpi_div.instr_divu
Replacing gold.$procdff$17702 ($dff): CLK=\clk_a, D=\_1424_, Q=\u_cpu.genblk2.pcpi_div.instr_div
Replacing gold.$procdff$17703 ($dff): CLK=\clk_a, D=\_1432_, Q=\u_cpu.genblk2.pcpi_div.pcpi_wait_q
Replacing gold.$procdff$17704 ($dff): CLK=\clk_a, D=\_1431_, Q=\u_cpu.genblk2.pcpi_div.pcpi_wait
Replacing gold.$procdff$17705 ($dff): CLK=\clk_a, D=\_1428_, Q=\u_cpu.genblk2.pcpi_div.outsign
Replacing gold.$procdff$17706 ($dff): CLK=\clk_a, D=\_1436_, Q=\u_cpu.genblk2.pcpi_div.running
Replacing gold.$procdff$17707 ($dff): CLK=\clk_a, D=\_1435_, Q=\u_cpu.genblk2.pcpi_div.quotient_msk
Replacing gold.$procdff$17708 ($dff): CLK=\clk_a, D=\_1434_, Q=\u_cpu.genblk2.pcpi_div.quotient
Replacing gold.$procdff$17709 ($dff): CLK=\clk_a, D=\_1423_, Q=\u_cpu.genblk2.pcpi_div.divisor
Replacing gold.$procdff$17710 ($dff): CLK=\clk_a, D=\_1422_, Q=\u_cpu.genblk2.pcpi_div.dividend
Replacing gold.$procdff$17711 ($dff): CLK=\clk_a, D=\_1430_, Q=\u_cpu.genblk2.pcpi_div.pcpi_ready
Replacing gold.$procdff$17712 ($dff): CLK=\clk_a, D=\_1429_, Q=\u_cpu.genblk2.pcpi_div.pcpi_rd
Replacing gold.$procdff$17713 ($dff): CLK=\clk_a, D=\_1430_, Q=\u_cpu.genblk2.pcpi_div.pcpi_wr
Replacing gold.$procdff$17714 ($dff): CLK=\clk_a, D=\_1397_, Q=\u_cpu.genblk1.pcpi_mul.rd
Replacing gold.$procdff$17715 ($dff): CLK=\clk_a, D=\u_cpu.genblk1.pcpi_mul.instr_any_mulh, Q=\u_cpu.genblk1.pcpi_mul.shift_out
Replacing gold.$procdff$17716 ($dff): CLK=\clk_a, D=\_1399_, Q=\u_cpu.genblk1.pcpi_mul.rs2
Replacing gold.$procdff$17717 ($dff): CLK=\clk_a, D=\_1398_, Q=\u_cpu.genblk1.pcpi_mul.rs1
Replacing gold.$procdff$17718 ($dff): CLK=\clk_a, D=\_1396_, Q=\u_cpu.genblk1.pcpi_mul.active
Replacing gold.$procdff$17719 ($dff): CLK=\clk_a, D=\_0195_, Q=\u_cpu.last_mem_valid
Replacing gold.$procdff$17720 ($dff): CLK=\clk_a, D=\_0211_, Q=\u_cpu.mem_la_firstword_reg
Replacing gold.$procdff$17721 ($dff): CLK=\clk_a, D=\_0213_, Q=\u_cpu.mem_rdata_q
Replacing gold.$procdff$17722 ($dff): CLK=\clk_a, D=\_0204_, Q=\u_cpu.mem_16bit_buffer
Replacing gold.$procdff$17723 ($dff): CLK=\clk_a, D=\_0221_, Q=\u_cpu.prefetched_high_word
Replacing gold.$procdff$17724 ($dff): CLK=\clk_a, D=\_0212_, Q=\u_cpu.mem_la_secondword
Replacing gold.$procdff$17725 ($dff): CLK=\clk_a, D=\_0214_, Q=\u_cpu.mem_state
Replacing gold.$procdff$17726 ($dff): CLK=\clk_a, D=\_0218_, Q=\u_cpu.mem_wstrb
Replacing gold.$procdff$17727 ($dff): CLK=\clk_a, D=\_0216_, Q=\u_cpu.mem_wdata
Replacing gold.$procdff$17728 ($dff): CLK=\clk_a, D=\_0205_, Q=\u_cpu.mem_addr
Replacing gold.$procdff$17729 ($dff): CLK=\clk_a, D=\_0210_, Q=\u_cpu.mem_instr
Replacing gold.$procdff$17730 ($dff): CLK=\clk_a, D=\_0215_, Q=\u_cpu.mem_valid
Replacing gold.$procdff$17731 ($dff): CLK=\clk_a, D=\_0185_, Q=\u_cpu.is_compare
Replacing gold.$procdff$17732 ($dff): CLK=\clk_a, D=\_0183_, Q=\u_cpu.is_alu_reg_reg
Replacing gold.$procdff$17733 ($dff): CLK=\clk_a, D=\_0182_, Q=\u_cpu.is_alu_reg_imm
Replacing gold.$procdff$17734 ($dff): CLK=\clk_a, D=\_0188_, Q=\u_cpu.is_lbu_lhu_lw
Replacing gold.$procdff$17735 ($dff): CLK=\clk_a, D=\_0184_, Q=\u_cpu.is_beq_bne_blt_bge_bltu_bgeu
Replacing gold.$procdff$17736 ($dff): CLK=\clk_a, D=\_0194_, Q=\u_cpu.is_sltiu_bltu_sltu
Replacing gold.$procdff$17737 ($dff): CLK=\clk_a, D=\_0193_, Q=\u_cpu.is_slti_blt_slt
Replacing gold.$procdff$17738 ($dff): CLK=\clk_a, D=\_0190_, Q=\u_cpu.is_lui_auipc_jal_jalr_addi_add_sub
Replacing gold.$procdff$17739 ($dff): CLK=\clk_a, D=\_0191_, Q=\u_cpu.is_sb_sh_sw
Replacing gold.$procdff$17740 ($dff): CLK=\clk_a, D=\_0186_, Q=\u_cpu.is_jalr_addi_slti_sltiu_xori_ori_andi
Replacing gold.$procdff$17741 ($dff): CLK=\clk_a, D=\_0192_, Q=\u_cpu.is_slli_srli_srai
Replacing gold.$procdff$17742 ($dff): CLK=\clk_a, D=\_0187_, Q=\u_cpu.is_lb_lh_lw_lbu_lhu
Replacing gold.$procdff$17743 ($dff): CLK=\clk_a, D=\_0189_, Q=\u_cpu.is_lui_auipc_jal
Replacing gold.$procdff$17744 ($dff): CLK=\clk_a, D=\_0115_, Q=\u_cpu.compressed_instr
Replacing gold.$procdff$17745 ($dff): CLK=\clk_a, D=\_0120_, Q=\u_cpu.decoded_imm_j
Replacing gold.$procdff$17746 ($dff): CLK=\clk_a, D=\_0119_, Q=\u_cpu.decoded_imm
Replacing gold.$procdff$17747 ($dff): CLK=\clk_a, D=\_0123_, Q=\u_cpu.decoded_rs2
Replacing gold.$procdff$17748 ($dff): CLK=\clk_a, D=\_0122_, Q=\u_cpu.decoded_rs1
Replacing gold.$procdff$17749 ($dff): CLK=\clk_a, D=\_0121_, Q=\u_cpu.decoded_rd
Replacing gold.$procdff$17750 ($dff): CLK=\clk_a, D=\_0173_, Q=\u_cpu.instr_timer
Replacing gold.$procdff$17751 ($dff): CLK=\clk_a, D=\_0174_, Q=\u_cpu.instr_waitirq
Replacing gold.$procdff$17752 ($dff): CLK=\clk_a, D=\_0150_, Q=\u_cpu.instr_maskirq
Replacing gold.$procdff$17753 ($dff): CLK=\clk_a, D=\_0157_, Q=\u_cpu.instr_retirq
Replacing gold.$procdff$17754 ($dff): CLK=\clk_a, D=\_0159_, Q=\u_cpu.instr_setq
Replacing gold.$procdff$17755 ($dff): CLK=\clk_a, D=\_0141_, Q=\u_cpu.instr_getq
Replacing gold.$procdff$17756 ($dff): CLK=\clk_a, D=\_0140_, Q=\u_cpu.instr_fence
Replacing gold.$procdff$17757 ($dff): CLK=\clk_a, D=\_0139_, Q=\u_cpu.instr_ecall_ebreak
Replacing gold.$procdff$17758 ($dff): CLK=\clk_a, D=\_0156_, Q=\u_cpu.instr_rdinstrh
Replacing gold.$procdff$17759 ($dff): CLK=\clk_a, D=\_0155_, Q=\u_cpu.instr_rdinstr
Replacing gold.$procdff$17760 ($dff): CLK=\clk_a, D=\_0154_, Q=\u_cpu.instr_rdcycleh
Replacing gold.$procdff$17761 ($dff): CLK=\clk_a, D=\_0153_, Q=\u_cpu.instr_rdcycle
Replacing gold.$procdff$17762 ($dff): CLK=\clk_a, D=\_0130_, Q=\u_cpu.instr_and
Replacing gold.$procdff$17763 ($dff): CLK=\clk_a, D=\_0151_, Q=\u_cpu.instr_or
Replacing gold.$procdff$17764 ($dff): CLK=\clk_a, D=\_0167_, Q=\u_cpu.instr_sra
Replacing gold.$procdff$17765 ($dff): CLK=\clk_a, D=\_0169_, Q=\u_cpu.instr_srl
Replacing gold.$procdff$17766 ($dff): CLK=\clk_a, D=\_0175_, Q=\u_cpu.instr_xor
Replacing gold.$procdff$17767 ($dff): CLK=\clk_a, D=\_0166_, Q=\u_cpu.instr_sltu
Replacing gold.$procdff$17768 ($dff): CLK=\clk_a, D=\_0163_, Q=\u_cpu.instr_slt
Replacing gold.$procdff$17769 ($dff): CLK=\clk_a, D=\_0161_, Q=\u_cpu.instr_sll
Replacing gold.$procdff$17770 ($dff): CLK=\clk_a, D=\_0171_, Q=\u_cpu.instr_sub
Replacing gold.$procdff$17771 ($dff): CLK=\clk_a, D=\_0128_, Q=\u_cpu.instr_add
Replacing gold.$procdff$17772 ($dff): CLK=\clk_a, D=\_0168_, Q=\u_cpu.instr_srai
Replacing gold.$procdff$17773 ($dff): CLK=\clk_a, D=\_0170_, Q=\u_cpu.instr_srli
Replacing gold.$procdff$17774 ($dff): CLK=\clk_a, D=\_0162_, Q=\u_cpu.instr_slli
Replacing gold.$procdff$17775 ($dff): CLK=\clk_a, D=\_0131_, Q=\u_cpu.instr_andi
Replacing gold.$procdff$17776 ($dff): CLK=\clk_a, D=\_0152_, Q=\u_cpu.instr_ori
Replacing gold.$procdff$17777 ($dff): CLK=\clk_a, D=\_0176_, Q=\u_cpu.instr_xori
Replacing gold.$procdff$17778 ($dff): CLK=\clk_a, D=\_0165_, Q=\u_cpu.instr_sltiu
Replacing gold.$procdff$17779 ($dff): CLK=\clk_a, D=\_0164_, Q=\u_cpu.instr_slti
Replacing gold.$procdff$17780 ($dff): CLK=\clk_a, D=\_0129_, Q=\u_cpu.instr_addi
Replacing gold.$procdff$17781 ($dff): CLK=\clk_a, D=\_0172_, Q=\u_cpu.instr_sw
Replacing gold.$procdff$17782 ($dff): CLK=\clk_a, D=\_0160_, Q=\u_cpu.instr_sh
Replacing gold.$procdff$17783 ($dff): CLK=\clk_a, D=\_0158_, Q=\u_cpu.instr_sb
Replacing gold.$procdff$17784 ($dff): CLK=\clk_a, D=\_0147_, Q=\u_cpu.instr_lhu
Replacing gold.$procdff$17785 ($dff): CLK=\clk_a, D=\_0145_, Q=\u_cpu.instr_lbu
Replacing gold.$procdff$17786 ($dff): CLK=\clk_a, D=\_0149_, Q=\u_cpu.instr_lw
Replacing gold.$procdff$17787 ($dff): CLK=\clk_a, D=\_0146_, Q=\u_cpu.instr_lh
Replacing gold.$procdff$17788 ($dff): CLK=\clk_a, D=\_0144_, Q=\u_cpu.instr_lb
Replacing gold.$procdff$17789 ($dff): CLK=\clk_a, D=\_0135_, Q=\u_cpu.instr_bgeu
Replacing gold.$procdff$17790 ($dff): CLK=\clk_a, D=\_0137_, Q=\u_cpu.instr_bltu
Replacing gold.$procdff$17791 ($dff): CLK=\clk_a, D=\_0134_, Q=\u_cpu.instr_bge
Replacing gold.$procdff$17792 ($dff): CLK=\clk_a, D=\_0136_, Q=\u_cpu.instr_blt
Replacing gold.$procdff$17793 ($dff): CLK=\clk_a, D=\_0138_, Q=\u_cpu.instr_bne
Replacing gold.$procdff$17794 ($dff): CLK=\clk_a, D=\_0133_, Q=\u_cpu.instr_beq
Replacing gold.$procdff$17795 ($dff): CLK=\clk_a, D=\_0143_, Q=\u_cpu.instr_jalr
Replacing gold.$procdff$17796 ($dff): CLK=\clk_a, D=\_0142_, Q=\u_cpu.instr_jal
Replacing gold.$procdff$17797 ($dff): CLK=\clk_a, D=\_0132_, Q=\u_cpu.instr_auipc
Replacing gold.$procdff$17798 ($dff): CLK=\clk_a, D=\_0148_, Q=\u_cpu.instr_lui
Replacing gold.$procdff$17799 ($dff): CLK=\clk_a, D=\_0219_, Q=\u_cpu.pcpi_insn
Replacing gold.$procdff$17800 ($dff): CLK=\clk_a, D=\u_cpu.clear_prefetched_high_word, Q=\u_cpu.clear_prefetched_high_word_q
Replacing gold.$procdff$17801 ($dff): CLK=\clk_a, D=\_3709_$func$gold_gate.v:18755$7750.$result, Q=\u_cpu.alu_out_q
Replacing gold.$procdff$17802 ($dff): CLK=\clk_a, D=\_0126_, Q=\u_cpu.do_waitirq
Replacing gold.$procdff$17803 ($dff): CLK=\clk_a, D=\_0201_, Q=\u_cpu.latched_rd
Replacing gold.$procdff$17804 ($dff): CLK=\clk_a, D=\_0198_, Q=\u_cpu.latched_is_lb
Replacing gold.$procdff$17805 ($dff): CLK=\clk_a, D=\_0199_, Q=\u_cpu.latched_is_lh
Replacing gold.$procdff$17806 ($dff): CLK=\clk_a, D=\_0200_, Q=\u_cpu.latched_is_lu
Replacing gold.$procdff$17807 ($dff): CLK=\clk_a, D=\_0197_, Q=\u_cpu.latched_compr
Replacing gold.$procdff$17808 ($dff): CLK=\clk_a, D=\_0196_, Q=\u_cpu.latched_branch
Replacing gold.$procdff$17809 ($dff): CLK=\clk_a, D=\_0202_, Q=\u_cpu.latched_stalu
Replacing gold.$procdff$17810 ($dff): CLK=\clk_a, D=\_0203_, Q=\u_cpu.latched_store
Replacing gold.$procdff$17811 ($dff): CLK=\clk_a, D=\_0181_, Q=\u_cpu.irq_state
Replacing gold.$procdff$17812 ($dff): CLK=\clk_a, D=\_0118_, Q=\u_cpu.cpu_state
Replacing gold.$procdff$17813 ($dff): CLK=\clk_a, D=\u_cpu.decoder_pseudo_trigger, Q=\u_cpu.decoder_pseudo_trigger_q
Replacing gold.$procdff$17814 ($dff): CLK=\clk_a, D=\_0124_, Q=\u_cpu.decoder_pseudo_trigger
Replacing gold.$procdff$17815 ($dff): CLK=\clk_a, D=\u_cpu.decoder_trigger, Q=\u_cpu.decoder_trigger_q
Replacing gold.$procdff$17816 ($dff): CLK=\clk_a, D=\_0125_, Q=\u_cpu.decoder_trigger
Replacing gold.$procdff$17817 ($dff): CLK=\clk_a, D=\_0209_, Q=\u_cpu.mem_do_wdata
Replacing gold.$procdff$17818 ($dff): CLK=\clk_a, D=\_0207_, Q=\u_cpu.mem_do_rdata
Replacing gold.$procdff$17819 ($dff): CLK=\clk_a, D=\_0208_, Q=\u_cpu.mem_do_rinst
Replacing gold.$procdff$17820 ($dff): CLK=\clk_a, D=\_0206_, Q=\u_cpu.mem_do_prefetch
Replacing gold.$procdff$17821 ($dff): CLK=\clk_a, D=\_0217_, Q=\u_cpu.mem_wordsize
Replacing gold.$procdff$17822 ($dff): CLK=\clk_a, D=\_0231_, Q=\u_cpu.timer
Replacing gold.$procdff$17823 ($dff): CLK=\clk_a, D={ \_0604_ [31:1] \_0180_ [0] }, Q=\u_cpu.irq_pending
Replacing gold.$procdff$17824 ($dff): CLK=\clk_a, D=\_0179_, Q=\u_cpu.irq_mask
Replacing gold.$procdff$17825 ($dff): CLK=\clk_a, D=\_0177_, Q=\u_cpu.irq_active
Replacing gold.$procdff$17826 ($dff): CLK=\clk_a, D=\_0178_, Q=\u_cpu.irq_delay
Replacing gold.$procdff$17827 ($dff): CLK=\clk_a, D=\_0227_, Q=\u_cpu.reg_sh
Replacing gold.$procdff$17828 ($dff): CLK=\clk_a, D=\_0225_, Q=\u_cpu.reg_out
Replacing gold.$procdff$17829 ($dff): CLK=\clk_a, D=\_0224_, Q=\u_cpu.reg_op2
Replacing gold.$procdff$17830 ($dff): CLK=\clk_a, D=\_0223_, Q=\u_cpu.reg_op1
Replacing gold.$procdff$17831 ($dff): CLK=\clk_a, D={ \_0222_ [31:1] 1'0 }, Q=\u_cpu.reg_next_pc
Replacing gold.$procdff$17832 ($dff): CLK=\clk_a, D={ \_0226_ [31:1] 1'0 }, Q=\u_cpu.reg_pc
Replacing gold.$procdff$17833 ($dff): CLK=\clk_a, D=\_0117_, Q=\u_cpu.count_instr
Replacing gold.$procdff$17834 ($dff): CLK=\clk_a, D=\_1378_, Q=\u_cpu.count_cycle
Replacing gold.$procdff$17835 ($dff): CLK=\clk_a, D=\_0127_, Q=\u_cpu.eoi
Replacing gold.$procdff$17836 ($dff): CLK=\clk_a, D=\_0220_, Q=\u_cpu.pcpi_valid
Replacing gold.$procdff$17837 ($dff): CLK=\clk_a, D=\_0232_, Q=\u_cpu.trap
Replacing gold.$procdff$17838 ($dff): CLK=\clk_a, D=\_0111_, Q=\u_cdc_ea.u_req_sync.stable
Replacing gold.$procdff$17839 ($dff): CLK=\clk_a, D=\_0110_, Q=\u_cdc_ea.u_req_sync.meta
Replacing gold.$procdff$17840 ($dff): CLK=\u_div_e.clk_out, D=\_0109_, Q=\u_cdc_ea.u_ack_sync.stable
Replacing gold.$procdff$17841 ($dff): CLK=\u_div_e.clk_out, D=\_0108_, Q=\u_cdc_ea.u_ack_sync.meta
Replacing gold.$procdff$17842 ($dff): CLK=\u_div_e.clk_out, D=\_0093_, Q=\u_cdc_ea.data_hold
Replacing gold.$procdff$17843 ($dff): CLK=\u_div_e.clk_out, D=\_0095_, Q=\u_cdc_ea.req
Replacing gold.$procdff$17844 ($dff): CLK=\u_div_e.clk_out, D=\_0092_, Q=\u_cdc_ea.busy
Replacing gold.$procdff$17845 ($dff): CLK=\clk_a, D=\_0091_, Q=\u_cdc_ea.ack
Replacing gold.$procdff$17846 ($dff): CLK=\clk_a, D=\_0094_, Q=\u_cdc_ea.data_out
Replacing gold.$procdff$17847 ($dff): CLK=\clk_e, D=\_0090_, Q=\u_cdc_de.u_req_sync.stable
Replacing gold.$procdff$17848 ($dff): CLK=\clk_e, D=\_0089_, Q=\u_cdc_de.u_req_sync.meta
Replacing gold.$procdff$17849 ($dff): CLK=\u_div_d.clk_out, D=\_0088_, Q=\u_cdc_de.u_ack_sync.stable
Replacing gold.$procdff$17850 ($dff): CLK=\u_div_d.clk_out, D=\_0087_, Q=\u_cdc_de.u_ack_sync.meta
Replacing gold.$procdff$17851 ($dff): CLK=\u_div_d.clk_out, D=\_0072_, Q=\u_cdc_de.data_hold
Replacing gold.$procdff$17852 ($dff): CLK=\u_div_d.clk_out, D=\_0074_, Q=\u_cdc_de.req
Replacing gold.$procdff$17853 ($dff): CLK=\u_div_d.clk_out, D=\_0071_, Q=\u_cdc_de.busy
Replacing gold.$procdff$17854 ($dff): CLK=\clk_e, D=\_0070_, Q=\u_cdc_de.ack
Replacing gold.$procdff$17855 ($dff): CLK=\clk_e, D=\_0073_, Q=\u_cdc_de.data_out
Replacing gold.$procdff$17856 ($dff): CLK=\clk_d, D=\_0069_, Q=\u_cdc_cd.u_req_sync.stable
Replacing gold.$procdff$17857 ($dff): CLK=\clk_d, D=\_0068_, Q=\u_cdc_cd.u_req_sync.meta
Replacing gold.$procdff$17858 ($dff): CLK=\u_div_c.clk_out, D=\_0067_, Q=\u_cdc_cd.u_ack_sync.stable
Replacing gold.$procdff$17859 ($dff): CLK=\u_div_c.clk_out, D=\_0066_, Q=\u_cdc_cd.u_ack_sync.meta
Replacing gold.$procdff$17860 ($dff): CLK=\u_div_c.clk_out, D=\_0051_, Q=\u_cdc_cd.data_hold
Replacing gold.$procdff$17861 ($dff): CLK=\u_div_c.clk_out, D=\_0053_, Q=\u_cdc_cd.req
Replacing gold.$procdff$17862 ($dff): CLK=\u_div_c.clk_out, D=\_0050_, Q=\u_cdc_cd.busy
Replacing gold.$procdff$17863 ($dff): CLK=\clk_d, D=\_0049_, Q=\u_cdc_cd.ack
Replacing gold.$procdff$17864 ($dff): CLK=\clk_d, D=\_0052_, Q=\u_cdc_cd.data_out
Replacing gold.$procdff$17865 ($dff): CLK=\clk_c, D=\_0048_, Q=\u_cdc_bc.u_req_sync.stable
Replacing gold.$procdff$17866 ($dff): CLK=\clk_c, D=\_0047_, Q=\u_cdc_bc.u_req_sync.meta
Replacing gold.$procdff$17867 ($dff): CLK=\u_div_b.clk_out, D=\_0046_, Q=\u_cdc_bc.u_ack_sync.stable
Replacing gold.$procdff$17868 ($dff): CLK=\u_div_b.clk_out, D=\_0045_, Q=\u_cdc_bc.u_ack_sync.meta
Replacing gold.$procdff$17869 ($dff): CLK=\u_div_b.clk_out, D=\_0030_, Q=\u_cdc_bc.data_hold
Replacing gold.$procdff$17870 ($dff): CLK=\u_div_b.clk_out, D=\_0032_, Q=\u_cdc_bc.req
Replacing gold.$procdff$17871 ($dff): CLK=\u_div_b.clk_out, D=\_0029_, Q=\u_cdc_bc.busy
Replacing gold.$procdff$17872 ($dff): CLK=\clk_c, D=\_0028_, Q=\u_cdc_bc.ack
Replacing gold.$procdff$17873 ($dff): CLK=\clk_c, D=\_0031_, Q=\u_cdc_bc.data_out
Replacing gold.$procdff$17874 ($dff): CLK=\clk_b, D=\_0027_, Q=\u_cdc_ab.u_req_sync.stable
Replacing gold.$procdff$17875 ($dff): CLK=\clk_b, D=\_0026_, Q=\u_cdc_ab.u_req_sync.meta
Replacing gold.$procdff$17876 ($dff): CLK=\u_div_a.clk_out, D=\_0025_, Q=\u_cdc_ab.u_ack_sync.stable
Replacing gold.$procdff$17877 ($dff): CLK=\u_div_a.clk_out, D=\_0024_, Q=\u_cdc_ab.u_ack_sync.meta
Replacing gold.$procdff$17878 ($dff): CLK=\u_div_a.clk_out, D=\_0009_, Q=\u_cdc_ab.data_hold
Replacing gold.$procdff$17879 ($dff): CLK=\u_div_a.clk_out, D=\_0011_, Q=\u_cdc_ab.req
Replacing gold.$procdff$17880 ($dff): CLK=\u_div_a.clk_out, D=\_0008_, Q=\u_cdc_ab.busy
Replacing gold.$procdff$17881 ($dff): CLK=\clk_b, D=\_0007_, Q=\u_cdc_ab.ack
Replacing gold.$procdff$17882 ($dff): CLK=\clk_b, D=\_0010_, Q=\u_cdc_ab.data_out

6. Executing OPT_CLEAN pass (remove unused cells and wires).
Finding unused cells or wires in module \__eqcheck_top..
Finding unused cells or wires in module \gate..
Finding unused cells or wires in module \gold..
Removed 4 unused cells and 817 unused wires.
<suppressed ~7 debug messages>

7. Executing FORMALFF pass.
Setting unused undefined initial value of gate.$auto$clk2fflogic.cc:213:execute$19536 ($ff) from 32'x to 0
Setting unused undefined initial value of gate.$auto$clk2fflogic.cc:210:execute$19534 ($ff) from 5'x to 5'00000
Setting unused undefined initial value of gate.$auto$clk2fflogic.cc:207:execute$19532 ($ff) from 32'x to 0
Setting unused undefined initial value of gate.$auto$clk2fflogic.cc:213:execute$19524 ($ff) from 32'x to 0
Setting unused undefined initial value of gate.$auto$clk2fflogic.cc:210:execute$19522 ($ff) from 5'x to 5'00000
Setting unused undefined initial value of gate.$auto$clk2fflogic.cc:207:execute$19520 ($ff) from 32'x to 0
Setting unused undefined initial value of gate.$auto$clk2fflogic.cc:213:execute$19512 ($ff) from 32'x to 0
Setting unused undefined initial value of gate.$auto$clk2fflogic.cc:210:execute$19510 ($ff) from 5'x to 5'00000
Setting unused undefined initial value of gate.$auto$clk2fflogic.cc:207:execute$19508 ($ff) from 32'x to 0
Setting unused undefined initial value of gate.$auto$clk2fflogic.cc:213:execute$19500 ($ff) from 32'x to 0
Setting unused undefined initial value of gate.$auto$clk2fflogic.cc:210:execute$19498 ($ff) from 5'x to 5'00000
Setting unused undefined initial value of gate.$auto$clk2fflogic.cc:207:execute$19496 ($ff) from 32'x to 0
Setting unused undefined initial value of gate.$auto$clk2fflogic.cc:213:execute$19488 ($ff) from 32'x to 0
Setting unused undefined initial value of gate.$auto$clk2fflogic.cc:210:execute$19486 ($ff) from 5'x to 5'00000
Setting unused undefined initial value of gate.$auto$clk2fflogic.cc:207:execute$19484 ($ff) from 32'x to 0
Setting unused undefined initial value of gate.$auto$clk2fflogic.cc:213:execute$19476 ($ff) from 32'x to 0
Setting unused undefined initial value of gate.$auto$clk2fflogic.cc:210:execute$19474 ($ff) from 5'x to 5'00000
Setting unused undefined initial value of gate.$auto$clk2fflogic.cc:207:execute$19472 ($ff) from 32'x to 0
Setting unused undefined initial value of gate.$auto$clk2fflogic.cc:213:execute$19464 ($ff) from 32'x to 0
Setting unused undefined initial value of gate.$auto$clk2fflogic.cc:210:execute$19462 ($ff) from 5'x to 5'00000
Setting unused undefined initial value of gate.$auto$clk2fflogic.cc:207:execute$19460 ($ff) from 32'x to 0
Setting unused undefined initial value of gate.$auto$clk2fflogic.cc:213:execute$19452 ($ff) from 32'x to 0
Setting unused undefined initial value of gate.$auto$clk2fflogic.cc:210:execute$19450 ($ff) from 5'x to 5'00000
Setting unused undefined initial value of gate.$auto$clk2fflogic.cc:207:execute$19448 ($ff) from 32'x to 0
Setting unused undefined initial value of gate.$auto$clk2fflogic.cc:213:execute$19440 ($ff) from 32'x to 0
Setting unused undefined initial value of gate.$auto$clk2fflogic.cc:210:execute$19438 ($ff) from 5'x to 5'00000
Setting unused undefined initial value of gate.$auto$clk2fflogic.cc:207:execute$19436 ($ff) from 32'x to 0
Setting unused undefined initial value of gate.$auto$clk2fflogic.cc:213:execute$19428 ($ff) from 32'x to 0
Setting unused undefined initial value of gate.$auto$clk2fflogic.cc:210:execute$19426 ($ff) from 5'x to 5'00000
Setting unused undefined initial value of gate.$auto$clk2fflogic.cc:207:execute$19424 ($ff) from 32'x to 0
Setting unused undefined initial value of gate.$auto$clk2fflogic.cc:213:execute$19416 ($ff) from 32'x to 0
Setting unused undefined initial value of gate.$auto$clk2fflogic.cc:210:execute$19414 ($ff) from 5'x to 5'00000
Setting unused undefined initial value of gate.$auto$clk2fflogic.cc:207:execute$19412 ($ff) from 32'x to 0
Setting unused undefined initial value of gate.$auto$clk2fflogic.cc:213:execute$19404 ($ff) from 32'x to 0
Setting unused undefined initial value of gate.$auto$clk2fflogic.cc:210:execute$19402 ($ff) from 5'x to 5'00000
Setting unused undefined initial value of gate.$auto$clk2fflogic.cc:207:execute$19400 ($ff) from 32'x to 0
Setting unused undefined initial value of gate.$auto$clk2fflogic.cc:213:execute$19392 ($ff) from 32'x to 0
Setting unused undefined initial value of gate.$auto$clk2fflogic.cc:210:execute$19390 ($ff) from 5'x to 5'00000
Setting unused undefined initial value of gate.$auto$clk2fflogic.cc:207:execute$19388 ($ff) from 32'x to 0
Setting unused undefined initial value of gate.$auto$clk2fflogic.cc:213:execute$19380 ($ff) from 32'x to 0
Setting unused undefined initial value of gate.$auto$clk2fflogic.cc:210:execute$19378 ($ff) from 5'x to 5'00000
Setting unused undefined initial value of gate.$auto$clk2fflogic.cc:207:execute$19376 ($ff) from 32'x to 0
Setting unused undefined initial value of gate.$auto$clk2fflogic.cc:213:execute$19368 ($ff) from 32'x to 0
Setting unused undefined initial value of gate.$auto$clk2fflogic.cc:210:execute$19366 ($ff) from 5'x to 5'00000
Setting unused undefined initial value of gate.$auto$clk2fflogic.cc:207:execute$19364 ($ff) from 32'x to 0
Setting unused undefined initial value of gate.$auto$clk2fflogic.cc:213:execute$19356 ($ff) from 32'x to 0
Setting unused undefined initial value of gate.$auto$clk2fflogic.cc:210:execute$19354 ($ff) from 5'x to 5'00000
Setting unused undefined initial value of gate.$auto$clk2fflogic.cc:207:execute$19352 ($ff) from 32'x to 0
Setting unused undefined initial value of gate.$auto$clk2fflogic.cc:213:execute$19344 ($ff) from 32'x to 0
Setting unused undefined initial value of gate.$auto$clk2fflogic.cc:210:execute$19342 ($ff) from 5'x to 5'00000
Setting unused undefined initial value of gate.$auto$clk2fflogic.cc:207:execute$19340 ($ff) from 32'x to 0
Setting unused undefined initial value of gate.$auto$clk2fflogic.cc:213:execute$19332 ($ff) from 32'x to 0
Setting unused undefined initial value of gate.$auto$clk2fflogic.cc:210:execute$19330 ($ff) from 5'x to 5'00000
Setting unused undefined initial value of gate.$auto$clk2fflogic.cc:207:execute$19328 ($ff) from 32'x to 0
Setting unused undefined initial value of gate.$auto$clk2fflogic.cc:213:execute$19320 ($ff) from 32'x to 0
Setting unused undefined initial value of gate.$auto$clk2fflogic.cc:210:execute$19318 ($ff) from 5'x to 5'00000
Setting unused undefined initial value of gate.$auto$clk2fflogic.cc:207:execute$19316 ($ff) from 32'x to 0
Setting unused undefined initial value of gate.$auto$clk2fflogic.cc:213:execute$19308 ($ff) from 32'x to 0
Setting unused undefined initial value of gate.$auto$clk2fflogic.cc:210:execute$19306 ($ff) from 5'x to 5'00000
Setting unused undefined initial value of gate.$auto$clk2fflogic.cc:207:execute$19304 ($ff) from 32'x to 0
Setting unused undefined initial value of gate.$auto$clk2fflogic.cc:213:execute$19296 ($ff) from 32'x to 0
Setting unused undefined initial value of gate.$auto$clk2fflogic.cc:210:execute$19294 ($ff) from 5'x to 5'00000
Setting unused undefined initial value of gate.$auto$clk2fflogic.cc:207:execute$19292 ($ff) from 32'x to 0
Setting unused undefined initial value of gate.$auto$clk2fflogic.cc:213:execute$19284 ($ff) from 32'x to 0
Setting unused undefined initial value of gate.$auto$clk2fflogic.cc:210:execute$19282 ($ff) from 5'x to 5'00000
Setting unused undefined initial value of gate.$auto$clk2fflogic.cc:207:execute$19280 ($ff) from 32'x to 0
Setting unused undefined initial value of gate.$auto$clk2fflogic.cc:213:execute$19272 ($ff) from 32'x to 0
Setting unused undefined initial value of gate.$auto$clk2fflogic.cc:210:execute$19270 ($ff) from 5'x to 5'00000
Setting unused undefined initial value of gate.$auto$clk2fflogic.cc:207:execute$19268 ($ff) from 32'x to 0
Setting unused undefined initial value of gate.$auto$clk2fflogic.cc:213:execute$19260 ($ff) from 32'x to 0
Setting unused undefined initial value of gate.$auto$clk2fflogic.cc:210:execute$19258 ($ff) from 5'x to 5'00000
Setting unused undefined initial value of gate.$auto$clk2fflogic.cc:207:execute$19256 ($ff) from 32'x to 0
Setting unused undefined initial value of gate.$auto$clk2fflogic.cc:213:execute$19248 ($ff) from 32'x to 0
Setting unused undefined initial value of gate.$auto$clk2fflogic.cc:210:execute$19246 ($ff) from 5'x to 5'00000
Setting unused undefined initial value of gate.$auto$clk2fflogic.cc:207:execute$19244 ($ff) from 32'x to 0
Setting unused undefined initial value of gate.$auto$clk2fflogic.cc:213:execute$19236 ($ff) from 32'x to 0
Setting unused undefined initial value of gate.$auto$clk2fflogic.cc:210:execute$19234 ($ff) from 5'x to 5'00000
Setting unused undefined initial value of gate.$auto$clk2fflogic.cc:207:execute$19232 ($ff) from 32'x to 0
Setting unused undefined initial value of gate.$auto$clk2fflogic.cc:213:execute$19224 ($ff) from 32'x to 0
Setting unused undefined initial value of gate.$auto$clk2fflogic.cc:210:execute$19222 ($ff) from 5'x to 5'00000
Setting unused undefined initial value of gate.$auto$clk2fflogic.cc:207:execute$19220 ($ff) from 32'x to 0
Setting unused undefined initial value of gate.$auto$clk2fflogic.cc:213:execute$19212 ($ff) from 32'x to 0
Setting unused undefined initial value of gate.$auto$clk2fflogic.cc:210:execute$19210 ($ff) from 5'x to 5'00000
Setting unused undefined initial value of gate.$auto$clk2fflogic.cc:207:execute$19208 ($ff) from 32'x to 0
Setting unused undefined initial value of gate.$auto$clk2fflogic.cc:213:execute$19200 ($ff) from 32'x to 0
Setting unused undefined initial value of gate.$auto$clk2fflogic.cc:210:execute$19198 ($ff) from 5'x to 5'00000
Setting unused undefined initial value of gate.$auto$clk2fflogic.cc:207:execute$19196 ($ff) from 32'x to 0
Setting unused undefined initial value of gate.$auto$clk2fflogic.cc:213:execute$19188 ($ff) from 32'x to 0
Setting unused undefined initial value of gate.$auto$clk2fflogic.cc:210:execute$19186 ($ff) from 5'x to 5'00000
Setting unused undefined initial value of gate.$auto$clk2fflogic.cc:207:execute$19184 ($ff) from 32'x to 0
Setting unused undefined initial value of gate.$auto$clk2fflogic.cc:213:execute$19176 ($ff) from 32'x to 0
Setting unused undefined initial value of gate.$auto$clk2fflogic.cc:210:execute$19174 ($ff) from 5'x to 5'00000
Setting unused undefined initial value of gate.$auto$clk2fflogic.cc:207:execute$19172 ($ff) from 32'x to 0
Setting unused undefined initial value of gate.$auto$clk2fflogic.cc:213:execute$19164 ($ff) from 32'x to 0
Setting unused undefined initial value of gate.$auto$clk2fflogic.cc:210:execute$19162 ($ff) from 5'x to 5'00000
Setting unused undefined initial value of gate.$auto$clk2fflogic.cc:207:execute$19160 ($ff) from 32'x to 0
Setting unused undefined initial value of gold.$auto$clk2fflogic.cc:213:execute$24362 ($ff) from 32'x to 0
Setting unused undefined initial value of gold.$auto$clk2fflogic.cc:210:execute$24360 ($ff) from 5'x to 5'00000
Setting unused undefined initial value of gold.$auto$clk2fflogic.cc:207:execute$24358 ($ff) from 32'x to 0
Setting unused undefined initial value of gold.$auto$clk2fflogic.cc:213:execute$24350 ($ff) from 32'x to 0
Setting unused undefined initial value of gold.$auto$clk2fflogic.cc:210:execute$24348 ($ff) from 5'x to 5'00000
Setting unused undefined initial value of gold.$auto$clk2fflogic.cc:207:execute$24346 ($ff) from 32'x to 0
Setting unused undefined initial value of gold.$auto$clk2fflogic.cc:213:execute$24338 ($ff) from 32'x to 0
Setting unused undefined initial value of gold.$auto$clk2fflogic.cc:210:execute$24336 ($ff) from 5'x to 5'00000
Setting unused undefined initial value of gold.$auto$clk2fflogic.cc:207:execute$24334 ($ff) from 32'x to 0
Setting unused undefined initial value of gold.$auto$clk2fflogic.cc:213:execute$24326 ($ff) from 32'x to 0
Setting unused undefined initial value of gold.$auto$clk2fflogic.cc:210:execute$24324 ($ff) from 5'x to 5'00000
Setting unused undefined initial value of gold.$auto$clk2fflogic.cc:207:execute$24322 ($ff) from 32'x to 0
Setting unused undefined initial value of gold.$auto$clk2fflogic.cc:213:execute$24314 ($ff) from 32'x to 0
Setting unused undefined initial value of gold.$auto$clk2fflogic.cc:210:execute$24312 ($ff) from 5'x to 5'00000
Setting unused undefined initial value of gold.$auto$clk2fflogic.cc:207:execute$24310 ($ff) from 32'x to 0
Setting unused undefined initial value of gold.$auto$clk2fflogic.cc:213:execute$24302 ($ff) from 32'x to 0
Setting unused undefined initial value of gold.$auto$clk2fflogic.cc:210:execute$24300 ($ff) from 5'x to 5'00000
Setting unused undefined initial value of gold.$auto$clk2fflogic.cc:207:execute$24298 ($ff) from 32'x to 0
Setting unused undefined initial value of gold.$auto$clk2fflogic.cc:213:execute$24290 ($ff) from 32'x to 0
Setting unused undefined initial value of gold.$auto$clk2fflogic.cc:210:execute$24288 ($ff) from 5'x to 5'00000
Setting unused undefined initial value of gold.$auto$clk2fflogic.cc:207:execute$24286 ($ff) from 32'x to 0
Setting unused undefined initial value of gold.$auto$clk2fflogic.cc:213:execute$24278 ($ff) from 32'x to 0
Setting unused undefined initial value of gold.$auto$clk2fflogic.cc:210:execute$24276 ($ff) from 5'x to 5'00000
Setting unused undefined initial value of gold.$auto$clk2fflogic.cc:207:execute$24274 ($ff) from 32'x to 0
Setting unused undefined initial value of gold.$auto$clk2fflogic.cc:213:execute$24266 ($ff) from 32'x to 0
Setting unused undefined initial value of gold.$auto$clk2fflogic.cc:210:execute$24264 ($ff) from 5'x to 5'00000
Setting unused undefined initial value of gold.$auto$clk2fflogic.cc:207:execute$24262 ($ff) from 32'x to 0
Setting unused undefined initial value of gold.$auto$clk2fflogic.cc:213:execute$24254 ($ff) from 32'x to 0
Setting unused undefined initial value of gold.$auto$clk2fflogic.cc:210:execute$24252 ($ff) from 5'x to 5'00000
Setting unused undefined initial value of gold.$auto$clk2fflogic.cc:207:execute$24250 ($ff) from 32'x to 0
Setting unused undefined initial value of gold.$auto$clk2fflogic.cc:213:execute$24242 ($ff) from 32'x to 0
Setting unused undefined initial value of gold.$auto$clk2fflogic.cc:210:execute$24240 ($ff) from 5'x to 5'00000
Setting unused undefined initial value of gold.$auto$clk2fflogic.cc:207:execute$24238 ($ff) from 32'x to 0
Setting unused undefined initial value of gold.$auto$clk2fflogic.cc:213:execute$24230 ($ff) from 32'x to 0
Setting unused undefined initial value of gold.$auto$clk2fflogic.cc:210:execute$24228 ($ff) from 5'x to 5'00000
Setting unused undefined initial value of gold.$auto$clk2fflogic.cc:207:execute$24226 ($ff) from 32'x to 0
Setting unused undefined initial value of gold.$auto$clk2fflogic.cc:213:execute$24218 ($ff) from 32'x to 0
Setting unused undefined initial value of gold.$auto$clk2fflogic.cc:210:execute$24216 ($ff) from 5'x to 5'00000
Setting unused undefined initial value of gold.$auto$clk2fflogic.cc:207:execute$24214 ($ff) from 32'x to 0
Setting unused undefined initial value of gold.$auto$clk2fflogic.cc:213:execute$24206 ($ff) from 32'x to 0
Setting unused undefined initial value of gold.$auto$clk2fflogic.cc:210:execute$24204 ($ff) from 5'x to 5'00000
Setting unused undefined initial value of gold.$auto$clk2fflogic.cc:207:execute$24202 ($ff) from 32'x to 0
Setting unused undefined initial value of gold.$auto$clk2fflogic.cc:213:execute$24194 ($ff) from 32'x to 0
Setting unused undefined initial value of gold.$auto$clk2fflogic.cc:210:execute$24192 ($ff) from 5'x to 5'00000
Setting unused undefined initial value of gold.$auto$clk2fflogic.cc:207:execute$24190 ($ff) from 32'x to 0
Setting unused undefined initial value of gold.$auto$clk2fflogic.cc:213:execute$24182 ($ff) from 32'x to 0
Setting unused undefined initial value of gold.$auto$clk2fflogic.cc:210:execute$24180 ($ff) from 5'x to 5'00000
Setting unused undefined initial value of gold.$auto$clk2fflogic.cc:207:execute$24178 ($ff) from 32'x to 0
Setting unused undefined initial value of gold.$auto$clk2fflogic.cc:213:execute$24170 ($ff) from 32'x to 0
Setting unused undefined initial value of gold.$auto$clk2fflogic.cc:210:execute$24168 ($ff) from 5'x to 5'00000
Setting unused undefined initial value of gold.$auto$clk2fflogic.cc:207:execute$24166 ($ff) from 32'x to 0
Setting unused undefined initial value of gold.$auto$clk2fflogic.cc:213:execute$24158 ($ff) from 32'x to 0
Setting unused undefined initial value of gold.$auto$clk2fflogic.cc:210:execute$24156 ($ff) from 5'x to 5'00000
Setting unused undefined initial value of gold.$auto$clk2fflogic.cc:207:execute$24154 ($ff) from 32'x to 0
Setting unused undefined initial value of gold.$auto$clk2fflogic.cc:213:execute$24146 ($ff) from 32'x to 0
Setting unused undefined initial value of gold.$auto$clk2fflogic.cc:210:execute$24144 ($ff) from 5'x to 5'00000
Setting unused undefined initial value of gold.$auto$clk2fflogic.cc:207:execute$24142 ($ff) from 32'x to 0
Setting unused undefined initial value of gold.$auto$clk2fflogic.cc:213:execute$24134 ($ff) from 32'x to 0
Setting unused undefined initial value of gold.$auto$clk2fflogic.cc:210:execute$24132 ($ff) from 5'x to 5'00000
Setting unused undefined initial value of gold.$auto$clk2fflogic.cc:207:execute$24130 ($ff) from 32'x to 0
Setting unused undefined initial value of gold.$auto$clk2fflogic.cc:213:execute$24122 ($ff) from 32'x to 0
Setting unused undefined initial value of gold.$auto$clk2fflogic.cc:210:execute$24120 ($ff) from 5'x to 5'00000
Setting unused undefined initial value of gold.$auto$clk2fflogic.cc:207:execute$24118 ($ff) from 32'x to 0
Setting unused undefined initial value of gold.$auto$clk2fflogic.cc:213:execute$24110 ($ff) from 32'x to 0
Setting unused undefined initial value of gold.$auto$clk2fflogic.cc:210:execute$24108 ($ff) from 5'x to 5'00000
Setting unused undefined initial value of gold.$auto$clk2fflogic.cc:207:execute$24106 ($ff) from 32'x to 0
Setting unused undefined initial value of gold.$auto$clk2fflogic.cc:213:execute$24098 ($ff) from 32'x to 0
Setting unused undefined initial value of gold.$auto$clk2fflogic.cc:210:execute$24096 ($ff) from 5'x to 5'00000
Setting unused undefined initial value of gold.$auto$clk2fflogic.cc:207:execute$24094 ($ff) from 32'x to 0
Setting unused undefined initial value of gold.$auto$clk2fflogic.cc:213:execute$24086 ($ff) from 32'x to 0
Setting unused undefined initial value of gold.$auto$clk2fflogic.cc:210:execute$24084 ($ff) from 5'x to 5'00000
Setting unused undefined initial value of gold.$auto$clk2fflogic.cc:207:execute$24082 ($ff) from 32'x to 0
Setting unused undefined initial value of gold.$auto$clk2fflogic.cc:213:execute$24074 ($ff) from 32'x to 0
Setting unused undefined initial value of gold.$auto$clk2fflogic.cc:210:execute$24072 ($ff) from 5'x to 5'00000
Setting unused undefined initial value of gold.$auto$clk2fflogic.cc:207:execute$24070 ($ff) from 32'x to 0
Setting unused undefined initial value of gold.$auto$clk2fflogic.cc:213:execute$24062 ($ff) from 32'x to 0
Setting unused undefined initial value of gold.$auto$clk2fflogic.cc:210:execute$24060 ($ff) from 5'x to 5'00000
Setting unused undefined initial value of gold.$auto$clk2fflogic.cc:207:execute$24058 ($ff) from 32'x to 0
Setting unused undefined initial value of gold.$auto$clk2fflogic.cc:213:execute$24050 ($ff) from 32'x to 0
Setting unused undefined initial value of gold.$auto$clk2fflogic.cc:210:execute$24048 ($ff) from 5'x to 5'00000
Setting unused undefined initial value of gold.$auto$clk2fflogic.cc:207:execute$24046 ($ff) from 32'x to 0
Setting unused undefined initial value of gold.$auto$clk2fflogic.cc:213:execute$24038 ($ff) from 32'x to 0
Setting unused undefined initial value of gold.$auto$clk2fflogic.cc:210:execute$24036 ($ff) from 5'x to 5'00000
Setting unused undefined initial value of gold.$auto$clk2fflogic.cc:207:execute$24034 ($ff) from 32'x to 0
Setting unused undefined initial value of gold.$auto$clk2fflogic.cc:213:execute$24026 ($ff) from 32'x to 0
Setting unused undefined initial value of gold.$auto$clk2fflogic.cc:210:execute$24024 ($ff) from 5'x to 5'00000
Setting unused undefined initial value of gold.$auto$clk2fflogic.cc:207:execute$24022 ($ff) from 32'x to 0
Setting unused undefined initial value of gold.$auto$clk2fflogic.cc:213:execute$24014 ($ff) from 32'x to 0
Setting unused undefined initial value of gold.$auto$clk2fflogic.cc:210:execute$24012 ($ff) from 5'x to 5'00000
Setting unused undefined initial value of gold.$auto$clk2fflogic.cc:207:execute$24010 ($ff) from 32'x to 0
Setting unused undefined initial value of gold.$auto$clk2fflogic.cc:213:execute$24002 ($ff) from 32'x to 0
Setting unused undefined initial value of gold.$auto$clk2fflogic.cc:210:execute$24000 ($ff) from 5'x to 5'00000
Setting unused undefined initial value of gold.$auto$clk2fflogic.cc:207:execute$23998 ($ff) from 32'x to 0
Setting unused undefined initial value of gold.$auto$clk2fflogic.cc:213:execute$23990 ($ff) from 32'x to 0
Setting unused undefined initial value of gold.$auto$clk2fflogic.cc:210:execute$23988 ($ff) from 5'x to 5'00000
Setting unused undefined initial value of gold.$auto$clk2fflogic.cc:207:execute$23986 ($ff) from 32'x to 0

8. Executing OPT_CLEAN pass (remove unused cells and wires).
Finding unused cells or wires in module \__eqcheck_top..
Finding unused cells or wires in module \gate..
Finding unused cells or wires in module \gold..

9. Executing CHECK pass (checking for obvious problems).
Checking module __eqcheck_top...
Checking module gate...
Checking module gold...
Found and reported 0 problems.

10. Executing SETUNDEF pass (replace undef values with defined constants).

11. Executing OPT pass (performing simple optimizations).

11.1. Executing OPT_EXPR pass (perform const folding).
Optimizing module __eqcheck_top.
Optimizing module gate.
<suppressed ~121 debug messages>
Optimizing module gold.
<suppressed ~121 debug messages>

11.2. Executing OPT_MERGE pass (detect identical cells).
Finding identical cells in module `\__eqcheck_top'.
Computing hashes of 59 cells of `\__eqcheck_top'.
Finding duplicate cells in `\__eqcheck_top'.
Finding identical cells in module `\gate'.
Computing hashes of 4929 cells of `\gate'.
Finding duplicate cells in `\gate'.
Computing hashes of 4432 cells of `\gate'.
Finding duplicate cells in `\gate'.
Computing hashes of 4007 cells of `\gate'.
Finding duplicate cells in `\gate'.
<suppressed ~2766 debug messages>
Finding identical cells in module `\gold'.
Computing hashes of 4929 cells of `\gold'.
Finding duplicate cells in `\gold'.
Computing hashes of 4432 cells of `\gold'.
Finding duplicate cells in `\gold'.
Computing hashes of 4007 cells of `\gold'.
Finding duplicate cells in `\gold'.
<suppressed ~2766 debug messages>
Removed a total of 1844 cells.

11.3. Executing OPT_DFF pass (perform DFF optimizations).
Setting constant 0-bit at position 0 on $auto$clk2fflogic.cc:108:sample_data$23224 ($ff) from module gate.
Setting constant 0-bit at position 0 on $auto$clk2fflogic.cc:108:sample_data$23214 ($ff) from module gate.
Setting constant 0-bit at position 0 on $auto$clk2fflogic.cc:108:sample_data$20662 ($ff) from module gate.
Setting constant 0-bit at position 15 on $auto$clk2fflogic.cc:108:sample_data$19572 ($ff) from module gate.
Setting constant 0-bit at position 0 on $auto$clk2fflogic.cc:207:execute$19532 ($ff) from module gate.
Setting constant 0-bit at position 1 on $auto$clk2fflogic.cc:207:execute$19532 ($ff) from module gate.
Setting constant 0-bit at position 2 on $auto$clk2fflogic.cc:207:execute$19532 ($ff) from module gate.
Setting constant 0-bit at position 3 on $auto$clk2fflogic.cc:207:execute$19532 ($ff) from module gate.
Setting constant 0-bit at position 4 on $auto$clk2fflogic.cc:207:execute$19532 ($ff) from module gate.
Setting constant 0-bit at position 5 on $auto$clk2fflogic.cc:207:execute$19532 ($ff) from module gate.
Setting constant 0-bit at position 6 on $auto$clk2fflogic.cc:207:execute$19532 ($ff) from module gate.
Setting constant 0-bit at position 7 on $auto$clk2fflogic.cc:207:execute$19532 ($ff) from module gate.
Setting constant 0-bit at position 8 on $auto$clk2fflogic.cc:207:execute$19532 ($ff) from module gate.
Setting constant 0-bit at position 9 on $auto$clk2fflogic.cc:207:execute$19532 ($ff) from module gate.
Setting constant 0-bit at position 10 on $auto$clk2fflogic.cc:207:execute$19532 ($ff) from module gate.
Setting constant 0-bit at position 11 on $auto$clk2fflogic.cc:207:execute$19532 ($ff) from module gate.
Setting constant 0-bit at position 12 on $auto$clk2fflogic.cc:207:execute$19532 ($ff) from module gate.
Setting constant 0-bit at position 13 on $auto$clk2fflogic.cc:207:execute$19532 ($ff) from module gate.
Setting constant 0-bit at position 14 on $auto$clk2fflogic.cc:207:execute$19532 ($ff) from module gate.
Setting constant 0-bit at position 15 on $auto$clk2fflogic.cc:207:execute$19532 ($ff) from module gate.
Setting constant 0-bit at position 16 on $auto$clk2fflogic.cc:207:execute$19532 ($ff) from module gate.
Setting constant 0-bit at position 17 on $auto$clk2fflogic.cc:207:execute$19532 ($ff) from module gate.
Setting constant 0-bit at position 18 on $auto$clk2fflogic.cc:207:execute$19532 ($ff) from module gate.
Setting constant 0-bit at position 19 on $auto$clk2fflogic.cc:207:execute$19532 ($ff) from module gate.
Setting constant 0-bit at position 20 on $auto$clk2fflogic.cc:207:execute$19532 ($ff) from module gate.
Setting constant 0-bit at position 21 on $auto$clk2fflogic.cc:207:execute$19532 ($ff) from module gate.
Setting constant 0-bit at position 22 on $auto$clk2fflogic.cc:207:execute$19532 ($ff) from module gate.
Setting constant 0-bit at position 23 on $auto$clk2fflogic.cc:207:execute$19532 ($ff) from module gate.
Setting constant 0-bit at position 24 on $auto$clk2fflogic.cc:207:execute$19532 ($ff) from module gate.
Setting constant 0-bit at position 25 on $auto$clk2fflogic.cc:207:execute$19532 ($ff) from module gate.
Setting constant 0-bit at position 26 on $auto$clk2fflogic.cc:207:execute$19532 ($ff) from module gate.
Setting constant 0-bit at position 27 on $auto$clk2fflogic.cc:207:execute$19532 ($ff) from module gate.
Setting constant 0-bit at position 28 on $auto$clk2fflogic.cc:207:execute$19532 ($ff) from module gate.
Setting constant 0-bit at position 29 on $auto$clk2fflogic.cc:207:execute$19532 ($ff) from module gate.
Setting constant 0-bit at position 30 on $auto$clk2fflogic.cc:207:execute$19532 ($ff) from module gate.
Setting constant 0-bit at position 0 on $auto$clk2fflogic.cc:207:execute$19520 ($ff) from module gate.
Setting constant 0-bit at position 1 on $auto$clk2fflogic.cc:207:execute$19520 ($ff) from module gate.
Setting constant 0-bit at position 2 on $auto$clk2fflogic.cc:207:execute$19520 ($ff) from module gate.
Setting constant 0-bit at position 3 on $auto$clk2fflogic.cc:207:execute$19520 ($ff) from module gate.
Setting constant 0-bit at position 4 on $auto$clk2fflogic.cc:207:execute$19520 ($ff) from module gate.
Setting constant 0-bit at position 5 on $auto$clk2fflogic.cc:207:execute$19520 ($ff) from module gate.
Setting constant 0-bit at position 6 on $auto$clk2fflogic.cc:207:execute$19520 ($ff) from module gate.
Setting constant 0-bit at position 7 on $auto$clk2fflogic.cc:207:execute$19520 ($ff) from module gate.
Setting constant 0-bit at position 8 on $auto$clk2fflogic.cc:207:execute$19520 ($ff) from module gate.
Setting constant 0-bit at position 9 on $auto$clk2fflogic.cc:207:execute$19520 ($ff) from module gate.
Setting constant 0-bit at position 10 on $auto$clk2fflogic.cc:207:execute$19520 ($ff) from module gate.
Setting constant 0-bit at position 11 on $auto$clk2fflogic.cc:207:execute$19520 ($ff) from module gate.
Setting constant 0-bit at position 12 on $auto$clk2fflogic.cc:207:execute$19520 ($ff) from module gate.
Setting constant 0-bit at position 13 on $auto$clk2fflogic.cc:207:execute$19520 ($ff) from module gate.
Setting constant 0-bit at position 14 on $auto$clk2fflogic.cc:207:execute$19520 ($ff) from module gate.
Setting constant 0-bit at position 15 on $auto$clk2fflogic.cc:207:execute$19520 ($ff) from module gate.
Setting constant 0-bit at position 16 on $auto$clk2fflogic.cc:207:execute$19520 ($ff) from module gate.
Setting constant 0-bit at position 17 on $auto$clk2fflogic.cc:207:execute$19520 ($ff) from module gate.
Setting constant 0-bit at position 18 on $auto$clk2fflogic.cc:207:execute$19520 ($ff) from module gate.
Setting constant 0-bit at position 19 on $auto$clk2fflogic.cc:207:execute$19520 ($ff) from module gate.
Setting constant 0-bit at position 20 on $auto$clk2fflogic.cc:207:execute$19520 ($ff) from module gate.
Setting constant 0-bit at position 21 on $auto$clk2fflogic.cc:207:execute$19520 ($ff) from module gate.
Setting constant 0-bit at position 22 on $auto$clk2fflogic.cc:207:execute$19520 ($ff) from module gate.
Setting constant 0-bit at position 23 on $auto$clk2fflogic.cc:207:execute$19520 ($ff) from module gate.
Setting constant 0-bit at position 24 on $auto$clk2fflogic.cc:207:execute$19520 ($ff) from module gate.
Setting constant 0-bit at position 25 on $auto$clk2fflogic.cc:207:execute$19520 ($ff) from module gate.
Setting constant 0-bit at position 26 on $auto$clk2fflogic.cc:207:execute$19520 ($ff) from module gate.
Setting constant 0-bit at position 27 on $auto$clk2fflogic.cc:207:execute$19520 ($ff) from module gate.
Setting constant 0-bit at position 28 on $auto$clk2fflogic.cc:207:execute$19520 ($ff) from module gate.
Setting constant 0-bit at position 29 on $auto$clk2fflogic.cc:207:execute$19520 ($ff) from module gate.
Setting constant 0-bit at position 31 on $auto$clk2fflogic.cc:207:execute$19520 ($ff) from module gate.
Setting constant 0-bit at position 0 on $auto$clk2fflogic.cc:207:execute$19508 ($ff) from module gate.
Setting constant 0-bit at position 1 on $auto$clk2fflogic.cc:207:execute$19508 ($ff) from module gate.
Setting constant 0-bit at position 2 on $auto$clk2fflogic.cc:207:execute$19508 ($ff) from module gate.
Setting constant 0-bit at position 3 on $auto$clk2fflogic.cc:207:execute$19508 ($ff) from module gate.
Setting constant 0-bit at position 4 on $auto$clk2fflogic.cc:207:execute$19508 ($ff) from module gate.
Setting constant 0-bit at position 5 on $auto$clk2fflogic.cc:207:execute$19508 ($ff) from module gate.
Setting constant 0-bit at position 6 on $auto$clk2fflogic.cc:207:execute$19508 ($ff) from module gate.
Setting constant 0-bit at position 7 on $auto$clk2fflogic.cc:207:execute$19508 ($ff) from module gate.
Setting constant 0-bit at position 8 on $auto$clk2fflogic.cc:207:execute$19508 ($ff) from module gate.
Setting constant 0-bit at position 9 on $auto$clk2fflogic.cc:207:execute$19508 ($ff) from module gate.
Setting constant 0-bit at position 10 on $auto$clk2fflogic.cc:207:execute$19508 ($ff) from module gate.
Setting constant 0-bit at position 11 on $auto$clk2fflogic.cc:207:execute$19508 ($ff) from module gate.
Setting constant 0-bit at position 12 on $auto$clk2fflogic.cc:207:execute$19508 ($ff) from module gate.
Setting constant 0-bit at position 13 on $auto$clk2fflogic.cc:207:execute$19508 ($ff) from module gate.
Setting constant 0-bit at position 14 on $auto$clk2fflogic.cc:207:execute$19508 ($ff) from module gate.
Setting constant 0-bit at position 15 on $auto$clk2fflogic.cc:207:execute$19508 ($ff) from module gate.
Setting constant 0-bit at position 16 on $auto$clk2fflogic.cc:207:execute$19508 ($ff) from module gate.
Setting constant 0-bit at position 17 on $auto$clk2fflogic.cc:207:execute$19508 ($ff) from module gate.
Setting constant 0-bit at position 18 on $auto$clk2fflogic.cc:207:execute$19508 ($ff) from module gate.
Setting constant 0-bit at position 19 on $auto$clk2fflogic.cc:207:execute$19508 ($ff) from module gate.
Setting constant 0-bit at position 20 on $auto$clk2fflogic.cc:207:execute$19508 ($ff) from module gate.
Setting constant 0-bit at position 21 on $auto$clk2fflogic.cc:207:execute$19508 ($ff) from module gate.
Setting constant 0-bit at position 22 on $auto$clk2fflogic.cc:207:execute$19508 ($ff) from module gate.
Setting constant 0-bit at position 23 on $auto$clk2fflogic.cc:207:execute$19508 ($ff) from module gate.
Setting constant 0-bit at position 24 on $auto$clk2fflogic.cc:207:execute$19508 ($ff) from module gate.
Setting constant 0-bit at position 25 on $auto$clk2fflogic.cc:207:execute$19508 ($ff) from module gate.
Setting constant 0-bit at position 26 on $auto$clk2fflogic.cc:207:execute$19508 ($ff) from module gate.
Setting constant 0-bit at position 27 on $auto$clk2fflogic.cc:207:execute$19508 ($ff) from module gate.
Setting constant 0-bit at position 28 on $auto$clk2fflogic.cc:207:execute$19508 ($ff) from module gate.
Setting constant 0-bit at position 30 on $auto$clk2fflogic.cc:207:execute$19508 ($ff) from module gate.
Setting constant 0-bit at position 31 on $auto$clk2fflogic.cc:207:execute$19508 ($ff) from module gate.
Setting constant 0-bit at position 0 on $auto$clk2fflogic.cc:207:execute$19496 ($ff) from module gate.
Setting constant 0-bit at position 1 on $auto$clk2fflogic.cc:207:execute$19496 ($ff) from module gate.
Setting constant 0-bit at position 2 on $auto$clk2fflogic.cc:207:execute$19496 ($ff) from module gate.
Setting constant 0-bit at position 3 on $auto$clk2fflogic.cc:207:execute$19496 ($ff) from module gate.
Setting constant 0-bit at position 4 on $auto$clk2fflogic.cc:207:execute$19496 ($ff) from module gate.
Setting constant 0-bit at position 5 on $auto$clk2fflogic.cc:207:execute$19496 ($ff) from module gate.
Setting constant 0-bit at position 6 on $auto$clk2fflogic.cc:207:execute$19496 ($ff) from module gate.
Setting constant 0-bit at position 7 on $auto$clk2fflogic.cc:207:execute$19496 ($ff) from module gate.
Setting constant 0-bit at position 8 on $auto$clk2fflogic.cc:207:execute$19496 ($ff) from module gate.
Setting constant 0-bit at position 9 on $auto$clk2fflogic.cc:207:execute$19496 ($ff) from module gate.
Setting constant 0-bit at position 10 on $auto$clk2fflogic.cc:207:execute$19496 ($ff) from module gate.
Setting constant 0-bit at position 11 on $auto$clk2fflogic.cc:207:execute$19496 ($ff) from module gate.
Setting constant 0-bit at position 12 on $auto$clk2fflogic.cc:207:execute$19496 ($ff) from module gate.
Setting constant 0-bit at position 13 on $auto$clk2fflogic.cc:207:execute$19496 ($ff) from module gate.
Setting constant 0-bit at position 14 on $auto$clk2fflogic.cc:207:execute$19496 ($ff) from module gate.
Setting constant 0-bit at position 15 on $auto$clk2fflogic.cc:207:execute$19496 ($ff) from module gate.
Setting constant 0-bit at position 16 on $auto$clk2fflogic.cc:207:execute$19496 ($ff) from module gate.
Setting constant 0-bit at position 17 on $auto$clk2fflogic.cc:207:execute$19496 ($ff) from module gate.
Setting constant 0-bit at position 18 on $auto$clk2fflogic.cc:207:execute$19496 ($ff) from module gate.
Setting constant 0-bit at position 19 on $auto$clk2fflogic.cc:207:execute$19496 ($ff) from module gate.
Setting constant 0-bit at position 20 on $auto$clk2fflogic.cc:207:execute$19496 ($ff) from module gate.
Setting constant 0-bit at position 21 on $auto$clk2fflogic.cc:207:execute$19496 ($ff) from module gate.
Setting constant 0-bit at position 22 on $auto$clk2fflogic.cc:207:execute$19496 ($ff) from module gate.
Setting constant 0-bit at position 23 on $auto$clk2fflogic.cc:207:execute$19496 ($ff) from module gate.
Setting constant 0-bit at position 24 on $auto$clk2fflogic.cc:207:execute$19496 ($ff) from module gate.
Setting constant 0-bit at position 25 on $auto$clk2fflogic.cc:207:execute$19496 ($ff) from module gate.
Setting constant 0-bit at position 26 on $auto$clk2fflogic.cc:207:execute$19496 ($ff) from module gate.
Setting constant 0-bit at position 27 on $auto$clk2fflogic.cc:207:execute$19496 ($ff) from module gate.
Setting constant 0-bit at position 29 on $auto$clk2fflogic.cc:207:execute$19496 ($ff) from module gate.
Setting constant 0-bit at position 30 on $auto$clk2fflogic.cc:207:execute$19496 ($ff) from module gate.
Setting constant 0-bit at position 31 on $auto$clk2fflogic.cc:207:execute$19496 ($ff) from module gate.
Setting constant 0-bit at position 0 on $auto$clk2fflogic.cc:207:execute$19484 ($ff) from module gate.
Setting constant 0-bit at position 1 on $auto$clk2fflogic.cc:207:execute$19484 ($ff) from module gate.
Setting constant 0-bit at position 2 on $auto$clk2fflogic.cc:207:execute$19484 ($ff) from module gate.
Setting constant 0-bit at position 3 on $auto$clk2fflogic.cc:207:execute$19484 ($ff) from module gate.
Setting constant 0-bit at position 4 on $auto$clk2fflogic.cc:207:execute$19484 ($ff) from module gate.
Setting constant 0-bit at position 5 on $auto$clk2fflogic.cc:207:execute$19484 ($ff) from module gate.
Setting constant 0-bit at position 6 on $auto$clk2fflogic.cc:207:execute$19484 ($ff) from module gate.
Setting constant 0-bit at position 7 on $auto$clk2fflogic.cc:207:execute$19484 ($ff) from module gate.
Setting constant 0-bit at position 8 on $auto$clk2fflogic.cc:207:execute$19484 ($ff) from module gate.
Setting constant 0-bit at position 9 on $auto$clk2fflogic.cc:207:execute$19484 ($ff) from module gate.
Setting constant 0-bit at position 10 on $auto$clk2fflogic.cc:207:execute$19484 ($ff) from module gate.
Setting constant 0-bit at position 11 on $auto$clk2fflogic.cc:207:execute$19484 ($ff) from module gate.
Setting constant 0-bit at position 12 on $auto$clk2fflogic.cc:207:execute$19484 ($ff) from module gate.
Setting constant 0-bit at position 13 on $auto$clk2fflogic.cc:207:execute$19484 ($ff) from module gate.
Setting constant 0-bit at position 14 on $auto$clk2fflogic.cc:207:execute$19484 ($ff) from module gate.
Setting constant 0-bit at position 15 on $auto$clk2fflogic.cc:207:execute$19484 ($ff) from module gate.
Setting constant 0-bit at position 16 on $auto$clk2fflogic.cc:207:execute$19484 ($ff) from module gate.
Setting constant 0-bit at position 17 on $auto$clk2fflogic.cc:207:execute$19484 ($ff) from module gate.
Setting constant 0-bit at position 18 on $auto$clk2fflogic.cc:207:execute$19484 ($ff) from module gate.
Setting constant 0-bit at position 19 on $auto$clk2fflogic.cc:207:execute$19484 ($ff) from module gate.
Setting constant 0-bit at position 20 on $auto$clk2fflogic.cc:207:execute$19484 ($ff) from module gate.
Setting constant 0-bit at position 21 on $auto$clk2fflogic.cc:207:execute$19484 ($ff) from module gate.
Setting constant 0-bit at position 22 on $auto$clk2fflogic.cc:207:execute$19484 ($ff) from module gate.
Setting constant 0-bit at position 23 on $auto$clk2fflogic.cc:207:execute$19484 ($ff) from module gate.
Setting constant 0-bit at position 24 on $auto$clk2fflogic.cc:207:execute$19484 ($ff) from module gate.
Setting constant 0-bit at position 25 on $auto$clk2fflogic.cc:207:execute$19484 ($ff) from module gate.
Setting constant 0-bit at position 26 on $auto$clk2fflogic.cc:207:execute$19484 ($ff) from module gate.
Setting constant 0-bit at position 28 on $auto$clk2fflogic.cc:207:execute$19484 ($ff) from module gate.
Setting constant 0-bit at position 29 on $auto$clk2fflogic.cc:207:execute$19484 ($ff) from module gate.
Setting constant 0-bit at position 30 on $auto$clk2fflogic.cc:207:execute$19484 ($ff) from module gate.
Setting constant 0-bit at position 31 on $auto$clk2fflogic.cc:207:execute$19484 ($ff) from module gate.
Setting constant 0-bit at position 0 on $auto$clk2fflogic.cc:207:execute$19472 ($ff) from module gate.
Setting constant 0-bit at position 1 on $auto$clk2fflogic.cc:207:execute$19472 ($ff) from module gate.
Setting constant 0-bit at position 2 on $auto$clk2fflogic.cc:207:execute$19472 ($ff) from module gate.
Setting constant 0-bit at position 3 on $auto$clk2fflogic.cc:207:execute$19472 ($ff) from module gate.
Setting constant 0-bit at position 4 on $auto$clk2fflogic.cc:207:execute$19472 ($ff) from module gate.
Setting constant 0-bit at position 5 on $auto$clk2fflogic.cc:207:execute$19472 ($ff) from module gate.
Setting constant 0-bit at position 6 on $auto$clk2fflogic.cc:207:execute$19472 ($ff) from module gate.
Setting constant 0-bit at position 7 on $auto$clk2fflogic.cc:207:execute$19472 ($ff) from module gate.
Setting constant 0-bit at position 8 on $auto$clk2fflogic.cc:207:execute$19472 ($ff) from module gate.
Setting constant 0-bit at position 9 on $auto$clk2fflogic.cc:207:execute$19472 ($ff) from module gate.
Setting constant 0-bit at position 10 on $auto$clk2fflogic.cc:207:execute$19472 ($ff) from module gate.
Setting constant 0-bit at position 11 on $auto$clk2fflogic.cc:207:execute$19472 ($ff) from module gate.
Setting constant 0-bit at position 12 on $auto$clk2fflogic.cc:207:execute$19472 ($ff) from module gate.
Setting constant 0-bit at position 13 on $auto$clk2fflogic.cc:207:execute$19472 ($ff) from module gate.
Setting constant 0-bit at position 14 on $auto$clk2fflogic.cc:207:execute$19472 ($ff) from module gate.
Setting constant 0-bit at position 15 on $auto$clk2fflogic.cc:207:execute$19472 ($ff) from module gate.
Setting constant 0-bit at position 16 on $auto$clk2fflogic.cc:207:execute$19472 ($ff) from module gate.
Setting constant 0-bit at position 17 on $auto$clk2fflogic.cc:207:execute$19472 ($ff) from module gate.
Setting constant 0-bit at position 18 on $auto$clk2fflogic.cc:207:execute$19472 ($ff) from module gate.
Setting constant 0-bit at position 19 on $auto$clk2fflogic.cc:207:execute$19472 ($ff) from module gate.
Setting constant 0-bit at position 20 on $auto$clk2fflogic.cc:207:execute$19472 ($ff) from module gate.
Setting constant 0-bit at position 21 on $auto$clk2fflogic.cc:207:execute$19472 ($ff) from module gate.
Setting constant 0-bit at position 22 on $auto$clk2fflogic.cc:207:execute$19472 ($ff) from module gate.
Setting constant 0-bit at position 23 on $auto$clk2fflogic.cc:207:execute$19472 ($ff) from module gate.
Setting constant 0-bit at position 24 on $auto$clk2fflogic.cc:207:execute$19472 ($ff) from module gate.
Setting constant 0-bit at position 25 on $auto$clk2fflogic.cc:207:execute$19472 ($ff) from module gate.
Setting constant 0-bit at position 27 on $auto$clk2fflogic.cc:207:execute$19472 ($ff) from module gate.
Setting constant 0-bit at position 28 on $auto$clk2fflogic.cc:207:execute$19472 ($ff) from module gate.
Setting constant 0-bit at position 29 on $auto$clk2fflogic.cc:207:execute$19472 ($ff) from module gate.
Setting constant 0-bit at position 30 on $auto$clk2fflogic.cc:207:execute$19472 ($ff) from module gate.
Setting constant 0-bit at position 31 on $auto$clk2fflogic.cc:207:execute$19472 ($ff) from module gate.
Setting constant 0-bit at position 0 on $auto$clk2fflogic.cc:207:execute$19460 ($ff) from module gate.
Setting constant 0-bit at position 1 on $auto$clk2fflogic.cc:207:execute$19460 ($ff) from module gate.
Setting constant 0-bit at position 2 on $auto$clk2fflogic.cc:207:execute$19460 ($ff) from module gate.
Setting constant 0-bit at position 3 on $auto$clk2fflogic.cc:207:execute$19460 ($ff) from module gate.
Setting constant 0-bit at position 4 on $auto$clk2fflogic.cc:207:execute$19460 ($ff) from module gate.
Setting constant 0-bit at position 5 on $auto$clk2fflogic.cc:207:execute$19460 ($ff) from module gate.
Setting constant 0-bit at position 6 on $auto$clk2fflogic.cc:207:execute$19460 ($ff) from module gate.
Setting constant 0-bit at position 7 on $auto$clk2fflogic.cc:207:execute$19460 ($ff) from module gate.
Setting constant 0-bit at position 8 on $auto$clk2fflogic.cc:207:execute$19460 ($ff) from module gate.
Setting constant 0-bit at position 9 on $auto$clk2fflogic.cc:207:execute$19460 ($ff) from module gate.
Setting constant 0-bit at position 10 on $auto$clk2fflogic.cc:207:execute$19460 ($ff) from module gate.
Setting constant 0-bit at position 11 on $auto$clk2fflogic.cc:207:execute$19460 ($ff) from module gate.
Setting constant 0-bit at position 12 on $auto$clk2fflogic.cc:207:execute$19460 ($ff) from module gate.
Setting constant 0-bit at position 13 on $auto$clk2fflogic.cc:207:execute$19460 ($ff) from module gate.
Setting constant 0-bit at position 14 on $auto$clk2fflogic.cc:207:execute$19460 ($ff) from module gate.
Setting constant 0-bit at position 15 on $auto$clk2fflogic.cc:207:execute$19460 ($ff) from module gate.
Setting constant 0-bit at position 16 on $auto$clk2fflogic.cc:207:execute$19460 ($ff) from module gate.
Setting constant 0-bit at position 17 on $auto$clk2fflogic.cc:207:execute$19460 ($ff) from module gate.
Setting constant 0-bit at position 18 on $auto$clk2fflogic.cc:207:execute$19460 ($ff) from module gate.
Setting constant 0-bit at position 19 on $auto$clk2fflogic.cc:207:execute$19460 ($ff) from module gate.
Setting constant 0-bit at position 20 on $auto$clk2fflogic.cc:207:execute$19460 ($ff) from module gate.
Setting constant 0-bit at position 21 on $auto$clk2fflogic.cc:207:execute$19460 ($ff) from module gate.
Setting constant 0-bit at position 22 on $auto$clk2fflogic.cc:207:execute$19460 ($ff) from module gate.
Setting constant 0-bit at position 23 on $auto$clk2fflogic.cc:207:execute$19460 ($ff) from module gate.
Setting constant 0-bit at position 24 on $auto$clk2fflogic.cc:207:execute$19460 ($ff) from module gate.
Setting constant 0-bit at position 26 on $auto$clk2fflogic.cc:207:execute$19460 ($ff) from module gate.
Setting constant 0-bit at position 27 on $auto$clk2fflogic.cc:207:execute$19460 ($ff) from module gate.
Setting constant 0-bit at position 28 on $auto$clk2fflogic.cc:207:execute$19460 ($ff) from module gate.
Setting constant 0-bit at position 29 on $auto$clk2fflogic.cc:207:execute$19460 ($ff) from module gate.
Setting constant 0-bit at position 30 on $auto$clk2fflogic.cc:207:execute$19460 ($ff) from module gate.
Setting constant 0-bit at position 31 on $auto$clk2fflogic.cc:207:execute$19460 ($ff) from module gate.
Setting constant 0-bit at position 0 on $auto$clk2fflogic.cc:207:execute$19448 ($ff) from module gate.
Setting constant 0-bit at position 1 on $auto$clk2fflogic.cc:207:execute$19448 ($ff) from module gate.
Setting constant 0-bit at position 2 on $auto$clk2fflogic.cc:207:execute$19448 ($ff) from module gate.
Setting constant 0-bit at position 3 on $auto$clk2fflogic.cc:207:execute$19448 ($ff) from module gate.
Setting constant 0-bit at position 4 on $auto$clk2fflogic.cc:207:execute$19448 ($ff) from module gate.
Setting constant 0-bit at position 5 on $auto$clk2fflogic.cc:207:execute$19448 ($ff) from module gate.
Setting constant 0-bit at position 6 on $auto$clk2fflogic.cc:207:execute$19448 ($ff) from module gate.
Setting constant 0-bit at position 7 on $auto$clk2fflogic.cc:207:execute$19448 ($ff) from module gate.
Setting constant 0-bit at position 8 on $auto$clk2fflogic.cc:207:execute$19448 ($ff) from module gate.
Setting constant 0-bit at position 9 on $auto$clk2fflogic.cc:207:execute$19448 ($ff) from module gate.
Setting constant 0-bit at position 10 on $auto$clk2fflogic.cc:207:execute$19448 ($ff) from module gate.
Setting constant 0-bit at position 11 on $auto$clk2fflogic.cc:207:execute$19448 ($ff) from module gate.
Setting constant 0-bit at position 12 on $auto$clk2fflogic.cc:207:execute$19448 ($ff) from module gate.
Setting constant 0-bit at position 13 on $auto$clk2fflogic.cc:207:execute$19448 ($ff) from module gate.
Setting constant 0-bit at position 14 on $auto$clk2fflogic.cc:207:execute$19448 ($ff) from module gate.
Setting constant 0-bit at position 15 on $auto$clk2fflogic.cc:207:execute$19448 ($ff) from module gate.
Setting constant 0-bit at position 16 on $auto$clk2fflogic.cc:207:execute$19448 ($ff) from module gate.
Setting constant 0-bit at position 17 on $auto$clk2fflogic.cc:207:execute$19448 ($ff) from module gate.
Setting constant 0-bit at position 18 on $auto$clk2fflogic.cc:207:execute$19448 ($ff) from module gate.
Setting constant 0-bit at position 19 on $auto$clk2fflogic.cc:207:execute$19448 ($ff) from module gate.
Setting constant 0-bit at position 20 on $auto$clk2fflogic.cc:207:execute$19448 ($ff) from module gate.
Setting constant 0-bit at position 21 on $auto$clk2fflogic.cc:207:execute$19448 ($ff) from module gate.
Setting constant 0-bit at position 22 on $auto$clk2fflogic.cc:207:execute$19448 ($ff) from module gate.
Setting constant 0-bit at position 23 on $auto$clk2fflogic.cc:207:execute$19448 ($ff) from module gate.
Setting constant 0-bit at position 25 on $auto$clk2fflogic.cc:207:execute$19448 ($ff) from module gate.
Setting constant 0-bit at position 26 on $auto$clk2fflogic.cc:207:execute$19448 ($ff) from module gate.
Setting constant 0-bit at position 27 on $auto$clk2fflogic.cc:207:execute$19448 ($ff) from module gate.
Setting constant 0-bit at position 28 on $auto$clk2fflogic.cc:207:execute$19448 ($ff) from module gate.
Setting constant 0-bit at position 29 on $auto$clk2fflogic.cc:207:execute$19448 ($ff) from module gate.
Setting constant 0-bit at position 30 on $auto$clk2fflogic.cc:207:execute$19448 ($ff) from module gate.
Setting constant 0-bit at position 31 on $auto$clk2fflogic.cc:207:execute$19448 ($ff) from module gate.
Setting constant 0-bit at position 0 on $auto$clk2fflogic.cc:207:execute$19436 ($ff) from module gate.
Setting constant 0-bit at position 1 on $auto$clk2fflogic.cc:207:execute$19436 ($ff) from module gate.
Setting constant 0-bit at position 2 on $auto$clk2fflogic.cc:207:execute$19436 ($ff) from module gate.
Setting constant 0-bit at position 3 on $auto$clk2fflogic.cc:207:execute$19436 ($ff) from module gate.
Setting constant 0-bit at position 4 on $auto$clk2fflogic.cc:207:execute$19436 ($ff) from module gate.
Setting constant 0-bit at position 5 on $auto$clk2fflogic.cc:207:execute$19436 ($ff) from module gate.
Setting constant 0-bit at position 6 on $auto$clk2fflogic.cc:207:execute$19436 ($ff) from module gate.
Setting constant 0-bit at position 7 on $auto$clk2fflogic.cc:207:execute$19436 ($ff) from module gate.
Setting constant 0-bit at position 8 on $auto$clk2fflogic.cc:207:execute$19436 ($ff) from module gate.
Setting constant 0-bit at position 9 on $auto$clk2fflogic.cc:207:execute$19436 ($ff) from module gate.
Setting constant 0-bit at position 10 on $auto$clk2fflogic.cc:207:execute$19436 ($ff) from module gate.
Setting constant 0-bit at position 11 on $auto$clk2fflogic.cc:207:execute$19436 ($ff) from module gate.
Setting constant 0-bit at position 12 on $auto$clk2fflogic.cc:207:execute$19436 ($ff) from module gate.
Setting constant 0-bit at position 13 on $auto$clk2fflogic.cc:207:execute$19436 ($ff) from module gate.
Setting constant 0-bit at position 14 on $auto$clk2fflogic.cc:207:execute$19436 ($ff) from module gate.
Setting constant 0-bit at position 15 on $auto$clk2fflogic.cc:207:execute$19436 ($ff) from module gate.
Setting constant 0-bit at position 16 on $auto$clk2fflogic.cc:207:execute$19436 ($ff) from module gate.
Setting constant 0-bit at position 17 on $auto$clk2fflogic.cc:207:execute$19436 ($ff) from module gate.
Setting constant 0-bit at position 18 on $auto$clk2fflogic.cc:207:execute$19436 ($ff) from module gate.
Setting constant 0-bit at position 19 on $auto$clk2fflogic.cc:207:execute$19436 ($ff) from module gate.
Setting constant 0-bit at position 20 on $auto$clk2fflogic.cc:207:execute$19436 ($ff) from module gate.
Setting constant 0-bit at position 21 on $auto$clk2fflogic.cc:207:execute$19436 ($ff) from module gate.
Setting constant 0-bit at position 22 on $auto$clk2fflogic.cc:207:execute$19436 ($ff) from module gate.
Setting constant 0-bit at position 24 on $auto$clk2fflogic.cc:207:execute$19436 ($ff) from module gate.
Setting constant 0-bit at position 25 on $auto$clk2fflogic.cc:207:execute$19436 ($ff) from module gate.
Setting constant 0-bit at position 26 on $auto$clk2fflogic.cc:207:execute$19436 ($ff) from module gate.
Setting constant 0-bit at position 27 on $auto$clk2fflogic.cc:207:execute$19436 ($ff) from module gate.
Setting constant 0-bit at position 28 on $auto$clk2fflogic.cc:207:execute$19436 ($ff) from module gate.
Setting constant 0-bit at position 29 on $auto$clk2fflogic.cc:207:execute$19436 ($ff) from module gate.
Setting constant 0-bit at position 30 on $auto$clk2fflogic.cc:207:execute$19436 ($ff) from module gate.
Setting constant 0-bit at position 31 on $auto$clk2fflogic.cc:207:execute$19436 ($ff) from module gate.
Setting constant 0-bit at position 0 on $auto$clk2fflogic.cc:207:execute$19424 ($ff) from module gate.
Setting constant 0-bit at position 1 on $auto$clk2fflogic.cc:207:execute$19424 ($ff) from module gate.
Setting constant 0-bit at position 2 on $auto$clk2fflogic.cc:207:execute$19424 ($ff) from module gate.
Setting constant 0-bit at position 3 on $auto$clk2fflogic.cc:207:execute$19424 ($ff) from module gate.
Setting constant 0-bit at position 4 on $auto$clk2fflogic.cc:207:execute$19424 ($ff) from module gate.
Setting constant 0-bit at position 5 on $auto$clk2fflogic.cc:207:execute$19424 ($ff) from module gate.
Setting constant 0-bit at position 6 on $auto$clk2fflogic.cc:207:execute$19424 ($ff) from module gate.
Setting constant 0-bit at position 7 on $auto$clk2fflogic.cc:207:execute$19424 ($ff) from module gate.
Setting constant 0-bit at position 8 on $auto$clk2fflogic.cc:207:execute$19424 ($ff) from module gate.
Setting constant 0-bit at position 9 on $auto$clk2fflogic.cc:207:execute$19424 ($ff) from module gate.
Setting constant 0-bit at position 10 on $auto$clk2fflogic.cc:207:execute$19424 ($ff) from module gate.
Setting constant 0-bit at position 11 on $auto$clk2fflogic.cc:207:execute$19424 ($ff) from module gate.
Setting constant 0-bit at position 12 on $auto$clk2fflogic.cc:207:execute$19424 ($ff) from module gate.
Setting constant 0-bit at position 13 on $auto$clk2fflogic.cc:207:execute$19424 ($ff) from module gate.
Setting constant 0-bit at position 14 on $auto$clk2fflogic.cc:207:execute$19424 ($ff) from module gate.
Setting constant 0-bit at position 15 on $auto$clk2fflogic.cc:207:execute$19424 ($ff) from module gate.
Setting constant 0-bit at position 16 on $auto$clk2fflogic.cc:207:execute$19424 ($ff) from module gate.
Setting constant 0-bit at position 17 on $auto$clk2fflogic.cc:207:execute$19424 ($ff) from module gate.
Setting constant 0-bit at position 18 on $auto$clk2fflogic.cc:207:execute$19424 ($ff) from module gate.
Setting constant 0-bit at position 19 on $auto$clk2fflogic.cc:207:execute$19424 ($ff) from module gate.
Setting constant 0-bit at position 20 on $auto$clk2fflogic.cc:207:execute$19424 ($ff) from module gate.
Setting constant 0-bit at position 21 on $auto$clk2fflogic.cc:207:execute$19424 ($ff) from module gate.
Setting constant 0-bit at position 23 on $auto$clk2fflogic.cc:207:execute$19424 ($ff) from module gate.
Setting constant 0-bit at position 24 on $auto$clk2fflogic.cc:207:execute$19424 ($ff) from module gate.
Setting constant 0-bit at position 25 on $auto$clk2fflogic.cc:207:execute$19424 ($ff) from module gate.
Setting constant 0-bit at position 26 on $auto$clk2fflogic.cc:207:execute$19424 ($ff) from module gate.
Setting constant 0-bit at position 27 on $auto$clk2fflogic.cc:207:execute$19424 ($ff) from module gate.
Setting constant 0-bit at position 28 on $auto$clk2fflogic.cc:207:execute$19424 ($ff) from module gate.
Setting constant 0-bit at position 29 on $auto$clk2fflogic.cc:207:execute$19424 ($ff) from module gate.
Setting constant 0-bit at position 30 on $auto$clk2fflogic.cc:207:execute$19424 ($ff) from module gate.
Setting constant 0-bit at position 31 on $auto$clk2fflogic.cc:207:execute$19424 ($ff) from module gate.
Setting constant 0-bit at position 0 on $auto$clk2fflogic.cc:207:execute$19412 ($ff) from module gate.
Setting constant 0-bit at position 1 on $auto$clk2fflogic.cc:207:execute$19412 ($ff) from module gate.
Setting constant 0-bit at position 2 on $auto$clk2fflogic.cc:207:execute$19412 ($ff) from module gate.
Setting constant 0-bit at position 3 on $auto$clk2fflogic.cc:207:execute$19412 ($ff) from module gate.
Setting constant 0-bit at position 4 on $auto$clk2fflogic.cc:207:execute$19412 ($ff) from module gate.
Setting constant 0-bit at position 5 on $auto$clk2fflogic.cc:207:execute$19412 ($ff) from module gate.
Setting constant 0-bit at position 6 on $auto$clk2fflogic.cc:207:execute$19412 ($ff) from module gate.
Setting constant 0-bit at position 7 on $auto$clk2fflogic.cc:207:execute$19412 ($ff) from module gate.
Setting constant 0-bit at position 8 on $auto$clk2fflogic.cc:207:execute$19412 ($ff) from module gate.
Setting constant 0-bit at position 9 on $auto$clk2fflogic.cc:207:execute$19412 ($ff) from module gate.
Setting constant 0-bit at position 10 on $auto$clk2fflogic.cc:207:execute$19412 ($ff) from module gate.
Setting constant 0-bit at position 11 on $auto$clk2fflogic.cc:207:execute$19412 ($ff) from module gate.
Setting constant 0-bit at position 12 on $auto$clk2fflogic.cc:207:execute$19412 ($ff) from module gate.
Setting constant 0-bit at position 13 on $auto$clk2fflogic.cc:207:execute$19412 ($ff) from module gate.
Setting constant 0-bit at position 14 on $auto$clk2fflogic.cc:207:execute$19412 ($ff) from module gate.
Setting constant 0-bit at position 15 on $auto$clk2fflogic.cc:207:execute$19412 ($ff) from module gate.
Setting constant 0-bit at position 16 on $auto$clk2fflogic.cc:207:execute$19412 ($ff) from module gate.
Setting constant 0-bit at position 17 on $auto$clk2fflogic.cc:207:execute$19412 ($ff) from module gate.
Setting constant 0-bit at position 18 on $auto$clk2fflogic.cc:207:execute$19412 ($ff) from module gate.
Setting constant 0-bit at position 19 on $auto$clk2fflogic.cc:207:execute$19412 ($ff) from module gate.
Setting constant 0-bit at position 20 on $auto$clk2fflogic.cc:207:execute$19412 ($ff) from module gate.
Setting constant 0-bit at position 22 on $auto$clk2fflogic.cc:207:execute$19412 ($ff) from module gate.
Setting constant 0-bit at position 23 on $auto$clk2fflogic.cc:207:execute$19412 ($ff) from module gate.
Setting constant 0-bit at position 24 on $auto$clk2fflogic.cc:207:execute$19412 ($ff) from module gate.
Setting constant 0-bit at position 25 on $auto$clk2fflogic.cc:207:execute$19412 ($ff) from module gate.
Setting constant 0-bit at position 26 on $auto$clk2fflogic.cc:207:execute$19412 ($ff) from module gate.
Setting constant 0-bit at position 27 on $auto$clk2fflogic.cc:207:execute$19412 ($ff) from module gate.
Setting constant 0-bit at position 28 on $auto$clk2fflogic.cc:207:execute$19412 ($ff) from module gate.
Setting constant 0-bit at position 29 on $auto$clk2fflogic.cc:207:execute$19412 ($ff) from module gate.
Setting constant 0-bit at position 30 on $auto$clk2fflogic.cc:207:execute$19412 ($ff) from module gate.
Setting constant 0-bit at position 31 on $auto$clk2fflogic.cc:207:execute$19412 ($ff) from module gate.
Setting constant 0-bit at position 0 on $auto$clk2fflogic.cc:207:execute$19400 ($ff) from module gate.
Setting constant 0-bit at position 1 on $auto$clk2fflogic.cc:207:execute$19400 ($ff) from module gate.
Setting constant 0-bit at position 2 on $auto$clk2fflogic.cc:207:execute$19400 ($ff) from module gate.
Setting constant 0-bit at position 3 on $auto$clk2fflogic.cc:207:execute$19400 ($ff) from module gate.
Setting constant 0-bit at position 4 on $auto$clk2fflogic.cc:207:execute$19400 ($ff) from module gate.
Setting constant 0-bit at position 5 on $auto$clk2fflogic.cc:207:execute$19400 ($ff) from module gate.
Setting constant 0-bit at position 6 on $auto$clk2fflogic.cc:207:execute$19400 ($ff) from module gate.
Setting constant 0-bit at position 7 on $auto$clk2fflogic.cc:207:execute$19400 ($ff) from module gate.
Setting constant 0-bit at position 8 on $auto$clk2fflogic.cc:207:execute$19400 ($ff) from module gate.
Setting constant 0-bit at position 9 on $auto$clk2fflogic.cc:207:execute$19400 ($ff) from module gate.
Setting constant 0-bit at position 10 on $auto$clk2fflogic.cc:207:execute$19400 ($ff) from module gate.
Setting constant 0-bit at position 11 on $auto$clk2fflogic.cc:207:execute$19400 ($ff) from module gate.
Setting constant 0-bit at position 12 on $auto$clk2fflogic.cc:207:execute$19400 ($ff) from module gate.
Setting constant 0-bit at position 13 on $auto$clk2fflogic.cc:207:execute$19400 ($ff) from module gate.
Setting constant 0-bit at position 14 on $auto$clk2fflogic.cc:207:execute$19400 ($ff) from module gate.
Setting constant 0-bit at position 15 on $auto$clk2fflogic.cc:207:execute$19400 ($ff) from module gate.
Setting constant 0-bit at position 16 on $auto$clk2fflogic.cc:207:execute$19400 ($ff) from module gate.
Setting constant 0-bit at position 17 on $auto$clk2fflogic.cc:207:execute$19400 ($ff) from module gate.
Setting constant 0-bit at position 18 on $auto$clk2fflogic.cc:207:execute$19400 ($ff) from module gate.
Setting constant 0-bit at position 19 on $auto$clk2fflogic.cc:207:execute$19400 ($ff) from module gate.
Setting constant 0-bit at position 21 on $auto$clk2fflogic.cc:207:execute$19400 ($ff) from module gate.
Setting constant 0-bit at position 22 on $auto$clk2fflogic.cc:207:execute$19400 ($ff) from module gate.
Setting constant 0-bit at position 23 on $auto$clk2fflogic.cc:207:execute$19400 ($ff) from module gate.
Setting constant 0-bit at position 24 on $auto$clk2fflogic.cc:207:execute$19400 ($ff) from module gate.
Setting constant 0-bit at position 25 on $auto$clk2fflogic.cc:207:execute$19400 ($ff) from module gate.
Setting constant 0-bit at position 26 on $auto$clk2fflogic.cc:207:execute$19400 ($ff) from module gate.
Setting constant 0-bit at position 27 on $auto$clk2fflogic.cc:207:execute$19400 ($ff) from module gate.
Setting constant 0-bit at position 28 on $auto$clk2fflogic.cc:207:execute$19400 ($ff) from module gate.
Setting constant 0-bit at position 29 on $auto$clk2fflogic.cc:207:execute$19400 ($ff) from module gate.
Setting constant 0-bit at position 30 on $auto$clk2fflogic.cc:207:execute$19400 ($ff) from module gate.
Setting constant 0-bit at position 31 on $auto$clk2fflogic.cc:207:execute$19400 ($ff) from module gate.
Setting constant 0-bit at position 0 on $auto$clk2fflogic.cc:207:execute$19388 ($ff) from module gate.
Setting constant 0-bit at position 1 on $auto$clk2fflogic.cc:207:execute$19388 ($ff) from module gate.
Setting constant 0-bit at position 2 on $auto$clk2fflogic.cc:207:execute$19388 ($ff) from module gate.
Setting constant 0-bit at position 3 on $auto$clk2fflogic.cc:207:execute$19388 ($ff) from module gate.
Setting constant 0-bit at position 4 on $auto$clk2fflogic.cc:207:execute$19388 ($ff) from module gate.
Setting constant 0-bit at position 5 on $auto$clk2fflogic.cc:207:execute$19388 ($ff) from module gate.
Setting constant 0-bit at position 6 on $auto$clk2fflogic.cc:207:execute$19388 ($ff) from module gate.
Setting constant 0-bit at position 7 on $auto$clk2fflogic.cc:207:execute$19388 ($ff) from module gate.
Setting constant 0-bit at position 8 on $auto$clk2fflogic.cc:207:execute$19388 ($ff) from module gate.
Setting constant 0-bit at position 9 on $auto$clk2fflogic.cc:207:execute$19388 ($ff) from module gate.
Setting constant 0-bit at position 10 on $auto$clk2fflogic.cc:207:execute$19388 ($ff) from module gate.
Setting constant 0-bit at position 11 on $auto$clk2fflogic.cc:207:execute$19388 ($ff) from module gate.
Setting constant 0-bit at position 12 on $auto$clk2fflogic.cc:207:execute$19388 ($ff) from module gate.
Setting constant 0-bit at position 13 on $auto$clk2fflogic.cc:207:execute$19388 ($ff) from module gate.
Setting constant 0-bit at position 14 on $auto$clk2fflogic.cc:207:execute$19388 ($ff) from module gate.
Setting constant 0-bit at position 15 on $auto$clk2fflogic.cc:207:execute$19388 ($ff) from module gate.
Setting constant 0-bit at position 16 on $auto$clk2fflogic.cc:207:execute$19388 ($ff) from module gate.
Setting constant 0-bit at position 17 on $auto$clk2fflogic.cc:207:execute$19388 ($ff) from module gate.
Setting constant 0-bit at position 18 on $auto$clk2fflogic.cc:207:execute$19388 ($ff) from module gate.
Setting constant 0-bit at position 20 on $auto$clk2fflogic.cc:207:execute$19388 ($ff) from module gate.
Setting constant 0-bit at position 21 on $auto$clk2fflogic.cc:207:execute$19388 ($ff) from module gate.
Setting constant 0-bit at position 22 on $auto$clk2fflogic.cc:207:execute$19388 ($ff) from module gate.
Setting constant 0-bit at position 23 on $auto$clk2fflogic.cc:207:execute$19388 ($ff) from module gate.
Setting constant 0-bit at position 24 on $auto$clk2fflogic.cc:207:execute$19388 ($ff) from module gate.
Setting constant 0-bit at position 25 on $auto$clk2fflogic.cc:207:execute$19388 ($ff) from module gate.
Setting constant 0-bit at position 26 on $auto$clk2fflogic.cc:207:execute$19388 ($ff) from module gate.
Setting constant 0-bit at position 27 on $auto$clk2fflogic.cc:207:execute$19388 ($ff) from module gate.
Setting constant 0-bit at position 28 on $auto$clk2fflogic.cc:207:execute$19388 ($ff) from module gate.
Setting constant 0-bit at position 29 on $auto$clk2fflogic.cc:207:execute$19388 ($ff) from module gate.
Setting constant 0-bit at position 30 on $auto$clk2fflogic.cc:207:execute$19388 ($ff) from module gate.
Setting constant 0-bit at position 31 on $auto$clk2fflogic.cc:207:execute$19388 ($ff) from module gate.
Setting constant 0-bit at position 0 on $auto$clk2fflogic.cc:207:execute$19376 ($ff) from module gate.
Setting constant 0-bit at position 1 on $auto$clk2fflogic.cc:207:execute$19376 ($ff) from module gate.
Setting constant 0-bit at position 2 on $auto$clk2fflogic.cc:207:execute$19376 ($ff) from module gate.
Setting constant 0-bit at position 3 on $auto$clk2fflogic.cc:207:execute$19376 ($ff) from module gate.
Setting constant 0-bit at position 4 on $auto$clk2fflogic.cc:207:execute$19376 ($ff) from module gate.
Setting constant 0-bit at position 5 on $auto$clk2fflogic.cc:207:execute$19376 ($ff) from module gate.
Setting constant 0-bit at position 6 on $auto$clk2fflogic.cc:207:execute$19376 ($ff) from module gate.
Setting constant 0-bit at position 7 on $auto$clk2fflogic.cc:207:execute$19376 ($ff) from module gate.
Setting constant 0-bit at position 8 on $auto$clk2fflogic.cc:207:execute$19376 ($ff) from module gate.
Setting constant 0-bit at position 9 on $auto$clk2fflogic.cc:207:execute$19376 ($ff) from module gate.
Setting constant 0-bit at position 10 on $auto$clk2fflogic.cc:207:execute$19376 ($ff) from module gate.
Setting constant 0-bit at position 11 on $auto$clk2fflogic.cc:207:execute$19376 ($ff) from module gate.
Setting constant 0-bit at position 12 on $auto$clk2fflogic.cc:207:execute$19376 ($ff) from module gate.
Setting constant 0-bit at position 13 on $auto$clk2fflogic.cc:207:execute$19376 ($ff) from module gate.
Setting constant 0-bit at position 14 on $auto$clk2fflogic.cc:207:execute$19376 ($ff) from module gate.
Setting constant 0-bit at position 15 on $auto$clk2fflogic.cc:207:execute$19376 ($ff) from module gate.
Setting constant 0-bit at position 16 on $auto$clk2fflogic.cc:207:execute$19376 ($ff) from module gate.
Setting constant 0-bit at position 17 on $auto$clk2fflogic.cc:207:execute$19376 ($ff) from module gate.
Setting constant 0-bit at position 19 on $auto$clk2fflogic.cc:207:execute$19376 ($ff) from module gate.
Setting constant 0-bit at position 20 on $auto$clk2fflogic.cc:207:execute$19376 ($ff) from module gate.
Setting constant 0-bit at position 21 on $auto$clk2fflogic.cc:207:execute$19376 ($ff) from module gate.
Setting constant 0-bit at position 22 on $auto$clk2fflogic.cc:207:execute$19376 ($ff) from module gate.
Setting constant 0-bit at position 23 on $auto$clk2fflogic.cc:207:execute$19376 ($ff) from module gate.
Setting constant 0-bit at position 24 on $auto$clk2fflogic.cc:207:execute$19376 ($ff) from module gate.
Setting constant 0-bit at position 25 on $auto$clk2fflogic.cc:207:execute$19376 ($ff) from module gate.
Setting constant 0-bit at position 26 on $auto$clk2fflogic.cc:207:execute$19376 ($ff) from module gate.
Setting constant 0-bit at position 27 on $auto$clk2fflogic.cc:207:execute$19376 ($ff) from module gate.
Setting constant 0-bit at position 28 on $auto$clk2fflogic.cc:207:execute$19376 ($ff) from module gate.
Setting constant 0-bit at position 29 on $auto$clk2fflogic.cc:207:execute$19376 ($ff) from module gate.
Setting constant 0-bit at position 30 on $auto$clk2fflogic.cc:207:execute$19376 ($ff) from module gate.
Setting constant 0-bit at position 31 on $auto$clk2fflogic.cc:207:execute$19376 ($ff) from module gate.
Setting constant 0-bit at position 0 on $auto$clk2fflogic.cc:207:execute$19364 ($ff) from module gate.
Setting constant 0-bit at position 1 on $auto$clk2fflogic.cc:207:execute$19364 ($ff) from module gate.
Setting constant 0-bit at position 2 on $auto$clk2fflogic.cc:207:execute$19364 ($ff) from module gate.
Setting constant 0-bit at position 3 on $auto$clk2fflogic.cc:207:execute$19364 ($ff) from module gate.
Setting constant 0-bit at position 4 on $auto$clk2fflogic.cc:207:execute$19364 ($ff) from module gate.
Setting constant 0-bit at position 5 on $auto$clk2fflogic.cc:207:execute$19364 ($ff) from module gate.
Setting constant 0-bit at position 6 on $auto$clk2fflogic.cc:207:execute$19364 ($ff) from module gate.
Setting constant 0-bit at position 7 on $auto$clk2fflogic.cc:207:execute$19364 ($ff) from module gate.
Setting constant 0-bit at position 8 on $auto$clk2fflogic.cc:207:execute$19364 ($ff) from module gate.
Setting constant 0-bit at position 9 on $auto$clk2fflogic.cc:207:execute$19364 ($ff) from module gate.
Setting constant 0-bit at position 10 on $auto$clk2fflogic.cc:207:execute$19364 ($ff) from module gate.
Setting constant 0-bit at position 11 on $auto$clk2fflogic.cc:207:execute$19364 ($ff) from module gate.
Setting constant 0-bit at position 12 on $auto$clk2fflogic.cc:207:execute$19364 ($ff) from module gate.
Setting constant 0-bit at position 13 on $auto$clk2fflogic.cc:207:execute$19364 ($ff) from module gate.
Setting constant 0-bit at position 14 on $auto$clk2fflogic.cc:207:execute$19364 ($ff) from module gate.
Setting constant 0-bit at position 15 on $auto$clk2fflogic.cc:207:execute$19364 ($ff) from module gate.
Setting constant 0-bit at position 16 on $auto$clk2fflogic.cc:207:execute$19364 ($ff) from module gate.
Setting constant 0-bit at position 18 on $auto$clk2fflogic.cc:207:execute$19364 ($ff) from module gate.
Setting constant 0-bit at position 19 on $auto$clk2fflogic.cc:207:execute$19364 ($ff) from module gate.
Setting constant 0-bit at position 20 on $auto$clk2fflogic.cc:207:execute$19364 ($ff) from module gate.
Setting constant 0-bit at position 21 on $auto$clk2fflogic.cc:207:execute$19364 ($ff) from module gate.
Setting constant 0-bit at position 22 on $auto$clk2fflogic.cc:207:execute$19364 ($ff) from module gate.
Setting constant 0-bit at position 23 on $auto$clk2fflogic.cc:207:execute$19364 ($ff) from module gate.
Setting constant 0-bit at position 24 on $auto$clk2fflogic.cc:207:execute$19364 ($ff) from module gate.
Setting constant 0-bit at position 25 on $auto$clk2fflogic.cc:207:execute$19364 ($ff) from module gate.
Setting constant 0-bit at position 26 on $auto$clk2fflogic.cc:207:execute$19364 ($ff) from module gate.
Setting constant 0-bit at position 27 on $auto$clk2fflogic.cc:207:execute$19364 ($ff) from module gate.
Setting constant 0-bit at position 28 on $auto$clk2fflogic.cc:207:execute$19364 ($ff) from module gate.
Setting constant 0-bit at position 29 on $auto$clk2fflogic.cc:207:execute$19364 ($ff) from module gate.
Setting constant 0-bit at position 30 on $auto$clk2fflogic.cc:207:execute$19364 ($ff) from module gate.
Setting constant 0-bit at position 31 on $auto$clk2fflogic.cc:207:execute$19364 ($ff) from module gate.
Setting constant 0-bit at position 0 on $auto$clk2fflogic.cc:207:execute$19352 ($ff) from module gate.
Setting constant 0-bit at position 1 on $auto$clk2fflogic.cc:207:execute$19352 ($ff) from module gate.
Setting constant 0-bit at position 2 on $auto$clk2fflogic.cc:207:execute$19352 ($ff) from module gate.
Setting constant 0-bit at position 3 on $auto$clk2fflogic.cc:207:execute$19352 ($ff) from module gate.
Setting constant 0-bit at position 4 on $auto$clk2fflogic.cc:207:execute$19352 ($ff) from module gate.
Setting constant 0-bit at position 5 on $auto$clk2fflogic.cc:207:execute$19352 ($ff) from module gate.
Setting constant 0-bit at position 6 on $auto$clk2fflogic.cc:207:execute$19352 ($ff) from module gate.
Setting constant 0-bit at position 7 on $auto$clk2fflogic.cc:207:execute$19352 ($ff) from module gate.
Setting constant 0-bit at position 8 on $auto$clk2fflogic.cc:207:execute$19352 ($ff) from module gate.
Setting constant 0-bit at position 9 on $auto$clk2fflogic.cc:207:execute$19352 ($ff) from module gate.
Setting constant 0-bit at position 10 on $auto$clk2fflogic.cc:207:execute$19352 ($ff) from module gate.
Setting constant 0-bit at position 11 on $auto$clk2fflogic.cc:207:execute$19352 ($ff) from module gate.
Setting constant 0-bit at position 12 on $auto$clk2fflogic.cc:207:execute$19352 ($ff) from module gate.
Setting constant 0-bit at position 13 on $auto$clk2fflogic.cc:207:execute$19352 ($ff) from module gate.
Setting constant 0-bit at position 14 on $auto$clk2fflogic.cc:207:execute$19352 ($ff) from module gate.
Setting constant 0-bit at position 15 on $auto$clk2fflogic.cc:207:execute$19352 ($ff) from module gate.
Setting constant 0-bit at position 17 on $auto$clk2fflogic.cc:207:execute$19352 ($ff) from module gate.
Setting constant 0-bit at position 18 on $auto$clk2fflogic.cc:207:execute$19352 ($ff) from module gate.
Setting constant 0-bit at position 19 on $auto$clk2fflogic.cc:207:execute$19352 ($ff) from module gate.
Setting constant 0-bit at position 20 on $auto$clk2fflogic.cc:207:execute$19352 ($ff) from module gate.
Setting constant 0-bit at position 21 on $auto$clk2fflogic.cc:207:execute$19352 ($ff) from module gate.
Setting constant 0-bit at position 22 on $auto$clk2fflogic.cc:207:execute$19352 ($ff) from module gate.
Setting constant 0-bit at position 23 on $auto$clk2fflogic.cc:207:execute$19352 ($ff) from module gate.
Setting constant 0-bit at position 24 on $auto$clk2fflogic.cc:207:execute$19352 ($ff) from module gate.
Setting constant 0-bit at position 25 on $auto$clk2fflogic.cc:207:execute$19352 ($ff) from module gate.
Setting constant 0-bit at position 26 on $auto$clk2fflogic.cc:207:execute$19352 ($ff) from module gate.
Setting constant 0-bit at position 27 on $auto$clk2fflogic.cc:207:execute$19352 ($ff) from module gate.
Setting constant 0-bit at position 28 on $auto$clk2fflogic.cc:207:execute$19352 ($ff) from module gate.
Setting constant 0-bit at position 29 on $auto$clk2fflogic.cc:207:execute$19352 ($ff) from module gate.
Setting constant 0-bit at position 30 on $auto$clk2fflogic.cc:207:execute$19352 ($ff) from module gate.
Setting constant 0-bit at position 31 on $auto$clk2fflogic.cc:207:execute$19352 ($ff) from module gate.
Setting constant 0-bit at position 0 on $auto$clk2fflogic.cc:207:execute$19340 ($ff) from module gate.
Setting constant 0-bit at position 1 on $auto$clk2fflogic.cc:207:execute$19340 ($ff) from module gate.
Setting constant 0-bit at position 2 on $auto$clk2fflogic.cc:207:execute$19340 ($ff) from module gate.
Setting constant 0-bit at position 3 on $auto$clk2fflogic.cc:207:execute$19340 ($ff) from module gate.
Setting constant 0-bit at position 4 on $auto$clk2fflogic.cc:207:execute$19340 ($ff) from module gate.
Setting constant 0-bit at position 5 on $auto$clk2fflogic.cc:207:execute$19340 ($ff) from module gate.
Setting constant 0-bit at position 6 on $auto$clk2fflogic.cc:207:execute$19340 ($ff) from module gate.
Setting constant 0-bit at position 7 on $auto$clk2fflogic.cc:207:execute$19340 ($ff) from module gate.
Setting constant 0-bit at position 8 on $auto$clk2fflogic.cc:207:execute$19340 ($ff) from module gate.
Setting constant 0-bit at position 9 on $auto$clk2fflogic.cc:207:execute$19340 ($ff) from module gate.
Setting constant 0-bit at position 10 on $auto$clk2fflogic.cc:207:execute$19340 ($ff) from module gate.
Setting constant 0-bit at position 11 on $auto$clk2fflogic.cc:207:execute$19340 ($ff) from module gate.
Setting constant 0-bit at position 12 on $auto$clk2fflogic.cc:207:execute$19340 ($ff) from module gate.
Setting constant 0-bit at position 13 on $auto$clk2fflogic.cc:207:execute$19340 ($ff) from module gate.
Setting constant 0-bit at position 14 on $auto$clk2fflogic.cc:207:execute$19340 ($ff) from module gate.
Setting constant 0-bit at position 16 on $auto$clk2fflogic.cc:207:execute$19340 ($ff) from module gate.
Setting constant 0-bit at position 17 on $auto$clk2fflogic.cc:207:execute$19340 ($ff) from module gate.
Setting constant 0-bit at position 18 on $auto$clk2fflogic.cc:207:execute$19340 ($ff) from module gate.
Setting constant 0-bit at position 19 on $auto$clk2fflogic.cc:207:execute$19340 ($ff) from module gate.
Setting constant 0-bit at position 20 on $auto$clk2fflogic.cc:207:execute$19340 ($ff) from module gate.
Setting constant 0-bit at position 21 on $auto$clk2fflogic.cc:207:execute$19340 ($ff) from module gate.
Setting constant 0-bit at position 22 on $auto$clk2fflogic.cc:207:execute$19340 ($ff) from module gate.
Setting constant 0-bit at position 23 on $auto$clk2fflogic.cc:207:execute$19340 ($ff) from module gate.
Setting constant 0-bit at position 24 on $auto$clk2fflogic.cc:207:execute$19340 ($ff) from module gate.
Setting constant 0-bit at position 25 on $auto$clk2fflogic.cc:207:execute$19340 ($ff) from module gate.
Setting constant 0-bit at position 26 on $auto$clk2fflogic.cc:207:execute$19340 ($ff) from module gate.
Setting constant 0-bit at position 27 on $auto$clk2fflogic.cc:207:execute$19340 ($ff) from module gate.
Setting constant 0-bit at position 28 on $auto$clk2fflogic.cc:207:execute$19340 ($ff) from module gate.
Setting constant 0-bit at position 29 on $auto$clk2fflogic.cc:207:execute$19340 ($ff) from module gate.
Setting constant 0-bit at position 30 on $auto$clk2fflogic.cc:207:execute$19340 ($ff) from module gate.
Setting constant 0-bit at position 31 on $auto$clk2fflogic.cc:207:execute$19340 ($ff) from module gate.
Setting constant 0-bit at position 0 on $auto$clk2fflogic.cc:207:execute$19328 ($ff) from module gate.
Setting constant 0-bit at position 1 on $auto$clk2fflogic.cc:207:execute$19328 ($ff) from module gate.
Setting constant 0-bit at position 2 on $auto$clk2fflogic.cc:207:execute$19328 ($ff) from module gate.
Setting constant 0-bit at position 3 on $auto$clk2fflogic.cc:207:execute$19328 ($ff) from module gate.
Setting constant 0-bit at position 4 on $auto$clk2fflogic.cc:207:execute$19328 ($ff) from module gate.
Setting constant 0-bit at position 5 on $auto$clk2fflogic.cc:207:execute$19328 ($ff) from module gate.
Setting constant 0-bit at position 6 on $auto$clk2fflogic.cc:207:execute$19328 ($ff) from module gate.
Setting constant 0-bit at position 7 on $auto$clk2fflogic.cc:207:execute$19328 ($ff) from module gate.
Setting constant 0-bit at position 8 on $auto$clk2fflogic.cc:207:execute$19328 ($ff) from module gate.
Setting constant 0-bit at position 9 on $auto$clk2fflogic.cc:207:execute$19328 ($ff) from module gate.
Setting constant 0-bit at position 10 on $auto$clk2fflogic.cc:207:execute$19328 ($ff) from module gate.
Setting constant 0-bit at position 11 on $auto$clk2fflogic.cc:207:execute$19328 ($ff) from module gate.
Setting constant 0-bit at position 12 on $auto$clk2fflogic.cc:207:execute$19328 ($ff) from module gate.
Setting constant 0-bit at position 13 on $auto$clk2fflogic.cc:207:execute$19328 ($ff) from module gate.
Setting constant 0-bit at position 15 on $auto$clk2fflogic.cc:207:execute$19328 ($ff) from module gate.
Setting constant 0-bit at position 16 on $auto$clk2fflogic.cc:207:execute$19328 ($ff) from module gate.
Setting constant 0-bit at position 17 on $auto$clk2fflogic.cc:207:execute$19328 ($ff) from module gate.
Setting constant 0-bit at position 18 on $auto$clk2fflogic.cc:207:execute$19328 ($ff) from module gate.
Setting constant 0-bit at position 19 on $auto$clk2fflogic.cc:207:execute$19328 ($ff) from module gate.
Setting constant 0-bit at position 20 on $auto$clk2fflogic.cc:207:execute$19328 ($ff) from module gate.
Setting constant 0-bit at position 21 on $auto$clk2fflogic.cc:207:execute$19328 ($ff) from module gate.
Setting constant 0-bit at position 22 on $auto$clk2fflogic.cc:207:execute$19328 ($ff) from module gate.
Setting constant 0-bit at position 23 on $auto$clk2fflogic.cc:207:execute$19328 ($ff) from module gate.
Setting constant 0-bit at position 24 on $auto$clk2fflogic.cc:207:execute$19328 ($ff) from module gate.
Setting constant 0-bit at position 25 on $auto$clk2fflogic.cc:207:execute$19328 ($ff) from module gate.
Setting constant 0-bit at position 26 on $auto$clk2fflogic.cc:207:execute$19328 ($ff) from module gate.
Setting constant 0-bit at position 27 on $auto$clk2fflogic.cc:207:execute$19328 ($ff) from module gate.
Setting constant 0-bit at position 28 on $auto$clk2fflogic.cc:207:execute$19328 ($ff) from module gate.
Setting constant 0-bit at position 29 on $auto$clk2fflogic.cc:207:execute$19328 ($ff) from module gate.
Setting constant 0-bit at position 30 on $auto$clk2fflogic.cc:207:execute$19328 ($ff) from module gate.
Setting constant 0-bit at position 31 on $auto$clk2fflogic.cc:207:execute$19328 ($ff) from module gate.
Setting constant 0-bit at position 0 on $auto$clk2fflogic.cc:207:execute$19316 ($ff) from module gate.
Setting constant 0-bit at position 1 on $auto$clk2fflogic.cc:207:execute$19316 ($ff) from module gate.
Setting constant 0-bit at position 2 on $auto$clk2fflogic.cc:207:execute$19316 ($ff) from module gate.
Setting constant 0-bit at position 3 on $auto$clk2fflogic.cc:207:execute$19316 ($ff) from module gate.
Setting constant 0-bit at position 4 on $auto$clk2fflogic.cc:207:execute$19316 ($ff) from module gate.
Setting constant 0-bit at position 5 on $auto$clk2fflogic.cc:207:execute$19316 ($ff) from module gate.
Setting constant 0-bit at position 6 on $auto$clk2fflogic.cc:207:execute$19316 ($ff) from module gate.
Setting constant 0-bit at position 7 on $auto$clk2fflogic.cc:207:execute$19316 ($ff) from module gate.
Setting constant 0-bit at position 8 on $auto$clk2fflogic.cc:207:execute$19316 ($ff) from module gate.
Setting constant 0-bit at position 9 on $auto$clk2fflogic.cc:207:execute$19316 ($ff) from module gate.
Setting constant 0-bit at position 10 on $auto$clk2fflogic.cc:207:execute$19316 ($ff) from module gate.
Setting constant 0-bit at position 11 on $auto$clk2fflogic.cc:207:execute$19316 ($ff) from module gate.
Setting constant 0-bit at position 12 on $auto$clk2fflogic.cc:207:execute$19316 ($ff) from module gate.
Setting constant 0-bit at position 14 on $auto$clk2fflogic.cc:207:execute$19316 ($ff) from module gate.
Setting constant 0-bit at position 15 on $auto$clk2fflogic.cc:207:execute$19316 ($ff) from module gate.
Setting constant 0-bit at position 16 on $auto$clk2fflogic.cc:207:execute$19316 ($ff) from module gate.
Setting constant 0-bit at position 17 on $auto$clk2fflogic.cc:207:execute$19316 ($ff) from module gate.
Setting constant 0-bit at position 18 on $auto$clk2fflogic.cc:207:execute$19316 ($ff) from module gate.
Setting constant 0-bit at position 19 on $auto$clk2fflogic.cc:207:execute$19316 ($ff) from module gate.
Setting constant 0-bit at position 20 on $auto$clk2fflogic.cc:207:execute$19316 ($ff) from module gate.
Setting constant 0-bit at position 21 on $auto$clk2fflogic.cc:207:execute$19316 ($ff) from module gate.
Setting constant 0-bit at position 22 on $auto$clk2fflogic.cc:207:execute$19316 ($ff) from module gate.
Setting constant 0-bit at position 23 on $auto$clk2fflogic.cc:207:execute$19316 ($ff) from module gate.
Setting constant 0-bit at position 24 on $auto$clk2fflogic.cc:207:execute$19316 ($ff) from module gate.
Setting constant 0-bit at position 25 on $auto$clk2fflogic.cc:207:execute$19316 ($ff) from module gate.
Setting constant 0-bit at position 26 on $auto$clk2fflogic.cc:207:execute$19316 ($ff) from module gate.
Setting constant 0-bit at position 27 on $auto$clk2fflogic.cc:207:execute$19316 ($ff) from module gate.
Setting constant 0-bit at position 28 on $auto$clk2fflogic.cc:207:execute$19316 ($ff) from module gate.
Setting constant 0-bit at position 29 on $auto$clk2fflogic.cc:207:execute$19316 ($ff) from module gate.
Setting constant 0-bit at position 30 on $auto$clk2fflogic.cc:207:execute$19316 ($ff) from module gate.
Setting constant 0-bit at position 31 on $auto$clk2fflogic.cc:207:execute$19316 ($ff) from module gate.
Setting constant 0-bit at position 0 on $auto$clk2fflogic.cc:207:execute$19304 ($ff) from module gate.
Setting constant 0-bit at position 1 on $auto$clk2fflogic.cc:207:execute$19304 ($ff) from module gate.
Setting constant 0-bit at position 2 on $auto$clk2fflogic.cc:207:execute$19304 ($ff) from module gate.
Setting constant 0-bit at position 3 on $auto$clk2fflogic.cc:207:execute$19304 ($ff) from module gate.
Setting constant 0-bit at position 4 on $auto$clk2fflogic.cc:207:execute$19304 ($ff) from module gate.
Setting constant 0-bit at position 5 on $auto$clk2fflogic.cc:207:execute$19304 ($ff) from module gate.
Setting constant 0-bit at position 6 on $auto$clk2fflogic.cc:207:execute$19304 ($ff) from module gate.
Setting constant 0-bit at position 7 on $auto$clk2fflogic.cc:207:execute$19304 ($ff) from module gate.
Setting constant 0-bit at position 8 on $auto$clk2fflogic.cc:207:execute$19304 ($ff) from module gate.
Setting constant 0-bit at position 9 on $auto$clk2fflogic.cc:207:execute$19304 ($ff) from module gate.
Setting constant 0-bit at position 10 on $auto$clk2fflogic.cc:207:execute$19304 ($ff) from module gate.
Setting constant 0-bit at position 11 on $auto$clk2fflogic.cc:207:execute$19304 ($ff) from module gate.
Setting constant 0-bit at position 13 on $auto$clk2fflogic.cc:207:execute$19304 ($ff) from module gate.
Setting constant 0-bit at position 14 on $auto$clk2fflogic.cc:207:execute$19304 ($ff) from module gate.
Setting constant 0-bit at position 15 on $auto$clk2fflogic.cc:207:execute$19304 ($ff) from module gate.
Setting constant 0-bit at position 16 on $auto$clk2fflogic.cc:207:execute$19304 ($ff) from module gate.
Setting constant 0-bit at position 17 on $auto$clk2fflogic.cc:207:execute$19304 ($ff) from module gate.
Setting constant 0-bit at position 18 on $auto$clk2fflogic.cc:207:execute$19304 ($ff) from module gate.
Setting constant 0-bit at position 19 on $auto$clk2fflogic.cc:207:execute$19304 ($ff) from module gate.
Setting constant 0-bit at position 20 on $auto$clk2fflogic.cc:207:execute$19304 ($ff) from module gate.
Setting constant 0-bit at position 21 on $auto$clk2fflogic.cc:207:execute$19304 ($ff) from module gate.
Setting constant 0-bit at position 22 on $auto$clk2fflogic.cc:207:execute$19304 ($ff) from module gate.
Setting constant 0-bit at position 23 on $auto$clk2fflogic.cc:207:execute$19304 ($ff) from module gate.
Setting constant 0-bit at position 24 on $auto$clk2fflogic.cc:207:execute$19304 ($ff) from module gate.
Setting constant 0-bit at position 25 on $auto$clk2fflogic.cc:207:execute$19304 ($ff) from module gate.
Setting constant 0-bit at position 26 on $auto$clk2fflogic.cc:207:execute$19304 ($ff) from module gate.
Setting constant 0-bit at position 27 on $auto$clk2fflogic.cc:207:execute$19304 ($ff) from module gate.
Setting constant 0-bit at position 28 on $auto$clk2fflogic.cc:207:execute$19304 ($ff) from module gate.
Setting constant 0-bit at position 29 on $auto$clk2fflogic.cc:207:execute$19304 ($ff) from module gate.
Setting constant 0-bit at position 30 on $auto$clk2fflogic.cc:207:execute$19304 ($ff) from module gate.
Setting constant 0-bit at position 31 on $auto$clk2fflogic.cc:207:execute$19304 ($ff) from module gate.
Setting constant 0-bit at position 0 on $auto$clk2fflogic.cc:207:execute$19292 ($ff) from module gate.
Setting constant 0-bit at position 1 on $auto$clk2fflogic.cc:207:execute$19292 ($ff) from module gate.
Setting constant 0-bit at position 2 on $auto$clk2fflogic.cc:207:execute$19292 ($ff) from module gate.
Setting constant 0-bit at position 3 on $auto$clk2fflogic.cc:207:execute$19292 ($ff) from module gate.
Setting constant 0-bit at position 4 on $auto$clk2fflogic.cc:207:execute$19292 ($ff) from module gate.
Setting constant 0-bit at position 5 on $auto$clk2fflogic.cc:207:execute$19292 ($ff) from module gate.
Setting constant 0-bit at position 6 on $auto$clk2fflogic.cc:207:execute$19292 ($ff) from module gate.
Setting constant 0-bit at position 7 on $auto$clk2fflogic.cc:207:execute$19292 ($ff) from module gate.
Setting constant 0-bit at position 8 on $auto$clk2fflogic.cc:207:execute$19292 ($ff) from module gate.
Setting constant 0-bit at position 9 on $auto$clk2fflogic.cc:207:execute$19292 ($ff) from module gate.
Setting constant 0-bit at position 10 on $auto$clk2fflogic.cc:207:execute$19292 ($ff) from module gate.
Setting constant 0-bit at position 12 on $auto$clk2fflogic.cc:207:execute$19292 ($ff) from module gate.
Setting constant 0-bit at position 13 on $auto$clk2fflogic.cc:207:execute$19292 ($ff) from module gate.
Setting constant 0-bit at position 14 on $auto$clk2fflogic.cc:207:execute$19292 ($ff) from module gate.
Setting constant 0-bit at position 15 on $auto$clk2fflogic.cc:207:execute$19292 ($ff) from module gate.
Setting constant 0-bit at position 16 on $auto$clk2fflogic.cc:207:execute$19292 ($ff) from module gate.
Setting constant 0-bit at position 17 on $auto$clk2fflogic.cc:207:execute$19292 ($ff) from module gate.
Setting constant 0-bit at position 18 on $auto$clk2fflogic.cc:207:execute$19292 ($ff) from module gate.
Setting constant 0-bit at position 19 on $auto$clk2fflogic.cc:207:execute$19292 ($ff) from module gate.
Setting constant 0-bit at position 20 on $auto$clk2fflogic.cc:207:execute$19292 ($ff) from module gate.
Setting constant 0-bit at position 21 on $auto$clk2fflogic.cc:207:execute$19292 ($ff) from module gate.
Setting constant 0-bit at position 22 on $auto$clk2fflogic.cc:207:execute$19292 ($ff) from module gate.
Setting constant 0-bit at position 23 on $auto$clk2fflogic.cc:207:execute$19292 ($ff) from module gate.
Setting constant 0-bit at position 24 on $auto$clk2fflogic.cc:207:execute$19292 ($ff) from module gate.
Setting constant 0-bit at position 25 on $auto$clk2fflogic.cc:207:execute$19292 ($ff) from module gate.
Setting constant 0-bit at position 26 on $auto$clk2fflogic.cc:207:execute$19292 ($ff) from module gate.
Setting constant 0-bit at position 27 on $auto$clk2fflogic.cc:207:execute$19292 ($ff) from module gate.
Setting constant 0-bit at position 28 on $auto$clk2fflogic.cc:207:execute$19292 ($ff) from module gate.
Setting constant 0-bit at position 29 on $auto$clk2fflogic.cc:207:execute$19292 ($ff) from module gate.
Setting constant 0-bit at position 30 on $auto$clk2fflogic.cc:207:execute$19292 ($ff) from module gate.
Setting constant 0-bit at position 31 on $auto$clk2fflogic.cc:207:execute$19292 ($ff) from module gate.
Setting constant 0-bit at position 0 on $auto$clk2fflogic.cc:207:execute$19280 ($ff) from module gate.
Setting constant 0-bit at position 1 on $auto$clk2fflogic.cc:207:execute$19280 ($ff) from module gate.
Setting constant 0-bit at position 2 on $auto$clk2fflogic.cc:207:execute$19280 ($ff) from module gate.
Setting constant 0-bit at position 3 on $auto$clk2fflogic.cc:207:execute$19280 ($ff) from module gate.
Setting constant 0-bit at position 4 on $auto$clk2fflogic.cc:207:execute$19280 ($ff) from module gate.
Setting constant 0-bit at position 5 on $auto$clk2fflogic.cc:207:execute$19280 ($ff) from module gate.
Setting constant 0-bit at position 6 on $auto$clk2fflogic.cc:207:execute$19280 ($ff) from module gate.
Setting constant 0-bit at position 7 on $auto$clk2fflogic.cc:207:execute$19280 ($ff) from module gate.
Setting constant 0-bit at position 8 on $auto$clk2fflogic.cc:207:execute$19280 ($ff) from module gate.
Setting constant 0-bit at position 9 on $auto$clk2fflogic.cc:207:execute$19280 ($ff) from module gate.
Setting constant 0-bit at position 11 on $auto$clk2fflogic.cc:207:execute$19280 ($ff) from module gate.
Setting constant 0-bit at position 12 on $auto$clk2fflogic.cc:207:execute$19280 ($ff) from module gate.
Setting constant 0-bit at position 13 on $auto$clk2fflogic.cc:207:execute$19280 ($ff) from module gate.
Setting constant 0-bit at position 14 on $auto$clk2fflogic.cc:207:execute$19280 ($ff) from module gate.
Setting constant 0-bit at position 15 on $auto$clk2fflogic.cc:207:execute$19280 ($ff) from module gate.
Setting constant 0-bit at position 16 on $auto$clk2fflogic.cc:207:execute$19280 ($ff) from module gate.
Setting constant 0-bit at position 17 on $auto$clk2fflogic.cc:207:execute$19280 ($ff) from module gate.
Setting constant 0-bit at position 18 on $auto$clk2fflogic.cc:207:execute$19280 ($ff) from module gate.
Setting constant 0-bit at position 19 on $auto$clk2fflogic.cc:207:execute$19280 ($ff) from module gate.
Setting constant 0-bit at position 20 on $auto$clk2fflogic.cc:207:execute$19280 ($ff) from module gate.
Setting constant 0-bit at position 21 on $auto$clk2fflogic.cc:207:execute$19280 ($ff) from module gate.
Setting constant 0-bit at position 22 on $auto$clk2fflogic.cc:207:execute$19280 ($ff) from module gate.
Setting constant 0-bit at position 23 on $auto$clk2fflogic.cc:207:execute$19280 ($ff) from module gate.
Setting constant 0-bit at position 24 on $auto$clk2fflogic.cc:207:execute$19280 ($ff) from module gate.
Setting constant 0-bit at position 25 on $auto$clk2fflogic.cc:207:execute$19280 ($ff) from module gate.
Setting constant 0-bit at position 26 on $auto$clk2fflogic.cc:207:execute$19280 ($ff) from module gate.
Setting constant 0-bit at position 27 on $auto$clk2fflogic.cc:207:execute$19280 ($ff) from module gate.
Setting constant 0-bit at position 28 on $auto$clk2fflogic.cc:207:execute$19280 ($ff) from module gate.
Setting constant 0-bit at position 29 on $auto$clk2fflogic.cc:207:execute$19280 ($ff) from module gate.
Setting constant 0-bit at position 30 on $auto$clk2fflogic.cc:207:execute$19280 ($ff) from module gate.
Setting constant 0-bit at position 31 on $auto$clk2fflogic.cc:207:execute$19280 ($ff) from module gate.
Setting constant 0-bit at position 0 on $auto$clk2fflogic.cc:207:execute$19268 ($ff) from module gate.
Setting constant 0-bit at position 1 on $auto$clk2fflogic.cc:207:execute$19268 ($ff) from module gate.
Setting constant 0-bit at position 2 on $auto$clk2fflogic.cc:207:execute$19268 ($ff) from module gate.
Setting constant 0-bit at position 3 on $auto$clk2fflogic.cc:207:execute$19268 ($ff) from module gate.
Setting constant 0-bit at position 4 on $auto$clk2fflogic.cc:207:execute$19268 ($ff) from module gate.
Setting constant 0-bit at position 5 on $auto$clk2fflogic.cc:207:execute$19268 ($ff) from module gate.
Setting constant 0-bit at position 6 on $auto$clk2fflogic.cc:207:execute$19268 ($ff) from module gate.
Setting constant 0-bit at position 7 on $auto$clk2fflogic.cc:207:execute$19268 ($ff) from module gate.
Setting constant 0-bit at position 8 on $auto$clk2fflogic.cc:207:execute$19268 ($ff) from module gate.
Setting constant 0-bit at position 10 on $auto$clk2fflogic.cc:207:execute$19268 ($ff) from module gate.
Setting constant 0-bit at position 11 on $auto$clk2fflogic.cc:207:execute$19268 ($ff) from module gate.
Setting constant 0-bit at position 12 on $auto$clk2fflogic.cc:207:execute$19268 ($ff) from module gate.
Setting constant 0-bit at position 13 on $auto$clk2fflogic.cc:207:execute$19268 ($ff) from module gate.
Setting constant 0-bit at position 14 on $auto$clk2fflogic.cc:207:execute$19268 ($ff) from module gate.
Setting constant 0-bit at position 15 on $auto$clk2fflogic.cc:207:execute$19268 ($ff) from module gate.
Setting constant 0-bit at position 16 on $auto$clk2fflogic.cc:207:execute$19268 ($ff) from module gate.
Setting constant 0-bit at position 17 on $auto$clk2fflogic.cc:207:execute$19268 ($ff) from module gate.
Setting constant 0-bit at position 18 on $auto$clk2fflogic.cc:207:execute$19268 ($ff) from module gate.
Setting constant 0-bit at position 19 on $auto$clk2fflogic.cc:207:execute$19268 ($ff) from module gate.
Setting constant 0-bit at position 20 on $auto$clk2fflogic.cc:207:execute$19268 ($ff) from module gate.
Setting constant 0-bit at position 21 on $auto$clk2fflogic.cc:207:execute$19268 ($ff) from module gate.
Setting constant 0-bit at position 22 on $auto$clk2fflogic.cc:207:execute$19268 ($ff) from module gate.
Setting constant 0-bit at position 23 on $auto$clk2fflogic.cc:207:execute$19268 ($ff) from module gate.
Setting constant 0-bit at position 24 on $auto$clk2fflogic.cc:207:execute$19268 ($ff) from module gate.
Setting constant 0-bit at position 25 on $auto$clk2fflogic.cc:207:execute$19268 ($ff) from module gate.
Setting constant 0-bit at position 26 on $auto$clk2fflogic.cc:207:execute$19268 ($ff) from module gate.
Setting constant 0-bit at position 27 on $auto$clk2fflogic.cc:207:execute$19268 ($ff) from module gate.
Setting constant 0-bit at position 28 on $auto$clk2fflogic.cc:207:execute$19268 ($ff) from module gate.
Setting constant 0-bit at position 29 on $auto$clk2fflogic.cc:207:execute$19268 ($ff) from module gate.
Setting constant 0-bit at position 30 on $auto$clk2fflogic.cc:207:execute$19268 ($ff) from module gate.
Setting constant 0-bit at position 31 on $auto$clk2fflogic.cc:207:execute$19268 ($ff) from module gate.
Setting constant 0-bit at position 0 on $auto$clk2fflogic.cc:207:execute$19256 ($ff) from module gate.
Setting constant 0-bit at position 1 on $auto$clk2fflogic.cc:207:execute$19256 ($ff) from module gate.
Setting constant 0-bit at position 2 on $auto$clk2fflogic.cc:207:execute$19256 ($ff) from module gate.
Setting constant 0-bit at position 3 on $auto$clk2fflogic.cc:207:execute$19256 ($ff) from module gate.
Setting constant 0-bit at position 4 on $auto$clk2fflogic.cc:207:execute$19256 ($ff) from module gate.
Setting constant 0-bit at position 5 on $auto$clk2fflogic.cc:207:execute$19256 ($ff) from module gate.
Setting constant 0-bit at position 6 on $auto$clk2fflogic.cc:207:execute$19256 ($ff) from module gate.
Setting constant 0-bit at position 7 on $auto$clk2fflogic.cc:207:execute$19256 ($ff) from module gate.
Setting constant 0-bit at position 9 on $auto$clk2fflogic.cc:207:execute$19256 ($ff) from module gate.
Setting constant 0-bit at position 10 on $auto$clk2fflogic.cc:207:execute$19256 ($ff) from module gate.
Setting constant 0-bit at position 11 on $auto$clk2fflogic.cc:207:execute$19256 ($ff) from module gate.
Setting constant 0-bit at position 12 on $auto$clk2fflogic.cc:207:execute$19256 ($ff) from module gate.
Setting constant 0-bit at position 13 on $auto$clk2fflogic.cc:207:execute$19256 ($ff) from module gate.
Setting constant 0-bit at position 14 on $auto$clk2fflogic.cc:207:execute$19256 ($ff) from module gate.
Setting constant 0-bit at position 15 on $auto$clk2fflogic.cc:207:execute$19256 ($ff) from module gate.
Setting constant 0-bit at position 16 on $auto$clk2fflogic.cc:207:execute$19256 ($ff) from module gate.
Setting constant 0-bit at position 17 on $auto$clk2fflogic.cc:207:execute$19256 ($ff) from module gate.
Setting constant 0-bit at position 18 on $auto$clk2fflogic.cc:207:execute$19256 ($ff) from module gate.
Setting constant 0-bit at position 19 on $auto$clk2fflogic.cc:207:execute$19256 ($ff) from module gate.
Setting constant 0-bit at position 20 on $auto$clk2fflogic.cc:207:execute$19256 ($ff) from module gate.
Setting constant 0-bit at position 21 on $auto$clk2fflogic.cc:207:execute$19256 ($ff) from module gate.
Setting constant 0-bit at position 22 on $auto$clk2fflogic.cc:207:execute$19256 ($ff) from module gate.
Setting constant 0-bit at position 23 on $auto$clk2fflogic.cc:207:execute$19256 ($ff) from module gate.
Setting constant 0-bit at position 24 on $auto$clk2fflogic.cc:207:execute$19256 ($ff) from module gate.
Setting constant 0-bit at position 25 on $auto$clk2fflogic.cc:207:execute$19256 ($ff) from module gate.
Setting constant 0-bit at position 26 on $auto$clk2fflogic.cc:207:execute$19256 ($ff) from module gate.
Setting constant 0-bit at position 27 on $auto$clk2fflogic.cc:207:execute$19256 ($ff) from module gate.
Setting constant 0-bit at position 28 on $auto$clk2fflogic.cc:207:execute$19256 ($ff) from module gate.
Setting constant 0-bit at position 29 on $auto$clk2fflogic.cc:207:execute$19256 ($ff) from module gate.
Setting constant 0-bit at position 30 on $auto$clk2fflogic.cc:207:execute$19256 ($ff) from module gate.
Setting constant 0-bit at position 31 on $auto$clk2fflogic.cc:207:execute$19256 ($ff) from module gate.
Setting constant 0-bit at position 0 on $auto$clk2fflogic.cc:207:execute$19244 ($ff) from module gate.
Setting constant 0-bit at position 1 on $auto$clk2fflogic.cc:207:execute$19244 ($ff) from module gate.
Setting constant 0-bit at position 2 on $auto$clk2fflogic.cc:207:execute$19244 ($ff) from module gate.
Setting constant 0-bit at position 3 on $auto$clk2fflogic.cc:207:execute$19244 ($ff) from module gate.
Setting constant 0-bit at position 4 on $auto$clk2fflogic.cc:207:execute$19244 ($ff) from module gate.
Setting constant 0-bit at position 5 on $auto$clk2fflogic.cc:207:execute$19244 ($ff) from module gate.
Setting constant 0-bit at position 6 on $auto$clk2fflogic.cc:207:execute$19244 ($ff) from module gate.
Setting constant 0-bit at position 8 on $auto$clk2fflogic.cc:207:execute$19244 ($ff) from module gate.
Setting constant 0-bit at position 9 on $auto$clk2fflogic.cc:207:execute$19244 ($ff) from module gate.
Setting constant 0-bit at position 10 on $auto$clk2fflogic.cc:207:execute$19244 ($ff) from module gate.
Setting constant 0-bit at position 11 on $auto$clk2fflogic.cc:207:execute$19244 ($ff) from module gate.
Setting constant 0-bit at position 12 on $auto$clk2fflogic.cc:207:execute$19244 ($ff) from module gate.
Setting constant 0-bit at position 13 on $auto$clk2fflogic.cc:207:execute$19244 ($ff) from module gate.
Setting constant 0-bit at position 14 on $auto$clk2fflogic.cc:207:execute$19244 ($ff) from module gate.
Setting constant 0-bit at position 15 on $auto$clk2fflogic.cc:207:execute$19244 ($ff) from module gate.
Setting constant 0-bit at position 16 on $auto$clk2fflogic.cc:207:execute$19244 ($ff) from module gate.
Setting constant 0-bit at position 17 on $auto$clk2fflogic.cc:207:execute$19244 ($ff) from module gate.
Setting constant 0-bit at position 18 on $auto$clk2fflogic.cc:207:execute$19244 ($ff) from module gate.
Setting constant 0-bit at position 19 on $auto$clk2fflogic.cc:207:execute$19244 ($ff) from module gate.
Setting constant 0-bit at position 20 on $auto$clk2fflogic.cc:207:execute$19244 ($ff) from module gate.
Setting constant 0-bit at position 21 on $auto$clk2fflogic.cc:207:execute$19244 ($ff) from module gate.
Setting constant 0-bit at position 22 on $auto$clk2fflogic.cc:207:execute$19244 ($ff) from module gate.
Setting constant 0-bit at position 23 on $auto$clk2fflogic.cc:207:execute$19244 ($ff) from module gate.
Setting constant 0-bit at position 24 on $auto$clk2fflogic.cc:207:execute$19244 ($ff) from module gate.
Setting constant 0-bit at position 25 on $auto$clk2fflogic.cc:207:execute$19244 ($ff) from module gate.
Setting constant 0-bit at position 26 on $auto$clk2fflogic.cc:207:execute$19244 ($ff) from module gate.
Setting constant 0-bit at position 27 on $auto$clk2fflogic.cc:207:execute$19244 ($ff) from module gate.
Setting constant 0-bit at position 28 on $auto$clk2fflogic.cc:207:execute$19244 ($ff) from module gate.
Setting constant 0-bit at position 29 on $auto$clk2fflogic.cc:207:execute$19244 ($ff) from module gate.
Setting constant 0-bit at position 30 on $auto$clk2fflogic.cc:207:execute$19244 ($ff) from module gate.
Setting constant 0-bit at position 31 on $auto$clk2fflogic.cc:207:execute$19244 ($ff) from module gate.
Setting constant 0-bit at position 0 on $auto$clk2fflogic.cc:207:execute$19232 ($ff) from module gate.
Setting constant 0-bit at position 1 on $auto$clk2fflogic.cc:207:execute$19232 ($ff) from module gate.
Setting constant 0-bit at position 2 on $auto$clk2fflogic.cc:207:execute$19232 ($ff) from module gate.
Setting constant 0-bit at position 3 on $auto$clk2fflogic.cc:207:execute$19232 ($ff) from module gate.
Setting constant 0-bit at position 4 on $auto$clk2fflogic.cc:207:execute$19232 ($ff) from module gate.
Setting constant 0-bit at position 5 on $auto$clk2fflogic.cc:207:execute$19232 ($ff) from module gate.
Setting constant 0-bit at position 7 on $auto$clk2fflogic.cc:207:execute$19232 ($ff) from module gate.
Setting constant 0-bit at position 8 on $auto$clk2fflogic.cc:207:execute$19232 ($ff) from module gate.
Setting constant 0-bit at position 9 on $auto$clk2fflogic.cc:207:execute$19232 ($ff) from module gate.
Setting constant 0-bit at position 10 on $auto$clk2fflogic.cc:207:execute$19232 ($ff) from module gate.
Setting constant 0-bit at position 11 on $auto$clk2fflogic.cc:207:execute$19232 ($ff) from module gate.
Setting constant 0-bit at position 12 on $auto$clk2fflogic.cc:207:execute$19232 ($ff) from module gate.
Setting constant 0-bit at position 13 on $auto$clk2fflogic.cc:207:execute$19232 ($ff) from module gate.
Setting constant 0-bit at position 14 on $auto$clk2fflogic.cc:207:execute$19232 ($ff) from module gate.
Setting constant 0-bit at position 15 on $auto$clk2fflogic.cc:207:execute$19232 ($ff) from module gate.
Setting constant 0-bit at position 16 on $auto$clk2fflogic.cc:207:execute$19232 ($ff) from module gate.
Setting constant 0-bit at position 17 on $auto$clk2fflogic.cc:207:execute$19232 ($ff) from module gate.
Setting constant 0-bit at position 18 on $auto$clk2fflogic.cc:207:execute$19232 ($ff) from module gate.
Setting constant 0-bit at position 19 on $auto$clk2fflogic.cc:207:execute$19232 ($ff) from module gate.
Setting constant 0-bit at position 20 on $auto$clk2fflogic.cc:207:execute$19232 ($ff) from module gate.
Setting constant 0-bit at position 21 on $auto$clk2fflogic.cc:207:execute$19232 ($ff) from module gate.
Setting constant 0-bit at position 22 on $auto$clk2fflogic.cc:207:execute$19232 ($ff) from module gate.
Setting constant 0-bit at position 23 on $auto$clk2fflogic.cc:207:execute$19232 ($ff) from module gate.
Setting constant 0-bit at position 24 on $auto$clk2fflogic.cc:207:execute$19232 ($ff) from module gate.
Setting constant 0-bit at position 25 on $auto$clk2fflogic.cc:207:execute$19232 ($ff) from module gate.
Setting constant 0-bit at position 26 on $auto$clk2fflogic.cc:207:execute$19232 ($ff) from module gate.
Setting constant 0-bit at position 27 on $auto$clk2fflogic.cc:207:execute$19232 ($ff) from module gate.
Setting constant 0-bit at position 28 on $auto$clk2fflogic.cc:207:execute$19232 ($ff) from module gate.
Setting constant 0-bit at position 29 on $auto$clk2fflogic.cc:207:execute$19232 ($ff) from module gate.
Setting constant 0-bit at position 30 on $auto$clk2fflogic.cc:207:execute$19232 ($ff) from module gate.
Setting constant 0-bit at position 31 on $auto$clk2fflogic.cc:207:execute$19232 ($ff) from module gate.
Setting constant 0-bit at position 0 on $auto$clk2fflogic.cc:207:execute$19220 ($ff) from module gate.
Setting constant 0-bit at position 1 on $auto$clk2fflogic.cc:207:execute$19220 ($ff) from module gate.
Setting constant 0-bit at position 2 on $auto$clk2fflogic.cc:207:execute$19220 ($ff) from module gate.
Setting constant 0-bit at position 3 on $auto$clk2fflogic.cc:207:execute$19220 ($ff) from module gate.
Setting constant 0-bit at position 4 on $auto$clk2fflogic.cc:207:execute$19220 ($ff) from module gate.
Setting constant 0-bit at position 6 on $auto$clk2fflogic.cc:207:execute$19220 ($ff) from module gate.
Setting constant 0-bit at position 7 on $auto$clk2fflogic.cc:207:execute$19220 ($ff) from module gate.
Setting constant 0-bit at position 8 on $auto$clk2fflogic.cc:207:execute$19220 ($ff) from module gate.
Setting constant 0-bit at position 9 on $auto$clk2fflogic.cc:207:execute$19220 ($ff) from module gate.
Setting constant 0-bit at position 10 on $auto$clk2fflogic.cc:207:execute$19220 ($ff) from module gate.
Setting constant 0-bit at position 11 on $auto$clk2fflogic.cc:207:execute$19220 ($ff) from module gate.
Setting constant 0-bit at position 12 on $auto$clk2fflogic.cc:207:execute$19220 ($ff) from module gate.
Setting constant 0-bit at position 13 on $auto$clk2fflogic.cc:207:execute$19220 ($ff) from module gate.
Setting constant 0-bit at position 14 on $auto$clk2fflogic.cc:207:execute$19220 ($ff) from module gate.
Setting constant 0-bit at position 15 on $auto$clk2fflogic.cc:207:execute$19220 ($ff) from module gate.
Setting constant 0-bit at position 16 on $auto$clk2fflogic.cc:207:execute$19220 ($ff) from module gate.
Setting constant 0-bit at position 17 on $auto$clk2fflogic.cc:207:execute$19220 ($ff) from module gate.
Setting constant 0-bit at position 18 on $auto$clk2fflogic.cc:207:execute$19220 ($ff) from module gate.
Setting constant 0-bit at position 19 on $auto$clk2fflogic.cc:207:execute$19220 ($ff) from module gate.
Setting constant 0-bit at position 20 on $auto$clk2fflogic.cc:207:execute$19220 ($ff) from module gate.
Setting constant 0-bit at position 21 on $auto$clk2fflogic.cc:207:execute$19220 ($ff) from module gate.
Setting constant 0-bit at position 22 on $auto$clk2fflogic.cc:207:execute$19220 ($ff) from module gate.
Setting constant 0-bit at position 23 on $auto$clk2fflogic.cc:207:execute$19220 ($ff) from module gate.
Setting constant 0-bit at position 24 on $auto$clk2fflogic.cc:207:execute$19220 ($ff) from module gate.
Setting constant 0-bit at position 25 on $auto$clk2fflogic.cc:207:execute$19220 ($ff) from module gate.
Setting constant 0-bit at position 26 on $auto$clk2fflogic.cc:207:execute$19220 ($ff) from module gate.
Setting constant 0-bit at position 27 on $auto$clk2fflogic.cc:207:execute$19220 ($ff) from module gate.
Setting constant 0-bit at position 28 on $auto$clk2fflogic.cc:207:execute$19220 ($ff) from module gate.
Setting constant 0-bit at position 29 on $auto$clk2fflogic.cc:207:execute$19220 ($ff) from module gate.
Setting constant 0-bit at position 30 on $auto$clk2fflogic.cc:207:execute$19220 ($ff) from module gate.
Setting constant 0-bit at position 31 on $auto$clk2fflogic.cc:207:execute$19220 ($ff) from module gate.
Setting constant 0-bit at position 0 on $auto$clk2fflogic.cc:207:execute$19208 ($ff) from module gate.
Setting constant 0-bit at position 1 on $auto$clk2fflogic.cc:207:execute$19208 ($ff) from module gate.
Setting constant 0-bit at position 2 on $auto$clk2fflogic.cc:207:execute$19208 ($ff) from module gate.
Setting constant 0-bit at position 3 on $auto$clk2fflogic.cc:207:execute$19208 ($ff) from module gate.
Setting constant 0-bit at position 5 on $auto$clk2fflogic.cc:207:execute$19208 ($ff) from module gate.
Setting constant 0-bit at position 6 on $auto$clk2fflogic.cc:207:execute$19208 ($ff) from module gate.
Setting constant 0-bit at position 7 on $auto$clk2fflogic.cc:207:execute$19208 ($ff) from module gate.
Setting constant 0-bit at position 8 on $auto$clk2fflogic.cc:207:execute$19208 ($ff) from module gate.
Setting constant 0-bit at position 9 on $auto$clk2fflogic.cc:207:execute$19208 ($ff) from module gate.
Setting constant 0-bit at position 10 on $auto$clk2fflogic.cc:207:execute$19208 ($ff) from module gate.
Setting constant 0-bit at position 11 on $auto$clk2fflogic.cc:207:execute$19208 ($ff) from module gate.
Setting constant 0-bit at position 12 on $auto$clk2fflogic.cc:207:execute$19208 ($ff) from module gate.
Setting constant 0-bit at position 13 on $auto$clk2fflogic.cc:207:execute$19208 ($ff) from module gate.
Setting constant 0-bit at position 14 on $auto$clk2fflogic.cc:207:execute$19208 ($ff) from module gate.
Setting constant 0-bit at position 15 on $auto$clk2fflogic.cc:207:execute$19208 ($ff) from module gate.
Setting constant 0-bit at position 16 on $auto$clk2fflogic.cc:207:execute$19208 ($ff) from module gate.
Setting constant 0-bit at position 17 on $auto$clk2fflogic.cc:207:execute$19208 ($ff) from module gate.
Setting constant 0-bit at position 18 on $auto$clk2fflogic.cc:207:execute$19208 ($ff) from module gate.
Setting constant 0-bit at position 19 on $auto$clk2fflogic.cc:207:execute$19208 ($ff) from module gate.
Setting constant 0-bit at position 20 on $auto$clk2fflogic.cc:207:execute$19208 ($ff) from module gate.
Setting constant 0-bit at position 21 on $auto$clk2fflogic.cc:207:execute$19208 ($ff) from module gate.
Setting constant 0-bit at position 22 on $auto$clk2fflogic.cc:207:execute$19208 ($ff) from module gate.
Setting constant 0-bit at position 23 on $auto$clk2fflogic.cc:207:execute$19208 ($ff) from module gate.
Setting constant 0-bit at position 24 on $auto$clk2fflogic.cc:207:execute$19208 ($ff) from module gate.
Setting constant 0-bit at position 25 on $auto$clk2fflogic.cc:207:execute$19208 ($ff) from module gate.
Setting constant 0-bit at position 26 on $auto$clk2fflogic.cc:207:execute$19208 ($ff) from module gate.
Setting constant 0-bit at position 27 on $auto$clk2fflogic.cc:207:execute$19208 ($ff) from module gate.
Setting constant 0-bit at position 28 on $auto$clk2fflogic.cc:207:execute$19208 ($ff) from module gate.
Setting constant 0-bit at position 29 on $auto$clk2fflogic.cc:207:execute$19208 ($ff) from module gate.
Setting constant 0-bit at position 30 on $auto$clk2fflogic.cc:207:execute$19208 ($ff) from module gate.
Setting constant 0-bit at position 31 on $auto$clk2fflogic.cc:207:execute$19208 ($ff) from module gate.
Setting constant 0-bit at position 0 on $auto$clk2fflogic.cc:207:execute$19196 ($ff) from module gate.
Setting constant 0-bit at position 1 on $auto$clk2fflogic.cc:207:execute$19196 ($ff) from module gate.
Setting constant 0-bit at position 2 on $auto$clk2fflogic.cc:207:execute$19196 ($ff) from module gate.
Setting constant 0-bit at position 4 on $auto$clk2fflogic.cc:207:execute$19196 ($ff) from module gate.
Setting constant 0-bit at position 5 on $auto$clk2fflogic.cc:207:execute$19196 ($ff) from module gate.
Setting constant 0-bit at position 6 on $auto$clk2fflogic.cc:207:execute$19196 ($ff) from module gate.
Setting constant 0-bit at position 7 on $auto$clk2fflogic.cc:207:execute$19196 ($ff) from module gate.
Setting constant 0-bit at position 8 on $auto$clk2fflogic.cc:207:execute$19196 ($ff) from module gate.
Setting constant 0-bit at position 9 on $auto$clk2fflogic.cc:207:execute$19196 ($ff) from module gate.
Setting constant 0-bit at position 10 on $auto$clk2fflogic.cc:207:execute$19196 ($ff) from module gate.
Setting constant 0-bit at position 11 on $auto$clk2fflogic.cc:207:execute$19196 ($ff) from module gate.
Setting constant 0-bit at position 12 on $auto$clk2fflogic.cc:207:execute$19196 ($ff) from module gate.
Setting constant 0-bit at position 13 on $auto$clk2fflogic.cc:207:execute$19196 ($ff) from module gate.
Setting constant 0-bit at position 14 on $auto$clk2fflogic.cc:207:execute$19196 ($ff) from module gate.
Setting constant 0-bit at position 15 on $auto$clk2fflogic.cc:207:execute$19196 ($ff) from module gate.
Setting constant 0-bit at position 16 on $auto$clk2fflogic.cc:207:execute$19196 ($ff) from module gate.
Setting constant 0-bit at position 17 on $auto$clk2fflogic.cc:207:execute$19196 ($ff) from module gate.
Setting constant 0-bit at position 18 on $auto$clk2fflogic.cc:207:execute$19196 ($ff) from module gate.
Setting constant 0-bit at position 19 on $auto$clk2fflogic.cc:207:execute$19196 ($ff) from module gate.
Setting constant 0-bit at position 20 on $auto$clk2fflogic.cc:207:execute$19196 ($ff) from module gate.
Setting constant 0-bit at position 21 on $auto$clk2fflogic.cc:207:execute$19196 ($ff) from module gate.
Setting constant 0-bit at position 22 on $auto$clk2fflogic.cc:207:execute$19196 ($ff) from module gate.
Setting constant 0-bit at position 23 on $auto$clk2fflogic.cc:207:execute$19196 ($ff) from module gate.
Setting constant 0-bit at position 24 on $auto$clk2fflogic.cc:207:execute$19196 ($ff) from module gate.
Setting constant 0-bit at position 25 on $auto$clk2fflogic.cc:207:execute$19196 ($ff) from module gate.
Setting constant 0-bit at position 26 on $auto$clk2fflogic.cc:207:execute$19196 ($ff) from module gate.
Setting constant 0-bit at position 27 on $auto$clk2fflogic.cc:207:execute$19196 ($ff) from module gate.
Setting constant 0-bit at position 28 on $auto$clk2fflogic.cc:207:execute$19196 ($ff) from module gate.
Setting constant 0-bit at position 29 on $auto$clk2fflogic.cc:207:execute$19196 ($ff) from module gate.
Setting constant 0-bit at position 30 on $auto$clk2fflogic.cc:207:execute$19196 ($ff) from module gate.
Setting constant 0-bit at position 31 on $auto$clk2fflogic.cc:207:execute$19196 ($ff) from module gate.
Setting constant 0-bit at position 0 on $auto$clk2fflogic.cc:207:execute$19184 ($ff) from module gate.
Setting constant 0-bit at position 1 on $auto$clk2fflogic.cc:207:execute$19184 ($ff) from module gate.
Setting constant 0-bit at position 3 on $auto$clk2fflogic.cc:207:execute$19184 ($ff) from module gate.
Setting constant 0-bit at position 4 on $auto$clk2fflogic.cc:207:execute$19184 ($ff) from module gate.
Setting constant 0-bit at position 5 on $auto$clk2fflogic.cc:207:execute$19184 ($ff) from module gate.
Setting constant 0-bit at position 6 on $auto$clk2fflogic.cc:207:execute$19184 ($ff) from module gate.
Setting constant 0-bit at position 7 on $auto$clk2fflogic.cc:207:execute$19184 ($ff) from module gate.
Setting constant 0-bit at position 8 on $auto$clk2fflogic.cc:207:execute$19184 ($ff) from module gate.
Setting constant 0-bit at position 9 on $auto$clk2fflogic.cc:207:execute$19184 ($ff) from module gate.
Setting constant 0-bit at position 10 on $auto$clk2fflogic.cc:207:execute$19184 ($ff) from module gate.
Setting constant 0-bit at position 11 on $auto$clk2fflogic.cc:207:execute$19184 ($ff) from module gate.
Setting constant 0-bit at position 12 on $auto$clk2fflogic.cc:207:execute$19184 ($ff) from module gate.
Setting constant 0-bit at position 13 on $auto$clk2fflogic.cc:207:execute$19184 ($ff) from module gate.
Setting constant 0-bit at position 14 on $auto$clk2fflogic.cc:207:execute$19184 ($ff) from module gate.
Setting constant 0-bit at position 15 on $auto$clk2fflogic.cc:207:execute$19184 ($ff) from module gate.
Setting constant 0-bit at position 16 on $auto$clk2fflogic.cc:207:execute$19184 ($ff) from module gate.
Setting constant 0-bit at position 17 on $auto$clk2fflogic.cc:207:execute$19184 ($ff) from module gate.
Setting constant 0-bit at position 18 on $auto$clk2fflogic.cc:207:execute$19184 ($ff) from module gate.
Setting constant 0-bit at position 19 on $auto$clk2fflogic.cc:207:execute$19184 ($ff) from module gate.
Setting constant 0-bit at position 20 on $auto$clk2fflogic.cc:207:execute$19184 ($ff) from module gate.
Setting constant 0-bit at position 21 on $auto$clk2fflogic.cc:207:execute$19184 ($ff) from module gate.
Setting constant 0-bit at position 22 on $auto$clk2fflogic.cc:207:execute$19184 ($ff) from module gate.
Setting constant 0-bit at position 23 on $auto$clk2fflogic.cc:207:execute$19184 ($ff) from module gate.
Setting constant 0-bit at position 24 on $auto$clk2fflogic.cc:207:execute$19184 ($ff) from module gate.
Setting constant 0-bit at position 25 on $auto$clk2fflogic.cc:207:execute$19184 ($ff) from module gate.
Setting constant 0-bit at position 26 on $auto$clk2fflogic.cc:207:execute$19184 ($ff) from module gate.
Setting constant 0-bit at position 27 on $auto$clk2fflogic.cc:207:execute$19184 ($ff) from module gate.
Setting constant 0-bit at position 28 on $auto$clk2fflogic.cc:207:execute$19184 ($ff) from module gate.
Setting constant 0-bit at position 29 on $auto$clk2fflogic.cc:207:execute$19184 ($ff) from module gate.
Setting constant 0-bit at position 30 on $auto$clk2fflogic.cc:207:execute$19184 ($ff) from module gate.
Setting constant 0-bit at position 31 on $auto$clk2fflogic.cc:207:execute$19184 ($ff) from module gate.
Setting constant 0-bit at position 0 on $auto$clk2fflogic.cc:207:execute$19172 ($ff) from module gate.
Setting constant 0-bit at position 2 on $auto$clk2fflogic.cc:207:execute$19172 ($ff) from module gate.
Setting constant 0-bit at position 3 on $auto$clk2fflogic.cc:207:execute$19172 ($ff) from module gate.
Setting constant 0-bit at position 4 on $auto$clk2fflogic.cc:207:execute$19172 ($ff) from module gate.
Setting constant 0-bit at position 5 on $auto$clk2fflogic.cc:207:execute$19172 ($ff) from module gate.
Setting constant 0-bit at position 6 on $auto$clk2fflogic.cc:207:execute$19172 ($ff) from module gate.
Setting constant 0-bit at position 7 on $auto$clk2fflogic.cc:207:execute$19172 ($ff) from module gate.
Setting constant 0-bit at position 8 on $auto$clk2fflogic.cc:207:execute$19172 ($ff) from module gate.
Setting constant 0-bit at position 9 on $auto$clk2fflogic.cc:207:execute$19172 ($ff) from module gate.
Setting constant 0-bit at position 10 on $auto$clk2fflogic.cc:207:execute$19172 ($ff) from module gate.
Setting constant 0-bit at position 11 on $auto$clk2fflogic.cc:207:execute$19172 ($ff) from module gate.
Setting constant 0-bit at position 12 on $auto$clk2fflogic.cc:207:execute$19172 ($ff) from module gate.
Setting constant 0-bit at position 13 on $auto$clk2fflogic.cc:207:execute$19172 ($ff) from module gate.
Setting constant 0-bit at position 14 on $auto$clk2fflogic.cc:207:execute$19172 ($ff) from module gate.
Setting constant 0-bit at position 15 on $auto$clk2fflogic.cc:207:execute$19172 ($ff) from module gate.
Setting constant 0-bit at position 16 on $auto$clk2fflogic.cc:207:execute$19172 ($ff) from module gate.
Setting constant 0-bit at position 17 on $auto$clk2fflogic.cc:207:execute$19172 ($ff) from module gate.
Setting constant 0-bit at position 18 on $auto$clk2fflogic.cc:207:execute$19172 ($ff) from module gate.
Setting constant 0-bit at position 19 on $auto$clk2fflogic.cc:207:execute$19172 ($ff) from module gate.
Setting constant 0-bit at position 20 on $auto$clk2fflogic.cc:207:execute$19172 ($ff) from module gate.
Setting constant 0-bit at position 21 on $auto$clk2fflogic.cc:207:execute$19172 ($ff) from module gate.
Setting constant 0-bit at position 22 on $auto$clk2fflogic.cc:207:execute$19172 ($ff) from module gate.
Setting constant 0-bit at position 23 on $auto$clk2fflogic.cc:207:execute$19172 ($ff) from module gate.
Setting constant 0-bit at position 24 on $auto$clk2fflogic.cc:207:execute$19172 ($ff) from module gate.
Setting constant 0-bit at position 25 on $auto$clk2fflogic.cc:207:execute$19172 ($ff) from module gate.
Setting constant 0-bit at position 26 on $auto$clk2fflogic.cc:207:execute$19172 ($ff) from module gate.
Setting constant 0-bit at position 27 on $auto$clk2fflogic.cc:207:execute$19172 ($ff) from module gate.
Setting constant 0-bit at position 28 on $auto$clk2fflogic.cc:207:execute$19172 ($ff) from module gate.
Setting constant 0-bit at position 29 on $auto$clk2fflogic.cc:207:execute$19172 ($ff) from module gate.
Setting constant 0-bit at position 30 on $auto$clk2fflogic.cc:207:execute$19172 ($ff) from module gate.
Setting constant 0-bit at position 31 on $auto$clk2fflogic.cc:207:execute$19172 ($ff) from module gate.
Setting constant 0-bit at position 1 on $auto$clk2fflogic.cc:207:execute$19160 ($ff) from module gate.
Setting constant 0-bit at position 2 on $auto$clk2fflogic.cc:207:execute$19160 ($ff) from module gate.
Setting constant 0-bit at position 3 on $auto$clk2fflogic.cc:207:execute$19160 ($ff) from module gate.
Setting constant 0-bit at position 4 on $auto$clk2fflogic.cc:207:execute$19160 ($ff) from module gate.
Setting constant 0-bit at position 5 on $auto$clk2fflogic.cc:207:execute$19160 ($ff) from module gate.
Setting constant 0-bit at position 6 on $auto$clk2fflogic.cc:207:execute$19160 ($ff) from module gate.
Setting constant 0-bit at position 7 on $auto$clk2fflogic.cc:207:execute$19160 ($ff) from module gate.
Setting constant 0-bit at position 8 on $auto$clk2fflogic.cc:207:execute$19160 ($ff) from module gate.
Setting constant 0-bit at position 9 on $auto$clk2fflogic.cc:207:execute$19160 ($ff) from module gate.
Setting constant 0-bit at position 10 on $auto$clk2fflogic.cc:207:execute$19160 ($ff) from module gate.
Setting constant 0-bit at position 11 on $auto$clk2fflogic.cc:207:execute$19160 ($ff) from module gate.
Setting constant 0-bit at position 12 on $auto$clk2fflogic.cc:207:execute$19160 ($ff) from module gate.
Setting constant 0-bit at position 13 on $auto$clk2fflogic.cc:207:execute$19160 ($ff) from module gate.
Setting constant 0-bit at position 14 on $auto$clk2fflogic.cc:207:execute$19160 ($ff) from module gate.
Setting constant 0-bit at position 15 on $auto$clk2fflogic.cc:207:execute$19160 ($ff) from module gate.
Setting constant 0-bit at position 16 on $auto$clk2fflogic.cc:207:execute$19160 ($ff) from module gate.
Setting constant 0-bit at position 17 on $auto$clk2fflogic.cc:207:execute$19160 ($ff) from module gate.
Setting constant 0-bit at position 18 on $auto$clk2fflogic.cc:207:execute$19160 ($ff) from module gate.
Setting constant 0-bit at position 19 on $auto$clk2fflogic.cc:207:execute$19160 ($ff) from module gate.
Setting constant 0-bit at position 20 on $auto$clk2fflogic.cc:207:execute$19160 ($ff) from module gate.
Setting constant 0-bit at position 21 on $auto$clk2fflogic.cc:207:execute$19160 ($ff) from module gate.
Setting constant 0-bit at position 22 on $auto$clk2fflogic.cc:207:execute$19160 ($ff) from module gate.
Setting constant 0-bit at position 23 on $auto$clk2fflogic.cc:207:execute$19160 ($ff) from module gate.
Setting constant 0-bit at position 24 on $auto$clk2fflogic.cc:207:execute$19160 ($ff) from module gate.
Setting constant 0-bit at position 25 on $auto$clk2fflogic.cc:207:execute$19160 ($ff) from module gate.
Setting constant 0-bit at position 26 on $auto$clk2fflogic.cc:207:execute$19160 ($ff) from module gate.
Setting constant 0-bit at position 27 on $auto$clk2fflogic.cc:207:execute$19160 ($ff) from module gate.
Setting constant 0-bit at position 28 on $auto$clk2fflogic.cc:207:execute$19160 ($ff) from module gate.
Setting constant 0-bit at position 29 on $auto$clk2fflogic.cc:207:execute$19160 ($ff) from module gate.
Setting constant 0-bit at position 30 on $auto$clk2fflogic.cc:207:execute$19160 ($ff) from module gate.
Setting constant 0-bit at position 31 on $auto$clk2fflogic.cc:207:execute$19160 ($ff) from module gate.
Setting constant 0-bit at position 0 on $auto$clk2fflogic.cc:108:sample_data$28300 ($ff) from module gold.
Setting constant 0-bit at position 0 on $auto$clk2fflogic.cc:108:sample_data$28290 ($ff) from module gold.
Setting constant 0-bit at position 0 on $auto$clk2fflogic.cc:108:sample_data$25504 ($ff) from module gold.
Setting constant 0-bit at position 15 on $auto$clk2fflogic.cc:108:sample_data$24398 ($ff) from module gold.
Setting constant 0-bit at position 0 on $auto$clk2fflogic.cc:207:execute$24358 ($ff) from module gold.
Setting constant 0-bit at position 1 on $auto$clk2fflogic.cc:207:execute$24358 ($ff) from module gold.
Setting constant 0-bit at position 2 on $auto$clk2fflogic.cc:207:execute$24358 ($ff) from module gold.
Setting constant 0-bit at position 3 on $auto$clk2fflogic.cc:207:execute$24358 ($ff) from module gold.
Setting constant 0-bit at position 4 on $auto$clk2fflogic.cc:207:execute$24358 ($ff) from module gold.
Setting constant 0-bit at position 5 on $auto$clk2fflogic.cc:207:execute$24358 ($ff) from module gold.
Setting constant 0-bit at position 6 on $auto$clk2fflogic.cc:207:execute$24358 ($ff) from module gold.
Setting constant 0-bit at position 7 on $auto$clk2fflogic.cc:207:execute$24358 ($ff) from module gold.
Setting constant 0-bit at position 8 on $auto$clk2fflogic.cc:207:execute$24358 ($ff) from module gold.
Setting constant 0-bit at position 9 on $auto$clk2fflogic.cc:207:execute$24358 ($ff) from module gold.
Setting constant 0-bit at position 10 on $auto$clk2fflogic.cc:207:execute$24358 ($ff) from module gold.
Setting constant 0-bit at position 11 on $auto$clk2fflogic.cc:207:execute$24358 ($ff) from module gold.
Setting constant 0-bit at position 12 on $auto$clk2fflogic.cc:207:execute$24358 ($ff) from module gold.
Setting constant 0-bit at position 13 on $auto$clk2fflogic.cc:207:execute$24358 ($ff) from module gold.
Setting constant 0-bit at position 14 on $auto$clk2fflogic.cc:207:execute$24358 ($ff) from module gold.
Setting constant 0-bit at position 15 on $auto$clk2fflogic.cc:207:execute$24358 ($ff) from module gold.
Setting constant 0-bit at position 16 on $auto$clk2fflogic.cc:207:execute$24358 ($ff) from module gold.
Setting constant 0-bit at position 17 on $auto$clk2fflogic.cc:207:execute$24358 ($ff) from module gold.
Setting constant 0-bit at position 18 on $auto$clk2fflogic.cc:207:execute$24358 ($ff) from module gold.
Setting constant 0-bit at position 19 on $auto$clk2fflogic.cc:207:execute$24358 ($ff) from module gold.
Setting constant 0-bit at position 20 on $auto$clk2fflogic.cc:207:execute$24358 ($ff) from module gold.
Setting constant 0-bit at position 21 on $auto$clk2fflogic.cc:207:execute$24358 ($ff) from module gold.
Setting constant 0-bit at position 22 on $auto$clk2fflogic.cc:207:execute$24358 ($ff) from module gold.
Setting constant 0-bit at position 23 on $auto$clk2fflogic.cc:207:execute$24358 ($ff) from module gold.
Setting constant 0-bit at position 24 on $auto$clk2fflogic.cc:207:execute$24358 ($ff) from module gold.
Setting constant 0-bit at position 25 on $auto$clk2fflogic.cc:207:execute$24358 ($ff) from module gold.
Setting constant 0-bit at position 26 on $auto$clk2fflogic.cc:207:execute$24358 ($ff) from module gold.
Setting constant 0-bit at position 27 on $auto$clk2fflogic.cc:207:execute$24358 ($ff) from module gold.
Setting constant 0-bit at position 28 on $auto$clk2fflogic.cc:207:execute$24358 ($ff) from module gold.
Setting constant 0-bit at position 29 on $auto$clk2fflogic.cc:207:execute$24358 ($ff) from module gold.
Setting constant 0-bit at position 30 on $auto$clk2fflogic.cc:207:execute$24358 ($ff) from module gold.
Setting constant 0-bit at position 0 on $auto$clk2fflogic.cc:207:execute$24346 ($ff) from module gold.
Setting constant 0-bit at position 1 on $auto$clk2fflogic.cc:207:execute$24346 ($ff) from module gold.
Setting constant 0-bit at position 2 on $auto$clk2fflogic.cc:207:execute$24346 ($ff) from module gold.
Setting constant 0-bit at position 3 on $auto$clk2fflogic.cc:207:execute$24346 ($ff) from module gold.
Setting constant 0-bit at position 4 on $auto$clk2fflogic.cc:207:execute$24346 ($ff) from module gold.
Setting constant 0-bit at position 5 on $auto$clk2fflogic.cc:207:execute$24346 ($ff) from module gold.
Setting constant 0-bit at position 6 on $auto$clk2fflogic.cc:207:execute$24346 ($ff) from module gold.
Setting constant 0-bit at position 7 on $auto$clk2fflogic.cc:207:execute$24346 ($ff) from module gold.
Setting constant 0-bit at position 8 on $auto$clk2fflogic.cc:207:execute$24346 ($ff) from module gold.
Setting constant 0-bit at position 9 on $auto$clk2fflogic.cc:207:execute$24346 ($ff) from module gold.
Setting constant 0-bit at position 10 on $auto$clk2fflogic.cc:207:execute$24346 ($ff) from module gold.
Setting constant 0-bit at position 11 on $auto$clk2fflogic.cc:207:execute$24346 ($ff) from module gold.
Setting constant 0-bit at position 12 on $auto$clk2fflogic.cc:207:execute$24346 ($ff) from module gold.
Setting constant 0-bit at position 13 on $auto$clk2fflogic.cc:207:execute$24346 ($ff) from module gold.
Setting constant 0-bit at position 14 on $auto$clk2fflogic.cc:207:execute$24346 ($ff) from module gold.
Setting constant 0-bit at position 15 on $auto$clk2fflogic.cc:207:execute$24346 ($ff) from module gold.
Setting constant 0-bit at position 16 on $auto$clk2fflogic.cc:207:execute$24346 ($ff) from module gold.
Setting constant 0-bit at position 17 on $auto$clk2fflogic.cc:207:execute$24346 ($ff) from module gold.
Setting constant 0-bit at position 18 on $auto$clk2fflogic.cc:207:execute$24346 ($ff) from module gold.
Setting constant 0-bit at position 19 on $auto$clk2fflogic.cc:207:execute$24346 ($ff) from module gold.
Setting constant 0-bit at position 20 on $auto$clk2fflogic.cc:207:execute$24346 ($ff) from module gold.
Setting constant 0-bit at position 21 on $auto$clk2fflogic.cc:207:execute$24346 ($ff) from module gold.
Setting constant 0-bit at position 22 on $auto$clk2fflogic.cc:207:execute$24346 ($ff) from module gold.
Setting constant 0-bit at position 23 on $auto$clk2fflogic.cc:207:execute$24346 ($ff) from module gold.
Setting constant 0-bit at position 24 on $auto$clk2fflogic.cc:207:execute$24346 ($ff) from module gold.
Setting constant 0-bit at position 25 on $auto$clk2fflogic.cc:207:execute$24346 ($ff) from module gold.
Setting constant 0-bit at position 26 on $auto$clk2fflogic.cc:207:execute$24346 ($ff) from module gold.
Setting constant 0-bit at position 27 on $auto$clk2fflogic.cc:207:execute$24346 ($ff) from module gold.
Setting constant 0-bit at position 28 on $auto$clk2fflogic.cc:207:execute$24346 ($ff) from module gold.
Setting constant 0-bit at position 29 on $auto$clk2fflogic.cc:207:execute$24346 ($ff) from module gold.
Setting constant 0-bit at position 31 on $auto$clk2fflogic.cc:207:execute$24346 ($ff) from module gold.
Setting constant 0-bit at position 0 on $auto$clk2fflogic.cc:207:execute$24334 ($ff) from module gold.
Setting constant 0-bit at position 1 on $auto$clk2fflogic.cc:207:execute$24334 ($ff) from module gold.
Setting constant 0-bit at position 2 on $auto$clk2fflogic.cc:207:execute$24334 ($ff) from module gold.
Setting constant 0-bit at position 3 on $auto$clk2fflogic.cc:207:execute$24334 ($ff) from module gold.
Setting constant 0-bit at position 4 on $auto$clk2fflogic.cc:207:execute$24334 ($ff) from module gold.
Setting constant 0-bit at position 5 on $auto$clk2fflogic.cc:207:execute$24334 ($ff) from module gold.
Setting constant 0-bit at position 6 on $auto$clk2fflogic.cc:207:execute$24334 ($ff) from module gold.
Setting constant 0-bit at position 7 on $auto$clk2fflogic.cc:207:execute$24334 ($ff) from module gold.
Setting constant 0-bit at position 8 on $auto$clk2fflogic.cc:207:execute$24334 ($ff) from module gold.
Setting constant 0-bit at position 9 on $auto$clk2fflogic.cc:207:execute$24334 ($ff) from module gold.
Setting constant 0-bit at position 10 on $auto$clk2fflogic.cc:207:execute$24334 ($ff) from module gold.
Setting constant 0-bit at position 11 on $auto$clk2fflogic.cc:207:execute$24334 ($ff) from module gold.
Setting constant 0-bit at position 12 on $auto$clk2fflogic.cc:207:execute$24334 ($ff) from module gold.
Setting constant 0-bit at position 13 on $auto$clk2fflogic.cc:207:execute$24334 ($ff) from module gold.
Setting constant 0-bit at position 14 on $auto$clk2fflogic.cc:207:execute$24334 ($ff) from module gold.
Setting constant 0-bit at position 15 on $auto$clk2fflogic.cc:207:execute$24334 ($ff) from module gold.
Setting constant 0-bit at position 16 on $auto$clk2fflogic.cc:207:execute$24334 ($ff) from module gold.
Setting constant 0-bit at position 17 on $auto$clk2fflogic.cc:207:execute$24334 ($ff) from module gold.
Setting constant 0-bit at position 18 on $auto$clk2fflogic.cc:207:execute$24334 ($ff) from module gold.
Setting constant 0-bit at position 19 on $auto$clk2fflogic.cc:207:execute$24334 ($ff) from module gold.
Setting constant 0-bit at position 20 on $auto$clk2fflogic.cc:207:execute$24334 ($ff) from module gold.
Setting constant 0-bit at position 21 on $auto$clk2fflogic.cc:207:execute$24334 ($ff) from module gold.
Setting constant 0-bit at position 22 on $auto$clk2fflogic.cc:207:execute$24334 ($ff) from module gold.
Setting constant 0-bit at position 23 on $auto$clk2fflogic.cc:207:execute$24334 ($ff) from module gold.
Setting constant 0-bit at position 24 on $auto$clk2fflogic.cc:207:execute$24334 ($ff) from module gold.
Setting constant 0-bit at position 25 on $auto$clk2fflogic.cc:207:execute$24334 ($ff) from module gold.
Setting constant 0-bit at position 26 on $auto$clk2fflogic.cc:207:execute$24334 ($ff) from module gold.
Setting constant 0-bit at position 27 on $auto$clk2fflogic.cc:207:execute$24334 ($ff) from module gold.
Setting constant 0-bit at position 28 on $auto$clk2fflogic.cc:207:execute$24334 ($ff) from module gold.
Setting constant 0-bit at position 30 on $auto$clk2fflogic.cc:207:execute$24334 ($ff) from module gold.
Setting constant 0-bit at position 31 on $auto$clk2fflogic.cc:207:execute$24334 ($ff) from module gold.
Setting constant 0-bit at position 0 on $auto$clk2fflogic.cc:207:execute$24322 ($ff) from module gold.
Setting constant 0-bit at position 1 on $auto$clk2fflogic.cc:207:execute$24322 ($ff) from module gold.
Setting constant 0-bit at position 2 on $auto$clk2fflogic.cc:207:execute$24322 ($ff) from module gold.
Setting constant 0-bit at position 3 on $auto$clk2fflogic.cc:207:execute$24322 ($ff) from module gold.
Setting constant 0-bit at position 4 on $auto$clk2fflogic.cc:207:execute$24322 ($ff) from module gold.
Setting constant 0-bit at position 5 on $auto$clk2fflogic.cc:207:execute$24322 ($ff) from module gold.
Setting constant 0-bit at position 6 on $auto$clk2fflogic.cc:207:execute$24322 ($ff) from module gold.
Setting constant 0-bit at position 7 on $auto$clk2fflogic.cc:207:execute$24322 ($ff) from module gold.
Setting constant 0-bit at position 8 on $auto$clk2fflogic.cc:207:execute$24322 ($ff) from module gold.
Setting constant 0-bit at position 9 on $auto$clk2fflogic.cc:207:execute$24322 ($ff) from module gold.
Setting constant 0-bit at position 10 on $auto$clk2fflogic.cc:207:execute$24322 ($ff) from module gold.
Setting constant 0-bit at position 11 on $auto$clk2fflogic.cc:207:execute$24322 ($ff) from module gold.
Setting constant 0-bit at position 12 on $auto$clk2fflogic.cc:207:execute$24322 ($ff) from module gold.
Setting constant 0-bit at position 13 on $auto$clk2fflogic.cc:207:execute$24322 ($ff) from module gold.
Setting constant 0-bit at position 14 on $auto$clk2fflogic.cc:207:execute$24322 ($ff) from module gold.
Setting constant 0-bit at position 15 on $auto$clk2fflogic.cc:207:execute$24322 ($ff) from module gold.
Setting constant 0-bit at position 16 on $auto$clk2fflogic.cc:207:execute$24322 ($ff) from module gold.
Setting constant 0-bit at position 17 on $auto$clk2fflogic.cc:207:execute$24322 ($ff) from module gold.
Setting constant 0-bit at position 18 on $auto$clk2fflogic.cc:207:execute$24322 ($ff) from module gold.
Setting constant 0-bit at position 19 on $auto$clk2fflogic.cc:207:execute$24322 ($ff) from module gold.
Setting constant 0-bit at position 20 on $auto$clk2fflogic.cc:207:execute$24322 ($ff) from module gold.
Setting constant 0-bit at position 21 on $auto$clk2fflogic.cc:207:execute$24322 ($ff) from module gold.
Setting constant 0-bit at position 22 on $auto$clk2fflogic.cc:207:execute$24322 ($ff) from module gold.
Setting constant 0-bit at position 23 on $auto$clk2fflogic.cc:207:execute$24322 ($ff) from module gold.
Setting constant 0-bit at position 24 on $auto$clk2fflogic.cc:207:execute$24322 ($ff) from module gold.
Setting constant 0-bit at position 25 on $auto$clk2fflogic.cc:207:execute$24322 ($ff) from module gold.
Setting constant 0-bit at position 26 on $auto$clk2fflogic.cc:207:execute$24322 ($ff) from module gold.
Setting constant 0-bit at position 27 on $auto$clk2fflogic.cc:207:execute$24322 ($ff) from module gold.
Setting constant 0-bit at position 29 on $auto$clk2fflogic.cc:207:execute$24322 ($ff) from module gold.
Setting constant 0-bit at position 30 on $auto$clk2fflogic.cc:207:execute$24322 ($ff) from module gold.
Setting constant 0-bit at position 31 on $auto$clk2fflogic.cc:207:execute$24322 ($ff) from module gold.
Setting constant 0-bit at position 0 on $auto$clk2fflogic.cc:207:execute$24310 ($ff) from module gold.
Setting constant 0-bit at position 1 on $auto$clk2fflogic.cc:207:execute$24310 ($ff) from module gold.
Setting constant 0-bit at position 2 on $auto$clk2fflogic.cc:207:execute$24310 ($ff) from module gold.
Setting constant 0-bit at position 3 on $auto$clk2fflogic.cc:207:execute$24310 ($ff) from module gold.
Setting constant 0-bit at position 4 on $auto$clk2fflogic.cc:207:execute$24310 ($ff) from module gold.
Setting constant 0-bit at position 5 on $auto$clk2fflogic.cc:207:execute$24310 ($ff) from module gold.
Setting constant 0-bit at position 6 on $auto$clk2fflogic.cc:207:execute$24310 ($ff) from module gold.
Setting constant 0-bit at position 7 on $auto$clk2fflogic.cc:207:execute$24310 ($ff) from module gold.
Setting constant 0-bit at position 8 on $auto$clk2fflogic.cc:207:execute$24310 ($ff) from module gold.
Setting constant 0-bit at position 9 on $auto$clk2fflogic.cc:207:execute$24310 ($ff) from module gold.
Setting constant 0-bit at position 10 on $auto$clk2fflogic.cc:207:execute$24310 ($ff) from module gold.
Setting constant 0-bit at position 11 on $auto$clk2fflogic.cc:207:execute$24310 ($ff) from module gold.
Setting constant 0-bit at position 12 on $auto$clk2fflogic.cc:207:execute$24310 ($ff) from module gold.
Setting constant 0-bit at position 13 on $auto$clk2fflogic.cc:207:execute$24310 ($ff) from module gold.
Setting constant 0-bit at position 14 on $auto$clk2fflogic.cc:207:execute$24310 ($ff) from module gold.
Setting constant 0-bit at position 15 on $auto$clk2fflogic.cc:207:execute$24310 ($ff) from module gold.
Setting constant 0-bit at position 16 on $auto$clk2fflogic.cc:207:execute$24310 ($ff) from module gold.
Setting constant 0-bit at position 17 on $auto$clk2fflogic.cc:207:execute$24310 ($ff) from module gold.
Setting constant 0-bit at position 18 on $auto$clk2fflogic.cc:207:execute$24310 ($ff) from module gold.
Setting constant 0-bit at position 19 on $auto$clk2fflogic.cc:207:execute$24310 ($ff) from module gold.
Setting constant 0-bit at position 20 on $auto$clk2fflogic.cc:207:execute$24310 ($ff) from module gold.
Setting constant 0-bit at position 21 on $auto$clk2fflogic.cc:207:execute$24310 ($ff) from module gold.
Setting constant 0-bit at position 22 on $auto$clk2fflogic.cc:207:execute$24310 ($ff) from module gold.
Setting constant 0-bit at position 23 on $auto$clk2fflogic.cc:207:execute$24310 ($ff) from module gold.
Setting constant 0-bit at position 24 on $auto$clk2fflogic.cc:207:execute$24310 ($ff) from module gold.
Setting constant 0-bit at position 25 on $auto$clk2fflogic.cc:207:execute$24310 ($ff) from module gold.
Setting constant 0-bit at position 26 on $auto$clk2fflogic.cc:207:execute$24310 ($ff) from module gold.
Setting constant 0-bit at position 28 on $auto$clk2fflogic.cc:207:execute$24310 ($ff) from module gold.
Setting constant 0-bit at position 29 on $auto$clk2fflogic.cc:207:execute$24310 ($ff) from module gold.
Setting constant 0-bit at position 30 on $auto$clk2fflogic.cc:207:execute$24310 ($ff) from module gold.
Setting constant 0-bit at position 31 on $auto$clk2fflogic.cc:207:execute$24310 ($ff) from module gold.
Setting constant 0-bit at position 0 on $auto$clk2fflogic.cc:207:execute$24298 ($ff) from module gold.
Setting constant 0-bit at position 1 on $auto$clk2fflogic.cc:207:execute$24298 ($ff) from module gold.
Setting constant 0-bit at position 2 on $auto$clk2fflogic.cc:207:execute$24298 ($ff) from module gold.
Setting constant 0-bit at position 3 on $auto$clk2fflogic.cc:207:execute$24298 ($ff) from module gold.
Setting constant 0-bit at position 4 on $auto$clk2fflogic.cc:207:execute$24298 ($ff) from module gold.
Setting constant 0-bit at position 5 on $auto$clk2fflogic.cc:207:execute$24298 ($ff) from module gold.
Setting constant 0-bit at position 6 on $auto$clk2fflogic.cc:207:execute$24298 ($ff) from module gold.
Setting constant 0-bit at position 7 on $auto$clk2fflogic.cc:207:execute$24298 ($ff) from module gold.
Setting constant 0-bit at position 8 on $auto$clk2fflogic.cc:207:execute$24298 ($ff) from module gold.
Setting constant 0-bit at position 9 on $auto$clk2fflogic.cc:207:execute$24298 ($ff) from module gold.
Setting constant 0-bit at position 10 on $auto$clk2fflogic.cc:207:execute$24298 ($ff) from module gold.
Setting constant 0-bit at position 11 on $auto$clk2fflogic.cc:207:execute$24298 ($ff) from module gold.
Setting constant 0-bit at position 12 on $auto$clk2fflogic.cc:207:execute$24298 ($ff) from module gold.
Setting constant 0-bit at position 13 on $auto$clk2fflogic.cc:207:execute$24298 ($ff) from module gold.
Setting constant 0-bit at position 14 on $auto$clk2fflogic.cc:207:execute$24298 ($ff) from module gold.
Setting constant 0-bit at position 15 on $auto$clk2fflogic.cc:207:execute$24298 ($ff) from module gold.
Setting constant 0-bit at position 16 on $auto$clk2fflogic.cc:207:execute$24298 ($ff) from module gold.
Setting constant 0-bit at position 17 on $auto$clk2fflogic.cc:207:execute$24298 ($ff) from module gold.
Setting constant 0-bit at position 18 on $auto$clk2fflogic.cc:207:execute$24298 ($ff) from module gold.
Setting constant 0-bit at position 19 on $auto$clk2fflogic.cc:207:execute$24298 ($ff) from module gold.
Setting constant 0-bit at position 20 on $auto$clk2fflogic.cc:207:execute$24298 ($ff) from module gold.
Setting constant 0-bit at position 21 on $auto$clk2fflogic.cc:207:execute$24298 ($ff) from module gold.
Setting constant 0-bit at position 22 on $auto$clk2fflogic.cc:207:execute$24298 ($ff) from module gold.
Setting constant 0-bit at position 23 on $auto$clk2fflogic.cc:207:execute$24298 ($ff) from module gold.
Setting constant 0-bit at position 24 on $auto$clk2fflogic.cc:207:execute$24298 ($ff) from module gold.
Setting constant 0-bit at position 25 on $auto$clk2fflogic.cc:207:execute$24298 ($ff) from module gold.
Setting constant 0-bit at position 27 on $auto$clk2fflogic.cc:207:execute$24298 ($ff) from module gold.
Setting constant 0-bit at position 28 on $auto$clk2fflogic.cc:207:execute$24298 ($ff) from module gold.
Setting constant 0-bit at position 29 on $auto$clk2fflogic.cc:207:execute$24298 ($ff) from module gold.
Setting constant 0-bit at position 30 on $auto$clk2fflogic.cc:207:execute$24298 ($ff) from module gold.
Setting constant 0-bit at position 31 on $auto$clk2fflogic.cc:207:execute$24298 ($ff) from module gold.
Setting constant 0-bit at position 0 on $auto$clk2fflogic.cc:207:execute$24286 ($ff) from module gold.
Setting constant 0-bit at position 1 on $auto$clk2fflogic.cc:207:execute$24286 ($ff) from module gold.
Setting constant 0-bit at position 2 on $auto$clk2fflogic.cc:207:execute$24286 ($ff) from module gold.
Setting constant 0-bit at position 3 on $auto$clk2fflogic.cc:207:execute$24286 ($ff) from module gold.
Setting constant 0-bit at position 4 on $auto$clk2fflogic.cc:207:execute$24286 ($ff) from module gold.
Setting constant 0-bit at position 5 on $auto$clk2fflogic.cc:207:execute$24286 ($ff) from module gold.
Setting constant 0-bit at position 6 on $auto$clk2fflogic.cc:207:execute$24286 ($ff) from module gold.
Setting constant 0-bit at position 7 on $auto$clk2fflogic.cc:207:execute$24286 ($ff) from module gold.
Setting constant 0-bit at position 8 on $auto$clk2fflogic.cc:207:execute$24286 ($ff) from module gold.
Setting constant 0-bit at position 9 on $auto$clk2fflogic.cc:207:execute$24286 ($ff) from module gold.
Setting constant 0-bit at position 10 on $auto$clk2fflogic.cc:207:execute$24286 ($ff) from module gold.
Setting constant 0-bit at position 11 on $auto$clk2fflogic.cc:207:execute$24286 ($ff) from module gold.
Setting constant 0-bit at position 12 on $auto$clk2fflogic.cc:207:execute$24286 ($ff) from module gold.
Setting constant 0-bit at position 13 on $auto$clk2fflogic.cc:207:execute$24286 ($ff) from module gold.
Setting constant 0-bit at position 14 on $auto$clk2fflogic.cc:207:execute$24286 ($ff) from module gold.
Setting constant 0-bit at position 15 on $auto$clk2fflogic.cc:207:execute$24286 ($ff) from module gold.
Setting constant 0-bit at position 16 on $auto$clk2fflogic.cc:207:execute$24286 ($ff) from module gold.
Setting constant 0-bit at position 17 on $auto$clk2fflogic.cc:207:execute$24286 ($ff) from module gold.
Setting constant 0-bit at position 18 on $auto$clk2fflogic.cc:207:execute$24286 ($ff) from module gold.
Setting constant 0-bit at position 19 on $auto$clk2fflogic.cc:207:execute$24286 ($ff) from module gold.
Setting constant 0-bit at position 20 on $auto$clk2fflogic.cc:207:execute$24286 ($ff) from module gold.
Setting constant 0-bit at position 21 on $auto$clk2fflogic.cc:207:execute$24286 ($ff) from module gold.
Setting constant 0-bit at position 22 on $auto$clk2fflogic.cc:207:execute$24286 ($ff) from module gold.
Setting constant 0-bit at position 23 on $auto$clk2fflogic.cc:207:execute$24286 ($ff) from module gold.
Setting constant 0-bit at position 24 on $auto$clk2fflogic.cc:207:execute$24286 ($ff) from module gold.
Setting constant 0-bit at position 26 on $auto$clk2fflogic.cc:207:execute$24286 ($ff) from module gold.
Setting constant 0-bit at position 27 on $auto$clk2fflogic.cc:207:execute$24286 ($ff) from module gold.
Setting constant 0-bit at position 28 on $auto$clk2fflogic.cc:207:execute$24286 ($ff) from module gold.
Setting constant 0-bit at position 29 on $auto$clk2fflogic.cc:207:execute$24286 ($ff) from module gold.
Setting constant 0-bit at position 30 on $auto$clk2fflogic.cc:207:execute$24286 ($ff) from module gold.
Setting constant 0-bit at position 31 on $auto$clk2fflogic.cc:207:execute$24286 ($ff) from module gold.
Setting constant 0-bit at position 0 on $auto$clk2fflogic.cc:207:execute$24274 ($ff) from module gold.
Setting constant 0-bit at position 1 on $auto$clk2fflogic.cc:207:execute$24274 ($ff) from module gold.
Setting constant 0-bit at position 2 on $auto$clk2fflogic.cc:207:execute$24274 ($ff) from module gold.
Setting constant 0-bit at position 3 on $auto$clk2fflogic.cc:207:execute$24274 ($ff) from module gold.
Setting constant 0-bit at position 4 on $auto$clk2fflogic.cc:207:execute$24274 ($ff) from module gold.
Setting constant 0-bit at position 5 on $auto$clk2fflogic.cc:207:execute$24274 ($ff) from module gold.
Setting constant 0-bit at position 6 on $auto$clk2fflogic.cc:207:execute$24274 ($ff) from module gold.
Setting constant 0-bit at position 7 on $auto$clk2fflogic.cc:207:execute$24274 ($ff) from module gold.
Setting constant 0-bit at position 8 on $auto$clk2fflogic.cc:207:execute$24274 ($ff) from module gold.
Setting constant 0-bit at position 9 on $auto$clk2fflogic.cc:207:execute$24274 ($ff) from module gold.
Setting constant 0-bit at position 10 on $auto$clk2fflogic.cc:207:execute$24274 ($ff) from module gold.
Setting constant 0-bit at position 11 on $auto$clk2fflogic.cc:207:execute$24274 ($ff) from module gold.
Setting constant 0-bit at position 12 on $auto$clk2fflogic.cc:207:execute$24274 ($ff) from module gold.
Setting constant 0-bit at position 13 on $auto$clk2fflogic.cc:207:execute$24274 ($ff) from module gold.
Setting constant 0-bit at position 14 on $auto$clk2fflogic.cc:207:execute$24274 ($ff) from module gold.
Setting constant 0-bit at position 15 on $auto$clk2fflogic.cc:207:execute$24274 ($ff) from module gold.
Setting constant 0-bit at position 16 on $auto$clk2fflogic.cc:207:execute$24274 ($ff) from module gold.
Setting constant 0-bit at position 17 on $auto$clk2fflogic.cc:207:execute$24274 ($ff) from module gold.
Setting constant 0-bit at position 18 on $auto$clk2fflogic.cc:207:execute$24274 ($ff) from module gold.
Setting constant 0-bit at position 19 on $auto$clk2fflogic.cc:207:execute$24274 ($ff) from module gold.
Setting constant 0-bit at position 20 on $auto$clk2fflogic.cc:207:execute$24274 ($ff) from module gold.
Setting constant 0-bit at position 21 on $auto$clk2fflogic.cc:207:execute$24274 ($ff) from module gold.
Setting constant 0-bit at position 22 on $auto$clk2fflogic.cc:207:execute$24274 ($ff) from module gold.
Setting constant 0-bit at position 23 on $auto$clk2fflogic.cc:207:execute$24274 ($ff) from module gold.
Setting constant 0-bit at position 25 on $auto$clk2fflogic.cc:207:execute$24274 ($ff) from module gold.
Setting constant 0-bit at position 26 on $auto$clk2fflogic.cc:207:execute$24274 ($ff) from module gold.
Setting constant 0-bit at position 27 on $auto$clk2fflogic.cc:207:execute$24274 ($ff) from module gold.
Setting constant 0-bit at position 28 on $auto$clk2fflogic.cc:207:execute$24274 ($ff) from module gold.
Setting constant 0-bit at position 29 on $auto$clk2fflogic.cc:207:execute$24274 ($ff) from module gold.
Setting constant 0-bit at position 30 on $auto$clk2fflogic.cc:207:execute$24274 ($ff) from module gold.
Setting constant 0-bit at position 31 on $auto$clk2fflogic.cc:207:execute$24274 ($ff) from module gold.
Setting constant 0-bit at position 0 on $auto$clk2fflogic.cc:207:execute$24262 ($ff) from module gold.
Setting constant 0-bit at position 1 on $auto$clk2fflogic.cc:207:execute$24262 ($ff) from module gold.
Setting constant 0-bit at position 2 on $auto$clk2fflogic.cc:207:execute$24262 ($ff) from module gold.
Setting constant 0-bit at position 3 on $auto$clk2fflogic.cc:207:execute$24262 ($ff) from module gold.
Setting constant 0-bit at position 4 on $auto$clk2fflogic.cc:207:execute$24262 ($ff) from module gold.
Setting constant 0-bit at position 5 on $auto$clk2fflogic.cc:207:execute$24262 ($ff) from module gold.
Setting constant 0-bit at position 6 on $auto$clk2fflogic.cc:207:execute$24262 ($ff) from module gold.
Setting constant 0-bit at position 7 on $auto$clk2fflogic.cc:207:execute$24262 ($ff) from module gold.
Setting constant 0-bit at position 8 on $auto$clk2fflogic.cc:207:execute$24262 ($ff) from module gold.
Setting constant 0-bit at position 9 on $auto$clk2fflogic.cc:207:execute$24262 ($ff) from module gold.
Setting constant 0-bit at position 10 on $auto$clk2fflogic.cc:207:execute$24262 ($ff) from module gold.
Setting constant 0-bit at position 11 on $auto$clk2fflogic.cc:207:execute$24262 ($ff) from module gold.
Setting constant 0-bit at position 12 on $auto$clk2fflogic.cc:207:execute$24262 ($ff) from module gold.
Setting constant 0-bit at position 13 on $auto$clk2fflogic.cc:207:execute$24262 ($ff) from module gold.
Setting constant 0-bit at position 14 on $auto$clk2fflogic.cc:207:execute$24262 ($ff) from module gold.
Setting constant 0-bit at position 15 on $auto$clk2fflogic.cc:207:execute$24262 ($ff) from module gold.
Setting constant 0-bit at position 16 on $auto$clk2fflogic.cc:207:execute$24262 ($ff) from module gold.
Setting constant 0-bit at position 17 on $auto$clk2fflogic.cc:207:execute$24262 ($ff) from module gold.
Setting constant 0-bit at position 18 on $auto$clk2fflogic.cc:207:execute$24262 ($ff) from module gold.
Setting constant 0-bit at position 19 on $auto$clk2fflogic.cc:207:execute$24262 ($ff) from module gold.
Setting constant 0-bit at position 20 on $auto$clk2fflogic.cc:207:execute$24262 ($ff) from module gold.
Setting constant 0-bit at position 21 on $auto$clk2fflogic.cc:207:execute$24262 ($ff) from module gold.
Setting constant 0-bit at position 22 on $auto$clk2fflogic.cc:207:execute$24262 ($ff) from module gold.
Setting constant 0-bit at position 24 on $auto$clk2fflogic.cc:207:execute$24262 ($ff) from module gold.
Setting constant 0-bit at position 25 on $auto$clk2fflogic.cc:207:execute$24262 ($ff) from module gold.
Setting constant 0-bit at position 26 on $auto$clk2fflogic.cc:207:execute$24262 ($ff) from module gold.
Setting constant 0-bit at position 27 on $auto$clk2fflogic.cc:207:execute$24262 ($ff) from module gold.
Setting constant 0-bit at position 28 on $auto$clk2fflogic.cc:207:execute$24262 ($ff) from module gold.
Setting constant 0-bit at position 29 on $auto$clk2fflogic.cc:207:execute$24262 ($ff) from module gold.
Setting constant 0-bit at position 30 on $auto$clk2fflogic.cc:207:execute$24262 ($ff) from module gold.
Setting constant 0-bit at position 31 on $auto$clk2fflogic.cc:207:execute$24262 ($ff) from module gold.
Setting constant 0-bit at position 0 on $auto$clk2fflogic.cc:207:execute$24250 ($ff) from module gold.
Setting constant 0-bit at position 1 on $auto$clk2fflogic.cc:207:execute$24250 ($ff) from module gold.
Setting constant 0-bit at position 2 on $auto$clk2fflogic.cc:207:execute$24250 ($ff) from module gold.
Setting constant 0-bit at position 3 on $auto$clk2fflogic.cc:207:execute$24250 ($ff) from module gold.
Setting constant 0-bit at position 4 on $auto$clk2fflogic.cc:207:execute$24250 ($ff) from module gold.
Setting constant 0-bit at position 5 on $auto$clk2fflogic.cc:207:execute$24250 ($ff) from module gold.
Setting constant 0-bit at position 6 on $auto$clk2fflogic.cc:207:execute$24250 ($ff) from module gold.
Setting constant 0-bit at position 7 on $auto$clk2fflogic.cc:207:execute$24250 ($ff) from module gold.
Setting constant 0-bit at position 8 on $auto$clk2fflogic.cc:207:execute$24250 ($ff) from module gold.
Setting constant 0-bit at position 9 on $auto$clk2fflogic.cc:207:execute$24250 ($ff) from module gold.
Setting constant 0-bit at position 10 on $auto$clk2fflogic.cc:207:execute$24250 ($ff) from module gold.
Setting constant 0-bit at position 11 on $auto$clk2fflogic.cc:207:execute$24250 ($ff) from module gold.
Setting constant 0-bit at position 12 on $auto$clk2fflogic.cc:207:execute$24250 ($ff) from module gold.
Setting constant 0-bit at position 13 on $auto$clk2fflogic.cc:207:execute$24250 ($ff) from module gold.
Setting constant 0-bit at position 14 on $auto$clk2fflogic.cc:207:execute$24250 ($ff) from module gold.
Setting constant 0-bit at position 15 on $auto$clk2fflogic.cc:207:execute$24250 ($ff) from module gold.
Setting constant 0-bit at position 16 on $auto$clk2fflogic.cc:207:execute$24250 ($ff) from module gold.
Setting constant 0-bit at position 17 on $auto$clk2fflogic.cc:207:execute$24250 ($ff) from module gold.
Setting constant 0-bit at position 18 on $auto$clk2fflogic.cc:207:execute$24250 ($ff) from module gold.
Setting constant 0-bit at position 19 on $auto$clk2fflogic.cc:207:execute$24250 ($ff) from module gold.
Setting constant 0-bit at position 20 on $auto$clk2fflogic.cc:207:execute$24250 ($ff) from module gold.
Setting constant 0-bit at position 21 on $auto$clk2fflogic.cc:207:execute$24250 ($ff) from module gold.
Setting constant 0-bit at position 23 on $auto$clk2fflogic.cc:207:execute$24250 ($ff) from module gold.
Setting constant 0-bit at position 24 on $auto$clk2fflogic.cc:207:execute$24250 ($ff) from module gold.
Setting constant 0-bit at position 25 on $auto$clk2fflogic.cc:207:execute$24250 ($ff) from module gold.
Setting constant 0-bit at position 26 on $auto$clk2fflogic.cc:207:execute$24250 ($ff) from module gold.
Setting constant 0-bit at position 27 on $auto$clk2fflogic.cc:207:execute$24250 ($ff) from module gold.
Setting constant 0-bit at position 28 on $auto$clk2fflogic.cc:207:execute$24250 ($ff) from module gold.
Setting constant 0-bit at position 29 on $auto$clk2fflogic.cc:207:execute$24250 ($ff) from module gold.
Setting constant 0-bit at position 30 on $auto$clk2fflogic.cc:207:execute$24250 ($ff) from module gold.
Setting constant 0-bit at position 31 on $auto$clk2fflogic.cc:207:execute$24250 ($ff) from module gold.
Setting constant 0-bit at position 0 on $auto$clk2fflogic.cc:207:execute$24238 ($ff) from module gold.
Setting constant 0-bit at position 1 on $auto$clk2fflogic.cc:207:execute$24238 ($ff) from module gold.
Setting constant 0-bit at position 2 on $auto$clk2fflogic.cc:207:execute$24238 ($ff) from module gold.
Setting constant 0-bit at position 3 on $auto$clk2fflogic.cc:207:execute$24238 ($ff) from module gold.
Setting constant 0-bit at position 4 on $auto$clk2fflogic.cc:207:execute$24238 ($ff) from module gold.
Setting constant 0-bit at position 5 on $auto$clk2fflogic.cc:207:execute$24238 ($ff) from module gold.
Setting constant 0-bit at position 6 on $auto$clk2fflogic.cc:207:execute$24238 ($ff) from module gold.
Setting constant 0-bit at position 7 on $auto$clk2fflogic.cc:207:execute$24238 ($ff) from module gold.
Setting constant 0-bit at position 8 on $auto$clk2fflogic.cc:207:execute$24238 ($ff) from module gold.
Setting constant 0-bit at position 9 on $auto$clk2fflogic.cc:207:execute$24238 ($ff) from module gold.
Setting constant 0-bit at position 10 on $auto$clk2fflogic.cc:207:execute$24238 ($ff) from module gold.
Setting constant 0-bit at position 11 on $auto$clk2fflogic.cc:207:execute$24238 ($ff) from module gold.
Setting constant 0-bit at position 12 on $auto$clk2fflogic.cc:207:execute$24238 ($ff) from module gold.
Setting constant 0-bit at position 13 on $auto$clk2fflogic.cc:207:execute$24238 ($ff) from module gold.
Setting constant 0-bit at position 14 on $auto$clk2fflogic.cc:207:execute$24238 ($ff) from module gold.
Setting constant 0-bit at position 15 on $auto$clk2fflogic.cc:207:execute$24238 ($ff) from module gold.
Setting constant 0-bit at position 16 on $auto$clk2fflogic.cc:207:execute$24238 ($ff) from module gold.
Setting constant 0-bit at position 17 on $auto$clk2fflogic.cc:207:execute$24238 ($ff) from module gold.
Setting constant 0-bit at position 18 on $auto$clk2fflogic.cc:207:execute$24238 ($ff) from module gold.
Setting constant 0-bit at position 19 on $auto$clk2fflogic.cc:207:execute$24238 ($ff) from module gold.
Setting constant 0-bit at position 20 on $auto$clk2fflogic.cc:207:execute$24238 ($ff) from module gold.
Setting constant 0-bit at position 22 on $auto$clk2fflogic.cc:207:execute$24238 ($ff) from module gold.
Setting constant 0-bit at position 23 on $auto$clk2fflogic.cc:207:execute$24238 ($ff) from module gold.
Setting constant 0-bit at position 24 on $auto$clk2fflogic.cc:207:execute$24238 ($ff) from module gold.
Setting constant 0-bit at position 25 on $auto$clk2fflogic.cc:207:execute$24238 ($ff) from module gold.
Setting constant 0-bit at position 26 on $auto$clk2fflogic.cc:207:execute$24238 ($ff) from module gold.
Setting constant 0-bit at position 27 on $auto$clk2fflogic.cc:207:execute$24238 ($ff) from module gold.
Setting constant 0-bit at position 28 on $auto$clk2fflogic.cc:207:execute$24238 ($ff) from module gold.
Setting constant 0-bit at position 29 on $auto$clk2fflogic.cc:207:execute$24238 ($ff) from module gold.
Setting constant 0-bit at position 30 on $auto$clk2fflogic.cc:207:execute$24238 ($ff) from module gold.
Setting constant 0-bit at position 31 on $auto$clk2fflogic.cc:207:execute$24238 ($ff) from module gold.
Setting constant 0-bit at position 0 on $auto$clk2fflogic.cc:207:execute$24226 ($ff) from module gold.
Setting constant 0-bit at position 1 on $auto$clk2fflogic.cc:207:execute$24226 ($ff) from module gold.
Setting constant 0-bit at position 2 on $auto$clk2fflogic.cc:207:execute$24226 ($ff) from module gold.
Setting constant 0-bit at position 3 on $auto$clk2fflogic.cc:207:execute$24226 ($ff) from module gold.
Setting constant 0-bit at position 4 on $auto$clk2fflogic.cc:207:execute$24226 ($ff) from module gold.
Setting constant 0-bit at position 5 on $auto$clk2fflogic.cc:207:execute$24226 ($ff) from module gold.
Setting constant 0-bit at position 6 on $auto$clk2fflogic.cc:207:execute$24226 ($ff) from module gold.
Setting constant 0-bit at position 7 on $auto$clk2fflogic.cc:207:execute$24226 ($ff) from module gold.
Setting constant 0-bit at position 8 on $auto$clk2fflogic.cc:207:execute$24226 ($ff) from module gold.
Setting constant 0-bit at position 9 on $auto$clk2fflogic.cc:207:execute$24226 ($ff) from module gold.
Setting constant 0-bit at position 10 on $auto$clk2fflogic.cc:207:execute$24226 ($ff) from module gold.
Setting constant 0-bit at position 11 on $auto$clk2fflogic.cc:207:execute$24226 ($ff) from module gold.
Setting constant 0-bit at position 12 on $auto$clk2fflogic.cc:207:execute$24226 ($ff) from module gold.
Setting constant 0-bit at position 13 on $auto$clk2fflogic.cc:207:execute$24226 ($ff) from module gold.
Setting constant 0-bit at position 14 on $auto$clk2fflogic.cc:207:execute$24226 ($ff) from module gold.
Setting constant 0-bit at position 15 on $auto$clk2fflogic.cc:207:execute$24226 ($ff) from module gold.
Setting constant 0-bit at position 16 on $auto$clk2fflogic.cc:207:execute$24226 ($ff) from module gold.
Setting constant 0-bit at position 17 on $auto$clk2fflogic.cc:207:execute$24226 ($ff) from module gold.
Setting constant 0-bit at position 18 on $auto$clk2fflogic.cc:207:execute$24226 ($ff) from module gold.
Setting constant 0-bit at position 19 on $auto$clk2fflogic.cc:207:execute$24226 ($ff) from module gold.
Setting constant 0-bit at position 21 on $auto$clk2fflogic.cc:207:execute$24226 ($ff) from module gold.
Setting constant 0-bit at position 22 on $auto$clk2fflogic.cc:207:execute$24226 ($ff) from module gold.
Setting constant 0-bit at position 23 on $auto$clk2fflogic.cc:207:execute$24226 ($ff) from module gold.
Setting constant 0-bit at position 24 on $auto$clk2fflogic.cc:207:execute$24226 ($ff) from module gold.
Setting constant 0-bit at position 25 on $auto$clk2fflogic.cc:207:execute$24226 ($ff) from module gold.
Setting constant 0-bit at position 26 on $auto$clk2fflogic.cc:207:execute$24226 ($ff) from module gold.
Setting constant 0-bit at position 27 on $auto$clk2fflogic.cc:207:execute$24226 ($ff) from module gold.
Setting constant 0-bit at position 28 on $auto$clk2fflogic.cc:207:execute$24226 ($ff) from module gold.
Setting constant 0-bit at position 29 on $auto$clk2fflogic.cc:207:execute$24226 ($ff) from module gold.
Setting constant 0-bit at position 30 on $auto$clk2fflogic.cc:207:execute$24226 ($ff) from module gold.
Setting constant 0-bit at position 31 on $auto$clk2fflogic.cc:207:execute$24226 ($ff) from module gold.
Setting constant 0-bit at position 0 on $auto$clk2fflogic.cc:207:execute$24214 ($ff) from module gold.
Setting constant 0-bit at position 1 on $auto$clk2fflogic.cc:207:execute$24214 ($ff) from module gold.
Setting constant 0-bit at position 2 on $auto$clk2fflogic.cc:207:execute$24214 ($ff) from module gold.
Setting constant 0-bit at position 3 on $auto$clk2fflogic.cc:207:execute$24214 ($ff) from module gold.
Setting constant 0-bit at position 4 on $auto$clk2fflogic.cc:207:execute$24214 ($ff) from module gold.
Setting constant 0-bit at position 5 on $auto$clk2fflogic.cc:207:execute$24214 ($ff) from module gold.
Setting constant 0-bit at position 6 on $auto$clk2fflogic.cc:207:execute$24214 ($ff) from module gold.
Setting constant 0-bit at position 7 on $auto$clk2fflogic.cc:207:execute$24214 ($ff) from module gold.
Setting constant 0-bit at position 8 on $auto$clk2fflogic.cc:207:execute$24214 ($ff) from module gold.
Setting constant 0-bit at position 9 on $auto$clk2fflogic.cc:207:execute$24214 ($ff) from module gold.
Setting constant 0-bit at position 10 on $auto$clk2fflogic.cc:207:execute$24214 ($ff) from module gold.
Setting constant 0-bit at position 11 on $auto$clk2fflogic.cc:207:execute$24214 ($ff) from module gold.
Setting constant 0-bit at position 12 on $auto$clk2fflogic.cc:207:execute$24214 ($ff) from module gold.
Setting constant 0-bit at position 13 on $auto$clk2fflogic.cc:207:execute$24214 ($ff) from module gold.
Setting constant 0-bit at position 14 on $auto$clk2fflogic.cc:207:execute$24214 ($ff) from module gold.
Setting constant 0-bit at position 15 on $auto$clk2fflogic.cc:207:execute$24214 ($ff) from module gold.
Setting constant 0-bit at position 16 on $auto$clk2fflogic.cc:207:execute$24214 ($ff) from module gold.
Setting constant 0-bit at position 17 on $auto$clk2fflogic.cc:207:execute$24214 ($ff) from module gold.
Setting constant 0-bit at position 18 on $auto$clk2fflogic.cc:207:execute$24214 ($ff) from module gold.
Setting constant 0-bit at position 20 on $auto$clk2fflogic.cc:207:execute$24214 ($ff) from module gold.
Setting constant 0-bit at position 21 on $auto$clk2fflogic.cc:207:execute$24214 ($ff) from module gold.
Setting constant 0-bit at position 22 on $auto$clk2fflogic.cc:207:execute$24214 ($ff) from module gold.
Setting constant 0-bit at position 23 on $auto$clk2fflogic.cc:207:execute$24214 ($ff) from module gold.
Setting constant 0-bit at position 24 on $auto$clk2fflogic.cc:207:execute$24214 ($ff) from module gold.
Setting constant 0-bit at position 25 on $auto$clk2fflogic.cc:207:execute$24214 ($ff) from module gold.
Setting constant 0-bit at position 26 on $auto$clk2fflogic.cc:207:execute$24214 ($ff) from module gold.
Setting constant 0-bit at position 27 on $auto$clk2fflogic.cc:207:execute$24214 ($ff) from module gold.
Setting constant 0-bit at position 28 on $auto$clk2fflogic.cc:207:execute$24214 ($ff) from module gold.
Setting constant 0-bit at position 29 on $auto$clk2fflogic.cc:207:execute$24214 ($ff) from module gold.
Setting constant 0-bit at position 30 on $auto$clk2fflogic.cc:207:execute$24214 ($ff) from module gold.
Setting constant 0-bit at position 31 on $auto$clk2fflogic.cc:207:execute$24214 ($ff) from module gold.
Setting constant 0-bit at position 0 on $auto$clk2fflogic.cc:207:execute$24202 ($ff) from module gold.
Setting constant 0-bit at position 1 on $auto$clk2fflogic.cc:207:execute$24202 ($ff) from module gold.
Setting constant 0-bit at position 2 on $auto$clk2fflogic.cc:207:execute$24202 ($ff) from module gold.
Setting constant 0-bit at position 3 on $auto$clk2fflogic.cc:207:execute$24202 ($ff) from module gold.
Setting constant 0-bit at position 4 on $auto$clk2fflogic.cc:207:execute$24202 ($ff) from module gold.
Setting constant 0-bit at position 5 on $auto$clk2fflogic.cc:207:execute$24202 ($ff) from module gold.
Setting constant 0-bit at position 6 on $auto$clk2fflogic.cc:207:execute$24202 ($ff) from module gold.
Setting constant 0-bit at position 7 on $auto$clk2fflogic.cc:207:execute$24202 ($ff) from module gold.
Setting constant 0-bit at position 8 on $auto$clk2fflogic.cc:207:execute$24202 ($ff) from module gold.
Setting constant 0-bit at position 9 on $auto$clk2fflogic.cc:207:execute$24202 ($ff) from module gold.
Setting constant 0-bit at position 10 on $auto$clk2fflogic.cc:207:execute$24202 ($ff) from module gold.
Setting constant 0-bit at position 11 on $auto$clk2fflogic.cc:207:execute$24202 ($ff) from module gold.
Setting constant 0-bit at position 12 on $auto$clk2fflogic.cc:207:execute$24202 ($ff) from module gold.
Setting constant 0-bit at position 13 on $auto$clk2fflogic.cc:207:execute$24202 ($ff) from module gold.
Setting constant 0-bit at position 14 on $auto$clk2fflogic.cc:207:execute$24202 ($ff) from module gold.
Setting constant 0-bit at position 15 on $auto$clk2fflogic.cc:207:execute$24202 ($ff) from module gold.
Setting constant 0-bit at position 16 on $auto$clk2fflogic.cc:207:execute$24202 ($ff) from module gold.
Setting constant 0-bit at position 17 on $auto$clk2fflogic.cc:207:execute$24202 ($ff) from module gold.
Setting constant 0-bit at position 19 on $auto$clk2fflogic.cc:207:execute$24202 ($ff) from module gold.
Setting constant 0-bit at position 20 on $auto$clk2fflogic.cc:207:execute$24202 ($ff) from module gold.
Setting constant 0-bit at position 21 on $auto$clk2fflogic.cc:207:execute$24202 ($ff) from module gold.
Setting constant 0-bit at position 22 on $auto$clk2fflogic.cc:207:execute$24202 ($ff) from module gold.
Setting constant 0-bit at position 23 on $auto$clk2fflogic.cc:207:execute$24202 ($ff) from module gold.
Setting constant 0-bit at position 24 on $auto$clk2fflogic.cc:207:execute$24202 ($ff) from module gold.
Setting constant 0-bit at position 25 on $auto$clk2fflogic.cc:207:execute$24202 ($ff) from module gold.
Setting constant 0-bit at position 26 on $auto$clk2fflogic.cc:207:execute$24202 ($ff) from module gold.
Setting constant 0-bit at position 27 on $auto$clk2fflogic.cc:207:execute$24202 ($ff) from module gold.
Setting constant 0-bit at position 28 on $auto$clk2fflogic.cc:207:execute$24202 ($ff) from module gold.
Setting constant 0-bit at position 29 on $auto$clk2fflogic.cc:207:execute$24202 ($ff) from module gold.
Setting constant 0-bit at position 30 on $auto$clk2fflogic.cc:207:execute$24202 ($ff) from module gold.
Setting constant 0-bit at position 31 on $auto$clk2fflogic.cc:207:execute$24202 ($ff) from module gold.
Setting constant 0-bit at position 0 on $auto$clk2fflogic.cc:207:execute$24190 ($ff) from module gold.
Setting constant 0-bit at position 1 on $auto$clk2fflogic.cc:207:execute$24190 ($ff) from module gold.
Setting constant 0-bit at position 2 on $auto$clk2fflogic.cc:207:execute$24190 ($ff) from module gold.
Setting constant 0-bit at position 3 on $auto$clk2fflogic.cc:207:execute$24190 ($ff) from module gold.
Setting constant 0-bit at position 4 on $auto$clk2fflogic.cc:207:execute$24190 ($ff) from module gold.
Setting constant 0-bit at position 5 on $auto$clk2fflogic.cc:207:execute$24190 ($ff) from module gold.
Setting constant 0-bit at position 6 on $auto$clk2fflogic.cc:207:execute$24190 ($ff) from module gold.
Setting constant 0-bit at position 7 on $auto$clk2fflogic.cc:207:execute$24190 ($ff) from module gold.
Setting constant 0-bit at position 8 on $auto$clk2fflogic.cc:207:execute$24190 ($ff) from module gold.
Setting constant 0-bit at position 9 on $auto$clk2fflogic.cc:207:execute$24190 ($ff) from module gold.
Setting constant 0-bit at position 10 on $auto$clk2fflogic.cc:207:execute$24190 ($ff) from module gold.
Setting constant 0-bit at position 11 on $auto$clk2fflogic.cc:207:execute$24190 ($ff) from module gold.
Setting constant 0-bit at position 12 on $auto$clk2fflogic.cc:207:execute$24190 ($ff) from module gold.
Setting constant 0-bit at position 13 on $auto$clk2fflogic.cc:207:execute$24190 ($ff) from module gold.
Setting constant 0-bit at position 14 on $auto$clk2fflogic.cc:207:execute$24190 ($ff) from module gold.
Setting constant 0-bit at position 15 on $auto$clk2fflogic.cc:207:execute$24190 ($ff) from module gold.
Setting constant 0-bit at position 16 on $auto$clk2fflogic.cc:207:execute$24190 ($ff) from module gold.
Setting constant 0-bit at position 18 on $auto$clk2fflogic.cc:207:execute$24190 ($ff) from module gold.
Setting constant 0-bit at position 19 on $auto$clk2fflogic.cc:207:execute$24190 ($ff) from module gold.
Setting constant 0-bit at position 20 on $auto$clk2fflogic.cc:207:execute$24190 ($ff) from module gold.
Setting constant 0-bit at position 21 on $auto$clk2fflogic.cc:207:execute$24190 ($ff) from module gold.
Setting constant 0-bit at position 22 on $auto$clk2fflogic.cc:207:execute$24190 ($ff) from module gold.
Setting constant 0-bit at position 23 on $auto$clk2fflogic.cc:207:execute$24190 ($ff) from module gold.
Setting constant 0-bit at position 24 on $auto$clk2fflogic.cc:207:execute$24190 ($ff) from module gold.
Setting constant 0-bit at position 25 on $auto$clk2fflogic.cc:207:execute$24190 ($ff) from module gold.
Setting constant 0-bit at position 26 on $auto$clk2fflogic.cc:207:execute$24190 ($ff) from module gold.
Setting constant 0-bit at position 27 on $auto$clk2fflogic.cc:207:execute$24190 ($ff) from module gold.
Setting constant 0-bit at position 28 on $auto$clk2fflogic.cc:207:execute$24190 ($ff) from module gold.
Setting constant 0-bit at position 29 on $auto$clk2fflogic.cc:207:execute$24190 ($ff) from module gold.
Setting constant 0-bit at position 30 on $auto$clk2fflogic.cc:207:execute$24190 ($ff) from module gold.
Setting constant 0-bit at position 31 on $auto$clk2fflogic.cc:207:execute$24190 ($ff) from module gold.
Setting constant 0-bit at position 0 on $auto$clk2fflogic.cc:207:execute$24178 ($ff) from module gold.
Setting constant 0-bit at position 1 on $auto$clk2fflogic.cc:207:execute$24178 ($ff) from module gold.
Setting constant 0-bit at position 2 on $auto$clk2fflogic.cc:207:execute$24178 ($ff) from module gold.
Setting constant 0-bit at position 3 on $auto$clk2fflogic.cc:207:execute$24178 ($ff) from module gold.
Setting constant 0-bit at position 4 on $auto$clk2fflogic.cc:207:execute$24178 ($ff) from module gold.
Setting constant 0-bit at position 5 on $auto$clk2fflogic.cc:207:execute$24178 ($ff) from module gold.
Setting constant 0-bit at position 6 on $auto$clk2fflogic.cc:207:execute$24178 ($ff) from module gold.
Setting constant 0-bit at position 7 on $auto$clk2fflogic.cc:207:execute$24178 ($ff) from module gold.
Setting constant 0-bit at position 8 on $auto$clk2fflogic.cc:207:execute$24178 ($ff) from module gold.
Setting constant 0-bit at position 9 on $auto$clk2fflogic.cc:207:execute$24178 ($ff) from module gold.
Setting constant 0-bit at position 10 on $auto$clk2fflogic.cc:207:execute$24178 ($ff) from module gold.
Setting constant 0-bit at position 11 on $auto$clk2fflogic.cc:207:execute$24178 ($ff) from module gold.
Setting constant 0-bit at position 12 on $auto$clk2fflogic.cc:207:execute$24178 ($ff) from module gold.
Setting constant 0-bit at position 13 on $auto$clk2fflogic.cc:207:execute$24178 ($ff) from module gold.
Setting constant 0-bit at position 14 on $auto$clk2fflogic.cc:207:execute$24178 ($ff) from module gold.
Setting constant 0-bit at position 15 on $auto$clk2fflogic.cc:207:execute$24178 ($ff) from module gold.
Setting constant 0-bit at position 17 on $auto$clk2fflogic.cc:207:execute$24178 ($ff) from module gold.
Setting constant 0-bit at position 18 on $auto$clk2fflogic.cc:207:execute$24178 ($ff) from module gold.
Setting constant 0-bit at position 19 on $auto$clk2fflogic.cc:207:execute$24178 ($ff) from module gold.
Setting constant 0-bit at position 20 on $auto$clk2fflogic.cc:207:execute$24178 ($ff) from module gold.
Setting constant 0-bit at position 21 on $auto$clk2fflogic.cc:207:execute$24178 ($ff) from module gold.
Setting constant 0-bit at position 22 on $auto$clk2fflogic.cc:207:execute$24178 ($ff) from module gold.
Setting constant 0-bit at position 23 on $auto$clk2fflogic.cc:207:execute$24178 ($ff) from module gold.
Setting constant 0-bit at position 24 on $auto$clk2fflogic.cc:207:execute$24178 ($ff) from module gold.
Setting constant 0-bit at position 25 on $auto$clk2fflogic.cc:207:execute$24178 ($ff) from module gold.
Setting constant 0-bit at position 26 on $auto$clk2fflogic.cc:207:execute$24178 ($ff) from module gold.
Setting constant 0-bit at position 27 on $auto$clk2fflogic.cc:207:execute$24178 ($ff) from module gold.
Setting constant 0-bit at position 28 on $auto$clk2fflogic.cc:207:execute$24178 ($ff) from module gold.
Setting constant 0-bit at position 29 on $auto$clk2fflogic.cc:207:execute$24178 ($ff) from module gold.
Setting constant 0-bit at position 30 on $auto$clk2fflogic.cc:207:execute$24178 ($ff) from module gold.
Setting constant 0-bit at position 31 on $auto$clk2fflogic.cc:207:execute$24178 ($ff) from module gold.
Setting constant 0-bit at position 0 on $auto$clk2fflogic.cc:207:execute$24166 ($ff) from module gold.
Setting constant 0-bit at position 1 on $auto$clk2fflogic.cc:207:execute$24166 ($ff) from module gold.
Setting constant 0-bit at position 2 on $auto$clk2fflogic.cc:207:execute$24166 ($ff) from module gold.
Setting constant 0-bit at position 3 on $auto$clk2fflogic.cc:207:execute$24166 ($ff) from module gold.
Setting constant 0-bit at position 4 on $auto$clk2fflogic.cc:207:execute$24166 ($ff) from module gold.
Setting constant 0-bit at position 5 on $auto$clk2fflogic.cc:207:execute$24166 ($ff) from module gold.
Setting constant 0-bit at position 6 on $auto$clk2fflogic.cc:207:execute$24166 ($ff) from module gold.
Setting constant 0-bit at position 7 on $auto$clk2fflogic.cc:207:execute$24166 ($ff) from module gold.
Setting constant 0-bit at position 8 on $auto$clk2fflogic.cc:207:execute$24166 ($ff) from module gold.
Setting constant 0-bit at position 9 on $auto$clk2fflogic.cc:207:execute$24166 ($ff) from module gold.
Setting constant 0-bit at position 10 on $auto$clk2fflogic.cc:207:execute$24166 ($ff) from module gold.
Setting constant 0-bit at position 11 on $auto$clk2fflogic.cc:207:execute$24166 ($ff) from module gold.
Setting constant 0-bit at position 12 on $auto$clk2fflogic.cc:207:execute$24166 ($ff) from module gold.
Setting constant 0-bit at position 13 on $auto$clk2fflogic.cc:207:execute$24166 ($ff) from module gold.
Setting constant 0-bit at position 14 on $auto$clk2fflogic.cc:207:execute$24166 ($ff) from module gold.
Setting constant 0-bit at position 16 on $auto$clk2fflogic.cc:207:execute$24166 ($ff) from module gold.
Setting constant 0-bit at position 17 on $auto$clk2fflogic.cc:207:execute$24166 ($ff) from module gold.
Setting constant 0-bit at position 18 on $auto$clk2fflogic.cc:207:execute$24166 ($ff) from module gold.
Setting constant 0-bit at position 19 on $auto$clk2fflogic.cc:207:execute$24166 ($ff) from module gold.
Setting constant 0-bit at position 20 on $auto$clk2fflogic.cc:207:execute$24166 ($ff) from module gold.
Setting constant 0-bit at position 21 on $auto$clk2fflogic.cc:207:execute$24166 ($ff) from module gold.
Setting constant 0-bit at position 22 on $auto$clk2fflogic.cc:207:execute$24166 ($ff) from module gold.
Setting constant 0-bit at position 23 on $auto$clk2fflogic.cc:207:execute$24166 ($ff) from module gold.
Setting constant 0-bit at position 24 on $auto$clk2fflogic.cc:207:execute$24166 ($ff) from module gold.
Setting constant 0-bit at position 25 on $auto$clk2fflogic.cc:207:execute$24166 ($ff) from module gold.
Setting constant 0-bit at position 26 on $auto$clk2fflogic.cc:207:execute$24166 ($ff) from module gold.
Setting constant 0-bit at position 27 on $auto$clk2fflogic.cc:207:execute$24166 ($ff) from module gold.
Setting constant 0-bit at position 28 on $auto$clk2fflogic.cc:207:execute$24166 ($ff) from module gold.
Setting constant 0-bit at position 29 on $auto$clk2fflogic.cc:207:execute$24166 ($ff) from module gold.
Setting constant 0-bit at position 30 on $auto$clk2fflogic.cc:207:execute$24166 ($ff) from module gold.
Setting constant 0-bit at position 31 on $auto$clk2fflogic.cc:207:execute$24166 ($ff) from module gold.
Setting constant 0-bit at position 0 on $auto$clk2fflogic.cc:207:execute$24154 ($ff) from module gold.
Setting constant 0-bit at position 1 on $auto$clk2fflogic.cc:207:execute$24154 ($ff) from module gold.
Setting constant 0-bit at position 2 on $auto$clk2fflogic.cc:207:execute$24154 ($ff) from module gold.
Setting constant 0-bit at position 3 on $auto$clk2fflogic.cc:207:execute$24154 ($ff) from module gold.
Setting constant 0-bit at position 4 on $auto$clk2fflogic.cc:207:execute$24154 ($ff) from module gold.
Setting constant 0-bit at position 5 on $auto$clk2fflogic.cc:207:execute$24154 ($ff) from module gold.
Setting constant 0-bit at position 6 on $auto$clk2fflogic.cc:207:execute$24154 ($ff) from module gold.
Setting constant 0-bit at position 7 on $auto$clk2fflogic.cc:207:execute$24154 ($ff) from module gold.
Setting constant 0-bit at position 8 on $auto$clk2fflogic.cc:207:execute$24154 ($ff) from module gold.
Setting constant 0-bit at position 9 on $auto$clk2fflogic.cc:207:execute$24154 ($ff) from module gold.
Setting constant 0-bit at position 10 on $auto$clk2fflogic.cc:207:execute$24154 ($ff) from module gold.
Setting constant 0-bit at position 11 on $auto$clk2fflogic.cc:207:execute$24154 ($ff) from module gold.
Setting constant 0-bit at position 12 on $auto$clk2fflogic.cc:207:execute$24154 ($ff) from module gold.
Setting constant 0-bit at position 13 on $auto$clk2fflogic.cc:207:execute$24154 ($ff) from module gold.
Setting constant 0-bit at position 15 on $auto$clk2fflogic.cc:207:execute$24154 ($ff) from module gold.
Setting constant 0-bit at position 16 on $auto$clk2fflogic.cc:207:execute$24154 ($ff) from module gold.
Setting constant 0-bit at position 17 on $auto$clk2fflogic.cc:207:execute$24154 ($ff) from module gold.
Setting constant 0-bit at position 18 on $auto$clk2fflogic.cc:207:execute$24154 ($ff) from module gold.
Setting constant 0-bit at position 19 on $auto$clk2fflogic.cc:207:execute$24154 ($ff) from module gold.
Setting constant 0-bit at position 20 on $auto$clk2fflogic.cc:207:execute$24154 ($ff) from module gold.
Setting constant 0-bit at position 21 on $auto$clk2fflogic.cc:207:execute$24154 ($ff) from module gold.
Setting constant 0-bit at position 22 on $auto$clk2fflogic.cc:207:execute$24154 ($ff) from module gold.
Setting constant 0-bit at position 23 on $auto$clk2fflogic.cc:207:execute$24154 ($ff) from module gold.
Setting constant 0-bit at position 24 on $auto$clk2fflogic.cc:207:execute$24154 ($ff) from module gold.
Setting constant 0-bit at position 25 on $auto$clk2fflogic.cc:207:execute$24154 ($ff) from module gold.
Setting constant 0-bit at position 26 on $auto$clk2fflogic.cc:207:execute$24154 ($ff) from module gold.
Setting constant 0-bit at position 27 on $auto$clk2fflogic.cc:207:execute$24154 ($ff) from module gold.
Setting constant 0-bit at position 28 on $auto$clk2fflogic.cc:207:execute$24154 ($ff) from module gold.
Setting constant 0-bit at position 29 on $auto$clk2fflogic.cc:207:execute$24154 ($ff) from module gold.
Setting constant 0-bit at position 30 on $auto$clk2fflogic.cc:207:execute$24154 ($ff) from module gold.
Setting constant 0-bit at position 31 on $auto$clk2fflogic.cc:207:execute$24154 ($ff) from module gold.
Setting constant 0-bit at position 0 on $auto$clk2fflogic.cc:207:execute$24142 ($ff) from module gold.
Setting constant 0-bit at position 1 on $auto$clk2fflogic.cc:207:execute$24142 ($ff) from module gold.
Setting constant 0-bit at position 2 on $auto$clk2fflogic.cc:207:execute$24142 ($ff) from module gold.
Setting constant 0-bit at position 3 on $auto$clk2fflogic.cc:207:execute$24142 ($ff) from module gold.
Setting constant 0-bit at position 4 on $auto$clk2fflogic.cc:207:execute$24142 ($ff) from module gold.
Setting constant 0-bit at position 5 on $auto$clk2fflogic.cc:207:execute$24142 ($ff) from module gold.
Setting constant 0-bit at position 6 on $auto$clk2fflogic.cc:207:execute$24142 ($ff) from module gold.
Setting constant 0-bit at position 7 on $auto$clk2fflogic.cc:207:execute$24142 ($ff) from module gold.
Setting constant 0-bit at position 8 on $auto$clk2fflogic.cc:207:execute$24142 ($ff) from module gold.
Setting constant 0-bit at position 9 on $auto$clk2fflogic.cc:207:execute$24142 ($ff) from module gold.
Setting constant 0-bit at position 10 on $auto$clk2fflogic.cc:207:execute$24142 ($ff) from module gold.
Setting constant 0-bit at position 11 on $auto$clk2fflogic.cc:207:execute$24142 ($ff) from module gold.
Setting constant 0-bit at position 12 on $auto$clk2fflogic.cc:207:execute$24142 ($ff) from module gold.
Setting constant 0-bit at position 14 on $auto$clk2fflogic.cc:207:execute$24142 ($ff) from module gold.
Setting constant 0-bit at position 15 on $auto$clk2fflogic.cc:207:execute$24142 ($ff) from module gold.
Setting constant 0-bit at position 16 on $auto$clk2fflogic.cc:207:execute$24142 ($ff) from module gold.
Setting constant 0-bit at position 17 on $auto$clk2fflogic.cc:207:execute$24142 ($ff) from module gold.
Setting constant 0-bit at position 18 on $auto$clk2fflogic.cc:207:execute$24142 ($ff) from module gold.
Setting constant 0-bit at position 19 on $auto$clk2fflogic.cc:207:execute$24142 ($ff) from module gold.
Setting constant 0-bit at position 20 on $auto$clk2fflogic.cc:207:execute$24142 ($ff) from module gold.
Setting constant 0-bit at position 21 on $auto$clk2fflogic.cc:207:execute$24142 ($ff) from module gold.
Setting constant 0-bit at position 22 on $auto$clk2fflogic.cc:207:execute$24142 ($ff) from module gold.
Setting constant 0-bit at position 23 on $auto$clk2fflogic.cc:207:execute$24142 ($ff) from module gold.
Setting constant 0-bit at position 24 on $auto$clk2fflogic.cc:207:execute$24142 ($ff) from module gold.
Setting constant 0-bit at position 25 on $auto$clk2fflogic.cc:207:execute$24142 ($ff) from module gold.
Setting constant 0-bit at position 26 on $auto$clk2fflogic.cc:207:execute$24142 ($ff) from module gold.
Setting constant 0-bit at position 27 on $auto$clk2fflogic.cc:207:execute$24142 ($ff) from module gold.
Setting constant 0-bit at position 28 on $auto$clk2fflogic.cc:207:execute$24142 ($ff) from module gold.
Setting constant 0-bit at position 29 on $auto$clk2fflogic.cc:207:execute$24142 ($ff) from module gold.
Setting constant 0-bit at position 30 on $auto$clk2fflogic.cc:207:execute$24142 ($ff) from module gold.
Setting constant 0-bit at position 31 on $auto$clk2fflogic.cc:207:execute$24142 ($ff) from module gold.
Setting constant 0-bit at position 0 on $auto$clk2fflogic.cc:207:execute$24130 ($ff) from module gold.
Setting constant 0-bit at position 1 on $auto$clk2fflogic.cc:207:execute$24130 ($ff) from module gold.
Setting constant 0-bit at position 2 on $auto$clk2fflogic.cc:207:execute$24130 ($ff) from module gold.
Setting constant 0-bit at position 3 on $auto$clk2fflogic.cc:207:execute$24130 ($ff) from module gold.
Setting constant 0-bit at position 4 on $auto$clk2fflogic.cc:207:execute$24130 ($ff) from module gold.
Setting constant 0-bit at position 5 on $auto$clk2fflogic.cc:207:execute$24130 ($ff) from module gold.
Setting constant 0-bit at position 6 on $auto$clk2fflogic.cc:207:execute$24130 ($ff) from module gold.
Setting constant 0-bit at position 7 on $auto$clk2fflogic.cc:207:execute$24130 ($ff) from module gold.
Setting constant 0-bit at position 8 on $auto$clk2fflogic.cc:207:execute$24130 ($ff) from module gold.
Setting constant 0-bit at position 9 on $auto$clk2fflogic.cc:207:execute$24130 ($ff) from module gold.
Setting constant 0-bit at position 10 on $auto$clk2fflogic.cc:207:execute$24130 ($ff) from module gold.
Setting constant 0-bit at position 11 on $auto$clk2fflogic.cc:207:execute$24130 ($ff) from module gold.
Setting constant 0-bit at position 13 on $auto$clk2fflogic.cc:207:execute$24130 ($ff) from module gold.
Setting constant 0-bit at position 14 on $auto$clk2fflogic.cc:207:execute$24130 ($ff) from module gold.
Setting constant 0-bit at position 15 on $auto$clk2fflogic.cc:207:execute$24130 ($ff) from module gold.
Setting constant 0-bit at position 16 on $auto$clk2fflogic.cc:207:execute$24130 ($ff) from module gold.
Setting constant 0-bit at position 17 on $auto$clk2fflogic.cc:207:execute$24130 ($ff) from module gold.
Setting constant 0-bit at position 18 on $auto$clk2fflogic.cc:207:execute$24130 ($ff) from module gold.
Setting constant 0-bit at position 19 on $auto$clk2fflogic.cc:207:execute$24130 ($ff) from module gold.
Setting constant 0-bit at position 20 on $auto$clk2fflogic.cc:207:execute$24130 ($ff) from module gold.
Setting constant 0-bit at position 21 on $auto$clk2fflogic.cc:207:execute$24130 ($ff) from module gold.
Setting constant 0-bit at position 22 on $auto$clk2fflogic.cc:207:execute$24130 ($ff) from module gold.
Setting constant 0-bit at position 23 on $auto$clk2fflogic.cc:207:execute$24130 ($ff) from module gold.
Setting constant 0-bit at position 24 on $auto$clk2fflogic.cc:207:execute$24130 ($ff) from module gold.
Setting constant 0-bit at position 25 on $auto$clk2fflogic.cc:207:execute$24130 ($ff) from module gold.
Setting constant 0-bit at position 26 on $auto$clk2fflogic.cc:207:execute$24130 ($ff) from module gold.
Setting constant 0-bit at position 27 on $auto$clk2fflogic.cc:207:execute$24130 ($ff) from module gold.
Setting constant 0-bit at position 28 on $auto$clk2fflogic.cc:207:execute$24130 ($ff) from module gold.
Setting constant 0-bit at position 29 on $auto$clk2fflogic.cc:207:execute$24130 ($ff) from module gold.
Setting constant 0-bit at position 30 on $auto$clk2fflogic.cc:207:execute$24130 ($ff) from module gold.
Setting constant 0-bit at position 31 on $auto$clk2fflogic.cc:207:execute$24130 ($ff) from module gold.
Setting constant 0-bit at position 0 on $auto$clk2fflogic.cc:207:execute$24118 ($ff) from module gold.
Setting constant 0-bit at position 1 on $auto$clk2fflogic.cc:207:execute$24118 ($ff) from module gold.
Setting constant 0-bit at position 2 on $auto$clk2fflogic.cc:207:execute$24118 ($ff) from module gold.
Setting constant 0-bit at position 3 on $auto$clk2fflogic.cc:207:execute$24118 ($ff) from module gold.
Setting constant 0-bit at position 4 on $auto$clk2fflogic.cc:207:execute$24118 ($ff) from module gold.
Setting constant 0-bit at position 5 on $auto$clk2fflogic.cc:207:execute$24118 ($ff) from module gold.
Setting constant 0-bit at position 6 on $auto$clk2fflogic.cc:207:execute$24118 ($ff) from module gold.
Setting constant 0-bit at position 7 on $auto$clk2fflogic.cc:207:execute$24118 ($ff) from module gold.
Setting constant 0-bit at position 8 on $auto$clk2fflogic.cc:207:execute$24118 ($ff) from module gold.
Setting constant 0-bit at position 9 on $auto$clk2fflogic.cc:207:execute$24118 ($ff) from module gold.
Setting constant 0-bit at position 10 on $auto$clk2fflogic.cc:207:execute$24118 ($ff) from module gold.
Setting constant 0-bit at position 12 on $auto$clk2fflogic.cc:207:execute$24118 ($ff) from module gold.
Setting constant 0-bit at position 13 on $auto$clk2fflogic.cc:207:execute$24118 ($ff) from module gold.
Setting constant 0-bit at position 14 on $auto$clk2fflogic.cc:207:execute$24118 ($ff) from module gold.
Setting constant 0-bit at position 15 on $auto$clk2fflogic.cc:207:execute$24118 ($ff) from module gold.
Setting constant 0-bit at position 16 on $auto$clk2fflogic.cc:207:execute$24118 ($ff) from module gold.
Setting constant 0-bit at position 17 on $auto$clk2fflogic.cc:207:execute$24118 ($ff) from module gold.
Setting constant 0-bit at position 18 on $auto$clk2fflogic.cc:207:execute$24118 ($ff) from module gold.
Setting constant 0-bit at position 19 on $auto$clk2fflogic.cc:207:execute$24118 ($ff) from module gold.
Setting constant 0-bit at position 20 on $auto$clk2fflogic.cc:207:execute$24118 ($ff) from module gold.
Setting constant 0-bit at position 21 on $auto$clk2fflogic.cc:207:execute$24118 ($ff) from module gold.
Setting constant 0-bit at position 22 on $auto$clk2fflogic.cc:207:execute$24118 ($ff) from module gold.
Setting constant 0-bit at position 23 on $auto$clk2fflogic.cc:207:execute$24118 ($ff) from module gold.
Setting constant 0-bit at position 24 on $auto$clk2fflogic.cc:207:execute$24118 ($ff) from module gold.
Setting constant 0-bit at position 25 on $auto$clk2fflogic.cc:207:execute$24118 ($ff) from module gold.
Setting constant 0-bit at position 26 on $auto$clk2fflogic.cc:207:execute$24118 ($ff) from module gold.
Setting constant 0-bit at position 27 on $auto$clk2fflogic.cc:207:execute$24118 ($ff) from module gold.
Setting constant 0-bit at position 28 on $auto$clk2fflogic.cc:207:execute$24118 ($ff) from module gold.
Setting constant 0-bit at position 29 on $auto$clk2fflogic.cc:207:execute$24118 ($ff) from module gold.
Setting constant 0-bit at position 30 on $auto$clk2fflogic.cc:207:execute$24118 ($ff) from module gold.
Setting constant 0-bit at position 31 on $auto$clk2fflogic.cc:207:execute$24118 ($ff) from module gold.
Setting constant 0-bit at position 0 on $auto$clk2fflogic.cc:207:execute$24106 ($ff) from module gold.
Setting constant 0-bit at position 1 on $auto$clk2fflogic.cc:207:execute$24106 ($ff) from module gold.
Setting constant 0-bit at position 2 on $auto$clk2fflogic.cc:207:execute$24106 ($ff) from module gold.
Setting constant 0-bit at position 3 on $auto$clk2fflogic.cc:207:execute$24106 ($ff) from module gold.
Setting constant 0-bit at position 4 on $auto$clk2fflogic.cc:207:execute$24106 ($ff) from module gold.
Setting constant 0-bit at position 5 on $auto$clk2fflogic.cc:207:execute$24106 ($ff) from module gold.
Setting constant 0-bit at position 6 on $auto$clk2fflogic.cc:207:execute$24106 ($ff) from module gold.
Setting constant 0-bit at position 7 on $auto$clk2fflogic.cc:207:execute$24106 ($ff) from module gold.
Setting constant 0-bit at position 8 on $auto$clk2fflogic.cc:207:execute$24106 ($ff) from module gold.
Setting constant 0-bit at position 9 on $auto$clk2fflogic.cc:207:execute$24106 ($ff) from module gold.
Setting constant 0-bit at position 11 on $auto$clk2fflogic.cc:207:execute$24106 ($ff) from module gold.
Setting constant 0-bit at position 12 on $auto$clk2fflogic.cc:207:execute$24106 ($ff) from module gold.
Setting constant 0-bit at position 13 on $auto$clk2fflogic.cc:207:execute$24106 ($ff) from module gold.
Setting constant 0-bit at position 14 on $auto$clk2fflogic.cc:207:execute$24106 ($ff) from module gold.
Setting constant 0-bit at position 15 on $auto$clk2fflogic.cc:207:execute$24106 ($ff) from module gold.
Setting constant 0-bit at position 16 on $auto$clk2fflogic.cc:207:execute$24106 ($ff) from module gold.
Setting constant 0-bit at position 17 on $auto$clk2fflogic.cc:207:execute$24106 ($ff) from module gold.
Setting constant 0-bit at position 18 on $auto$clk2fflogic.cc:207:execute$24106 ($ff) from module gold.
Setting constant 0-bit at position 19 on $auto$clk2fflogic.cc:207:execute$24106 ($ff) from module gold.
Setting constant 0-bit at position 20 on $auto$clk2fflogic.cc:207:execute$24106 ($ff) from module gold.
Setting constant 0-bit at position 21 on $auto$clk2fflogic.cc:207:execute$24106 ($ff) from module gold.
Setting constant 0-bit at position 22 on $auto$clk2fflogic.cc:207:execute$24106 ($ff) from module gold.
Setting constant 0-bit at position 23 on $auto$clk2fflogic.cc:207:execute$24106 ($ff) from module gold.
Setting constant 0-bit at position 24 on $auto$clk2fflogic.cc:207:execute$24106 ($ff) from module gold.
Setting constant 0-bit at position 25 on $auto$clk2fflogic.cc:207:execute$24106 ($ff) from module gold.
Setting constant 0-bit at position 26 on $auto$clk2fflogic.cc:207:execute$24106 ($ff) from module gold.
Setting constant 0-bit at position 27 on $auto$clk2fflogic.cc:207:execute$24106 ($ff) from module gold.
Setting constant 0-bit at position 28 on $auto$clk2fflogic.cc:207:execute$24106 ($ff) from module gold.
Setting constant 0-bit at position 29 on $auto$clk2fflogic.cc:207:execute$24106 ($ff) from module gold.
Setting constant 0-bit at position 30 on $auto$clk2fflogic.cc:207:execute$24106 ($ff) from module gold.
Setting constant 0-bit at position 31 on $auto$clk2fflogic.cc:207:execute$24106 ($ff) from module gold.
Setting constant 0-bit at position 0 on $auto$clk2fflogic.cc:207:execute$24094 ($ff) from module gold.
Setting constant 0-bit at position 1 on $auto$clk2fflogic.cc:207:execute$24094 ($ff) from module gold.
Setting constant 0-bit at position 2 on $auto$clk2fflogic.cc:207:execute$24094 ($ff) from module gold.
Setting constant 0-bit at position 3 on $auto$clk2fflogic.cc:207:execute$24094 ($ff) from module gold.
Setting constant 0-bit at position 4 on $auto$clk2fflogic.cc:207:execute$24094 ($ff) from module gold.
Setting constant 0-bit at position 5 on $auto$clk2fflogic.cc:207:execute$24094 ($ff) from module gold.
Setting constant 0-bit at position 6 on $auto$clk2fflogic.cc:207:execute$24094 ($ff) from module gold.
Setting constant 0-bit at position 7 on $auto$clk2fflogic.cc:207:execute$24094 ($ff) from module gold.
Setting constant 0-bit at position 8 on $auto$clk2fflogic.cc:207:execute$24094 ($ff) from module gold.
Setting constant 0-bit at position 10 on $auto$clk2fflogic.cc:207:execute$24094 ($ff) from module gold.
Setting constant 0-bit at position 11 on $auto$clk2fflogic.cc:207:execute$24094 ($ff) from module gold.
Setting constant 0-bit at position 12 on $auto$clk2fflogic.cc:207:execute$24094 ($ff) from module gold.
Setting constant 0-bit at position 13 on $auto$clk2fflogic.cc:207:execute$24094 ($ff) from module gold.
Setting constant 0-bit at position 14 on $auto$clk2fflogic.cc:207:execute$24094 ($ff) from module gold.
Setting constant 0-bit at position 15 on $auto$clk2fflogic.cc:207:execute$24094 ($ff) from module gold.
Setting constant 0-bit at position 16 on $auto$clk2fflogic.cc:207:execute$24094 ($ff) from module gold.
Setting constant 0-bit at position 17 on $auto$clk2fflogic.cc:207:execute$24094 ($ff) from module gold.
Setting constant 0-bit at position 18 on $auto$clk2fflogic.cc:207:execute$24094 ($ff) from module gold.
Setting constant 0-bit at position 19 on $auto$clk2fflogic.cc:207:execute$24094 ($ff) from module gold.
Setting constant 0-bit at position 20 on $auto$clk2fflogic.cc:207:execute$24094 ($ff) from module gold.
Setting constant 0-bit at position 21 on $auto$clk2fflogic.cc:207:execute$24094 ($ff) from module gold.
Setting constant 0-bit at position 22 on $auto$clk2fflogic.cc:207:execute$24094 ($ff) from module gold.
Setting constant 0-bit at position 23 on $auto$clk2fflogic.cc:207:execute$24094 ($ff) from module gold.
Setting constant 0-bit at position 24 on $auto$clk2fflogic.cc:207:execute$24094 ($ff) from module gold.
Setting constant 0-bit at position 25 on $auto$clk2fflogic.cc:207:execute$24094 ($ff) from module gold.
Setting constant 0-bit at position 26 on $auto$clk2fflogic.cc:207:execute$24094 ($ff) from module gold.
Setting constant 0-bit at position 27 on $auto$clk2fflogic.cc:207:execute$24094 ($ff) from module gold.
Setting constant 0-bit at position 28 on $auto$clk2fflogic.cc:207:execute$24094 ($ff) from module gold.
Setting constant 0-bit at position 29 on $auto$clk2fflogic.cc:207:execute$24094 ($ff) from module gold.
Setting constant 0-bit at position 30 on $auto$clk2fflogic.cc:207:execute$24094 ($ff) from module gold.
Setting constant 0-bit at position 31 on $auto$clk2fflogic.cc:207:execute$24094 ($ff) from module gold.
Setting constant 0-bit at position 0 on $auto$clk2fflogic.cc:207:execute$24082 ($ff) from module gold.
Setting constant 0-bit at position 1 on $auto$clk2fflogic.cc:207:execute$24082 ($ff) from module gold.
Setting constant 0-bit at position 2 on $auto$clk2fflogic.cc:207:execute$24082 ($ff) from module gold.
Setting constant 0-bit at position 3 on $auto$clk2fflogic.cc:207:execute$24082 ($ff) from module gold.
Setting constant 0-bit at position 4 on $auto$clk2fflogic.cc:207:execute$24082 ($ff) from module gold.
Setting constant 0-bit at position 5 on $auto$clk2fflogic.cc:207:execute$24082 ($ff) from module gold.
Setting constant 0-bit at position 6 on $auto$clk2fflogic.cc:207:execute$24082 ($ff) from module gold.
Setting constant 0-bit at position 7 on $auto$clk2fflogic.cc:207:execute$24082 ($ff) from module gold.
Setting constant 0-bit at position 9 on $auto$clk2fflogic.cc:207:execute$24082 ($ff) from module gold.
Setting constant 0-bit at position 10 on $auto$clk2fflogic.cc:207:execute$24082 ($ff) from module gold.
Setting constant 0-bit at position 11 on $auto$clk2fflogic.cc:207:execute$24082 ($ff) from module gold.
Setting constant 0-bit at position 12 on $auto$clk2fflogic.cc:207:execute$24082 ($ff) from module gold.
Setting constant 0-bit at position 13 on $auto$clk2fflogic.cc:207:execute$24082 ($ff) from module gold.
Setting constant 0-bit at position 14 on $auto$clk2fflogic.cc:207:execute$24082 ($ff) from module gold.
Setting constant 0-bit at position 15 on $auto$clk2fflogic.cc:207:execute$24082 ($ff) from module gold.
Setting constant 0-bit at position 16 on $auto$clk2fflogic.cc:207:execute$24082 ($ff) from module gold.
Setting constant 0-bit at position 17 on $auto$clk2fflogic.cc:207:execute$24082 ($ff) from module gold.
Setting constant 0-bit at position 18 on $auto$clk2fflogic.cc:207:execute$24082 ($ff) from module gold.
Setting constant 0-bit at position 19 on $auto$clk2fflogic.cc:207:execute$24082 ($ff) from module gold.
Setting constant 0-bit at position 20 on $auto$clk2fflogic.cc:207:execute$24082 ($ff) from module gold.
Setting constant 0-bit at position 21 on $auto$clk2fflogic.cc:207:execute$24082 ($ff) from module gold.
Setting constant 0-bit at position 22 on $auto$clk2fflogic.cc:207:execute$24082 ($ff) from module gold.
Setting constant 0-bit at position 23 on $auto$clk2fflogic.cc:207:execute$24082 ($ff) from module gold.
Setting constant 0-bit at position 24 on $auto$clk2fflogic.cc:207:execute$24082 ($ff) from module gold.
Setting constant 0-bit at position 25 on $auto$clk2fflogic.cc:207:execute$24082 ($ff) from module gold.
Setting constant 0-bit at position 26 on $auto$clk2fflogic.cc:207:execute$24082 ($ff) from module gold.
Setting constant 0-bit at position 27 on $auto$clk2fflogic.cc:207:execute$24082 ($ff) from module gold.
Setting constant 0-bit at position 28 on $auto$clk2fflogic.cc:207:execute$24082 ($ff) from module gold.
Setting constant 0-bit at position 29 on $auto$clk2fflogic.cc:207:execute$24082 ($ff) from module gold.
Setting constant 0-bit at position 30 on $auto$clk2fflogic.cc:207:execute$24082 ($ff) from module gold.
Setting constant 0-bit at position 31 on $auto$clk2fflogic.cc:207:execute$24082 ($ff) from module gold.
Setting constant 0-bit at position 0 on $auto$clk2fflogic.cc:207:execute$24070 ($ff) from module gold.
Setting constant 0-bit at position 1 on $auto$clk2fflogic.cc:207:execute$24070 ($ff) from module gold.
Setting constant 0-bit at position 2 on $auto$clk2fflogic.cc:207:execute$24070 ($ff) from module gold.
Setting constant 0-bit at position 3 on $auto$clk2fflogic.cc:207:execute$24070 ($ff) from module gold.
Setting constant 0-bit at position 4 on $auto$clk2fflogic.cc:207:execute$24070 ($ff) from module gold.
Setting constant 0-bit at position 5 on $auto$clk2fflogic.cc:207:execute$24070 ($ff) from module gold.
Setting constant 0-bit at position 6 on $auto$clk2fflogic.cc:207:execute$24070 ($ff) from module gold.
Setting constant 0-bit at position 8 on $auto$clk2fflogic.cc:207:execute$24070 ($ff) from module gold.
Setting constant 0-bit at position 9 on $auto$clk2fflogic.cc:207:execute$24070 ($ff) from module gold.
Setting constant 0-bit at position 10 on $auto$clk2fflogic.cc:207:execute$24070 ($ff) from module gold.
Setting constant 0-bit at position 11 on $auto$clk2fflogic.cc:207:execute$24070 ($ff) from module gold.
Setting constant 0-bit at position 12 on $auto$clk2fflogic.cc:207:execute$24070 ($ff) from module gold.
Setting constant 0-bit at position 13 on $auto$clk2fflogic.cc:207:execute$24070 ($ff) from module gold.
Setting constant 0-bit at position 14 on $auto$clk2fflogic.cc:207:execute$24070 ($ff) from module gold.
Setting constant 0-bit at position 15 on $auto$clk2fflogic.cc:207:execute$24070 ($ff) from module gold.
Setting constant 0-bit at position 16 on $auto$clk2fflogic.cc:207:execute$24070 ($ff) from module gold.
Setting constant 0-bit at position 17 on $auto$clk2fflogic.cc:207:execute$24070 ($ff) from module gold.
Setting constant 0-bit at position 18 on $auto$clk2fflogic.cc:207:execute$24070 ($ff) from module gold.
Setting constant 0-bit at position 19 on $auto$clk2fflogic.cc:207:execute$24070 ($ff) from module gold.
Setting constant 0-bit at position 20 on $auto$clk2fflogic.cc:207:execute$24070 ($ff) from module gold.
Setting constant 0-bit at position 21 on $auto$clk2fflogic.cc:207:execute$24070 ($ff) from module gold.
Setting constant 0-bit at position 22 on $auto$clk2fflogic.cc:207:execute$24070 ($ff) from module gold.
Setting constant 0-bit at position 23 on $auto$clk2fflogic.cc:207:execute$24070 ($ff) from module gold.
Setting constant 0-bit at position 24 on $auto$clk2fflogic.cc:207:execute$24070 ($ff) from module gold.
Setting constant 0-bit at position 25 on $auto$clk2fflogic.cc:207:execute$24070 ($ff) from module gold.
Setting constant 0-bit at position 26 on $auto$clk2fflogic.cc:207:execute$24070 ($ff) from module gold.
Setting constant 0-bit at position 27 on $auto$clk2fflogic.cc:207:execute$24070 ($ff) from module gold.
Setting constant 0-bit at position 28 on $auto$clk2fflogic.cc:207:execute$24070 ($ff) from module gold.
Setting constant 0-bit at position 29 on $auto$clk2fflogic.cc:207:execute$24070 ($ff) from module gold.
Setting constant 0-bit at position 30 on $auto$clk2fflogic.cc:207:execute$24070 ($ff) from module gold.
Setting constant 0-bit at position 31 on $auto$clk2fflogic.cc:207:execute$24070 ($ff) from module gold.
Setting constant 0-bit at position 0 on $auto$clk2fflogic.cc:207:execute$24058 ($ff) from module gold.
Setting constant 0-bit at position 1 on $auto$clk2fflogic.cc:207:execute$24058 ($ff) from module gold.
Setting constant 0-bit at position 2 on $auto$clk2fflogic.cc:207:execute$24058 ($ff) from module gold.
Setting constant 0-bit at position 3 on $auto$clk2fflogic.cc:207:execute$24058 ($ff) from module gold.
Setting constant 0-bit at position 4 on $auto$clk2fflogic.cc:207:execute$24058 ($ff) from module gold.
Setting constant 0-bit at position 5 on $auto$clk2fflogic.cc:207:execute$24058 ($ff) from module gold.
Setting constant 0-bit at position 7 on $auto$clk2fflogic.cc:207:execute$24058 ($ff) from module gold.
Setting constant 0-bit at position 8 on $auto$clk2fflogic.cc:207:execute$24058 ($ff) from module gold.
Setting constant 0-bit at position 9 on $auto$clk2fflogic.cc:207:execute$24058 ($ff) from module gold.
Setting constant 0-bit at position 10 on $auto$clk2fflogic.cc:207:execute$24058 ($ff) from module gold.
Setting constant 0-bit at position 11 on $auto$clk2fflogic.cc:207:execute$24058 ($ff) from module gold.
Setting constant 0-bit at position 12 on $auto$clk2fflogic.cc:207:execute$24058 ($ff) from module gold.
Setting constant 0-bit at position 13 on $auto$clk2fflogic.cc:207:execute$24058 ($ff) from module gold.
Setting constant 0-bit at position 14 on $auto$clk2fflogic.cc:207:execute$24058 ($ff) from module gold.
Setting constant 0-bit at position 15 on $auto$clk2fflogic.cc:207:execute$24058 ($ff) from module gold.
Setting constant 0-bit at position 16 on $auto$clk2fflogic.cc:207:execute$24058 ($ff) from module gold.
Setting constant 0-bit at position 17 on $auto$clk2fflogic.cc:207:execute$24058 ($ff) from module gold.
Setting constant 0-bit at position 18 on $auto$clk2fflogic.cc:207:execute$24058 ($ff) from module gold.
Setting constant 0-bit at position 19 on $auto$clk2fflogic.cc:207:execute$24058 ($ff) from module gold.
Setting constant 0-bit at position 20 on $auto$clk2fflogic.cc:207:execute$24058 ($ff) from module gold.
Setting constant 0-bit at position 21 on $auto$clk2fflogic.cc:207:execute$24058 ($ff) from module gold.
Setting constant 0-bit at position 22 on $auto$clk2fflogic.cc:207:execute$24058 ($ff) from module gold.
Setting constant 0-bit at position 23 on $auto$clk2fflogic.cc:207:execute$24058 ($ff) from module gold.
Setting constant 0-bit at position 24 on $auto$clk2fflogic.cc:207:execute$24058 ($ff) from module gold.
Setting constant 0-bit at position 25 on $auto$clk2fflogic.cc:207:execute$24058 ($ff) from module gold.
Setting constant 0-bit at position 26 on $auto$clk2fflogic.cc:207:execute$24058 ($ff) from module gold.
Setting constant 0-bit at position 27 on $auto$clk2fflogic.cc:207:execute$24058 ($ff) from module gold.
Setting constant 0-bit at position 28 on $auto$clk2fflogic.cc:207:execute$24058 ($ff) from module gold.
Setting constant 0-bit at position 29 on $auto$clk2fflogic.cc:207:execute$24058 ($ff) from module gold.
Setting constant 0-bit at position 30 on $auto$clk2fflogic.cc:207:execute$24058 ($ff) from module gold.
Setting constant 0-bit at position 31 on $auto$clk2fflogic.cc:207:execute$24058 ($ff) from module gold.
Setting constant 0-bit at position 0 on $auto$clk2fflogic.cc:207:execute$24046 ($ff) from module gold.
Setting constant 0-bit at position 1 on $auto$clk2fflogic.cc:207:execute$24046 ($ff) from module gold.
Setting constant 0-bit at position 2 on $auto$clk2fflogic.cc:207:execute$24046 ($ff) from module gold.
Setting constant 0-bit at position 3 on $auto$clk2fflogic.cc:207:execute$24046 ($ff) from module gold.
Setting constant 0-bit at position 4 on $auto$clk2fflogic.cc:207:execute$24046 ($ff) from module gold.
Setting constant 0-bit at position 6 on $auto$clk2fflogic.cc:207:execute$24046 ($ff) from module gold.
Setting constant 0-bit at position 7 on $auto$clk2fflogic.cc:207:execute$24046 ($ff) from module gold.
Setting constant 0-bit at position 8 on $auto$clk2fflogic.cc:207:execute$24046 ($ff) from module gold.
Setting constant 0-bit at position 9 on $auto$clk2fflogic.cc:207:execute$24046 ($ff) from module gold.
Setting constant 0-bit at position 10 on $auto$clk2fflogic.cc:207:execute$24046 ($ff) from module gold.
Setting constant 0-bit at position 11 on $auto$clk2fflogic.cc:207:execute$24046 ($ff) from module gold.
Setting constant 0-bit at position 12 on $auto$clk2fflogic.cc:207:execute$24046 ($ff) from module gold.
Setting constant 0-bit at position 13 on $auto$clk2fflogic.cc:207:execute$24046 ($ff) from module gold.
Setting constant 0-bit at position 14 on $auto$clk2fflogic.cc:207:execute$24046 ($ff) from module gold.
Setting constant 0-bit at position 15 on $auto$clk2fflogic.cc:207:execute$24046 ($ff) from module gold.
Setting constant 0-bit at position 16 on $auto$clk2fflogic.cc:207:execute$24046 ($ff) from module gold.
Setting constant 0-bit at position 17 on $auto$clk2fflogic.cc:207:execute$24046 ($ff) from module gold.
Setting constant 0-bit at position 18 on $auto$clk2fflogic.cc:207:execute$24046 ($ff) from module gold.
Setting constant 0-bit at position 19 on $auto$clk2fflogic.cc:207:execute$24046 ($ff) from module gold.
Setting constant 0-bit at position 20 on $auto$clk2fflogic.cc:207:execute$24046 ($ff) from module gold.
Setting constant 0-bit at position 21 on $auto$clk2fflogic.cc:207:execute$24046 ($ff) from module gold.
Setting constant 0-bit at position 22 on $auto$clk2fflogic.cc:207:execute$24046 ($ff) from module gold.
Setting constant 0-bit at position 23 on $auto$clk2fflogic.cc:207:execute$24046 ($ff) from module gold.
Setting constant 0-bit at position 24 on $auto$clk2fflogic.cc:207:execute$24046 ($ff) from module gold.
Setting constant 0-bit at position 25 on $auto$clk2fflogic.cc:207:execute$24046 ($ff) from module gold.
Setting constant 0-bit at position 26 on $auto$clk2fflogic.cc:207:execute$24046 ($ff) from module gold.
Setting constant 0-bit at position 27 on $auto$clk2fflogic.cc:207:execute$24046 ($ff) from module gold.
Setting constant 0-bit at position 28 on $auto$clk2fflogic.cc:207:execute$24046 ($ff) from module gold.
Setting constant 0-bit at position 29 on $auto$clk2fflogic.cc:207:execute$24046 ($ff) from module gold.
Setting constant 0-bit at position 30 on $auto$clk2fflogic.cc:207:execute$24046 ($ff) from module gold.
Setting constant 0-bit at position 31 on $auto$clk2fflogic.cc:207:execute$24046 ($ff) from module gold.
Setting constant 0-bit at position 0 on $auto$clk2fflogic.cc:207:execute$24034 ($ff) from module gold.
Setting constant 0-bit at position 1 on $auto$clk2fflogic.cc:207:execute$24034 ($ff) from module gold.
Setting constant 0-bit at position 2 on $auto$clk2fflogic.cc:207:execute$24034 ($ff) from module gold.
Setting constant 0-bit at position 3 on $auto$clk2fflogic.cc:207:execute$24034 ($ff) from module gold.
Setting constant 0-bit at position 5 on $auto$clk2fflogic.cc:207:execute$24034 ($ff) from module gold.
Setting constant 0-bit at position 6 on $auto$clk2fflogic.cc:207:execute$24034 ($ff) from module gold.
Setting constant 0-bit at position 7 on $auto$clk2fflogic.cc:207:execute$24034 ($ff) from module gold.
Setting constant 0-bit at position 8 on $auto$clk2fflogic.cc:207:execute$24034 ($ff) from module gold.
Setting constant 0-bit at position 9 on $auto$clk2fflogic.cc:207:execute$24034 ($ff) from module gold.
Setting constant 0-bit at position 10 on $auto$clk2fflogic.cc:207:execute$24034 ($ff) from module gold.
Setting constant 0-bit at position 11 on $auto$clk2fflogic.cc:207:execute$24034 ($ff) from module gold.
Setting constant 0-bit at position 12 on $auto$clk2fflogic.cc:207:execute$24034 ($ff) from module gold.
Setting constant 0-bit at position 13 on $auto$clk2fflogic.cc:207:execute$24034 ($ff) from module gold.
Setting constant 0-bit at position 14 on $auto$clk2fflogic.cc:207:execute$24034 ($ff) from module gold.
Setting constant 0-bit at position 15 on $auto$clk2fflogic.cc:207:execute$24034 ($ff) from module gold.
Setting constant 0-bit at position 16 on $auto$clk2fflogic.cc:207:execute$24034 ($ff) from module gold.
Setting constant 0-bit at position 17 on $auto$clk2fflogic.cc:207:execute$24034 ($ff) from module gold.
Setting constant 0-bit at position 18 on $auto$clk2fflogic.cc:207:execute$24034 ($ff) from module gold.
Setting constant 0-bit at position 19 on $auto$clk2fflogic.cc:207:execute$24034 ($ff) from module gold.
Setting constant 0-bit at position 20 on $auto$clk2fflogic.cc:207:execute$24034 ($ff) from module gold.
Setting constant 0-bit at position 21 on $auto$clk2fflogic.cc:207:execute$24034 ($ff) from module gold.
Setting constant 0-bit at position 22 on $auto$clk2fflogic.cc:207:execute$24034 ($ff) from module gold.
Setting constant 0-bit at position 23 on $auto$clk2fflogic.cc:207:execute$24034 ($ff) from module gold.
Setting constant 0-bit at position 24 on $auto$clk2fflogic.cc:207:execute$24034 ($ff) from module gold.
Setting constant 0-bit at position 25 on $auto$clk2fflogic.cc:207:execute$24034 ($ff) from module gold.
Setting constant 0-bit at position 26 on $auto$clk2fflogic.cc:207:execute$24034 ($ff) from module gold.
Setting constant 0-bit at position 27 on $auto$clk2fflogic.cc:207:execute$24034 ($ff) from module gold.
Setting constant 0-bit at position 28 on $auto$clk2fflogic.cc:207:execute$24034 ($ff) from module gold.
Setting constant 0-bit at position 29 on $auto$clk2fflogic.cc:207:execute$24034 ($ff) from module gold.
Setting constant 0-bit at position 30 on $auto$clk2fflogic.cc:207:execute$24034 ($ff) from module gold.
Setting constant 0-bit at position 31 on $auto$clk2fflogic.cc:207:execute$24034 ($ff) from module gold.
Setting constant 0-bit at position 0 on $auto$clk2fflogic.cc:207:execute$24022 ($ff) from module gold.
Setting constant 0-bit at position 1 on $auto$clk2fflogic.cc:207:execute$24022 ($ff) from module gold.
Setting constant 0-bit at position 2 on $auto$clk2fflogic.cc:207:execute$24022 ($ff) from module gold.
Setting constant 0-bit at position 4 on $auto$clk2fflogic.cc:207:execute$24022 ($ff) from module gold.
Setting constant 0-bit at position 5 on $auto$clk2fflogic.cc:207:execute$24022 ($ff) from module gold.
Setting constant 0-bit at position 6 on $auto$clk2fflogic.cc:207:execute$24022 ($ff) from module gold.
Setting constant 0-bit at position 7 on $auto$clk2fflogic.cc:207:execute$24022 ($ff) from module gold.
Setting constant 0-bit at position 8 on $auto$clk2fflogic.cc:207:execute$24022 ($ff) from module gold.
Setting constant 0-bit at position 9 on $auto$clk2fflogic.cc:207:execute$24022 ($ff) from module gold.
Setting constant 0-bit at position 10 on $auto$clk2fflogic.cc:207:execute$24022 ($ff) from module gold.
Setting constant 0-bit at position 11 on $auto$clk2fflogic.cc:207:execute$24022 ($ff) from module gold.
Setting constant 0-bit at position 12 on $auto$clk2fflogic.cc:207:execute$24022 ($ff) from module gold.
Setting constant 0-bit at position 13 on $auto$clk2fflogic.cc:207:execute$24022 ($ff) from module gold.
Setting constant 0-bit at position 14 on $auto$clk2fflogic.cc:207:execute$24022 ($ff) from module gold.
Setting constant 0-bit at position 15 on $auto$clk2fflogic.cc:207:execute$24022 ($ff) from module gold.
Setting constant 0-bit at position 16 on $auto$clk2fflogic.cc:207:execute$24022 ($ff) from module gold.
Setting constant 0-bit at position 17 on $auto$clk2fflogic.cc:207:execute$24022 ($ff) from module gold.
Setting constant 0-bit at position 18 on $auto$clk2fflogic.cc:207:execute$24022 ($ff) from module gold.
Setting constant 0-bit at position 19 on $auto$clk2fflogic.cc:207:execute$24022 ($ff) from module gold.
Setting constant 0-bit at position 20 on $auto$clk2fflogic.cc:207:execute$24022 ($ff) from module gold.
Setting constant 0-bit at position 21 on $auto$clk2fflogic.cc:207:execute$24022 ($ff) from module gold.
Setting constant 0-bit at position 22 on $auto$clk2fflogic.cc:207:execute$24022 ($ff) from module gold.
Setting constant 0-bit at position 23 on $auto$clk2fflogic.cc:207:execute$24022 ($ff) from module gold.
Setting constant 0-bit at position 24 on $auto$clk2fflogic.cc:207:execute$24022 ($ff) from module gold.
Setting constant 0-bit at position 25 on $auto$clk2fflogic.cc:207:execute$24022 ($ff) from module gold.
Setting constant 0-bit at position 26 on $auto$clk2fflogic.cc:207:execute$24022 ($ff) from module gold.
Setting constant 0-bit at position 27 on $auto$clk2fflogic.cc:207:execute$24022 ($ff) from module gold.
Setting constant 0-bit at position 28 on $auto$clk2fflogic.cc:207:execute$24022 ($ff) from module gold.
Setting constant 0-bit at position 29 on $auto$clk2fflogic.cc:207:execute$24022 ($ff) from module gold.
Setting constant 0-bit at position 30 on $auto$clk2fflogic.cc:207:execute$24022 ($ff) from module gold.
Setting constant 0-bit at position 31 on $auto$clk2fflogic.cc:207:execute$24022 ($ff) from module gold.
Setting constant 0-bit at position 0 on $auto$clk2fflogic.cc:207:execute$24010 ($ff) from module gold.
Setting constant 0-bit at position 1 on $auto$clk2fflogic.cc:207:execute$24010 ($ff) from module gold.
Setting constant 0-bit at position 3 on $auto$clk2fflogic.cc:207:execute$24010 ($ff) from module gold.
Setting constant 0-bit at position 4 on $auto$clk2fflogic.cc:207:execute$24010 ($ff) from module gold.
Setting constant 0-bit at position 5 on $auto$clk2fflogic.cc:207:execute$24010 ($ff) from module gold.
Setting constant 0-bit at position 6 on $auto$clk2fflogic.cc:207:execute$24010 ($ff) from module gold.
Setting constant 0-bit at position 7 on $auto$clk2fflogic.cc:207:execute$24010 ($ff) from module gold.
Setting constant 0-bit at position 8 on $auto$clk2fflogic.cc:207:execute$24010 ($ff) from module gold.
Setting constant 0-bit at position 9 on $auto$clk2fflogic.cc:207:execute$24010 ($ff) from module gold.
Setting constant 0-bit at position 10 on $auto$clk2fflogic.cc:207:execute$24010 ($ff) from module gold.
Setting constant 0-bit at position 11 on $auto$clk2fflogic.cc:207:execute$24010 ($ff) from module gold.
Setting constant 0-bit at position 12 on $auto$clk2fflogic.cc:207:execute$24010 ($ff) from module gold.
Setting constant 0-bit at position 13 on $auto$clk2fflogic.cc:207:execute$24010 ($ff) from module gold.
Setting constant 0-bit at position 14 on $auto$clk2fflogic.cc:207:execute$24010 ($ff) from module gold.
Setting constant 0-bit at position 15 on $auto$clk2fflogic.cc:207:execute$24010 ($ff) from module gold.
Setting constant 0-bit at position 16 on $auto$clk2fflogic.cc:207:execute$24010 ($ff) from module gold.
Setting constant 0-bit at position 17 on $auto$clk2fflogic.cc:207:execute$24010 ($ff) from module gold.
Setting constant 0-bit at position 18 on $auto$clk2fflogic.cc:207:execute$24010 ($ff) from module gold.
Setting constant 0-bit at position 19 on $auto$clk2fflogic.cc:207:execute$24010 ($ff) from module gold.
Setting constant 0-bit at position 20 on $auto$clk2fflogic.cc:207:execute$24010 ($ff) from module gold.
Setting constant 0-bit at position 21 on $auto$clk2fflogic.cc:207:execute$24010 ($ff) from module gold.
Setting constant 0-bit at position 22 on $auto$clk2fflogic.cc:207:execute$24010 ($ff) from module gold.
Setting constant 0-bit at position 23 on $auto$clk2fflogic.cc:207:execute$24010 ($ff) from module gold.
Setting constant 0-bit at position 24 on $auto$clk2fflogic.cc:207:execute$24010 ($ff) from module gold.
Setting constant 0-bit at position 25 on $auto$clk2fflogic.cc:207:execute$24010 ($ff) from module gold.
Setting constant 0-bit at position 26 on $auto$clk2fflogic.cc:207:execute$24010 ($ff) from module gold.
Setting constant 0-bit at position 27 on $auto$clk2fflogic.cc:207:execute$24010 ($ff) from module gold.
Setting constant 0-bit at position 28 on $auto$clk2fflogic.cc:207:execute$24010 ($ff) from module gold.
Setting constant 0-bit at position 29 on $auto$clk2fflogic.cc:207:execute$24010 ($ff) from module gold.
Setting constant 0-bit at position 30 on $auto$clk2fflogic.cc:207:execute$24010 ($ff) from module gold.
Setting constant 0-bit at position 31 on $auto$clk2fflogic.cc:207:execute$24010 ($ff) from module gold.
Setting constant 0-bit at position 0 on $auto$clk2fflogic.cc:207:execute$23998 ($ff) from module gold.
Setting constant 0-bit at position 2 on $auto$clk2fflogic.cc:207:execute$23998 ($ff) from module gold.
Setting constant 0-bit at position 3 on $auto$clk2fflogic.cc:207:execute$23998 ($ff) from module gold.
Setting constant 0-bit at position 4 on $auto$clk2fflogic.cc:207:execute$23998 ($ff) from module gold.
Setting constant 0-bit at position 5 on $auto$clk2fflogic.cc:207:execute$23998 ($ff) from module gold.
Setting constant 0-bit at position 6 on $auto$clk2fflogic.cc:207:execute$23998 ($ff) from module gold.
Setting constant 0-bit at position 7 on $auto$clk2fflogic.cc:207:execute$23998 ($ff) from module gold.
Setting constant 0-bit at position 8 on $auto$clk2fflogic.cc:207:execute$23998 ($ff) from module gold.
Setting constant 0-bit at position 9 on $auto$clk2fflogic.cc:207:execute$23998 ($ff) from module gold.
Setting constant 0-bit at position 10 on $auto$clk2fflogic.cc:207:execute$23998 ($ff) from module gold.
Setting constant 0-bit at position 11 on $auto$clk2fflogic.cc:207:execute$23998 ($ff) from module gold.
Setting constant 0-bit at position 12 on $auto$clk2fflogic.cc:207:execute$23998 ($ff) from module gold.
Setting constant 0-bit at position 13 on $auto$clk2fflogic.cc:207:execute$23998 ($ff) from module gold.
Setting constant 0-bit at position 14 on $auto$clk2fflogic.cc:207:execute$23998 ($ff) from module gold.
Setting constant 0-bit at position 15 on $auto$clk2fflogic.cc:207:execute$23998 ($ff) from module gold.
Setting constant 0-bit at position 16 on $auto$clk2fflogic.cc:207:execute$23998 ($ff) from module gold.
Setting constant 0-bit at position 17 on $auto$clk2fflogic.cc:207:execute$23998 ($ff) from module gold.
Setting constant 0-bit at position 18 on $auto$clk2fflogic.cc:207:execute$23998 ($ff) from module gold.
Setting constant 0-bit at position 19 on $auto$clk2fflogic.cc:207:execute$23998 ($ff) from module gold.
Setting constant 0-bit at position 20 on $auto$clk2fflogic.cc:207:execute$23998 ($ff) from module gold.
Setting constant 0-bit at position 21 on $auto$clk2fflogic.cc:207:execute$23998 ($ff) from module gold.
Setting constant 0-bit at position 22 on $auto$clk2fflogic.cc:207:execute$23998 ($ff) from module gold.
Setting constant 0-bit at position 23 on $auto$clk2fflogic.cc:207:execute$23998 ($ff) from module gold.
Setting constant 0-bit at position 24 on $auto$clk2fflogic.cc:207:execute$23998 ($ff) from module gold.
Setting constant 0-bit at position 25 on $auto$clk2fflogic.cc:207:execute$23998 ($ff) from module gold.
Setting constant 0-bit at position 26 on $auto$clk2fflogic.cc:207:execute$23998 ($ff) from module gold.
Setting constant 0-bit at position 27 on $auto$clk2fflogic.cc:207:execute$23998 ($ff) from module gold.
Setting constant 0-bit at position 28 on $auto$clk2fflogic.cc:207:execute$23998 ($ff) from module gold.
Setting constant 0-bit at position 29 on $auto$clk2fflogic.cc:207:execute$23998 ($ff) from module gold.
Setting constant 0-bit at position 30 on $auto$clk2fflogic.cc:207:execute$23998 ($ff) from module gold.
Setting constant 0-bit at position 31 on $auto$clk2fflogic.cc:207:execute$23998 ($ff) from module gold.
Setting constant 0-bit at position 1 on $auto$clk2fflogic.cc:207:execute$23986 ($ff) from module gold.
Setting constant 0-bit at position 2 on $auto$clk2fflogic.cc:207:execute$23986 ($ff) from module gold.
Setting constant 0-bit at position 3 on $auto$clk2fflogic.cc:207:execute$23986 ($ff) from module gold.
Setting constant 0-bit at position 4 on $auto$clk2fflogic.cc:207:execute$23986 ($ff) from module gold.
Setting constant 0-bit at position 5 on $auto$clk2fflogic.cc:207:execute$23986 ($ff) from module gold.
Setting constant 0-bit at position 6 on $auto$clk2fflogic.cc:207:execute$23986 ($ff) from module gold.
Setting constant 0-bit at position 7 on $auto$clk2fflogic.cc:207:execute$23986 ($ff) from module gold.
Setting constant 0-bit at position 8 on $auto$clk2fflogic.cc:207:execute$23986 ($ff) from module gold.
Setting constant 0-bit at position 9 on $auto$clk2fflogic.cc:207:execute$23986 ($ff) from module gold.
Setting constant 0-bit at position 10 on $auto$clk2fflogic.cc:207:execute$23986 ($ff) from module gold.
Setting constant 0-bit at position 11 on $auto$clk2fflogic.cc:207:execute$23986 ($ff) from module gold.
Setting constant 0-bit at position 12 on $auto$clk2fflogic.cc:207:execute$23986 ($ff) from module gold.
Setting constant 0-bit at position 13 on $auto$clk2fflogic.cc:207:execute$23986 ($ff) from module gold.
Setting constant 0-bit at position 14 on $auto$clk2fflogic.cc:207:execute$23986 ($ff) from module gold.
Setting constant 0-bit at position 15 on $auto$clk2fflogic.cc:207:execute$23986 ($ff) from module gold.
Setting constant 0-bit at position 16 on $auto$clk2fflogic.cc:207:execute$23986 ($ff) from module gold.
Setting constant 0-bit at position 17 on $auto$clk2fflogic.cc:207:execute$23986 ($ff) from module gold.
Setting constant 0-bit at position 18 on $auto$clk2fflogic.cc:207:execute$23986 ($ff) from module gold.
Setting constant 0-bit at position 19 on $auto$clk2fflogic.cc:207:execute$23986 ($ff) from module gold.
Setting constant 0-bit at position 20 on $auto$clk2fflogic.cc:207:execute$23986 ($ff) from module gold.
Setting constant 0-bit at position 21 on $auto$clk2fflogic.cc:207:execute$23986 ($ff) from module gold.
Setting constant 0-bit at position 22 on $auto$clk2fflogic.cc:207:execute$23986 ($ff) from module gold.
Setting constant 0-bit at position 23 on $auto$clk2fflogic.cc:207:execute$23986 ($ff) from module gold.
Setting constant 0-bit at position 24 on $auto$clk2fflogic.cc:207:execute$23986 ($ff) from module gold.
Setting constant 0-bit at position 25 on $auto$clk2fflogic.cc:207:execute$23986 ($ff) from module gold.
Setting constant 0-bit at position 26 on $auto$clk2fflogic.cc:207:execute$23986 ($ff) from module gold.
Setting constant 0-bit at position 27 on $auto$clk2fflogic.cc:207:execute$23986 ($ff) from module gold.
Setting constant 0-bit at position 28 on $auto$clk2fflogic.cc:207:execute$23986 ($ff) from module gold.
Setting constant 0-bit at position 29 on $auto$clk2fflogic.cc:207:execute$23986 ($ff) from module gold.
Setting constant 0-bit at position 30 on $auto$clk2fflogic.cc:207:execute$23986 ($ff) from module gold.
Setting constant 0-bit at position 31 on $auto$clk2fflogic.cc:207:execute$23986 ($ff) from module gold.

11.4. Executing OPT_CLEAN pass (remove unused cells and wires).
Finding unused cells or wires in module \__eqcheck_top..
Finding unused cells or wires in module \gate..
Finding unused cells or wires in module \gold..
Removed 498 unused cells and 2844 unused wires.
<suppressed ~1062 debug messages>

11.5. Rerunning OPT passes. (Removed registers in this run.)

11.6. Executing OPT_EXPR pass (perform const folding).
Optimizing module __eqcheck_top.
Optimizing module gate.
Optimizing module gold.

11.7. Executing OPT_MERGE pass (detect identical cells).
Finding identical cells in module `\__eqcheck_top'.
Computing hashes of 59 cells of `\__eqcheck_top'.
Finding duplicate cells in `\__eqcheck_top'.
Finding identical cells in module `\gate'.
Computing hashes of 3722 cells of `\gate'.
Finding duplicate cells in `\gate'.
Finding identical cells in module `\gold'.
Computing hashes of 3722 cells of `\gold'.
Finding duplicate cells in `\gold'.
Removed a total of 0 cells.

11.8. Executing OPT_DFF pass (perform DFF optimizations).

11.9. Executing OPT_CLEAN pass (remove unused cells and wires).
Finding unused cells or wires in module \__eqcheck_top..
Finding unused cells or wires in module \gate..
Finding unused cells or wires in module \gold..

11.10. Finished fast OPT passes.

12. Executing OPT_CLEAN pass (remove unused cells and wires).
Finding unused cells or wires in module \__eqcheck_top..
Finding unused cells or wires in module \gate..
Finding unused cells or wires in module \gold..
Removed 0 unused cells and 280 unused wires.
<suppressed ~2 debug messages>

13. Executing RTLIL backend.
Output filename: ../model/design_prep.il

End of script. Logfile hash: e3ecd03963, time: 1.27s, user: 1.14s, system: 0.09s, MEM: 71.87 MB peak
Yosys 0.68+195 (git sha1 435977e97-dirty, Release, Clang /usr/bin/clang++ 21.1.8)
Time spent: 50% 5x opt_clean (0 sec), 12% 1x check (0 sec), ...
