
 /----------------------------------------------------------------------------\
 |  yosys -- Yosys Open SYnthesis Suite                                       |
 |  Copyright (C) 2012 - 2026  Claire Xenia Wolf <claire@yosyshq.com>         |
 |  Distributed under an ISC-like license, type "license" to see terms        |
 \----------------------------------------------------------------------------/
 Yosys 0.68+195 (git sha1 435977e97-dirty, Release, Clang /usr/bin/clang++ 21.1.8)

-- Executing script file `partition.ys' --

1. Executing RTLIL frontend.
Input filename: combined.il

2. Executing INSBUF pass (insert buffer cells for connected wires).
Add gate.bm_fsm_ctrl/$auto$insbuf.cc:97:execute$230: 1'0 -> $auto$wreduce.cc:513:run$157 [15]
Add gate.bm_fsm_ctrl/$auto$insbuf.cc:97:execute$231: 1'0 -> $auto$wreduce.cc:513:run$158 [15]
Add gate.bm_fsm_ctrl/$auto$insbuf.cc:97:execute$232: 1'0 -> $auto$wreduce.cc:513:run$159 [15]
Add gate.bm_fsm_ctrl/$auto$insbuf.cc:97:execute$233: 1'0 -> $auto$wreduce.cc:513:run$160 [15]
Add gate.bm_fsm_ctrl/$auto$insbuf.cc:97:execute$234: 1'0 -> $auto$wreduce.cc:513:run$161 [12]
Add gate.bm_fsm_ctrl/$auto$insbuf.cc:97:execute$235: 1'0 -> $auto$wreduce.cc:513:run$161 [13]
Add gate.bm_fsm_ctrl/$auto$insbuf.cc:97:execute$236: 1'0 -> $auto$wreduce.cc:513:run$161 [14]
Add gate.bm_fsm_ctrl/$auto$insbuf.cc:97:execute$237: 1'0 -> $auto$wreduce.cc:513:run$161 [15]
Add gate.bm_fsm_ctrl/$auto$insbuf.cc:97:execute$238: 1'0 -> $auto$wreduce.cc:513:run$162 [10]
Add gate.bm_fsm_ctrl/$auto$insbuf.cc:97:execute$239: 1'0 -> $auto$wreduce.cc:513:run$162 [11]
Add gate.bm_fsm_ctrl/$auto$insbuf.cc:97:execute$240: 1'0 -> $auto$wreduce.cc:513:run$162 [12]
Add gate.bm_fsm_ctrl/$auto$insbuf.cc:97:execute$241: 1'0 -> $auto$wreduce.cc:513:run$162 [13]
Add gate.bm_fsm_ctrl/$auto$insbuf.cc:97:execute$242: 1'0 -> $auto$wreduce.cc:513:run$162 [14]
Add gate.bm_fsm_ctrl/$auto$insbuf.cc:97:execute$243: 1'0 -> $auto$wreduce.cc:513:run$162 [15]
Add gate.bm_fsm_ctrl/$auto$insbuf.cc:97:execute$244: 1'0 -> $auto$wreduce.cc:513:run$163 [11]
Add gate.bm_fsm_ctrl/$auto$insbuf.cc:97:execute$245: 1'0 -> $auto$wreduce.cc:513:run$163 [12]
Add gate.bm_fsm_ctrl/$auto$insbuf.cc:97:execute$246: 1'0 -> $auto$wreduce.cc:513:run$163 [13]
Add gate.bm_fsm_ctrl/$auto$insbuf.cc:97:execute$247: 1'0 -> $auto$wreduce.cc:513:run$163 [14]
Add gate.bm_fsm_ctrl/$auto$insbuf.cc:97:execute$248: 1'0 -> $auto$wreduce.cc:513:run$163 [15]
Add gate.bm_fsm_ctrl/$auto$insbuf.cc:97:execute$249: 1'0 -> $auto$wreduce.cc:513:run$164 [11]
Add gate.bm_fsm_ctrl/$auto$insbuf.cc:97:execute$250: 1'0 -> $auto$wreduce.cc:513:run$164 [12]
Add gate.bm_fsm_ctrl/$auto$insbuf.cc:97:execute$251: 1'0 -> $auto$wreduce.cc:513:run$164 [13]
Add gate.bm_fsm_ctrl/$auto$insbuf.cc:97:execute$252: 1'0 -> $auto$wreduce.cc:513:run$164 [14]
Add gate.bm_fsm_ctrl/$auto$insbuf.cc:97:execute$253: 1'0 -> $auto$wreduce.cc:513:run$164 [15]
Add gate.bm_fsm_ctrl/$auto$insbuf.cc:97:execute$254: 1'0 -> $auto$wreduce.cc:513:run$165 [11]
Add gate.bm_fsm_ctrl/$auto$insbuf.cc:97:execute$255: 1'0 -> $auto$wreduce.cc:513:run$165 [12]
Add gate.bm_fsm_ctrl/$auto$insbuf.cc:97:execute$256: 1'0 -> $auto$wreduce.cc:513:run$165 [13]
Add gate.bm_fsm_ctrl/$auto$insbuf.cc:97:execute$257: 1'0 -> $auto$wreduce.cc:513:run$165 [14]
Add gate.bm_fsm_ctrl/$auto$insbuf.cc:97:execute$258: 1'0 -> $auto$wreduce.cc:513:run$165 [15]
Add gate.bm_fsm_ctrl/$auto$insbuf.cc:97:execute$259: 1'0 -> $auto$wreduce.cc:513:run$166 [15]
Add gate.bm_fsm_ctrl/$auto$insbuf.cc:97:execute$260: 1'0 -> $auto$wreduce.cc:513:run$167 [15]
Add gate.bm_fsm_ctrl/$auto$insbuf.cc:97:execute$261: 1'0 -> $auto$wreduce.cc:513:run$168 [8]
Add gate.bm_fsm_ctrl/$auto$insbuf.cc:97:execute$262: 1'0 -> $auto$wreduce.cc:513:run$168 [9]
Add gate.bm_fsm_ctrl/$auto$insbuf.cc:97:execute$263: 1'0 -> $auto$wreduce.cc:513:run$168 [10]
Add gate.bm_fsm_ctrl/$auto$insbuf.cc:97:execute$264: 1'0 -> $auto$wreduce.cc:513:run$168 [11]
Add gate.bm_fsm_ctrl/$auto$insbuf.cc:97:execute$265: 1'0 -> $auto$wreduce.cc:513:run$168 [12]
Add gate.bm_fsm_ctrl/$auto$insbuf.cc:97:execute$266: 1'0 -> $auto$wreduce.cc:513:run$168 [13]
Add gate.bm_fsm_ctrl/$auto$insbuf.cc:97:execute$267: 1'0 -> $auto$wreduce.cc:513:run$168 [14]
Add gate.bm_fsm_ctrl/$auto$insbuf.cc:97:execute$268: 1'0 -> $auto$wreduce.cc:513:run$168 [15]
Add gate.bm_fsm_ctrl/$auto$insbuf.cc:97:execute$269: 1'0 -> $auto$wreduce.cc:513:run$169 [7]
Add gate.bm_fsm_ctrl/$auto$insbuf.cc:97:execute$270: 1'0 -> $auto$wreduce.cc:513:run$169 [8]
Add gate.bm_fsm_ctrl/$auto$insbuf.cc:97:execute$271: 1'0 -> $auto$wreduce.cc:513:run$169 [9]
Add gate.bm_fsm_ctrl/$auto$insbuf.cc:97:execute$272: 1'0 -> $auto$wreduce.cc:513:run$169 [10]
Add gate.bm_fsm_ctrl/$auto$insbuf.cc:97:execute$273: 1'0 -> $auto$wreduce.cc:513:run$169 [11]
Add gate.bm_fsm_ctrl/$auto$insbuf.cc:97:execute$274: 1'0 -> $auto$wreduce.cc:513:run$169 [12]
Add gate.bm_fsm_ctrl/$auto$insbuf.cc:97:execute$275: 1'0 -> $auto$wreduce.cc:513:run$169 [13]
Add gate.bm_fsm_ctrl/$auto$insbuf.cc:97:execute$276: 1'0 -> $auto$wreduce.cc:513:run$169 [14]
Add gate.bm_fsm_ctrl/$auto$insbuf.cc:97:execute$277: 1'0 -> $auto$wreduce.cc:513:run$169 [15]
Add gate.bm_fsm_ctrl/$auto$insbuf.cc:97:execute$278: 1'0 -> $auto$wreduce.cc:513:run$170 [6]
Add gate.bm_fsm_ctrl/$auto$insbuf.cc:97:execute$279: 1'0 -> $auto$wreduce.cc:513:run$170 [7]
Add gate.bm_fsm_ctrl/$auto$insbuf.cc:97:execute$280: 1'0 -> $auto$wreduce.cc:513:run$170 [8]
Add gate.bm_fsm_ctrl/$auto$insbuf.cc:97:execute$281: 1'0 -> $auto$wreduce.cc:513:run$170 [9]
Add gate.bm_fsm_ctrl/$auto$insbuf.cc:97:execute$282: 1'0 -> $auto$wreduce.cc:513:run$170 [10]
Add gate.bm_fsm_ctrl/$auto$insbuf.cc:97:execute$283: 1'0 -> $auto$wreduce.cc:513:run$170 [11]
Add gate.bm_fsm_ctrl/$auto$insbuf.cc:97:execute$284: 1'0 -> $auto$wreduce.cc:513:run$170 [12]
Add gate.bm_fsm_ctrl/$auto$insbuf.cc:97:execute$285: 1'0 -> $auto$wreduce.cc:513:run$170 [13]
Add gate.bm_fsm_ctrl/$auto$insbuf.cc:97:execute$286: 1'0 -> $auto$wreduce.cc:513:run$170 [14]
Add gate.bm_fsm_ctrl/$auto$insbuf.cc:97:execute$287: 1'0 -> $auto$wreduce.cc:513:run$170 [15]
Add gate.bm_fsm_ctrl/$auto$insbuf.cc:97:execute$288: 1'0 -> $auto$wreduce.cc:513:run$171 [5]
Add gate.bm_fsm_ctrl/$auto$insbuf.cc:97:execute$289: 1'0 -> $auto$wreduce.cc:513:run$171 [6]
Add gate.bm_fsm_ctrl/$auto$insbuf.cc:97:execute$290: 1'0 -> $auto$wreduce.cc:513:run$171 [7]
Add gate.bm_fsm_ctrl/$auto$insbuf.cc:97:execute$291: 1'0 -> $auto$wreduce.cc:513:run$171 [8]
Add gate.bm_fsm_ctrl/$auto$insbuf.cc:97:execute$292: 1'0 -> $auto$wreduce.cc:513:run$171 [9]
Add gate.bm_fsm_ctrl/$auto$insbuf.cc:97:execute$293: 1'0 -> $auto$wreduce.cc:513:run$171 [10]
Add gate.bm_fsm_ctrl/$auto$insbuf.cc:97:execute$294: 1'0 -> $auto$wreduce.cc:513:run$171 [11]
Add gate.bm_fsm_ctrl/$auto$insbuf.cc:97:execute$295: 1'0 -> $auto$wreduce.cc:513:run$171 [12]
Add gate.bm_fsm_ctrl/$auto$insbuf.cc:97:execute$296: 1'0 -> $auto$wreduce.cc:513:run$171 [13]
Add gate.bm_fsm_ctrl/$auto$insbuf.cc:97:execute$297: 1'0 -> $auto$wreduce.cc:513:run$171 [14]
Add gate.bm_fsm_ctrl/$auto$insbuf.cc:97:execute$298: 1'0 -> $auto$wreduce.cc:513:run$171 [15]
Add gate.bm_fsm_ctrl/$auto$insbuf.cc:97:execute$299: 1'0 -> $auto$wreduce.cc:513:run$172 [4]
Add gate.bm_fsm_ctrl/$auto$insbuf.cc:97:execute$300: 1'0 -> $auto$wreduce.cc:513:run$172 [5]
Add gate.bm_fsm_ctrl/$auto$insbuf.cc:97:execute$301: 1'0 -> $auto$wreduce.cc:513:run$172 [6]
Add gate.bm_fsm_ctrl/$auto$insbuf.cc:97:execute$302: 1'0 -> $auto$wreduce.cc:513:run$172 [7]
Add gate.bm_fsm_ctrl/$auto$insbuf.cc:97:execute$303: 1'0 -> $auto$wreduce.cc:513:run$172 [8]
Add gate.bm_fsm_ctrl/$auto$insbuf.cc:97:execute$304: 1'0 -> $auto$wreduce.cc:513:run$172 [9]
Add gate.bm_fsm_ctrl/$auto$insbuf.cc:97:execute$305: 1'0 -> $auto$wreduce.cc:513:run$172 [10]
Add gate.bm_fsm_ctrl/$auto$insbuf.cc:97:execute$306: 1'0 -> $auto$wreduce.cc:513:run$172 [11]
Add gate.bm_fsm_ctrl/$auto$insbuf.cc:97:execute$307: 1'0 -> $auto$wreduce.cc:513:run$172 [12]
Add gate.bm_fsm_ctrl/$auto$insbuf.cc:97:execute$308: 1'0 -> $auto$wreduce.cc:513:run$172 [13]
Add gate.bm_fsm_ctrl/$auto$insbuf.cc:97:execute$309: 1'0 -> $auto$wreduce.cc:513:run$172 [14]
Add gate.bm_fsm_ctrl/$auto$insbuf.cc:97:execute$310: 1'0 -> $auto$wreduce.cc:513:run$172 [15]
Add gate.bm_fsm_ctrl/$auto$insbuf.cc:97:execute$311: 1'0 -> $auto$wreduce.cc:513:run$173 [3]
Add gate.bm_fsm_ctrl/$auto$insbuf.cc:97:execute$312: 1'0 -> $auto$wreduce.cc:513:run$173 [4]
Add gate.bm_fsm_ctrl/$auto$insbuf.cc:97:execute$313: 1'0 -> $auto$wreduce.cc:513:run$173 [5]
Add gate.bm_fsm_ctrl/$auto$insbuf.cc:97:execute$314: 1'0 -> $auto$wreduce.cc:513:run$173 [6]
Add gate.bm_fsm_ctrl/$auto$insbuf.cc:97:execute$315: 1'0 -> $auto$wreduce.cc:513:run$173 [7]
Add gate.bm_fsm_ctrl/$auto$insbuf.cc:97:execute$316: 1'0 -> $auto$wreduce.cc:513:run$173 [8]
Add gate.bm_fsm_ctrl/$auto$insbuf.cc:97:execute$317: 1'0 -> $auto$wreduce.cc:513:run$173 [9]
Add gate.bm_fsm_ctrl/$auto$insbuf.cc:97:execute$318: 1'0 -> $auto$wreduce.cc:513:run$173 [10]
Add gate.bm_fsm_ctrl/$auto$insbuf.cc:97:execute$319: 1'0 -> $auto$wreduce.cc:513:run$173 [11]
Add gate.bm_fsm_ctrl/$auto$insbuf.cc:97:execute$320: 1'0 -> $auto$wreduce.cc:513:run$173 [12]
Add gate.bm_fsm_ctrl/$auto$insbuf.cc:97:execute$321: 1'0 -> $auto$wreduce.cc:513:run$173 [13]
Add gate.bm_fsm_ctrl/$auto$insbuf.cc:97:execute$322: 1'0 -> $auto$wreduce.cc:513:run$173 [14]
Add gate.bm_fsm_ctrl/$auto$insbuf.cc:97:execute$323: 1'0 -> $auto$wreduce.cc:513:run$173 [15]
Add gate.bm_fsm_ctrl/$auto$insbuf.cc:97:execute$324: 1'0 -> $auto$wreduce.cc:513:run$174 [3]
Add gate.bm_fsm_ctrl/$auto$insbuf.cc:97:execute$325: 1'0 -> $auto$wreduce.cc:513:run$174 [4]
Add gate.bm_fsm_ctrl/$auto$insbuf.cc:97:execute$326: 1'0 -> $auto$wreduce.cc:513:run$174 [5]
Add gate.bm_fsm_ctrl/$auto$insbuf.cc:97:execute$327: 1'0 -> $auto$wreduce.cc:513:run$174 [6]
Add gate.bm_fsm_ctrl/$auto$insbuf.cc:97:execute$328: 1'0 -> $auto$wreduce.cc:513:run$174 [7]
Add gate.bm_fsm_ctrl/$auto$insbuf.cc:97:execute$329: 1'0 -> $auto$wreduce.cc:513:run$174 [8]
Add gate.bm_fsm_ctrl/$auto$insbuf.cc:97:execute$330: 1'0 -> $auto$wreduce.cc:513:run$174 [9]
Add gate.bm_fsm_ctrl/$auto$insbuf.cc:97:execute$331: 1'0 -> $auto$wreduce.cc:513:run$174 [10]
Add gate.bm_fsm_ctrl/$auto$insbuf.cc:97:execute$332: 1'0 -> $auto$wreduce.cc:513:run$174 [11]
Add gate.bm_fsm_ctrl/$auto$insbuf.cc:97:execute$333: 1'0 -> $auto$wreduce.cc:513:run$174 [12]
Add gate.bm_fsm_ctrl/$auto$insbuf.cc:97:execute$334: 1'0 -> $auto$wreduce.cc:513:run$174 [13]
Add gate.bm_fsm_ctrl/$auto$insbuf.cc:97:execute$335: 1'0 -> $auto$wreduce.cc:513:run$174 [14]
Add gate.bm_fsm_ctrl/$auto$insbuf.cc:97:execute$336: 1'0 -> $auto$wreduce.cc:513:run$174 [15]
Add gate.bm_fsm_ctrl/$auto$insbuf.cc:97:execute$337: 1'0 -> $auto$wreduce.cc:513:run$175 [2]
Add gate.bm_fsm_ctrl/$auto$insbuf.cc:97:execute$338: 1'0 -> $auto$wreduce.cc:513:run$175 [3]
Add gate.bm_fsm_ctrl/$auto$insbuf.cc:97:execute$339: 1'0 -> $auto$wreduce.cc:513:run$175 [4]
Add gate.bm_fsm_ctrl/$auto$insbuf.cc:97:execute$340: 1'0 -> $auto$wreduce.cc:513:run$175 [5]
Add gate.bm_fsm_ctrl/$auto$insbuf.cc:97:execute$341: 1'0 -> $auto$wreduce.cc:513:run$175 [6]
Add gate.bm_fsm_ctrl/$auto$insbuf.cc:97:execute$342: 1'0 -> $auto$wreduce.cc:513:run$175 [7]
Add gate.bm_fsm_ctrl/$auto$insbuf.cc:97:execute$343: 1'0 -> $auto$wreduce.cc:513:run$175 [8]
Add gate.bm_fsm_ctrl/$auto$insbuf.cc:97:execute$344: 1'0 -> $auto$wreduce.cc:513:run$175 [9]
Add gate.bm_fsm_ctrl/$auto$insbuf.cc:97:execute$345: 1'0 -> $auto$wreduce.cc:513:run$175 [10]
Add gate.bm_fsm_ctrl/$auto$insbuf.cc:97:execute$346: 1'0 -> $auto$wreduce.cc:513:run$175 [11]
Add gate.bm_fsm_ctrl/$auto$insbuf.cc:97:execute$347: 1'0 -> $auto$wreduce.cc:513:run$175 [12]
Add gate.bm_fsm_ctrl/$auto$insbuf.cc:97:execute$348: 1'0 -> $auto$wreduce.cc:513:run$175 [13]
Add gate.bm_fsm_ctrl/$auto$insbuf.cc:97:execute$349: 1'0 -> $auto$wreduce.cc:513:run$175 [14]
Add gate.bm_fsm_ctrl/$auto$insbuf.cc:97:execute$350: 1'0 -> $auto$wreduce.cc:513:run$175 [15]
Add gate.bm_fsm_ctrl/$auto$insbuf.cc:97:execute$351: \count [0] -> \cntx [0]
Add gate.bm_fsm_ctrl/$auto$insbuf.cc:97:execute$352: \count [1] -> \cntx [1]
Add gate.bm_fsm_ctrl/$auto$insbuf.cc:97:execute$353: \count [2] -> \cntx [2]
Add gate.bm_fsm_ctrl/$auto$insbuf.cc:97:execute$354: \count [3] -> \cntx [3]
Add gate.bm_fsm_ctrl/$auto$insbuf.cc:97:execute$355: \count [4] -> \cntx [4]
Add gate.bm_fsm_ctrl/$auto$insbuf.cc:97:execute$356: \count [5] -> \cntx [5]
Add gate.bm_fsm_ctrl/$auto$insbuf.cc:97:execute$357: \count [6] -> \cntx [6]
Add gate.bm_fsm_ctrl/$auto$insbuf.cc:97:execute$358: \count [7] -> \cntx [7]
Add gate.bm_fsm_ctrl/$auto$insbuf.cc:97:execute$359: 1'0 -> \cntx [8]
Add gate.bm_fsm_ctrl/$auto$insbuf.cc:97:execute$360: 1'0 -> \cntx [9]
Add gate.bm_fsm_ctrl/$auto$insbuf.cc:97:execute$361: 1'0 -> \cntx [10]
Add gate.bm_fsm_ctrl/$auto$insbuf.cc:97:execute$362: 1'0 -> \cntx [11]
Add gate.bm_fsm_ctrl/$auto$insbuf.cc:97:execute$363: 1'0 -> \cntx [12]
Add gate.bm_fsm_ctrl/$auto$insbuf.cc:97:execute$364: 1'0 -> \cntx [13]
Add gate.bm_fsm_ctrl/$auto$insbuf.cc:97:execute$365: 1'0 -> \cntx [14]
Add gate.bm_fsm_ctrl/$auto$insbuf.cc:97:execute$366: 1'0 -> \cntx [15]
Add gate.bm_fsm_ctrl/$auto$insbuf.cc:97:execute$367: 1'0 -> \cntx [16]
Add gate.bm_fsm_ctrl/$auto$insbuf.cc:97:execute$368: 1'0 -> \cntx [17]
Add gate.bm_fsm_ctrl/$auto$insbuf.cc:97:execute$369: 1'0 -> \cntx [18]
Add gate.bm_fsm_ctrl/$auto$insbuf.cc:97:execute$370: 1'0 -> \cntx [19]
Add gate.bm_fsm_ctrl/$auto$insbuf.cc:97:execute$371: 1'0 -> \cntx [20]
Add gate.bm_fsm_ctrl/$auto$insbuf.cc:97:execute$372: 1'0 -> \cntx [21]
Add gate.bm_fsm_ctrl/$auto$insbuf.cc:97:execute$373: 1'0 -> \cntx [22]
Add gate.bm_fsm_ctrl/$auto$insbuf.cc:97:execute$374: 1'0 -> \cntx [23]
Add gate.bm_fsm_ctrl/$auto$insbuf.cc:97:execute$375: \in_data [0] -> \ext [0]
Add gate.bm_fsm_ctrl/$auto$insbuf.cc:97:execute$376: \in_data [1] -> \ext [1]
Add gate.bm_fsm_ctrl/$auto$insbuf.cc:97:execute$377: \in_data [2] -> \ext [2]
Add gate.bm_fsm_ctrl/$auto$insbuf.cc:97:execute$378: \in_data [3] -> \ext [3]
Add gate.bm_fsm_ctrl/$auto$insbuf.cc:97:execute$379: \in_data [4] -> \ext [4]
Add gate.bm_fsm_ctrl/$auto$insbuf.cc:97:execute$380: \in_data [5] -> \ext [5]
Add gate.bm_fsm_ctrl/$auto$insbuf.cc:97:execute$381: \in_data [6] -> \ext [6]
Add gate.bm_fsm_ctrl/$auto$insbuf.cc:97:execute$382: \in_data [7] -> \ext [7]
Add gate.bm_fsm_ctrl/$auto$insbuf.cc:97:execute$383: \in_data [8] -> \ext [8]
Add gate.bm_fsm_ctrl/$auto$insbuf.cc:97:execute$384: \in_data [9] -> \ext [9]
Add gate.bm_fsm_ctrl/$auto$insbuf.cc:97:execute$385: \in_data [10] -> \ext [10]
Add gate.bm_fsm_ctrl/$auto$insbuf.cc:97:execute$386: \in_data [11] -> \ext [11]
Add gate.bm_fsm_ctrl/$auto$insbuf.cc:97:execute$387: \in_data [12] -> \ext [12]
Add gate.bm_fsm_ctrl/$auto$insbuf.cc:97:execute$388: \in_data [13] -> \ext [13]
Add gate.bm_fsm_ctrl/$auto$insbuf.cc:97:execute$389: \in_data [14] -> \ext [14]
Add gate.bm_fsm_ctrl/$auto$insbuf.cc:97:execute$390: \in_data [15] -> \ext [15]
Add gate.bm_fsm_ctrl/$auto$insbuf.cc:97:execute$391: 1'0 -> \ext [16]
Add gate.bm_fsm_ctrl/$auto$insbuf.cc:97:execute$392: 1'0 -> \ext [17]
Add gate.bm_fsm_ctrl/$auto$insbuf.cc:97:execute$393: 1'0 -> \ext [18]
Add gate.bm_fsm_ctrl/$auto$insbuf.cc:97:execute$394: 1'0 -> \ext [19]
Add gate.bm_fsm_ctrl/$auto$insbuf.cc:97:execute$395: 1'0 -> \ext [20]
Add gate.bm_fsm_ctrl/$auto$insbuf.cc:97:execute$396: 1'0 -> \ext [21]
Add gate.bm_fsm_ctrl/$auto$insbuf.cc:97:execute$397: 1'0 -> \ext [22]
Add gate.bm_fsm_ctrl/$auto$insbuf.cc:97:execute$398: 1'0 -> \ext [23]
Add gate.bm_fsm_ctrl/$auto$insbuf.cc:97:execute$399: \hold [0] -> \held [0]
Add gate.bm_fsm_ctrl/$auto$insbuf.cc:97:execute$400: \hold [1] -> \held [1]
Add gate.bm_fsm_ctrl/$auto$insbuf.cc:97:execute$401: \hold [2] -> \held [2]
Add gate.bm_fsm_ctrl/$auto$insbuf.cc:97:execute$402: \hold [3] -> \held [3]
Add gate.bm_fsm_ctrl/$auto$insbuf.cc:97:execute$403: \hold [4] -> \held [4]
Add gate.bm_fsm_ctrl/$auto$insbuf.cc:97:execute$404: \hold [5] -> \held [5]
Add gate.bm_fsm_ctrl/$auto$insbuf.cc:97:execute$405: \hold [6] -> \held [6]
Add gate.bm_fsm_ctrl/$auto$insbuf.cc:97:execute$406: \hold [7] -> \held [7]
Add gate.bm_fsm_ctrl/$auto$insbuf.cc:97:execute$407: \hold [8] -> \held [8]
Add gate.bm_fsm_ctrl/$auto$insbuf.cc:97:execute$408: \hold [9] -> \held [9]
Add gate.bm_fsm_ctrl/$auto$insbuf.cc:97:execute$409: \hold [10] -> \held [10]
Add gate.bm_fsm_ctrl/$auto$insbuf.cc:97:execute$410: \hold [11] -> \held [11]
Add gate.bm_fsm_ctrl/$auto$insbuf.cc:97:execute$411: \hold [12] -> \held [12]
Add gate.bm_fsm_ctrl/$auto$insbuf.cc:97:execute$412: \hold [13] -> \held [13]
Add gate.bm_fsm_ctrl/$auto$insbuf.cc:97:execute$413: \hold [14] -> \held [14]
Add gate.bm_fsm_ctrl/$auto$insbuf.cc:97:execute$414: \hold [15] -> \held [15]
Add gate.bm_fsm_ctrl/$auto$insbuf.cc:97:execute$415: 1'0 -> \held [16]
Add gate.bm_fsm_ctrl/$auto$insbuf.cc:97:execute$416: 1'0 -> \held [17]
Add gate.bm_fsm_ctrl/$auto$insbuf.cc:97:execute$417: 1'0 -> \held [18]
Add gate.bm_fsm_ctrl/$auto$insbuf.cc:97:execute$418: 1'0 -> \held [19]
Add gate.bm_fsm_ctrl/$auto$insbuf.cc:97:execute$419: 1'0 -> \held [20]
Add gate.bm_fsm_ctrl/$auto$insbuf.cc:97:execute$420: 1'0 -> \held [21]
Add gate.bm_fsm_ctrl/$auto$insbuf.cc:97:execute$421: 1'0 -> \held [22]
Add gate.bm_fsm_ctrl/$auto$insbuf.cc:97:execute$422: 1'0 -> \held [23]
Add gate.bm_fsm_ctrl/$auto$insbuf.cc:97:execute$423: \length [0] -> \lenx [0]
Add gate.bm_fsm_ctrl/$auto$insbuf.cc:97:execute$424: \length [1] -> \lenx [1]
Add gate.bm_fsm_ctrl/$auto$insbuf.cc:97:execute$425: \length [2] -> \lenx [2]
Add gate.bm_fsm_ctrl/$auto$insbuf.cc:97:execute$426: \length [3] -> \lenx [3]
Add gate.bm_fsm_ctrl/$auto$insbuf.cc:97:execute$427: \length [4] -> \lenx [4]
Add gate.bm_fsm_ctrl/$auto$insbuf.cc:97:execute$428: \length [5] -> \lenx [5]
Add gate.bm_fsm_ctrl/$auto$insbuf.cc:97:execute$429: \length [6] -> \lenx [6]
Add gate.bm_fsm_ctrl/$auto$insbuf.cc:97:execute$430: \length [7] -> \lenx [7]
Add gate.bm_fsm_ctrl/$auto$insbuf.cc:97:execute$431: \length [8] -> \lenx [8]
Add gate.bm_fsm_ctrl/$auto$insbuf.cc:97:execute$432: \length [9] -> \lenx [9]
Add gate.bm_fsm_ctrl/$auto$insbuf.cc:97:execute$433: \length [10] -> \lenx [10]
Add gate.bm_fsm_ctrl/$auto$insbuf.cc:97:execute$434: \length [11] -> \lenx [11]
Add gate.bm_fsm_ctrl/$auto$insbuf.cc:97:execute$435: \length [12] -> \lenx [12]
Add gate.bm_fsm_ctrl/$auto$insbuf.cc:97:execute$436: \length [13] -> \lenx [13]
Add gate.bm_fsm_ctrl/$auto$insbuf.cc:97:execute$437: \length [14] -> \lenx [14]
Add gate.bm_fsm_ctrl/$auto$insbuf.cc:97:execute$438: \length [15] -> \lenx [15]
Add gate.bm_fsm_ctrl/$auto$insbuf.cc:97:execute$439: 1'0 -> \lenx [16]
Add gate.bm_fsm_ctrl/$auto$insbuf.cc:97:execute$440: 1'0 -> \lenx [17]
Add gate.bm_fsm_ctrl/$auto$insbuf.cc:97:execute$441: 1'0 -> \lenx [18]
Add gate.bm_fsm_ctrl/$auto$insbuf.cc:97:execute$442: 1'0 -> \lenx [19]
Add gate.bm_fsm_ctrl/$auto$insbuf.cc:97:execute$443: 1'0 -> \lenx [20]
Add gate.bm_fsm_ctrl/$auto$insbuf.cc:97:execute$444: 1'0 -> \lenx [21]
Add gate.bm_fsm_ctrl/$auto$insbuf.cc:97:execute$445: 1'0 -> \lenx [22]
Add gate.bm_fsm_ctrl/$auto$insbuf.cc:97:execute$446: 1'0 -> \lenx [23]
Rewrite gate.bm_fsm_ctrl/$add$/mnt/d/tushar/Downloads/RTL.ai/runs/web_40e51e95cbf6_optimize_20260914T024856Z/round_3/attempt_3/candidate_1/design/bm_fsm_ctrl.v:107$43/B: { \in_data 1'0 } -> { \ext [15:0] 1'0 }
Rewrite gate.bm_fsm_ctrl/$add$/mnt/d/tushar/Downloads/RTL.ai/runs/web_40e51e95cbf6_optimize_20260914T024856Z/round_3/attempt_3/candidate_1/design/bm_fsm_ctrl.v:109$45/B: \length -> \lenx [15:0]
Rewrite gate.bm_fsm_ctrl/$add$/mnt/d/tushar/Downloads/RTL.ai/runs/web_40e51e95cbf6_optimize_20260914T024856Z/round_3/attempt_3/candidate_1/design/bm_fsm_ctrl.v:110$46/B: \count -> \cntx [7:0]
Rewrite gate.bm_fsm_ctrl/$add$/mnt/d/tushar/Downloads/RTL.ai/runs/web_40e51e95cbf6_optimize_20260914T024856Z/round_3/attempt_3/candidate_1/design/bm_fsm_ctrl.v:111$47/B: \in_data -> \ext [15:0]
Rewrite gate.bm_fsm_ctrl/$add$/mnt/d/tushar/Downloads/RTL.ai/runs/web_40e51e95cbf6_optimize_20260914T024856Z/round_3/attempt_3/candidate_1/design/bm_fsm_ctrl.v:111$48/B: \count -> \cntx [7:0]
Rewrite gate.bm_fsm_ctrl/$add$/mnt/d/tushar/Downloads/RTL.ai/runs/web_40e51e95cbf6_optimize_20260914T024856Z/round_3/attempt_3/candidate_1/design/bm_fsm_ctrl.v:113$50/B: \hold -> \held [15:0]
Rewrite gate.bm_fsm_ctrl/$add$/mnt/d/tushar/Downloads/RTL.ai/runs/web_40e51e95cbf6_optimize_20260914T024856Z/round_3/attempt_3/candidate_1/design/bm_fsm_ctrl.v:113$51/B: \length -> \lenx [15:0]
Rewrite gate.bm_fsm_ctrl/$add$/mnt/d/tushar/Downloads/RTL.ai/runs/web_40e51e95cbf6_optimize_20260914T024856Z/round_3/attempt_3/candidate_1/design/bm_fsm_ctrl.v:140$56/A: \count -> \cntx [7:0]
Rewrite gate.bm_fsm_ctrl/$eq$/mnt/d/tushar/Downloads/RTL.ai/runs/web_40e51e95cbf6_optimize_20260914T024856Z/round_3/attempt_3/candidate_1/design/bm_fsm_ctrl.v:67$7/A: \in_data -> \ext [15:0]
Rewrite gate.bm_fsm_ctrl/$eq$/mnt/d/tushar/Downloads/RTL.ai/runs/web_40e51e95cbf6_optimize_20260914T024856Z/round_3/attempt_3/candidate_1/design/bm_fsm_ctrl.v:69$11/A: \in_data -> \ext [15:0]
Rewrite gate.bm_fsm_ctrl/$eq$/mnt/d/tushar/Downloads/RTL.ai/runs/web_40e51e95cbf6_optimize_20260914T024856Z/round_3/attempt_3/candidate_1/design/bm_fsm_ctrl.v:76$20/A: \in_data -> \ext [15:0]
Rewrite gate.bm_fsm_ctrl/$eq$/mnt/d/tushar/Downloads/RTL.ai/runs/web_40e51e95cbf6_optimize_20260914T024856Z/round_3/attempt_3/candidate_1/design/bm_fsm_ctrl.v:78$24/A: \in_data -> \ext [15:0]
Rewrite gate.bm_fsm_ctrl/$eq$/mnt/d/tushar/Downloads/RTL.ai/runs/web_40e51e95cbf6_optimize_20260914T024856Z/round_3/attempt_3/candidate_1/design/bm_fsm_ctrl.v:83$33/A: \in_data -> \ext [15:0]
Rewrite gate.bm_fsm_ctrl/$ge$/mnt/d/tushar/Downloads/RTL.ai/runs/web_40e51e95cbf6_optimize_20260914T024856Z/round_3/attempt_3/candidate_1/design/bm_fsm_ctrl.v:79$26/B: \length [7:0] -> \lenx [7:0]
Rewrite gate.bm_fsm_ctrl/$procmux$67/A: \length -> \lenx [15:0]
Rewrite gate.bm_fsm_ctrl/$procmux$67/B: \in_data -> \ext [15:0]
Rewrite gate.bm_fsm_ctrl/$procmux$72/A: \count -> \cntx [7:0]
Rewrite gate.bm_fsm_ctrl/$procmux$80/A: \hold -> \held [15:0]
Rewrite gate.bm_fsm_ctrl/$procmux$80/B: \in_data -> \ext [15:0]
Rewrite gate.bm_fsm_ctrl/$xor$/mnt/d/tushar/Downloads/RTL.ai/runs/web_40e51e95cbf6_optimize_20260914T024856Z/round_3/attempt_3/candidate_1/design/bm_fsm_ctrl.v:100$40/B: \in_data -> \ext [15:0]
Rewrite gate.bm_fsm_ctrl/$xor$/mnt/d/tushar/Downloads/RTL.ai/runs/web_40e51e95cbf6_optimize_20260914T024856Z/round_3/attempt_3/candidate_1/design/bm_fsm_ctrl.v:112$49/B: { \in_data 8'01111101 } -> { \ext [15:0] 8'01111101 }
Add gold.bm_fsm_ctrl/$auto$insbuf.cc:97:execute$447: 1'0 -> $auto$wreduce.cc:513:run$146 [15]
Add gold.bm_fsm_ctrl/$auto$insbuf.cc:97:execute$448: 1'0 -> $auto$wreduce.cc:513:run$147 [15]
Add gold.bm_fsm_ctrl/$auto$insbuf.cc:97:execute$449: 1'0 -> $auto$wreduce.cc:513:run$148 [15]
Add gold.bm_fsm_ctrl/$auto$insbuf.cc:97:execute$450: 1'0 -> $auto$wreduce.cc:513:run$149 [15]
Add gold.bm_fsm_ctrl/$auto$insbuf.cc:97:execute$451: 1'0 -> $auto$wreduce.cc:513:run$150 [12]
Add gold.bm_fsm_ctrl/$auto$insbuf.cc:97:execute$452: 1'0 -> $auto$wreduce.cc:513:run$150 [13]
Add gold.bm_fsm_ctrl/$auto$insbuf.cc:97:execute$453: 1'0 -> $auto$wreduce.cc:513:run$150 [14]
Add gold.bm_fsm_ctrl/$auto$insbuf.cc:97:execute$454: 1'0 -> $auto$wreduce.cc:513:run$150 [15]
Add gold.bm_fsm_ctrl/$auto$insbuf.cc:97:execute$455: 1'0 -> $auto$wreduce.cc:513:run$151 [10]
Add gold.bm_fsm_ctrl/$auto$insbuf.cc:97:execute$456: 1'0 -> $auto$wreduce.cc:513:run$151 [11]
Add gold.bm_fsm_ctrl/$auto$insbuf.cc:97:execute$457: 1'0 -> $auto$wreduce.cc:513:run$151 [12]
Add gold.bm_fsm_ctrl/$auto$insbuf.cc:97:execute$458: 1'0 -> $auto$wreduce.cc:513:run$151 [13]
Add gold.bm_fsm_ctrl/$auto$insbuf.cc:97:execute$459: 1'0 -> $auto$wreduce.cc:513:run$151 [14]
Add gold.bm_fsm_ctrl/$auto$insbuf.cc:97:execute$460: 1'0 -> $auto$wreduce.cc:513:run$151 [15]
Add gold.bm_fsm_ctrl/$auto$insbuf.cc:97:execute$461: 1'0 -> $auto$wreduce.cc:513:run$152 [11]
Add gold.bm_fsm_ctrl/$auto$insbuf.cc:97:execute$462: 1'0 -> $auto$wreduce.cc:513:run$152 [12]
Add gold.bm_fsm_ctrl/$auto$insbuf.cc:97:execute$463: 1'0 -> $auto$wreduce.cc:513:run$152 [13]
Add gold.bm_fsm_ctrl/$auto$insbuf.cc:97:execute$464: 1'0 -> $auto$wreduce.cc:513:run$152 [14]
Add gold.bm_fsm_ctrl/$auto$insbuf.cc:97:execute$465: 1'0 -> $auto$wreduce.cc:513:run$152 [15]
Add gold.bm_fsm_ctrl/$auto$insbuf.cc:97:execute$466: 1'0 -> $auto$wreduce.cc:513:run$153 [11]
Add gold.bm_fsm_ctrl/$auto$insbuf.cc:97:execute$467: 1'0 -> $auto$wreduce.cc:513:run$153 [12]
Add gold.bm_fsm_ctrl/$auto$insbuf.cc:97:execute$468: 1'0 -> $auto$wreduce.cc:513:run$153 [13]
Add gold.bm_fsm_ctrl/$auto$insbuf.cc:97:execute$469: 1'0 -> $auto$wreduce.cc:513:run$153 [14]
Add gold.bm_fsm_ctrl/$auto$insbuf.cc:97:execute$470: 1'0 -> $auto$wreduce.cc:513:run$153 [15]
Add gold.bm_fsm_ctrl/$auto$insbuf.cc:97:execute$471: 1'0 -> $auto$wreduce.cc:513:run$154 [11]
Add gold.bm_fsm_ctrl/$auto$insbuf.cc:97:execute$472: 1'0 -> $auto$wreduce.cc:513:run$154 [12]
Add gold.bm_fsm_ctrl/$auto$insbuf.cc:97:execute$473: 1'0 -> $auto$wreduce.cc:513:run$154 [13]
Add gold.bm_fsm_ctrl/$auto$insbuf.cc:97:execute$474: 1'0 -> $auto$wreduce.cc:513:run$154 [14]
Add gold.bm_fsm_ctrl/$auto$insbuf.cc:97:execute$475: 1'0 -> $auto$wreduce.cc:513:run$154 [15]
Add gold.bm_fsm_ctrl/$auto$insbuf.cc:97:execute$476: 1'0 -> $auto$wreduce.cc:513:run$155 [15]
Add gold.bm_fsm_ctrl/$auto$insbuf.cc:97:execute$477: 1'0 -> $auto$wreduce.cc:513:run$156 [15]
Add gold.bm_fsm_ctrl/$auto$insbuf.cc:97:execute$478: 1'0 -> $auto$wreduce.cc:513:run$157 [8]
Add gold.bm_fsm_ctrl/$auto$insbuf.cc:97:execute$479: 1'0 -> $auto$wreduce.cc:513:run$157 [9]
Add gold.bm_fsm_ctrl/$auto$insbuf.cc:97:execute$480: 1'0 -> $auto$wreduce.cc:513:run$157 [10]
Add gold.bm_fsm_ctrl/$auto$insbuf.cc:97:execute$481: 1'0 -> $auto$wreduce.cc:513:run$157 [11]
Add gold.bm_fsm_ctrl/$auto$insbuf.cc:97:execute$482: 1'0 -> $auto$wreduce.cc:513:run$157 [12]
Add gold.bm_fsm_ctrl/$auto$insbuf.cc:97:execute$483: 1'0 -> $auto$wreduce.cc:513:run$157 [13]
Add gold.bm_fsm_ctrl/$auto$insbuf.cc:97:execute$484: 1'0 -> $auto$wreduce.cc:513:run$157 [14]
Add gold.bm_fsm_ctrl/$auto$insbuf.cc:97:execute$485: 1'0 -> $auto$wreduce.cc:513:run$157 [15]
Add gold.bm_fsm_ctrl/$auto$insbuf.cc:97:execute$486: 1'0 -> $auto$wreduce.cc:513:run$158 [7]
Add gold.bm_fsm_ctrl/$auto$insbuf.cc:97:execute$487: 1'0 -> $auto$wreduce.cc:513:run$158 [8]
Add gold.bm_fsm_ctrl/$auto$insbuf.cc:97:execute$488: 1'0 -> $auto$wreduce.cc:513:run$158 [9]
Add gold.bm_fsm_ctrl/$auto$insbuf.cc:97:execute$489: 1'0 -> $auto$wreduce.cc:513:run$158 [10]
Add gold.bm_fsm_ctrl/$auto$insbuf.cc:97:execute$490: 1'0 -> $auto$wreduce.cc:513:run$158 [11]
Add gold.bm_fsm_ctrl/$auto$insbuf.cc:97:execute$491: 1'0 -> $auto$wreduce.cc:513:run$158 [12]
Add gold.bm_fsm_ctrl/$auto$insbuf.cc:97:execute$492: 1'0 -> $auto$wreduce.cc:513:run$158 [13]
Add gold.bm_fsm_ctrl/$auto$insbuf.cc:97:execute$493: 1'0 -> $auto$wreduce.cc:513:run$158 [14]
Add gold.bm_fsm_ctrl/$auto$insbuf.cc:97:execute$494: 1'0 -> $auto$wreduce.cc:513:run$158 [15]
Add gold.bm_fsm_ctrl/$auto$insbuf.cc:97:execute$495: 1'0 -> $auto$wreduce.cc:513:run$159 [6]
Add gold.bm_fsm_ctrl/$auto$insbuf.cc:97:execute$496: 1'0 -> $auto$wreduce.cc:513:run$159 [7]
Add gold.bm_fsm_ctrl/$auto$insbuf.cc:97:execute$497: 1'0 -> $auto$wreduce.cc:513:run$159 [8]
Add gold.bm_fsm_ctrl/$auto$insbuf.cc:97:execute$498: 1'0 -> $auto$wreduce.cc:513:run$159 [9]
Add gold.bm_fsm_ctrl/$auto$insbuf.cc:97:execute$499: 1'0 -> $auto$wreduce.cc:513:run$159 [10]
Add gold.bm_fsm_ctrl/$auto$insbuf.cc:97:execute$500: 1'0 -> $auto$wreduce.cc:513:run$159 [11]
Add gold.bm_fsm_ctrl/$auto$insbuf.cc:97:execute$501: 1'0 -> $auto$wreduce.cc:513:run$159 [12]
Add gold.bm_fsm_ctrl/$auto$insbuf.cc:97:execute$502: 1'0 -> $auto$wreduce.cc:513:run$159 [13]
Add gold.bm_fsm_ctrl/$auto$insbuf.cc:97:execute$503: 1'0 -> $auto$wreduce.cc:513:run$159 [14]
Add gold.bm_fsm_ctrl/$auto$insbuf.cc:97:execute$504: 1'0 -> $auto$wreduce.cc:513:run$159 [15]
Add gold.bm_fsm_ctrl/$auto$insbuf.cc:97:execute$505: 1'0 -> $auto$wreduce.cc:513:run$160 [5]
Add gold.bm_fsm_ctrl/$auto$insbuf.cc:97:execute$506: 1'0 -> $auto$wreduce.cc:513:run$160 [6]
Add gold.bm_fsm_ctrl/$auto$insbuf.cc:97:execute$507: 1'0 -> $auto$wreduce.cc:513:run$160 [7]
Add gold.bm_fsm_ctrl/$auto$insbuf.cc:97:execute$508: 1'0 -> $auto$wreduce.cc:513:run$160 [8]
Add gold.bm_fsm_ctrl/$auto$insbuf.cc:97:execute$509: 1'0 -> $auto$wreduce.cc:513:run$160 [9]
Add gold.bm_fsm_ctrl/$auto$insbuf.cc:97:execute$510: 1'0 -> $auto$wreduce.cc:513:run$160 [10]
Add gold.bm_fsm_ctrl/$auto$insbuf.cc:97:execute$511: 1'0 -> $auto$wreduce.cc:513:run$160 [11]
Add gold.bm_fsm_ctrl/$auto$insbuf.cc:97:execute$512: 1'0 -> $auto$wreduce.cc:513:run$160 [12]
Add gold.bm_fsm_ctrl/$auto$insbuf.cc:97:execute$513: 1'0 -> $auto$wreduce.cc:513:run$160 [13]
Add gold.bm_fsm_ctrl/$auto$insbuf.cc:97:execute$514: 1'0 -> $auto$wreduce.cc:513:run$160 [14]
Add gold.bm_fsm_ctrl/$auto$insbuf.cc:97:execute$515: 1'0 -> $auto$wreduce.cc:513:run$160 [15]
Add gold.bm_fsm_ctrl/$auto$insbuf.cc:97:execute$516: 1'0 -> $auto$wreduce.cc:513:run$161 [4]
Add gold.bm_fsm_ctrl/$auto$insbuf.cc:97:execute$517: 1'0 -> $auto$wreduce.cc:513:run$161 [5]
Add gold.bm_fsm_ctrl/$auto$insbuf.cc:97:execute$518: 1'0 -> $auto$wreduce.cc:513:run$161 [6]
Add gold.bm_fsm_ctrl/$auto$insbuf.cc:97:execute$519: 1'0 -> $auto$wreduce.cc:513:run$161 [7]
Add gold.bm_fsm_ctrl/$auto$insbuf.cc:97:execute$520: 1'0 -> $auto$wreduce.cc:513:run$161 [8]
Add gold.bm_fsm_ctrl/$auto$insbuf.cc:97:execute$521: 1'0 -> $auto$wreduce.cc:513:run$161 [9]
Add gold.bm_fsm_ctrl/$auto$insbuf.cc:97:execute$522: 1'0 -> $auto$wreduce.cc:513:run$161 [10]
Add gold.bm_fsm_ctrl/$auto$insbuf.cc:97:execute$523: 1'0 -> $auto$wreduce.cc:513:run$161 [11]
Add gold.bm_fsm_ctrl/$auto$insbuf.cc:97:execute$524: 1'0 -> $auto$wreduce.cc:513:run$161 [12]
Add gold.bm_fsm_ctrl/$auto$insbuf.cc:97:execute$525: 1'0 -> $auto$wreduce.cc:513:run$161 [13]
Add gold.bm_fsm_ctrl/$auto$insbuf.cc:97:execute$526: 1'0 -> $auto$wreduce.cc:513:run$161 [14]
Add gold.bm_fsm_ctrl/$auto$insbuf.cc:97:execute$527: 1'0 -> $auto$wreduce.cc:513:run$161 [15]
Add gold.bm_fsm_ctrl/$auto$insbuf.cc:97:execute$528: 1'0 -> $auto$wreduce.cc:513:run$162 [3]
Add gold.bm_fsm_ctrl/$auto$insbuf.cc:97:execute$529: 1'0 -> $auto$wreduce.cc:513:run$162 [4]
Add gold.bm_fsm_ctrl/$auto$insbuf.cc:97:execute$530: 1'0 -> $auto$wreduce.cc:513:run$162 [5]
Add gold.bm_fsm_ctrl/$auto$insbuf.cc:97:execute$531: 1'0 -> $auto$wreduce.cc:513:run$162 [6]
Add gold.bm_fsm_ctrl/$auto$insbuf.cc:97:execute$532: 1'0 -> $auto$wreduce.cc:513:run$162 [7]
Add gold.bm_fsm_ctrl/$auto$insbuf.cc:97:execute$533: 1'0 -> $auto$wreduce.cc:513:run$162 [8]
Add gold.bm_fsm_ctrl/$auto$insbuf.cc:97:execute$534: 1'0 -> $auto$wreduce.cc:513:run$162 [9]
Add gold.bm_fsm_ctrl/$auto$insbuf.cc:97:execute$535: 1'0 -> $auto$wreduce.cc:513:run$162 [10]
Add gold.bm_fsm_ctrl/$auto$insbuf.cc:97:execute$536: 1'0 -> $auto$wreduce.cc:513:run$162 [11]
Add gold.bm_fsm_ctrl/$auto$insbuf.cc:97:execute$537: 1'0 -> $auto$wreduce.cc:513:run$162 [12]
Add gold.bm_fsm_ctrl/$auto$insbuf.cc:97:execute$538: 1'0 -> $auto$wreduce.cc:513:run$162 [13]
Add gold.bm_fsm_ctrl/$auto$insbuf.cc:97:execute$539: 1'0 -> $auto$wreduce.cc:513:run$162 [14]
Add gold.bm_fsm_ctrl/$auto$insbuf.cc:97:execute$540: 1'0 -> $auto$wreduce.cc:513:run$162 [15]
Add gold.bm_fsm_ctrl/$auto$insbuf.cc:97:execute$541: 1'0 -> $auto$wreduce.cc:513:run$163 [3]
Add gold.bm_fsm_ctrl/$auto$insbuf.cc:97:execute$542: 1'0 -> $auto$wreduce.cc:513:run$163 [4]
Add gold.bm_fsm_ctrl/$auto$insbuf.cc:97:execute$543: 1'0 -> $auto$wreduce.cc:513:run$163 [5]
Add gold.bm_fsm_ctrl/$auto$insbuf.cc:97:execute$544: 1'0 -> $auto$wreduce.cc:513:run$163 [6]
Add gold.bm_fsm_ctrl/$auto$insbuf.cc:97:execute$545: 1'0 -> $auto$wreduce.cc:513:run$163 [7]
Add gold.bm_fsm_ctrl/$auto$insbuf.cc:97:execute$546: 1'0 -> $auto$wreduce.cc:513:run$163 [8]
Add gold.bm_fsm_ctrl/$auto$insbuf.cc:97:execute$547: 1'0 -> $auto$wreduce.cc:513:run$163 [9]
Add gold.bm_fsm_ctrl/$auto$insbuf.cc:97:execute$548: 1'0 -> $auto$wreduce.cc:513:run$163 [10]
Add gold.bm_fsm_ctrl/$auto$insbuf.cc:97:execute$549: 1'0 -> $auto$wreduce.cc:513:run$163 [11]
Add gold.bm_fsm_ctrl/$auto$insbuf.cc:97:execute$550: 1'0 -> $auto$wreduce.cc:513:run$163 [12]
Add gold.bm_fsm_ctrl/$auto$insbuf.cc:97:execute$551: 1'0 -> $auto$wreduce.cc:513:run$163 [13]
Add gold.bm_fsm_ctrl/$auto$insbuf.cc:97:execute$552: 1'0 -> $auto$wreduce.cc:513:run$163 [14]
Add gold.bm_fsm_ctrl/$auto$insbuf.cc:97:execute$553: 1'0 -> $auto$wreduce.cc:513:run$163 [15]
Add gold.bm_fsm_ctrl/$auto$insbuf.cc:97:execute$554: 1'0 -> $auto$wreduce.cc:513:run$164 [2]
Add gold.bm_fsm_ctrl/$auto$insbuf.cc:97:execute$555: 1'0 -> $auto$wreduce.cc:513:run$164 [3]
Add gold.bm_fsm_ctrl/$auto$insbuf.cc:97:execute$556: 1'0 -> $auto$wreduce.cc:513:run$164 [4]
Add gold.bm_fsm_ctrl/$auto$insbuf.cc:97:execute$557: 1'0 -> $auto$wreduce.cc:513:run$164 [5]
Add gold.bm_fsm_ctrl/$auto$insbuf.cc:97:execute$558: 1'0 -> $auto$wreduce.cc:513:run$164 [6]
Add gold.bm_fsm_ctrl/$auto$insbuf.cc:97:execute$559: 1'0 -> $auto$wreduce.cc:513:run$164 [7]
Add gold.bm_fsm_ctrl/$auto$insbuf.cc:97:execute$560: 1'0 -> $auto$wreduce.cc:513:run$164 [8]
Add gold.bm_fsm_ctrl/$auto$insbuf.cc:97:execute$561: 1'0 -> $auto$wreduce.cc:513:run$164 [9]
Add gold.bm_fsm_ctrl/$auto$insbuf.cc:97:execute$562: 1'0 -> $auto$wreduce.cc:513:run$164 [10]
Add gold.bm_fsm_ctrl/$auto$insbuf.cc:97:execute$563: 1'0 -> $auto$wreduce.cc:513:run$164 [11]
Add gold.bm_fsm_ctrl/$auto$insbuf.cc:97:execute$564: 1'0 -> $auto$wreduce.cc:513:run$164 [12]
Add gold.bm_fsm_ctrl/$auto$insbuf.cc:97:execute$565: 1'0 -> $auto$wreduce.cc:513:run$164 [13]
Add gold.bm_fsm_ctrl/$auto$insbuf.cc:97:execute$566: 1'0 -> $auto$wreduce.cc:513:run$164 [14]
Add gold.bm_fsm_ctrl/$auto$insbuf.cc:97:execute$567: 1'0 -> $auto$wreduce.cc:513:run$164 [15]
Add gold.bm_fsm_ctrl/$auto$insbuf.cc:97:execute$568: \count [0] -> \cntx [0]
Add gold.bm_fsm_ctrl/$auto$insbuf.cc:97:execute$569: \count [1] -> \cntx [1]
Add gold.bm_fsm_ctrl/$auto$insbuf.cc:97:execute$570: \count [2] -> \cntx [2]
Add gold.bm_fsm_ctrl/$auto$insbuf.cc:97:execute$571: \count [3] -> \cntx [3]
Add gold.bm_fsm_ctrl/$auto$insbuf.cc:97:execute$572: \count [4] -> \cntx [4]
Add gold.bm_fsm_ctrl/$auto$insbuf.cc:97:execute$573: \count [5] -> \cntx [5]
Add gold.bm_fsm_ctrl/$auto$insbuf.cc:97:execute$574: \count [6] -> \cntx [6]
Add gold.bm_fsm_ctrl/$auto$insbuf.cc:97:execute$575: \count [7] -> \cntx [7]
Add gold.bm_fsm_ctrl/$auto$insbuf.cc:97:execute$576: 1'0 -> \cntx [8]
Add gold.bm_fsm_ctrl/$auto$insbuf.cc:97:execute$577: 1'0 -> \cntx [9]
Add gold.bm_fsm_ctrl/$auto$insbuf.cc:97:execute$578: 1'0 -> \cntx [10]
Add gold.bm_fsm_ctrl/$auto$insbuf.cc:97:execute$579: 1'0 -> \cntx [11]
Add gold.bm_fsm_ctrl/$auto$insbuf.cc:97:execute$580: 1'0 -> \cntx [12]
Add gold.bm_fsm_ctrl/$auto$insbuf.cc:97:execute$581: 1'0 -> \cntx [13]
Add gold.bm_fsm_ctrl/$auto$insbuf.cc:97:execute$582: 1'0 -> \cntx [14]
Add gold.bm_fsm_ctrl/$auto$insbuf.cc:97:execute$583: 1'0 -> \cntx [15]
Add gold.bm_fsm_ctrl/$auto$insbuf.cc:97:execute$584: 1'0 -> \cntx [16]
Add gold.bm_fsm_ctrl/$auto$insbuf.cc:97:execute$585: 1'0 -> \cntx [17]
Add gold.bm_fsm_ctrl/$auto$insbuf.cc:97:execute$586: 1'0 -> \cntx [18]
Add gold.bm_fsm_ctrl/$auto$insbuf.cc:97:execute$587: 1'0 -> \cntx [19]
Add gold.bm_fsm_ctrl/$auto$insbuf.cc:97:execute$588: 1'0 -> \cntx [20]
Add gold.bm_fsm_ctrl/$auto$insbuf.cc:97:execute$589: 1'0 -> \cntx [21]
Add gold.bm_fsm_ctrl/$auto$insbuf.cc:97:execute$590: 1'0 -> \cntx [22]
Add gold.bm_fsm_ctrl/$auto$insbuf.cc:97:execute$591: 1'0 -> \cntx [23]
Add gold.bm_fsm_ctrl/$auto$insbuf.cc:97:execute$592: \in_data [0] -> \ext [0]
Add gold.bm_fsm_ctrl/$auto$insbuf.cc:97:execute$593: \in_data [1] -> \ext [1]
Add gold.bm_fsm_ctrl/$auto$insbuf.cc:97:execute$594: \in_data [2] -> \ext [2]
Add gold.bm_fsm_ctrl/$auto$insbuf.cc:97:execute$595: \in_data [3] -> \ext [3]
Add gold.bm_fsm_ctrl/$auto$insbuf.cc:97:execute$596: \in_data [4] -> \ext [4]
Add gold.bm_fsm_ctrl/$auto$insbuf.cc:97:execute$597: \in_data [5] -> \ext [5]
Add gold.bm_fsm_ctrl/$auto$insbuf.cc:97:execute$598: \in_data [6] -> \ext [6]
Add gold.bm_fsm_ctrl/$auto$insbuf.cc:97:execute$599: \in_data [7] -> \ext [7]
Add gold.bm_fsm_ctrl/$auto$insbuf.cc:97:execute$600: \in_data [8] -> \ext [8]
Add gold.bm_fsm_ctrl/$auto$insbuf.cc:97:execute$601: \in_data [9] -> \ext [9]
Add gold.bm_fsm_ctrl/$auto$insbuf.cc:97:execute$602: \in_data [10] -> \ext [10]
Add gold.bm_fsm_ctrl/$auto$insbuf.cc:97:execute$603: \in_data [11] -> \ext [11]
Add gold.bm_fsm_ctrl/$auto$insbuf.cc:97:execute$604: \in_data [12] -> \ext [12]
Add gold.bm_fsm_ctrl/$auto$insbuf.cc:97:execute$605: \in_data [13] -> \ext [13]
Add gold.bm_fsm_ctrl/$auto$insbuf.cc:97:execute$606: \in_data [14] -> \ext [14]
Add gold.bm_fsm_ctrl/$auto$insbuf.cc:97:execute$607: \in_data [15] -> \ext [15]
Add gold.bm_fsm_ctrl/$auto$insbuf.cc:97:execute$608: 1'0 -> \ext [16]
Add gold.bm_fsm_ctrl/$auto$insbuf.cc:97:execute$609: 1'0 -> \ext [17]
Add gold.bm_fsm_ctrl/$auto$insbuf.cc:97:execute$610: 1'0 -> \ext [18]
Add gold.bm_fsm_ctrl/$auto$insbuf.cc:97:execute$611: 1'0 -> \ext [19]
Add gold.bm_fsm_ctrl/$auto$insbuf.cc:97:execute$612: 1'0 -> \ext [20]
Add gold.bm_fsm_ctrl/$auto$insbuf.cc:97:execute$613: 1'0 -> \ext [21]
Add gold.bm_fsm_ctrl/$auto$insbuf.cc:97:execute$614: 1'0 -> \ext [22]
Add gold.bm_fsm_ctrl/$auto$insbuf.cc:97:execute$615: 1'0 -> \ext [23]
Add gold.bm_fsm_ctrl/$auto$insbuf.cc:97:execute$616: \hold [0] -> \held [0]
Add gold.bm_fsm_ctrl/$auto$insbuf.cc:97:execute$617: \hold [1] -> \held [1]
Add gold.bm_fsm_ctrl/$auto$insbuf.cc:97:execute$618: \hold [2] -> \held [2]
Add gold.bm_fsm_ctrl/$auto$insbuf.cc:97:execute$619: \hold [3] -> \held [3]
Add gold.bm_fsm_ctrl/$auto$insbuf.cc:97:execute$620: \hold [4] -> \held [4]
Add gold.bm_fsm_ctrl/$auto$insbuf.cc:97:execute$621: \hold [5] -> \held [5]
Add gold.bm_fsm_ctrl/$auto$insbuf.cc:97:execute$622: \hold [6] -> \held [6]
Add gold.bm_fsm_ctrl/$auto$insbuf.cc:97:execute$623: \hold [7] -> \held [7]
Add gold.bm_fsm_ctrl/$auto$insbuf.cc:97:execute$624: \hold [8] -> \held [8]
Add gold.bm_fsm_ctrl/$auto$insbuf.cc:97:execute$625: \hold [9] -> \held [9]
Add gold.bm_fsm_ctrl/$auto$insbuf.cc:97:execute$626: \hold [10] -> \held [10]
Add gold.bm_fsm_ctrl/$auto$insbuf.cc:97:execute$627: \hold [11] -> \held [11]
Add gold.bm_fsm_ctrl/$auto$insbuf.cc:97:execute$628: \hold [12] -> \held [12]
Add gold.bm_fsm_ctrl/$auto$insbuf.cc:97:execute$629: \hold [13] -> \held [13]
Add gold.bm_fsm_ctrl/$auto$insbuf.cc:97:execute$630: \hold [14] -> \held [14]
Add gold.bm_fsm_ctrl/$auto$insbuf.cc:97:execute$631: \hold [15] -> \held [15]
Add gold.bm_fsm_ctrl/$auto$insbuf.cc:97:execute$632: 1'0 -> \held [16]
Add gold.bm_fsm_ctrl/$auto$insbuf.cc:97:execute$633: 1'0 -> \held [17]
Add gold.bm_fsm_ctrl/$auto$insbuf.cc:97:execute$634: 1'0 -> \held [18]
Add gold.bm_fsm_ctrl/$auto$insbuf.cc:97:execute$635: 1'0 -> \held [19]
Add gold.bm_fsm_ctrl/$auto$insbuf.cc:97:execute$636: 1'0 -> \held [20]
Add gold.bm_fsm_ctrl/$auto$insbuf.cc:97:execute$637: 1'0 -> \held [21]
Add gold.bm_fsm_ctrl/$auto$insbuf.cc:97:execute$638: 1'0 -> \held [22]
Add gold.bm_fsm_ctrl/$auto$insbuf.cc:97:execute$639: 1'0 -> \held [23]
Add gold.bm_fsm_ctrl/$auto$insbuf.cc:97:execute$640: \length [0] -> \lenx [0]
Add gold.bm_fsm_ctrl/$auto$insbuf.cc:97:execute$641: \length [1] -> \lenx [1]
Add gold.bm_fsm_ctrl/$auto$insbuf.cc:97:execute$642: \length [2] -> \lenx [2]
Add gold.bm_fsm_ctrl/$auto$insbuf.cc:97:execute$643: \length [3] -> \lenx [3]
Add gold.bm_fsm_ctrl/$auto$insbuf.cc:97:execute$644: \length [4] -> \lenx [4]
Add gold.bm_fsm_ctrl/$auto$insbuf.cc:97:execute$645: \length [5] -> \lenx [5]
Add gold.bm_fsm_ctrl/$auto$insbuf.cc:97:execute$646: \length [6] -> \lenx [6]
Add gold.bm_fsm_ctrl/$auto$insbuf.cc:97:execute$647: \length [7] -> \lenx [7]
Add gold.bm_fsm_ctrl/$auto$insbuf.cc:97:execute$648: \length [8] -> \lenx [8]
Add gold.bm_fsm_ctrl/$auto$insbuf.cc:97:execute$649: \length [9] -> \lenx [9]
Add gold.bm_fsm_ctrl/$auto$insbuf.cc:97:execute$650: \length [10] -> \lenx [10]
Add gold.bm_fsm_ctrl/$auto$insbuf.cc:97:execute$651: \length [11] -> \lenx [11]
Add gold.bm_fsm_ctrl/$auto$insbuf.cc:97:execute$652: \length [12] -> \lenx [12]
Add gold.bm_fsm_ctrl/$auto$insbuf.cc:97:execute$653: \length [13] -> \lenx [13]
Add gold.bm_fsm_ctrl/$auto$insbuf.cc:97:execute$654: \length [14] -> \lenx [14]
Add gold.bm_fsm_ctrl/$auto$insbuf.cc:97:execute$655: \length [15] -> \lenx [15]
Add gold.bm_fsm_ctrl/$auto$insbuf.cc:97:execute$656: 1'0 -> \lenx [16]
Add gold.bm_fsm_ctrl/$auto$insbuf.cc:97:execute$657: 1'0 -> \lenx [17]
Add gold.bm_fsm_ctrl/$auto$insbuf.cc:97:execute$658: 1'0 -> \lenx [18]
Add gold.bm_fsm_ctrl/$auto$insbuf.cc:97:execute$659: 1'0 -> \lenx [19]
Add gold.bm_fsm_ctrl/$auto$insbuf.cc:97:execute$660: 1'0 -> \lenx [20]
Add gold.bm_fsm_ctrl/$auto$insbuf.cc:97:execute$661: 1'0 -> \lenx [21]
Add gold.bm_fsm_ctrl/$auto$insbuf.cc:97:execute$662: 1'0 -> \lenx [22]
Add gold.bm_fsm_ctrl/$auto$insbuf.cc:97:execute$663: 1'0 -> \lenx [23]
Rewrite gold.bm_fsm_ctrl/$add$/mnt/d/tushar/Downloads/RTL.ai/runs/web_40e51e95cbf6_optimize_20260914T024856Z/round_2/optimized/bm_fsm_ctrl.v:100$41/B: \in_data -> \ext [15:0]
Rewrite gold.bm_fsm_ctrl/$add$/mnt/d/tushar/Downloads/RTL.ai/runs/web_40e51e95cbf6_optimize_20260914T024856Z/round_2/optimized/bm_fsm_ctrl.v:101$43/B: { \in_data 1'0 } -> { \ext [15:0] 1'0 }
Rewrite gold.bm_fsm_ctrl/$add$/mnt/d/tushar/Downloads/RTL.ai/runs/web_40e51e95cbf6_optimize_20260914T024856Z/round_2/optimized/bm_fsm_ctrl.v:102$45/B: \hold -> \held [15:0]
Rewrite gold.bm_fsm_ctrl/$add$/mnt/d/tushar/Downloads/RTL.ai/runs/web_40e51e95cbf6_optimize_20260914T024856Z/round_2/optimized/bm_fsm_ctrl.v:103$47/B: \length -> \lenx [15:0]
Rewrite gold.bm_fsm_ctrl/$add$/mnt/d/tushar/Downloads/RTL.ai/runs/web_40e51e95cbf6_optimize_20260914T024856Z/round_2/optimized/bm_fsm_ctrl.v:104$49/B: \count -> \cntx [7:0]
Rewrite gold.bm_fsm_ctrl/$add$/mnt/d/tushar/Downloads/RTL.ai/runs/web_40e51e95cbf6_optimize_20260914T024856Z/round_2/optimized/bm_fsm_ctrl.v:105$51/B: \in_data -> \ext [15:0]
Rewrite gold.bm_fsm_ctrl/$add$/mnt/d/tushar/Downloads/RTL.ai/runs/web_40e51e95cbf6_optimize_20260914T024856Z/round_2/optimized/bm_fsm_ctrl.v:105$52/B: \count -> \cntx [7:0]
Rewrite gold.bm_fsm_ctrl/$add$/mnt/d/tushar/Downloads/RTL.ai/runs/web_40e51e95cbf6_optimize_20260914T024856Z/round_2/optimized/bm_fsm_ctrl.v:107$56/B: \hold -> \held [15:0]
Rewrite gold.bm_fsm_ctrl/$add$/mnt/d/tushar/Downloads/RTL.ai/runs/web_40e51e95cbf6_optimize_20260914T024856Z/round_2/optimized/bm_fsm_ctrl.v:107$57/B: \length -> \lenx [15:0]
Rewrite gold.bm_fsm_ctrl/$add$/mnt/d/tushar/Downloads/RTL.ai/runs/web_40e51e95cbf6_optimize_20260914T024856Z/round_2/optimized/bm_fsm_ctrl.v:131$64/A: \count -> \cntx [7:0]
Rewrite gold.bm_fsm_ctrl/$eq$/mnt/d/tushar/Downloads/RTL.ai/runs/web_40e51e95cbf6_optimize_20260914T024856Z/round_2/optimized/bm_fsm_ctrl.v:66$7/A: \in_data -> \ext [15:0]
Rewrite gold.bm_fsm_ctrl/$eq$/mnt/d/tushar/Downloads/RTL.ai/runs/web_40e51e95cbf6_optimize_20260914T024856Z/round_2/optimized/bm_fsm_ctrl.v:68$11/A: \in_data -> \ext [15:0]
Rewrite gold.bm_fsm_ctrl/$eq$/mnt/d/tushar/Downloads/RTL.ai/runs/web_40e51e95cbf6_optimize_20260914T024856Z/round_2/optimized/bm_fsm_ctrl.v:75$20/A: \in_data -> \ext [15:0]
Rewrite gold.bm_fsm_ctrl/$eq$/mnt/d/tushar/Downloads/RTL.ai/runs/web_40e51e95cbf6_optimize_20260914T024856Z/round_2/optimized/bm_fsm_ctrl.v:77$24/A: \in_data -> \ext [15:0]
Rewrite gold.bm_fsm_ctrl/$eq$/mnt/d/tushar/Downloads/RTL.ai/runs/web_40e51e95cbf6_optimize_20260914T024856Z/round_2/optimized/bm_fsm_ctrl.v:82$33/A: \in_data -> \ext [15:0]
Rewrite gold.bm_fsm_ctrl/$ge$/mnt/d/tushar/Downloads/RTL.ai/runs/web_40e51e95cbf6_optimize_20260914T024856Z/round_2/optimized/bm_fsm_ctrl.v:78$26/B: \length [7:0] -> \lenx [7:0]
Rewrite gold.bm_fsm_ctrl/$procmux$75/A: \length -> \lenx [15:0]
Rewrite gold.bm_fsm_ctrl/$procmux$75/B: \in_data -> \ext [15:0]
Rewrite gold.bm_fsm_ctrl/$procmux$80/A: \count -> \cntx [7:0]
Rewrite gold.bm_fsm_ctrl/$procmux$88/A: \hold -> \held [15:0]
Rewrite gold.bm_fsm_ctrl/$procmux$88/B: \in_data -> \ext [15:0]
Rewrite gold.bm_fsm_ctrl/$xor$/mnt/d/tushar/Downloads/RTL.ai/runs/web_40e51e95cbf6_optimize_20260914T024856Z/round_2/optimized/bm_fsm_ctrl.v:106$54/B: { \in_data 8'01111101 } -> { \ext [15:0] 8'01111101 }
Rewrite gold.bm_fsm_ctrl/$xor$/mnt/d/tushar/Downloads/RTL.ai/runs/web_40e51e95cbf6_optimize_20260914T024856Z/round_2/optimized/bm_fsm_ctrl.v:99$40/B: \in_data -> \ext [15:0]

3. Executing EQY PARTITION task.

3.1. Processing module pair gold.bm_fsm_ctrl / gate.bm_fsm_ctrl.

3.1.1. Processing matched IDs for module bm_fsm_ctrl.

3.1.2. Create fragment partitions for module bm_fsm_ctrl.
Adding output bit \status [3] to partition 0.
Adding output bit \status [2] to partition 0.
Adding output bit \status [1] to partition 0.
Adding output bit \status [0] to partition 0.
Adding output bit \state [15] to partition 1.
Adding output bit \state [14] to partition 1.
Adding output bit \state [13] to partition 1.
Adding output bit \state [12] to partition 1.
Adding output bit \state [11] to partition 1.
Adding output bit \state [10] to partition 1.
Adding output bit \state [9] to partition 1.
Adding output bit \state [8] to partition 1.
Adding output bit \state [7] to partition 1.
Adding output bit \state [6] to partition 1.
Adding output bit \state [5] to partition 1.
Adding output bit \state [4] to partition 1.
Adding output bit \state [3] to partition 1.
Adding output bit \state [2] to partition 1.
Adding output bit \state [1] to partition 1.
Adding output bit \state [0] to partition 1.
Adding output bit \out_valid to partition 2.
Adding output bit \out_data [23] to partition 3.
Adding output bit \out_data [22] to partition 3.
Adding output bit \out_data [21] to partition 3.
Adding output bit \out_data [20] to partition 3.
Adding output bit \out_data [19] to partition 3.
Adding output bit \out_data [18] to partition 3.
Adding output bit \out_data [17] to partition 3.
Adding output bit \out_data [16] to partition 3.
Adding output bit \out_data [15] to partition 3.
Adding output bit \out_data [14] to partition 3.
Adding output bit \out_data [13] to partition 3.
Adding output bit \out_data [12] to partition 3.
Adding output bit \out_data [11] to partition 3.
Adding output bit \out_data [10] to partition 3.
Adding output bit \out_data [9] to partition 3.
Adding output bit \out_data [8] to partition 3.
Adding output bit \out_data [7] to partition 3.
Adding output bit \out_data [6] to partition 3.
Adding output bit \out_data [5] to partition 3.
Adding output bit \out_data [4] to partition 3.
Adding output bit \out_data [3] to partition 3.
Adding output bit \out_data [2] to partition 3.
Adding output bit \out_data [1] to partition 3.
Adding output bit \out_data [0] to partition 3.
Adding output bit \next [15] to partition 4.
Adding output bit \next [14] to partition 4.
Adding output bit \next [13] to partition 4.
Adding output bit \next [12] to partition 4.
Adding output bit \next [11] to partition 4.
Adding output bit \next [10] to partition 4.
Adding output bit \next [9] to partition 4.
Adding output bit \next [8] to partition 4.
Adding output bit \next [7] to partition 4.
Adding output bit \next [6] to partition 4.
Adding output bit \next [5] to partition 4.
Adding output bit \next [4] to partition 4.
Adding output bit \next [3] to partition 4.
Adding output bit \next [2] to partition 4.
Adding output bit \next [1] to partition 4.
Adding output bit \next [0] to partition 4.
Adding output bit \lenx [23] to partition 5.
Adding output bit \lenx [22] to partition 6.
Adding output bit \lenx [21] to partition 7.
Adding output bit \lenx [20] to partition 8.
Adding output bit \lenx [19] to partition 9.
Adding output bit \lenx [18] to partition 10.
Adding output bit \lenx [17] to partition 11.
Adding output bit \lenx [16] to partition 12.
Adding output bit \lenx [15] to partition 13.
Adding output bit \lenx [14] to partition 14.
Adding output bit \lenx [13] to partition 15.
Adding output bit \lenx [12] to partition 16.
Adding output bit \lenx [11] to partition 17.
Adding output bit \lenx [10] to partition 18.
Adding output bit \lenx [9] to partition 19.
Adding output bit \lenx [8] to partition 20.
Adding output bit \lenx [7] to partition 21.
Adding output bit \lenx [6] to partition 22.
Adding output bit \lenx [5] to partition 23.
Adding output bit \lenx [4] to partition 24.
Adding output bit \lenx [3] to partition 25.
Adding output bit \lenx [2] to partition 26.
Adding output bit \lenx [1] to partition 27.
Adding output bit \lenx [0] to partition 28.
Adding output bit \length [15] to partition 29.
Adding output bit \length [14] to partition 29.
Adding output bit \length [13] to partition 29.
Adding output bit \length [12] to partition 29.
Adding output bit \length [11] to partition 29.
Adding output bit \length [10] to partition 29.
Adding output bit \length [9] to partition 29.
Adding output bit \length [8] to partition 29.
Adding output bit \length [7] to partition 29.
Adding output bit \length [6] to partition 29.
Adding output bit \length [5] to partition 29.
Adding output bit \length [4] to partition 29.
Adding output bit \length [3] to partition 29.
Adding output bit \length [2] to partition 29.
Adding output bit \length [1] to partition 29.
Adding output bit \length [0] to partition 29.
Adding output bit \hold [15] to partition 30.
Adding output bit \hold [14] to partition 30.
Adding output bit \hold [13] to partition 30.
Adding output bit \hold [12] to partition 30.
Adding output bit \hold [11] to partition 30.
Adding output bit \hold [10] to partition 30.
Adding output bit \hold [9] to partition 30.
Adding output bit \hold [8] to partition 30.
Adding output bit \hold [7] to partition 30.
Adding output bit \hold [6] to partition 30.
Adding output bit \hold [5] to partition 30.
Adding output bit \hold [4] to partition 30.
Adding output bit \hold [3] to partition 30.
Adding output bit \hold [2] to partition 30.
Adding output bit \hold [1] to partition 30.
Adding output bit \hold [0] to partition 30.
Adding output bit \held [23] to partition 31.
Adding output bit \held [22] to partition 32.
Adding output bit \held [21] to partition 33.
Adding output bit \held [20] to partition 34.
Adding output bit \held [19] to partition 35.
Adding output bit \held [18] to partition 36.
Adding output bit \held [17] to partition 37.
Adding output bit \held [16] to partition 38.
Adding output bit \held [15] to partition 39.
Adding output bit \held [14] to partition 40.
Adding output bit \held [13] to partition 41.
Adding output bit \held [12] to partition 42.
Adding output bit \held [11] to partition 43.
Adding output bit \held [10] to partition 44.
Adding output bit \held [9] to partition 45.
Adding output bit \held [8] to partition 46.
Adding output bit \held [7] to partition 47.
Adding output bit \held [6] to partition 48.
Adding output bit \held [5] to partition 49.
Adding output bit \held [4] to partition 50.
Adding output bit \held [3] to partition 51.
Adding output bit \held [2] to partition 52.
Adding output bit \held [1] to partition 53.
Adding output bit \held [0] to partition 54.
Adding output bit \ext [23] to partition 55.
Adding output bit \ext [22] to partition 56.
Adding output bit \ext [21] to partition 57.
Adding output bit \ext [20] to partition 58.
Adding output bit \ext [19] to partition 59.
Adding output bit \ext [18] to partition 60.
Adding output bit \ext [17] to partition 61.
Adding output bit \ext [16] to partition 62.
Adding output bit \ext [15] to partition 63.
Adding output bit \ext [14] to partition 64.
Adding output bit \ext [13] to partition 65.
Adding output bit \ext [12] to partition 66.
Adding output bit \ext [11] to partition 67.
Adding output bit \ext [10] to partition 68.
Adding output bit \ext [9] to partition 69.
Adding output bit \ext [8] to partition 70.
Adding output bit \ext [7] to partition 71.
Adding output bit \ext [6] to partition 72.
Adding output bit \ext [5] to partition 73.
Adding output bit \ext [4] to partition 74.
Adding output bit \ext [3] to partition 75.
Adding output bit \ext [2] to partition 76.
Adding output bit \ext [1] to partition 77.
Adding output bit \ext [0] to partition 78.
Adding output bit \d9 [23] to partition 79.
Adding output bit \d9 [22] to partition 79.
Adding output bit \d9 [21] to partition 79.
Adding output bit \d9 [20] to partition 79.
Adding output bit \d9 [19] to partition 79.
Adding output bit \d9 [18] to partition 79.
Adding output bit \d9 [17] to partition 79.
Adding output bit \d9 [16] to partition 79.
Adding output bit \d9 [15] to partition 79.
Adding output bit \d9 [14] to partition 79.
Adding output bit \d9 [13] to partition 79.
Adding output bit \d9 [12] to partition 79.
Adding output bit \d9 [11] to partition 79.
Adding output bit \d9 [10] to partition 79.
Adding output bit \d9 [9] to partition 79.
Adding output bit \d9 [8] to partition 79.
Adding output bit \d9 [7] to partition 79.
Adding output bit \d9 [6] to partition 79.
Adding output bit \d9 [5] to partition 79.
Adding output bit \d9 [4] to partition 79.
Adding output bit \d9 [3] to partition 79.
Adding output bit \d9 [2] to partition 79.
Adding output bit \d9 [1] to partition 79.
Adding output bit \d9 [0] to partition 79.
Adding output bit \d0 [23] to partition 80.
Adding output bit \d0 [22] to partition 80.
Adding output bit \d0 [21] to partition 80.
Adding output bit \d0 [20] to partition 80.
Adding output bit \d0 [19] to partition 80.
Adding output bit \d0 [18] to partition 80.
Adding output bit \d0 [17] to partition 80.
Adding output bit \d0 [16] to partition 80.
Adding output bit \d0 [15] to partition 80.
Adding output bit \d0 [14] to partition 80.
Adding output bit \d0 [13] to partition 80.
Adding output bit \d0 [12] to partition 80.
Adding output bit \d0 [11] to partition 80.
Adding output bit \d0 [10] to partition 80.
Adding output bit \d0 [9] to partition 80.
Adding output bit \d0 [8] to partition 80.
Adding output bit \d0 [7] to partition 80.
Adding output bit \d0 [6] to partition 80.
Adding output bit \d0 [5] to partition 80.
Adding output bit \d0 [4] to partition 80.
Adding output bit \d0 [3] to partition 80.
Adding output bit \d0 [2] to partition 80.
Adding output bit \d0 [1] to partition 80.
Adding output bit \d0 [0] to partition 80.
Adding output bit \count [7] to partition 81.
Adding output bit \count [6] to partition 81.
Adding output bit \count [5] to partition 81.
Adding output bit \count [4] to partition 81.
Adding output bit \count [3] to partition 81.
Adding output bit \count [2] to partition 81.
Adding output bit \count [1] to partition 81.
Adding output bit \count [0] to partition 81.
Adding output bit \cntx [23] to partition 82.
Adding output bit \cntx [22] to partition 83.
Adding output bit \cntx [21] to partition 84.
Adding output bit \cntx [20] to partition 85.
Adding output bit \cntx [19] to partition 86.
Adding output bit \cntx [18] to partition 87.
Adding output bit \cntx [17] to partition 88.
Adding output bit \cntx [16] to partition 89.
Adding output bit \cntx [15] to partition 90.
Adding output bit \cntx [14] to partition 91.
Adding output bit \cntx [13] to partition 92.
Adding output bit \cntx [12] to partition 93.
Adding output bit \cntx [11] to partition 94.
Adding output bit \cntx [10] to partition 95.
Adding output bit \cntx [9] to partition 96.
Adding output bit \cntx [8] to partition 97.
Adding output bit \cntx [7] to partition 98.
Adding output bit \cntx [6] to partition 99.
Adding output bit \cntx [5] to partition 100.
Adding output bit \cntx [4] to partition 101.
Adding output bit \cntx [3] to partition 102.
Adding output bit \cntx [2] to partition 103.
Adding output bit \cntx [1] to partition 104.
Adding output bit \cntx [0] to partition 105.
Adding output bit \acc [23] to partition 106.
Adding output bit \acc [22] to partition 106.
Adding output bit \acc [21] to partition 106.
Adding output bit \acc [20] to partition 106.
Adding output bit \acc [19] to partition 106.
Adding output bit \acc [18] to partition 106.
Adding output bit \acc [17] to partition 106.
Adding output bit \acc [16] to partition 106.
Adding output bit \acc [15] to partition 106.
Adding output bit \acc [14] to partition 106.
Adding output bit \acc [13] to partition 106.
Adding output bit \acc [12] to partition 106.
Adding output bit \acc [11] to partition 106.
Adding output bit \acc [10] to partition 106.
Adding output bit \acc [9] to partition 106.
Adding output bit \acc [8] to partition 106.
Adding output bit \acc [7] to partition 106.
Adding output bit \acc [6] to partition 106.
Adding output bit \acc [5] to partition 106.
Adding output bit \acc [4] to partition 106.
Adding output bit \acc [3] to partition 106.
Adding output bit \acc [2] to partition 106.
Adding output bit \acc [1] to partition 106.
Adding output bit \acc [0] to partition 106.

Final list of fragment partitions:
  0 \status [0] \status [1] \status [2] \status [3] <= \rst \state [14] \state [15] \state [8] \state [0] \clk
  1 \state [0] \state [1] \state [2] \state [3] \state [4] \state [5] \state [6] \state [7] \state [8] \state [9] \state [10] \state [11] \state [12] \state [13] \state [14] \state [15] <= \rst \next [15] \next [14] \next [13] \next [12] \next [11] \next [10] \next [9] \next [8] \next [7] \next [6] \next [5] \next [4] \next [3] \next [2] \next [1] \next [0] \clk
  2 \out_valid <= \rst \state [12] \clk
  3 \out_data [0] \out_data [1] \out_data [2] \out_data [3] \out_data [4] \out_data [5] \out_data [6] \out_data [7] \out_data [8] \out_data [9] \out_data [10] \out_data [11] \out_data [12] \out_data [13] \out_data [14] \out_data [15] \out_data [16] \out_data [17] \out_data [18] \out_data [19] \out_data [20] \out_data [21] \out_data [22] \out_data [23] <= \acc [2] \acc [1] \acc [0] \rst \state [12] \acc [23] \acc [22] \acc [21] \acc [20] \acc [19] \acc [18] \acc [17] \acc [16] \acc [15] \acc [14] \acc [13] \acc [12] \acc [11] \acc [10] \acc [9] \acc [8] \acc [7] \acc [6] \acc [5] \acc [4] \acc [3] \clk
  4 \next [0] \next [1] \next [2] \next [3] \next [4] \next [5] \next [6] \next [7] \next [8] \next [9] \next [10] \next [11] \next [12] \next [13] \next [14] \next [15] <= \state [0] \state [1] \state [2] \state [3] \state [4] \state [5] \state [6] \state [7] \state [8] \lenx [7] \lenx [6] \lenx [5] \lenx [4] \lenx [3] \lenx [2] \lenx [1] \lenx [0] \cntx [7] \cntx [6] \cntx [5] \cntx [4] \cntx [3] \cntx [2] \cntx [1] \cntx [0] \state [9] \state [10] \state [11] \in_valid \acc [15] \acc [14] \acc [13] \acc [12] \acc [11] \acc [10] \acc [9] \acc [8] \acc [7] \acc [6] \acc [5] \acc [4] \acc [3] \acc [2] \acc [1] \acc [0] \ext [15] \ext [14] \ext [13] \ext [12] \ext [11] \ext [10] \ext [9] \ext [8] \ext [7] \ext [6] \ext [5] \ext [4] \ext [3] \ext [2] \ext [1] \ext [0] \state [12] \state [13] \state [14] \cmd [3] \cmd [2] \cmd [1] \cmd [0]
  5 \lenx [23] <=
  6 \lenx [22] <=
  7 \lenx [21] <=
  8 \lenx [20] <=
  9 \lenx [19] <=
  10 \lenx [18] <=
  11 \lenx [17] <=
  12 \lenx [16] <=
  13 \lenx [15] <= \length [15]
  14 \lenx [14] <= \length [14]
  15 \lenx [13] <= \length [13]
  16 \lenx [12] <= \length [12]
  17 \lenx [11] <= \length [11]
  18 \lenx [10] <= \length [10]
  19 \lenx [9] <= \length [9]
  20 \lenx [8] <= \length [8]
  21 \lenx [7] <= \length [7]
  22 \lenx [6] <= \length [6]
  23 \lenx [5] <= \length [5]
  24 \lenx [4] <= \length [4]
  25 \lenx [3] <= \length [3]
  26 \lenx [2] <= \length [2]
  27 \lenx [1] <= \length [1]
  28 \lenx [0] <= \length [0]
  29 \length [0] \length [1] \length [2] \length [3] \length [4] \length [5] \length [6] \length [7] \length [8] \length [9] \length [10] \length [11] \length [12] \length [13] \length [14] \length [15] <= \rst \in_valid \state [7] \ext [15] \ext [14] \ext [13] \ext [12] \ext [11] \ext [10] \ext [9] \ext [8] \ext [7] \ext [6] \ext [5] \ext [4] \ext [3] \ext [2] \ext [1] \ext [0] \lenx [15] \lenx [14] \lenx [13] \lenx [12] \lenx [11] \lenx [10] \lenx [9] \lenx [8] \lenx [7] \lenx [6] \lenx [5] \lenx [4] \lenx [3] \lenx [2] \lenx [1] \lenx [0] \clk
  30 \hold [0] \hold [1] \hold [2] \hold [3] \hold [4] \hold [5] \hold [6] \hold [7] \hold [8] \hold [9] \hold [10] \hold [11] \hold [12] \hold [13] \hold [14] \hold [15] <= \rst \in_valid \ext [15] \ext [14] \ext [13] \ext [12] \ext [11] \ext [10] \ext [9] \ext [8] \ext [7] \ext [6] \ext [5] \ext [4] \ext [3] \ext [2] \ext [1] \ext [0] \held [15] \held [14] \held [13] \held [12] \held [11] \held [10] \held [9] \held [8] \held [7] \held [6] \held [5] \held [4] \held [3] \held [2] \held [1] \held [0] \clk
  31 \held [23] <=
  32 \held [22] <=
  33 \held [21] <=
  34 \held [20] <=
  35 \held [19] <=
  36 \held [18] <=
  37 \held [17] <=
  38 \held [16] <=
  39 \held [15] <= \hold [15]
  40 \held [14] <= \hold [14]
  41 \held [13] <= \hold [13]
  42 \held [12] <= \hold [12]
  43 \held [11] <= \hold [11]
  44 \held [10] <= \hold [10]
  45 \held [9] <= \hold [9]
  46 \held [8] <= \hold [8]
  47 \held [7] <= \hold [7]
  48 \held [6] <= \hold [6]
  49 \held [5] <= \hold [5]
  50 \held [4] <= \hold [4]
  51 \held [3] <= \hold [3]
  52 \held [2] <= \hold [2]
  53 \held [1] <= \hold [1]
  54 \held [0] <= \hold [0]
  55 \ext [23] <=
  56 \ext [22] <=
  57 \ext [21] <=
  58 \ext [20] <=
  59 \ext [19] <=
  60 \ext [18] <=
  61 \ext [17] <=
  62 \ext [16] <=
  63 \ext [15] <= \in_data [15]
  64 \ext [14] <= \in_data [14]
  65 \ext [13] <= \in_data [13]
  66 \ext [12] <= \in_data [12]
  67 \ext [11] <= \in_data [11]
  68 \ext [10] <= \in_data [10]
  69 \ext [9] <= \in_data [9]
  70 \ext [8] <= \in_data [8]
  71 \ext [7] <= \in_data [7]
  72 \ext [6] <= \in_data [6]
  73 \ext [5] <= \in_data [5]
  74 \ext [4] <= \in_data [4]
  75 \ext [3] <= \in_data [3]
  76 \ext [2] <= \in_data [2]
  77 \ext [1] <= \in_data [1]
  78 \ext [0] <= \in_data [0]
  79 \d9 [0] \d9 [1] \d9 [2] \d9 [3] \d9 [4] \d9 [5] \d9 [6] \d9 [7] \d9 [8] \d9 [9] \d9 [10] \d9 [11] \d9 [12] \d9 [13] \d9 [14] \d9 [15] \d9 [16] \d9 [17] \d9 [18] \d9 [19] \d9 [20] \d9 [21] \d9 [22] \d9 [23] <= \state [3] \state [4] \state [5] \state [6] \state [7] \state [8] \cntx [7] \cntx [6] \cntx [5] \cntx [4] \cntx [3] \cntx [2] \cntx [1] \cntx [0] \state [9] \ext [15] \ext [14] \ext [13] \ext [12] \ext [11] \ext [10] \ext [9] \ext [8] \ext [7] \ext [6] \ext [5] \ext [4] \ext [3] \ext [2] \ext [1] \ext [0] \state [10] \lenx [15] \lenx [14] \lenx [13] \lenx [12] \lenx [11] \lenx [10] \lenx [9] \lenx [8] \lenx [7] \lenx [6] \lenx [5] \lenx [4] \lenx [3] \lenx [2] \lenx [1] \lenx [0] \held [15] \held [14] \held [13] \held [12] \held [11] \held [10] \held [9] \held [8] \held [7] \held [6] \held [5] \held [4] \held [3] \held [2] \held [1] \held [0] \state [11] \acc [23] \acc [22] \acc [21] \acc [20] \acc [19] \acc [18] \acc [17] \acc [16] \acc [15] \acc [14] \acc [13] \acc [12] \acc [11] \acc [10] \acc [9] \acc [8] \acc [7] \acc [6] \acc [5] \acc [4] \acc [3] \acc [2] \acc [1] \acc [0] \d0 [23] \d0 [22] \d0 [21] \d0 [20] \d0 [19] \d0 [18] \d0 [17] \d0 [16] \d0 [15] \d0 [14] \d0 [13] \d0 [12] \d0 [11] \d0 [10] \d0 [9] \d0 [8] \d0 [7] \d0 [6] \d0 [5] \d0 [4] \d0 [3] \d0 [2] \d0 [1] \d0 [0]
  80 \d0 [0] \d0 [1] \d0 [2] \d0 [3] \d0 [4] \d0 [5] \d0 [6] \d0 [7] \d0 [8] \d0 [9] \d0 [10] \d0 [11] \d0 [12] \d0 [13] \d0 [14] \d0 [15] \d0 [16] \d0 [17] \d0 [18] \d0 [19] \d0 [20] \d0 [21] \d0 [22] \d0 [23] <= \ext [15] \ext [14] \ext [13] \ext [12] \ext [11] \ext [10] \ext [9] \ext [8] \ext [7] \ext [6] \ext [5] \ext [4] \ext [3] \ext [2] \ext [1] \ext [0] \acc [23] \acc [22] \acc [21] \acc [20] \acc [19] \acc [18] \acc [17] \acc [16] \acc [15] \acc [14] \acc [13] \acc [12] \acc [11] \acc [10] \acc [9] \acc [8] \acc [7] \acc [6] \acc [5] \acc [4] \acc [3] \acc [2] \acc [1] \acc [0]
  81 \count [0] \count [1] \count [2] \count [3] \count [4] \count [5] \count [6] \count [7] <= \rst \in_valid \state [8] \state [15] \state [0] \cntx [7] \cntx [6] \cntx [5] \cntx [4] \cntx [3] \cntx [2] \cntx [1] \cntx [0] \clk
  82 \cntx [23] <=
  83 \cntx [22] <=
  84 \cntx [21] <=
  85 \cntx [20] <=
  86 \cntx [19] <=
  87 \cntx [18] <=
  88 \cntx [17] <=
  89 \cntx [16] <=
  90 \cntx [15] <=
  91 \cntx [14] <=
  92 \cntx [13] <=
  93 \cntx [12] <=
  94 \cntx [11] <=
  95 \cntx [10] <=
  96 \cntx [9] <=
  97 \cntx [8] <=
  98 \cntx [7] <= \count [7]
  99 \cntx [6] <= \count [6]
  100 \cntx [5] <= \count [5]
  101 \cntx [4] <= \count [4]
  102 \cntx [3] <= \count [3]
  103 \cntx [2] <= \count [2]
  104 \cntx [1] <= \count [1]
  105 \cntx [0] <= \count [0]
  106 \acc [0] \acc [1] \acc [2] \acc [3] \acc [4] \acc [5] \acc [6] \acc [7] \acc [8] \acc [9] \acc [10] \acc [11] \acc [12] \acc [13] \acc [14] \acc [15] \acc [16] \acc [17] \acc [18] \acc [19] \acc [20] \acc [21] \acc [22] \acc [23] <= \d9 [2] \d9 [1] \d9 [0] \state [12] \rst \in_valid \d9 [23] \d9 [22] \d9 [21] \d9 [20] \d9 [19] \d9 [18] \d9 [17] \d9 [16] \d9 [15] \d9 [14] \d9 [13] \d9 [12] \d9 [11] \d9 [10] \d9 [9] \d9 [8] \d9 [7] \d9 [6] \d9 [5] \d9 [4] \d9 [3] \clk

3.1.3. Execute partitioning commands for module bm_fsm_ctrl.

Amending partitions:
Execute queued amend rules.
Find automatic amend rules.
  Checking partition 0:
    Found 1 po matches and 0 auto/pi matches.
  Checking partition 1:
    Found 1 po matches and 0 auto/pi matches.
  Checking partition 2:
    Found 1 po matches and 0 auto/pi matches.
  Checking partition 3:
    Found 2 po matches and 0 auto/pi matches.
  Checking partition 4:
    Found 34 po matches and 0 auto/pi matches.
  Checking partition 5:
    Found 0 po matches and 0 auto/pi matches.
  Checking partition 6:
    Found 0 po matches and 0 auto/pi matches.
  Checking partition 7:
    Found 0 po matches and 0 auto/pi matches.
  Checking partition 8:
    Found 0 po matches and 0 auto/pi matches.
  Checking partition 9:
    Found 0 po matches and 0 auto/pi matches.
  Checking partition 10:
    Found 0 po matches and 0 auto/pi matches.
  Checking partition 11:
    Found 0 po matches and 0 auto/pi matches.
  Checking partition 12:
    Found 0 po matches and 0 auto/pi matches.
  Checking partition 13:
    Found 1 po matches and 0 auto/pi matches.
  Checking partition 14:
    Found 1 po matches and 0 auto/pi matches.
  Checking partition 15:
    Found 1 po matches and 0 auto/pi matches.
  Checking partition 16:
    Found 1 po matches and 0 auto/pi matches.
  Checking partition 17:
    Found 1 po matches and 0 auto/pi matches.
  Checking partition 18:
    Found 1 po matches and 0 auto/pi matches.
  Checking partition 19:
    Found 1 po matches and 0 auto/pi matches.
  Checking partition 20:
    Found 1 po matches and 0 auto/pi matches.
  Checking partition 21:
    Found 1 po matches and 0 auto/pi matches.
  Checking partition 22:
    Found 1 po matches and 0 auto/pi matches.
  Checking partition 23:
    Found 1 po matches and 0 auto/pi matches.
  Checking partition 24:
    Found 1 po matches and 0 auto/pi matches.
  Checking partition 25:
    Found 1 po matches and 0 auto/pi matches.
  Checking partition 26:
    Found 1 po matches and 0 auto/pi matches.
  Checking partition 27:
    Found 1 po matches and 0 auto/pi matches.
  Checking partition 28:
    Found 1 po matches and 0 auto/pi matches.
  Checking partition 29:
    Found 33 po matches and 0 auto/pi matches.
  Checking partition 30:
    Found 32 po matches and 0 auto/pi matches.
  Checking partition 31:
    Found 0 po matches and 0 auto/pi matches.
  Checking partition 32:
    Found 0 po matches and 0 auto/pi matches.
  Checking partition 33:
    Found 0 po matches and 0 auto/pi matches.
  Checking partition 34:
    Found 0 po matches and 0 auto/pi matches.
  Checking partition 35:
    Found 0 po matches and 0 auto/pi matches.
  Checking partition 36:
    Found 0 po matches and 0 auto/pi matches.
  Checking partition 37:
    Found 0 po matches and 0 auto/pi matches.
  Checking partition 38:
    Found 0 po matches and 0 auto/pi matches.
  Checking partition 39:
    Found 1 po matches and 0 auto/pi matches.
  Checking partition 40:
    Found 1 po matches and 0 auto/pi matches.
  Checking partition 41:
    Found 1 po matches and 0 auto/pi matches.
  Checking partition 42:
    Found 1 po matches and 0 auto/pi matches.
  Checking partition 43:
    Found 1 po matches and 0 auto/pi matches.
  Checking partition 44:
    Found 1 po matches and 0 auto/pi matches.
  Checking partition 45:
    Found 1 po matches and 0 auto/pi matches.
  Checking partition 46:
    Found 1 po matches and 0 auto/pi matches.
  Checking partition 47:
    Found 1 po matches and 0 auto/pi matches.
  Checking partition 48:
    Found 1 po matches and 0 auto/pi matches.
  Checking partition 49:
    Found 1 po matches and 0 auto/pi matches.
  Checking partition 50:
    Found 1 po matches and 0 auto/pi matches.
  Checking partition 51:
    Found 1 po matches and 0 auto/pi matches.
  Checking partition 52:
    Found 1 po matches and 0 auto/pi matches.
  Checking partition 53:
    Found 1 po matches and 0 auto/pi matches.
  Checking partition 54:
    Found 1 po matches and 0 auto/pi matches.
  Checking partition 55:
    Found 0 po matches and 0 auto/pi matches.
  Checking partition 56:
    Found 0 po matches and 0 auto/pi matches.
  Checking partition 57:
    Found 0 po matches and 0 auto/pi matches.
  Checking partition 58:
    Found 0 po matches and 0 auto/pi matches.
  Checking partition 59:
    Found 0 po matches and 0 auto/pi matches.
  Checking partition 60:
    Found 0 po matches and 0 auto/pi matches.
  Checking partition 61:
    Found 0 po matches and 0 auto/pi matches.
  Checking partition 62:
    Found 0 po matches and 0 auto/pi matches.
  Checking partition 63:
    Found 0 po matches and 0 auto/pi matches.
  Checking partition 64:
    Found 0 po matches and 0 auto/pi matches.
  Checking partition 65:
    Found 0 po matches and 0 auto/pi matches.
  Checking partition 66:
    Found 0 po matches and 0 auto/pi matches.
  Checking partition 67:
    Found 0 po matches and 0 auto/pi matches.
  Checking partition 68:
    Found 0 po matches and 0 auto/pi matches.
  Checking partition 69:
    Found 0 po matches and 0 auto/pi matches.
  Checking partition 70:
    Found 0 po matches and 0 auto/pi matches.
  Checking partition 71:
    Found 0 po matches and 0 auto/pi matches.
  Checking partition 72:
    Found 0 po matches and 0 auto/pi matches.
  Checking partition 73:
    Found 0 po matches and 0 auto/pi matches.
  Checking partition 74:
    Found 0 po matches and 0 auto/pi matches.
  Checking partition 75:
    Found 0 po matches and 0 auto/pi matches.
  Checking partition 76:
    Found 0 po matches and 0 auto/pi matches.
  Checking partition 77:
    Found 0 po matches and 0 auto/pi matches.
  Checking partition 78:
    Found 0 po matches and 0 auto/pi matches.
  Checking partition 79:
    Found 59 po matches and 0 auto/pi matches.
  Checking partition 80:
    Found 17 po matches and 0 auto/pi matches.
  Checking partition 81:
    Found 9 po matches and 0 auto/pi matches.
  Checking partition 82:
    Found 0 po matches and 0 auto/pi matches.
  Checking partition 83:
    Found 0 po matches and 0 auto/pi matches.
  Checking partition 84:
    Found 0 po matches and 0 auto/pi matches.
  Checking partition 85:
    Found 0 po matches and 0 auto/pi matches.
  Checking partition 86:
    Found 0 po matches and 0 auto/pi matches.
  Checking partition 87:
    Found 0 po matches and 0 auto/pi matches.
  Checking partition 88:
    Found 0 po matches and 0 auto/pi matches.
  Checking partition 89:
    Found 0 po matches and 0 auto/pi matches.
  Checking partition 90:
    Found 0 po matches and 0 auto/pi matches.
  Checking partition 91:
    Found 0 po matches and 0 auto/pi matches.
  Checking partition 92:
    Found 0 po matches and 0 auto/pi matches.
  Checking partition 93:
    Found 0 po matches and 0 auto/pi matches.
  Checking partition 94:
    Found 0 po matches and 0 auto/pi matches.
  Checking partition 95:
    Found 0 po matches and 0 auto/pi matches.
  Checking partition 96:
    Found 0 po matches and 0 auto/pi matches.
  Checking partition 97:
    Found 0 po matches and 0 auto/pi matches.
  Checking partition 98:
    Found 1 po matches and 0 auto/pi matches.
  Checking partition 99:
    Found 1 po matches and 0 auto/pi matches.
  Checking partition 100:
    Found 1 po matches and 0 auto/pi matches.
  Checking partition 101:
    Found 1 po matches and 0 auto/pi matches.
  Checking partition 102:
    Found 1 po matches and 0 auto/pi matches.
  Checking partition 103:
    Found 1 po matches and 0 auto/pi matches.
  Checking partition 104:
    Found 1 po matches and 0 auto/pi matches.
  Checking partition 105:
    Found 1 po matches and 0 auto/pi matches.
  Checking partition 106:
    Found 2 po matches and 0 auto/pi matches.

Assigning partition names:
Automatically naming partition 0 'status' using a PO name: status
Automatically naming partition 1 'state' using a PO name: state
Automatically naming partition 2 'out_valid' using a PO name: out_valid
Automatically naming partition 3 'out_data' using a PO name: out_data
Automatically naming partition 4 'next' using a PO name: next
Automatically naming partition 5 'lenx.23' using a PO name: lenx[23]
Automatically naming partition 6 'lenx.22' using a PO name: lenx[22]
Automatically naming partition 7 'lenx.21' using a PO name: lenx[21]
Automatically naming partition 8 'lenx.20' using a PO name: lenx[20]
Automatically naming partition 9 'lenx.19' using a PO name: lenx[19]
Automatically naming partition 10 'lenx.18' using a PO name: lenx[18]
Automatically naming partition 11 'lenx.17' using a PO name: lenx[17]
Automatically naming partition 12 'lenx.16' using a PO name: lenx[16]
Automatically naming partition 13 'lenx.15' using a PO name: lenx[15]
Automatically naming partition 14 'lenx.14' using a PO name: lenx[14]
Automatically naming partition 15 'lenx.13' using a PO name: lenx[13]
Automatically naming partition 16 'lenx.12' using a PO name: lenx[12]
Automatically naming partition 17 'lenx.11' using a PO name: lenx[11]
Automatically naming partition 18 'lenx.10' using a PO name: lenx[10]
Automatically naming partition 19 'lenx.9' using a PO name: lenx[9]
Automatically naming partition 20 'lenx.8' using a PO name: lenx[8]
Automatically naming partition 21 'lenx.7' using a PO name: lenx[7]
Automatically naming partition 22 'lenx.6' using a PO name: lenx[6]
Automatically naming partition 23 'lenx.5' using a PO name: lenx[5]
Automatically naming partition 24 'lenx.4' using a PO name: lenx[4]
Automatically naming partition 25 'lenx.3' using a PO name: lenx[3]
Automatically naming partition 26 'lenx.2' using a PO name: lenx[2]
Automatically naming partition 27 'lenx.1' using a PO name: lenx[1]
Automatically naming partition 28 'lenx.0' using a PO name: lenx[0]
Automatically naming partition 29 'length' using a PO name: length
Automatically naming partition 30 'hold' using a PO name: hold
Automatically naming partition 31 'held.23' using a PO name: held[23]
Automatically naming partition 32 'held.22' using a PO name: held[22]
Automatically naming partition 33 'held.21' using a PO name: held[21]
Automatically naming partition 34 'held.20' using a PO name: held[20]
Automatically naming partition 35 'held.19' using a PO name: held[19]
Automatically naming partition 36 'held.18' using a PO name: held[18]
Automatically naming partition 37 'held.17' using a PO name: held[17]
Automatically naming partition 38 'held.16' using a PO name: held[16]
Automatically naming partition 39 'held.15' using a PO name: held[15]
Automatically naming partition 40 'held.14' using a PO name: held[14]
Automatically naming partition 41 'held.13' using a PO name: held[13]
Automatically naming partition 42 'held.12' using a PO name: held[12]
Automatically naming partition 43 'held.11' using a PO name: held[11]
Automatically naming partition 44 'held.10' using a PO name: held[10]
Automatically naming partition 45 'held.9' using a PO name: held[9]
Automatically naming partition 46 'held.8' using a PO name: held[8]
Automatically naming partition 47 'held.7' using a PO name: held[7]
Automatically naming partition 48 'held.6' using a PO name: held[6]
Automatically naming partition 49 'held.5' using a PO name: held[5]
Automatically naming partition 50 'held.4' using a PO name: held[4]
Automatically naming partition 51 'held.3' using a PO name: held[3]
Automatically naming partition 52 'held.2' using a PO name: held[2]
Automatically naming partition 53 'held.1' using a PO name: held[1]
Automatically naming partition 54 'held.0' using a PO name: held[0]
Automatically naming partition 55 'ext.23' using a PO name: ext[23]
Automatically naming partition 56 'ext.22' using a PO name: ext[22]
Automatically naming partition 57 'ext.21' using a PO name: ext[21]
Automatically naming partition 58 'ext.20' using a PO name: ext[20]
Automatically naming partition 59 'ext.19' using a PO name: ext[19]
Automatically naming partition 60 'ext.18' using a PO name: ext[18]
Automatically naming partition 61 'ext.17' using a PO name: ext[17]
Automatically naming partition 62 'ext.16' using a PO name: ext[16]
Automatically naming partition 63 'ext.15' using a PO name: ext[15]
Automatically naming partition 64 'ext.14' using a PO name: ext[14]
Automatically naming partition 65 'ext.13' using a PO name: ext[13]
Automatically naming partition 66 'ext.12' using a PO name: ext[12]
Automatically naming partition 67 'ext.11' using a PO name: ext[11]
Automatically naming partition 68 'ext.10' using a PO name: ext[10]
Automatically naming partition 69 'ext.9' using a PO name: ext[9]
Automatically naming partition 70 'ext.8' using a PO name: ext[8]
Automatically naming partition 71 'ext.7' using a PO name: ext[7]
Automatically naming partition 72 'ext.6' using a PO name: ext[6]
Automatically naming partition 73 'ext.5' using a PO name: ext[5]
Automatically naming partition 74 'ext.4' using a PO name: ext[4]
Automatically naming partition 75 'ext.3' using a PO name: ext[3]
Automatically naming partition 76 'ext.2' using a PO name: ext[2]
Automatically naming partition 77 'ext.1' using a PO name: ext[1]
Automatically naming partition 78 'ext.0' using a PO name: ext[0]
Automatically naming partition 79 'd9' using a PO name: d9
Automatically naming partition 80 'd0' using a PO name: d0
Automatically naming partition 81 'count' using a PO name: count
Automatically naming partition 82 'cntx.23' using a PO name: cntx[23]
Automatically naming partition 83 'cntx.22' using a PO name: cntx[22]
Automatically naming partition 84 'cntx.21' using a PO name: cntx[21]
Automatically naming partition 85 'cntx.20' using a PO name: cntx[20]
Automatically naming partition 86 'cntx.19' using a PO name: cntx[19]
Automatically naming partition 87 'cntx.18' using a PO name: cntx[18]
Automatically naming partition 88 'cntx.17' using a PO name: cntx[17]
Automatically naming partition 89 'cntx.16' using a PO name: cntx[16]
Automatically naming partition 90 'cntx.15' using a PO name: cntx[15]
Automatically naming partition 91 'cntx.14' using a PO name: cntx[14]
Automatically naming partition 92 'cntx.13' using a PO name: cntx[13]
Automatically naming partition 93 'cntx.12' using a PO name: cntx[12]
Automatically naming partition 94 'cntx.11' using a PO name: cntx[11]
Automatically naming partition 95 'cntx.10' using a PO name: cntx[10]
Automatically naming partition 96 'cntx.9' using a PO name: cntx[9]
Automatically naming partition 97 'cntx.8' using a PO name: cntx[8]
Automatically naming partition 98 'cntx.7' using a PO name: cntx[7]
Automatically naming partition 99 'cntx.6' using a PO name: cntx[6]
Automatically naming partition 100 'cntx.5' using a PO name: cntx[5]
Automatically naming partition 101 'cntx.4' using a PO name: cntx[4]
Automatically naming partition 102 'cntx.3' using a PO name: cntx[3]
Automatically naming partition 103 'cntx.2' using a PO name: cntx[2]
Automatically naming partition 104 'cntx.1' using a PO name: cntx[1]
Automatically naming partition 105 'cntx.0' using a PO name: cntx[0]
Automatically naming partition 106 'acc' using a PO name: acc

Partition Summary:
  Fragments:
       0: \status
       1: \state
       2: \out_valid
       3: \out_data
       4: \next
       5: \lenx [23]
       6: \lenx [22]
       7: \lenx [21]
       8: \lenx [20]
       9: \lenx [19]
      10: \lenx [18]
      11: \lenx [17]
      12: \lenx [16]
      13: \lenx [15]
      14: \lenx [14]
      15: \lenx [13]
      16: \lenx [12]
      17: \lenx [11]
      18: \lenx [10]
      19: \lenx [9]
      20: \lenx [8]
      21: \lenx [7]
      22: \lenx [6]
      23: \lenx [5]
      24: \lenx [4]
      25: \lenx [3]
      26: \lenx [2]
      27: \lenx [1]
      28: \lenx [0]
      29: \length
      30: \hold
      31: \held [23]
      32: \held [22]
      33: \held [21]
      34: \held [20]
      35: \held [19]
      36: \held [18]
      37: \held [17]
      38: \held [16]
      39: \held [15]
      40: \held [14]
      41: \held [13]
      42: \held [12]
      43: \held [11]
      44: \held [10]
      45: \held [9]
      46: \held [8]
      47: \held [7]
      48: \held [6]
      49: \held [5]
      50: \held [4]
      51: \held [3]
      52: \held [2]
      53: \held [1]
      54: \held [0]
      55: \ext [23]
      56: \ext [22]
      57: \ext [21]
      58: \ext [20]
      59: \ext [19]
      60: \ext [18]
      61: \ext [17]
      62: \ext [16]
      63: \ext [15]
      64: \ext [14]
      65: \ext [13]
      66: \ext [12]
      67: \ext [11]
      68: \ext [10]
      69: \ext [9]
      70: \ext [8]
      71: \ext [7]
      72: \ext [6]
      73: \ext [5]
      74: \ext [4]
      75: \ext [3]
      76: \ext [2]
      77: \ext [1]
      78: \ext [0]
      79: \d9
      80: \d0
      81: \count
      82: \cntx [23]
      83: \cntx [22]
      84: \cntx [21]
      85: \cntx [20]
      86: \cntx [19]
      87: \cntx [18]
      88: \cntx [17]
      89: \cntx [16]
      90: \cntx [15]
      91: \cntx [14]
      92: \cntx [13]
      93: \cntx [12]
      94: \cntx [11]
      95: \cntx [10]
      96: \cntx [9]
      97: \cntx [8]
      98: \cntx [7]
      99: \cntx [6]
     100: \cntx [5]
     101: \cntx [4]
     102: \cntx [3]
     103: \cntx [2]
     104: \cntx [1]
     105: \cntx [0]
     106: \acc
  Partitions:
       0: status
       1: state
       2: out_valid
       3: out_data
       4: next
       5: lenx.23
       6: lenx.22
       7: lenx.21
       8: lenx.20
       9: lenx.19
      10: lenx.18
      11: lenx.17
      12: lenx.16
      13: lenx.15
      14: lenx.14
      15: lenx.13
      16: lenx.12
      17: lenx.11
      18: lenx.10
      19: lenx.9
      20: lenx.8
      21: lenx.7
      22: lenx.6
      23: lenx.5
      24: lenx.4
      25: lenx.3
      26: lenx.2
      27: lenx.1
      28: lenx.0
      29: length
      30: hold
      31: held.23
      32: held.22
      33: held.21
      34: held.20
      35: held.19
      36: held.18
      37: held.17
      38: held.16
      39: held.15
      40: held.14
      41: held.13
      42: held.12
      43: held.11
      44: held.10
      45: held.9
      46: held.8
      47: held.7
      48: held.6
      49: held.5
      50: held.4
      51: held.3
      52: held.2
      53: held.1
      54: held.0
      55: ext.23
      56: ext.22
      57: ext.21
      58: ext.20
      59: ext.19
      60: ext.18
      61: ext.17
      62: ext.16
      63: ext.15
      64: ext.14
      65: ext.13
      66: ext.12
      67: ext.11
      68: ext.10
      69: ext.9
      70: ext.8
      71: ext.7
      72: ext.6
      73: ext.5
      74: ext.4
      75: ext.3
      76: ext.2
      77: ext.1
      78: ext.0
      79: d9
      80: d0
      81: count
      82: cntx.23
      83: cntx.22
      84: cntx.21
      85: cntx.20
      86: cntx.19
      87: cntx.18
      88: cntx.17
      89: cntx.16
      90: cntx.15
      91: cntx.14
      92: cntx.13
      93: cntx.12
      94: cntx.11
      95: cntx.10
      96: cntx.9
      97: cntx.8
      98: cntx.7
      99: cntx.6
     100: cntx.5
     101: cntx.4
     102: cntx.3
     103: cntx.2
     104: cntx.1
     105: cntx.0
     106: acc
  Fragment-Partition-Matrix:
           0           1           2           3           4           5           6           7           8           9           10         
           01234 56789 01234 56789 01234 56789 01234 56789 01234 56789 01234 56789 01234 56789 01234 56789 01234 56789 01234 56789 01234 56
       0   #=... ..... ..... ..... ..... ..... ..... ..... ..... ..... ..... ..... ..... ..... ..... ..... ..... ..... ..... ..... ..... ..  status
       1   .#..= ..... ..... ..... ..... ..... ..... ..... ..... ..... ..... ..... ..... ..... ..... ..... ..... ..... ..... ..... ..... ..  state
       2   .=#.. ..... ..... ..... ..... ..... ..... ..... ..... ..... ..... ..... ..... ..... ..... ..... ..... ..... ..... ..... ..... ..  out_valid
       3   .=.#. ..... ..... ..... ..... ..... ..... ..... ..... ..... ..... ..... ..... ..... ..... ..... ..... ..... ..... ..... ..... .=  out_data
       4   .=..# ..... ..... ..... .==== ====. ..... ..... ..... ..... ..... ..... ...== ===== ===== ====. ..... ..... ..... ...== ===== ==  next
       5   ..... #.... ..... ..... ..... ..... ..... ..... ..... ..... ..... ..... ..... ..... ..... ..... ..... ..... ..... ..... ..... ..  lenx.23
       6   ..... .#... ..... ..... ..... ..... ..... ..... ..... ..... ..... ..... ..... ..... ..... ..... ..... ..... ..... ..... ..... ..  lenx.22
       7   ..... ..#.. ..... ..... ..... ..... ..... ..... ..... ..... ..... ..... ..... ..... ..... ..... ..... ..... ..... ..... ..... ..  lenx.21
       8   ..... ...#. ..... ..... ..... ..... ..... ..... ..... ..... ..... ..... ..... ..... ..... ..... ..... ..... ..... ..... ..... ..  lenx.20
       9   ..... ....# ..... ..... ..... ..... ..... ..... ..... ..... ..... ..... ..... ..... ..... ..... ..... ..... ..... ..... ..... ..  lenx.19
      10   ..... ..... #.... ..... ..... ..... ..... ..... ..... ..... ..... ..... ..... ..... ..... ..... ..... ..... ..... ..... ..... ..  lenx.18
      11   ..... ..... .#... ..... ..... ..... ..... ..... ..... ..... ..... ..... ..... ..... ..... ..... ..... ..... ..... ..... ..... ..  lenx.17
      12   ..... ..... ..#.. ..... ..... ..... ..... ..... ..... ..... ..... ..... ..... ..... ..... ..... ..... ..... ..... ..... ..... ..  lenx.16
      13   ..... ..... ...#. ..... ..... ....= ..... ..... ..... ..... ..... ..... ..... ..... ..... ..... ..... ..... ..... ..... ..... ..  lenx.15
      14   ..... ..... ....# ..... ..... ....= ..... ..... ..... ..... ..... ..... ..... ..... ..... ..... ..... ..... ..... ..... ..... ..  lenx.14
      15   ..... ..... ..... #.... ..... ....= ..... ..... ..... ..... ..... ..... ..... ..... ..... ..... ..... ..... ..... ..... ..... ..  lenx.13
      16   ..... ..... ..... .#... ..... ....= ..... ..... ..... ..... ..... ..... ..... ..... ..... ..... ..... ..... ..... ..... ..... ..  lenx.12
      17   ..... ..... ..... ..#.. ..... ....= ..... ..... ..... ..... ..... ..... ..... ..... ..... ..... ..... ..... ..... ..... ..... ..  lenx.11
      18   ..... ..... ..... ...#. ..... ....= ..... ..... ..... ..... ..... ..... ..... ..... ..... ..... ..... ..... ..... ..... ..... ..  lenx.10
      19   ..... ..... ..... ....# ..... ....= ..... ..... ..... ..... ..... ..... ..... ..... ..... ..... ..... ..... ..... ..... ..... ..  lenx.9
      20   ..... ..... ..... ..... #.... ....= ..... ..... ..... ..... ..... ..... ..... ..... ..... ..... ..... ..... ..... ..... ..... ..  lenx.8
      21   ..... ..... ..... ..... .#... ....= ..... ..... ..... ..... ..... ..... ..... ..... ..... ..... ..... ..... ..... ..... ..... ..  lenx.7
      22   ..... ..... ..... ..... ..#.. ....= ..... ..... ..... ..... ..... ..... ..... ..... ..... ..... ..... ..... ..... ..... ..... ..  lenx.6
      23   ..... ..... ..... ..... ...#. ....= ..... ..... ..... ..... ..... ..... ..... ..... ..... ..... ..... ..... ..... ..... ..... ..  lenx.5
      24   ..... ..... ..... ..... ....# ....= ..... ..... ..... ..... ..... ..... ..... ..... ..... ..... ..... ..... ..... ..... ..... ..  lenx.4
      25   ..... ..... ..... ..... ..... #...= ..... ..... ..... ..... ..... ..... ..... ..... ..... ..... ..... ..... ..... ..... ..... ..  lenx.3
      26   ..... ..... ..... ..... ..... .#..= ..... ..... ..... ..... ..... ..... ..... ..... ..... ..... ..... ..... ..... ..... ..... ..  lenx.2
      27   ..... ..... ..... ..... ..... ..#.= ..... ..... ..... ..... ..... ..... ..... ..... ..... ..... ..... ..... ..... ..... ..... ..  lenx.1
      28   ..... ..... ..... ..... ..... ...#= ..... ..... ..... ..... ..... ..... ..... ..... ..... ..... ..... ..... ..... ..... ..... ..  lenx.0
      29   .=... ..... ...== ===== ===== ====# ..... ..... ..... ..... ..... ..... ...== ===== ===== ====. ..... ..... ..... ..... ..... ..  length
      30   ..... ..... ..... ..... ..... ..... #.... ....= ===== ===== ===== ..... ...== ===== ===== ====. ..... ..... ..... ..... ..... ..  hold
      31   ..... ..... ..... ..... ..... ..... .#... ..... ..... ..... ..... ..... ..... ..... ..... ..... ..... ..... ..... ..... ..... ..  held.23
      32   ..... ..... ..... ..... ..... ..... ..#.. ..... ..... ..... ..... ..... ..... ..... ..... ..... ..... ..... ..... ..... ..... ..  held.22
      33   ..... ..... ..... ..... ..... ..... ...#. ..... ..... ..... ..... ..... ..... ..... ..... ..... ..... ..... ..... ..... ..... ..  held.21
      34   ..... ..... ..... ..... ..... ..... ....# ..... ..... ..... ..... ..... ..... ..... ..... ..... ..... ..... ..... ..... ..... ..  held.20
      35   ..... ..... ..... ..... ..... ..... ..... #.... ..... ..... ..... ..... ..... ..... ..... ..... ..... ..... ..... ..... ..... ..  held.19
      36   ..... ..... ..... ..... ..... ..... ..... .#... ..... ..... ..... ..... ..... ..... ..... ..... ..... ..... ..... ..... ..... ..  held.18
      37   ..... ..... ..... ..... ..... ..... ..... ..#.. ..... ..... ..... ..... ..... ..... ..... ..... ..... ..... ..... ..... ..... ..  held.17
      38   ..... ..... ..... ..... ..... ..... ..... ...#. ..... ..... ..... ..... ..... ..... ..... ..... ..... ..... ..... ..... ..... ..  held.16
      39   ..... ..... ..... ..... ..... ..... =.... ....# ..... ..... ..... ..... ..... ..... ..... ..... ..... ..... ..... ..... ..... ..  held.15
      40   ..... ..... ..... ..... ..... ..... =.... ..... #.... ..... ..... ..... ..... ..... ..... ..... ..... ..... ..... ..... ..... ..  held.14
      41   ..... ..... ..... ..... ..... ..... =.... ..... .#... ..... ..... ..... ..... ..... ..... ..... ..... ..... ..... ..... ..... ..  held.13
      42   ..... ..... ..... ..... ..... ..... =.... ..... ..#.. ..... ..... ..... ..... ..... ..... ..... ..... ..... ..... ..... ..... ..  held.12
      43   ..... ..... ..... ..... ..... ..... =.... ..... ...#. ..... ..... ..... ..... ..... ..... ..... ..... ..... ..... ..... ..... ..  held.11
      44   ..... ..... ..... ..... ..... ..... =.... ..... ....# ..... ..... ..... ..... ..... ..... ..... ..... ..... ..... ..... ..... ..  held.10
      45   ..... ..... ..... ..... ..... ..... =.... ..... ..... #.... ..... ..... ..... ..... ..... ..... ..... ..... ..... ..... ..... ..  held.9
      46   ..... ..... ..... ..... ..... ..... =.... ..... ..... .#... ..... ..... ..... ..... ..... ..... ..... ..... ..... ..... ..... ..  held.8
      47   ..... ..... ..... ..... ..... ..... =.... ..... ..... ..#.. ..... ..... ..... ..... ..... ..... ..... ..... ..... ..... ..... ..  held.7
      48   ..... ..... ..... ..... ..... ..... =.... ..... ..... ...#. ..... ..... ..... ..... ..... ..... ..... ..... ..... ..... ..... ..  held.6
      49   ..... ..... ..... ..... ..... ..... =.... ..... ..... ....# ..... ..... ..... ..... ..... ..... ..... ..... ..... ..... ..... ..  held.5
      50   ..... ..... ..... ..... ..... ..... =.... ..... ..... ..... #.... ..... ..... ..... ..... ..... ..... ..... ..... ..... ..... ..  held.4
      51   ..... ..... ..... ..... ..... ..... =.... ..... ..... ..... .#... ..... ..... ..... ..... ..... ..... ..... ..... ..... ..... ..  held.3
      52   ..... ..... ..... ..... ..... ..... =.... ..... ..... ..... ..#.. ..... ..... ..... ..... ..... ..... ..... ..... ..... ..... ..  held.2
      53   ..... ..... ..... ..... ..... ..... =.... ..... ..... ..... ...#. ..... ..... ..... ..... ..... ..... ..... ..... ..... ..... ..  held.1
      54   ..... ..... ..... ..... ..... ..... =.... ..... ..... ..... ....# ..... ..... ..... ..... ..... ..... ..... ..... ..... ..... ..  held.0
      55   ..... ..... ..... ..... ..... ..... ..... ..... ..... ..... ..... #.... ..... ..... ..... ..... ..... ..... ..... ..... ..... ..  ext.23
      56   ..... ..... ..... ..... ..... ..... ..... ..... ..... ..... ..... .#... ..... ..... ..... ..... ..... ..... ..... ..... ..... ..  ext.22
      57   ..... ..... ..... ..... ..... ..... ..... ..... ..... ..... ..... ..#.. ..... ..... ..... ..... ..... ..... ..... ..... ..... ..  ext.21
      58   ..... ..... ..... ..... ..... ..... ..... ..... ..... ..... ..... ...#. ..... ..... ..... ..... ..... ..... ..... ..... ..... ..  ext.20
      59   ..... ..... ..... ..... ..... ..... ..... ..... ..... ..... ..... ....# ..... ..... ..... ..... ..... ..... ..... ..... ..... ..  ext.19
      60   ..... ..... ..... ..... ..... ..... ..... ..... ..... ..... ..... ..... #.... ..... ..... ..... ..... ..... ..... ..... ..... ..  ext.18
      61   ..... ..... ..... ..... ..... ..... ..... ..... ..... ..... ..... ..... .#... ..... ..... ..... ..... ..... ..... ..... ..... ..  ext.17
      62   ..... ..... ..... ..... ..... ..... ..... ..... ..... ..... ..... ..... ..#.. ..... ..... ..... ..... ..... ..... ..... ..... ..  ext.16
      63   ..... ..... ..... ..... ..... ..... ..... ..... ..... ..... ..... ..... ...#. ..... ..... ..... ..... ..... ..... ..... ..... ..  ext.15
      64   ..... ..... ..... ..... ..... ..... ..... ..... ..... ..... ..... ..... ....# ..... ..... ..... ..... ..... ..... ..... ..... ..  ext.14
      65   ..... ..... ..... ..... ..... ..... ..... ..... ..... ..... ..... ..... ..... #.... ..... ..... ..... ..... ..... ..... ..... ..  ext.13
      66   ..... ..... ..... ..... ..... ..... ..... ..... ..... ..... ..... ..... ..... .#... ..... ..... ..... ..... ..... ..... ..... ..  ext.12
      67   ..... ..... ..... ..... ..... ..... ..... ..... ..... ..... ..... ..... ..... ..#.. ..... ..... ..... ..... ..... ..... ..... ..  ext.11
      68   ..... ..... ..... ..... ..... ..... ..... ..... ..... ..... ..... ..... ..... ...#. ..... ..... ..... ..... ..... ..... ..... ..  ext.10
      69   ..... ..... ..... ..... ..... ..... ..... ..... ..... ..... ..... ..... ..... ....# ..... ..... ..... ..... ..... ..... ..... ..  ext.9
      70   ..... ..... ..... ..... ..... ..... ..... ..... ..... ..... ..... ..... ..... ..... #.... ..... ..... ..... ..... ..... ..... ..  ext.8
      71   ..... ..... ..... ..... ..... ..... ..... ..... ..... ..... ..... ..... ..... ..... .#... ..... ..... ..... ..... ..... ..... ..  ext.7
      72   ..... ..... ..... ..... ..... ..... ..... ..... ..... ..... ..... ..... ..... ..... ..#.. ..... ..... ..... ..... ..... ..... ..  ext.6
      73   ..... ..... ..... ..... ..... ..... ..... ..... ..... ..... ..... ..... ..... ..... ...#. ..... ..... ..... ..... ..... ..... ..  ext.5
      74   ..... ..... ..... ..... ..... ..... ..... ..... ..... ..... ..... ..... ..... ..... ....# ..... ..... ..... ..... ..... ..... ..  ext.4
      75   ..... ..... ..... ..... ..... ..... ..... ..... ..... ..... ..... ..... ..... ..... ..... #.... ..... ..... ..... ..... ..... ..  ext.3
      76   ..... ..... ..... ..... ..... ..... ..... ..... ..... ..... ..... ..... ..... ..... ..... .#... ..... ..... ..... ..... ..... ..  ext.2
      77   ..... ..... ..... ..... ..... ..... ..... ..... ..... ..... ..... ..... ..... ..... ..... ..#.. ..... ..... ..... ..... ..... ..  ext.1
      78   ..... ..... ..... ..... ..... ..... ..... ..... ..... ..... ..... ..... ..... ..... ..... ...#. ..... ..... ..... ..... ..... ..  ext.0
      79   .=... ..... ...== ===== ===== ====. ..... ....= ===== ===== ===== ..... ...== ===== ===== ====# =.... ..... ..... ...== ===== ==  d9
      80   ..... ..... ..... ..... ..... ..... ..... ..... ..... ..... ..... ..... ...== ===== ===== ====. #.... ..... ..... ..... ..... .=  d0
      81   .=... ..... ..... ..... ..... ..... ..... ..... ..... ..... ..... ..... ..... ..... ..... ..... .#... ..... ..... ...== ===== =.  count
      82   ..... ..... ..... ..... ..... ..... ..... ..... ..... ..... ..... ..... ..... ..... ..... ..... ..#.. ..... ..... ..... ..... ..  cntx.23
      83   ..... ..... ..... ..... ..... ..... ..... ..... ..... ..... ..... ..... ..... ..... ..... ..... ...#. ..... ..... ..... ..... ..  cntx.22
      84   ..... ..... ..... ..... ..... ..... ..... ..... ..... ..... ..... ..... ..... ..... ..... ..... ....# ..... ..... ..... ..... ..  cntx.21
      85   ..... ..... ..... ..... ..... ..... ..... ..... ..... ..... ..... ..... ..... ..... ..... ..... ..... #.... ..... ..... ..... ..  cntx.20
      86   ..... ..... ..... ..... ..... ..... ..... ..... ..... ..... ..... ..... ..... ..... ..... ..... ..... .#... ..... ..... ..... ..  cntx.19
      87   ..... ..... ..... ..... ..... ..... ..... ..... ..... ..... ..... ..... ..... ..... ..... ..... ..... ..#.. ..... ..... ..... ..  cntx.18
      88   ..... ..... ..... ..... ..... ..... ..... ..... ..... ..... ..... ..... ..... ..... ..... ..... ..... ...#. ..... ..... ..... ..  cntx.17
      89   ..... ..... ..... ..... ..... ..... ..... ..... ..... ..... ..... ..... ..... ..... ..... ..... ..... ....# ..... ..... ..... ..  cntx.16
      90   ..... ..... ..... ..... ..... ..... ..... ..... ..... ..... ..... ..... ..... ..... ..... ..... ..... ..... #.... ..... ..... ..  cntx.15
      91   ..... ..... ..... ..... ..... ..... ..... ..... ..... ..... ..... ..... ..... ..... ..... ..... ..... ..... .#... ..... ..... ..  cntx.14
      92   ..... ..... ..... ..... ..... ..... ..... ..... ..... ..... ..... ..... ..... ..... ..... ..... ..... ..... ..#.. ..... ..... ..  cntx.13
      93   ..... ..... ..... ..... ..... ..... ..... ..... ..... ..... ..... ..... ..... ..... ..... ..... ..... ..... ...#. ..... ..... ..  cntx.12
      94   ..... ..... ..... ..... ..... ..... ..... ..... ..... ..... ..... ..... ..... ..... ..... ..... ..... ..... ....# ..... ..... ..  cntx.11
      95   ..... ..... ..... ..... ..... ..... ..... ..... ..... ..... ..... ..... ..... ..... ..... ..... ..... ..... ..... #.... ..... ..  cntx.10
      96   ..... ..... ..... ..... ..... ..... ..... ..... ..... ..... ..... ..... ..... ..... ..... ..... ..... ..... ..... .#... ..... ..  cntx.9
      97   ..... ..... ..... ..... ..... ..... ..... ..... ..... ..... ..... ..... ..... ..... ..... ..... ..... ..... ..... ..#.. ..... ..  cntx.8
      98   ..... ..... ..... ..... ..... ..... ..... ..... ..... ..... ..... ..... ..... ..... ..... ..... .=... ..... ..... ...#. ..... ..  cntx.7
      99   ..... ..... ..... ..... ..... ..... ..... ..... ..... ..... ..... ..... ..... ..... ..... ..... .=... ..... ..... ....# ..... ..  cntx.6
     100   ..... ..... ..... ..... ..... ..... ..... ..... ..... ..... ..... ..... ..... ..... ..... ..... .=... ..... ..... ..... #.... ..  cntx.5
     101   ..... ..... ..... ..... ..... ..... ..... ..... ..... ..... ..... ..... ..... ..... ..... ..... .=... ..... ..... ..... .#... ..  cntx.4
     102   ..... ..... ..... ..... ..... ..... ..... ..... ..... ..... ..... ..... ..... ..... ..... ..... .=... ..... ..... ..... ..#.. ..  cntx.3
     103   ..... ..... ..... ..... ..... ..... ..... ..... ..... ..... ..... ..... ..... ..... ..... ..... .=... ..... ..... ..... ...#. ..  cntx.2
     104   ..... ..... ..... ..... ..... ..... ..... ..... ..... ..... ..... ..... ..... ..... ..... ..... .=... ..... ..... ..... ....# ..  cntx.1
     105   ..... ..... ..... ..... ..... ..... ..... ..... ..... ..... ..... ..... ..... ..... ..... ..... .=... ..... ..... ..... ..... #.  cntx.0
     106   .=... ..... ..... ..... ..... ..... ..... ..... ..... ..... ..... ..... ..... ..... ..... ....= ..... ..... ..... ..... ..... .#  acc
  Legend for Fragment-Partition-Matrix:
      #  .... partition is this single fragment
      *  .... fragments merged into single partition
      +  .... fragments amended to the partition
      =  .... fragment is driving a partition input
      -  .... fragment is driving an amended fragment
      .  .... no relationship between fragment and partition
      ,  .... unused fragment index (as result of grouping)

3.1.4. Write partitions for module bm_fsm_ctrl.
Adding output bit \status [3] to partition 107.
Adding output bit \status [2] to partition 107.
Adding output bit \status [1] to partition 107.
Adding output bit \status [0] to partition 107.
Adding non-output bit \state [15] to partition 107.
Adding non-output bit \state [14] to partition 107.
Adding non-output bit \state [13] to partition 107.
Adding non-output bit \state [12] to partition 107.
Adding non-output bit \state [11] to partition 107.
Adding non-output bit \state [10] to partition 107.
Adding non-output bit \state [9] to partition 107.
Adding non-output bit \state [8] to partition 107.
Adding non-output bit \state [7] to partition 107.
Adding non-output bit \state [6] to partition 107.
Adding non-output bit \state [5] to partition 107.
Adding non-output bit \state [4] to partition 107.
Adding non-output bit \state [3] to partition 107.
Adding non-output bit \state [2] to partition 107.
Adding non-output bit \state [1] to partition 107.
Adding non-output bit \state [0] to partition 107.
Adding non-output bit \rst to partition 107.
Adding output bit \out_valid to partition 107.
Adding output bit \out_data [23] to partition 107.
Adding output bit \out_data [22] to partition 107.
Adding output bit \out_data [21] to partition 107.
Adding output bit \out_data [20] to partition 107.
Adding output bit \out_data [19] to partition 107.
Adding output bit \out_data [18] to partition 107.
Adding output bit \out_data [17] to partition 107.
Adding output bit \out_data [16] to partition 107.
Adding output bit \out_data [15] to partition 107.
Adding output bit \out_data [14] to partition 107.
Adding output bit \out_data [13] to partition 107.
Adding output bit \out_data [12] to partition 107.
Adding output bit \out_data [11] to partition 107.
Adding output bit \out_data [10] to partition 107.
Adding output bit \out_data [9] to partition 107.
Adding output bit \out_data [8] to partition 107.
Adding output bit \out_data [7] to partition 107.
Adding output bit \out_data [6] to partition 107.
Adding output bit \out_data [5] to partition 107.
Adding output bit \out_data [4] to partition 107.
Adding output bit \out_data [3] to partition 107.
Adding output bit \out_data [2] to partition 107.
Adding output bit \out_data [1] to partition 107.
Adding output bit \out_data [0] to partition 107.
Adding non-output bit \next [15] to partition 107.
Adding non-output bit \next [14] to partition 107.
Adding non-output bit \next [13] to partition 107.
Adding non-output bit \next [12] to partition 107.
Adding non-output bit \next [11] to partition 107.
Adding non-output bit \next [10] to partition 107.
Adding non-output bit \next [9] to partition 107.
Adding non-output bit \next [8] to partition 107.
Adding non-output bit \next [7] to partition 107.
Adding non-output bit \next [6] to partition 107.
Adding non-output bit \next [5] to partition 107.
Adding non-output bit \next [4] to partition 107.
Adding non-output bit \next [3] to partition 107.
Adding non-output bit \next [2] to partition 107.
Adding non-output bit \next [1] to partition 107.
Adding non-output bit \next [0] to partition 107.
Adding non-output bit \lenx [23] to partition 107.
Adding non-output bit \lenx [22] to partition 107.
Adding non-output bit \lenx [21] to partition 107.
Adding non-output bit \lenx [20] to partition 107.
Adding non-output bit \lenx [19] to partition 107.
Adding non-output bit \lenx [18] to partition 107.
Adding non-output bit \lenx [17] to partition 107.
Adding non-output bit \lenx [16] to partition 107.
Adding non-output bit \lenx [15] to partition 107.
Adding non-output bit \lenx [14] to partition 107.
Adding non-output bit \lenx [13] to partition 107.
Adding non-output bit \lenx [12] to partition 107.
Adding non-output bit \lenx [11] to partition 107.
Adding non-output bit \lenx [10] to partition 107.
Adding non-output bit \lenx [9] to partition 107.
Adding non-output bit \lenx [8] to partition 107.
Adding non-output bit \lenx [7] to partition 107.
Adding non-output bit \lenx [6] to partition 107.
Adding non-output bit \lenx [5] to partition 107.
Adding non-output bit \lenx [4] to partition 107.
Adding non-output bit \lenx [3] to partition 107.
Adding non-output bit \lenx [2] to partition 107.
Adding non-output bit \lenx [1] to partition 107.
Adding non-output bit \lenx [0] to partition 107.
Adding non-output bit \length [15] to partition 107.
Adding non-output bit \length [14] to partition 107.
Adding non-output bit \length [13] to partition 107.
Adding non-output bit \length [12] to partition 107.
Adding non-output bit \length [11] to partition 107.
Adding non-output bit \length [10] to partition 107.
Adding non-output bit \length [9] to partition 107.
Adding non-output bit \length [8] to partition 107.
Adding non-output bit \length [7] to partition 107.
Adding non-output bit \length [6] to partition 107.
Adding non-output bit \length [5] to partition 107.
Adding non-output bit \length [4] to partition 107.
Adding non-output bit \length [3] to partition 107.
Adding non-output bit \length [2] to partition 107.
Adding non-output bit \length [1] to partition 107.
Adding non-output bit \length [0] to partition 107.
Adding non-output bit \in_valid to partition 107.
Adding non-output bit \in_data [15] to partition 107.
Adding non-output bit \in_data [14] to partition 107.
Adding non-output bit \in_data [13] to partition 107.
Adding non-output bit \in_data [12] to partition 107.
Adding non-output bit \in_data [11] to partition 107.
Adding non-output bit \in_data [10] to partition 107.
Adding non-output bit \in_data [9] to partition 107.
Adding non-output bit \in_data [8] to partition 107.
Adding non-output bit \in_data [7] to partition 107.
Adding non-output bit \in_data [6] to partition 107.
Adding non-output bit \in_data [5] to partition 107.
Adding non-output bit \in_data [4] to partition 107.
Adding non-output bit \in_data [3] to partition 107.
Adding non-output bit \in_data [2] to partition 107.
Adding non-output bit \in_data [1] to partition 107.
Adding non-output bit \in_data [0] to partition 107.
Adding non-output bit \hold [15] to partition 107.
Adding non-output bit \hold [14] to partition 107.
Adding non-output bit \hold [13] to partition 107.
Adding non-output bit \hold [12] to partition 107.
Adding non-output bit \hold [11] to partition 107.
Adding non-output bit \hold [10] to partition 107.
Adding non-output bit \hold [9] to partition 107.
Adding non-output bit \hold [8] to partition 107.
Adding non-output bit \hold [7] to partition 107.
Adding non-output bit \hold [6] to partition 107.
Adding non-output bit \hold [5] to partition 107.
Adding non-output bit \hold [4] to partition 107.
Adding non-output bit \hold [3] to partition 107.
Adding non-output bit \hold [2] to partition 107.
Adding non-output bit \hold [1] to partition 107.
Adding non-output bit \hold [0] to partition 107.
Adding non-output bit \held [23] to partition 107.
Adding non-output bit \held [22] to partition 107.
Adding non-output bit \held [21] to partition 107.
Adding non-output bit \held [20] to partition 107.
Adding non-output bit \held [19] to partition 107.
Adding non-output bit \held [18] to partition 107.
Adding non-output bit \held [17] to partition 107.
Adding non-output bit \held [16] to partition 107.
Adding non-output bit \held [15] to partition 107.
Adding non-output bit \held [14] to partition 107.
Adding non-output bit \held [13] to partition 107.
Adding non-output bit \held [12] to partition 107.
Adding non-output bit \held [11] to partition 107.
Adding non-output bit \held [10] to partition 107.
Adding non-output bit \held [9] to partition 107.
Adding non-output bit \held [8] to partition 107.
Adding non-output bit \held [7] to partition 107.
Adding non-output bit \held [6] to partition 107.
Adding non-output bit \held [5] to partition 107.
Adding non-output bit \held [4] to partition 107.
Adding non-output bit \held [3] to partition 107.
Adding non-output bit \held [2] to partition 107.
Adding non-output bit \held [1] to partition 107.
Adding non-output bit \held [0] to partition 107.
Adding non-output bit \ext [23] to partition 107.
Adding non-output bit \ext [22] to partition 107.
Adding non-output bit \ext [21] to partition 107.
Adding non-output bit \ext [20] to partition 107.
Adding non-output bit \ext [19] to partition 107.
Adding non-output bit \ext [18] to partition 107.
Adding non-output bit \ext [17] to partition 107.
Adding non-output bit \ext [16] to partition 107.
Adding non-output bit \ext [15] to partition 107.
Adding non-output bit \ext [14] to partition 107.
Adding non-output bit \ext [13] to partition 107.
Adding non-output bit \ext [12] to partition 107.
Adding non-output bit \ext [11] to partition 107.
Adding non-output bit \ext [10] to partition 107.
Adding non-output bit \ext [9] to partition 107.
Adding non-output bit \ext [8] to partition 107.
Adding non-output bit \ext [7] to partition 107.
Adding non-output bit \ext [6] to partition 107.
Adding non-output bit \ext [5] to partition 107.
Adding non-output bit \ext [4] to partition 107.
Adding non-output bit \ext [3] to partition 107.
Adding non-output bit \ext [2] to partition 107.
Adding non-output bit \ext [1] to partition 107.
Adding non-output bit \ext [0] to partition 107.
Adding non-output bit \d9 [23] to partition 107.
Adding non-output bit \d9 [22] to partition 107.
Adding non-output bit \d9 [21] to partition 107.
Adding non-output bit \d9 [20] to partition 107.
Adding non-output bit \d9 [19] to partition 107.
Adding non-output bit \d9 [18] to partition 107.
Adding non-output bit \d9 [17] to partition 107.
Adding non-output bit \d9 [16] to partition 107.
Adding non-output bit \d9 [15] to partition 107.
Adding non-output bit \d9 [14] to partition 107.
Adding non-output bit \d9 [13] to partition 107.
Adding non-output bit \d9 [12] to partition 107.
Adding non-output bit \d9 [11] to partition 107.
Adding non-output bit \d9 [10] to partition 107.
Adding non-output bit \d9 [9] to partition 107.
Adding non-output bit \d9 [8] to partition 107.
Adding non-output bit \d9 [7] to partition 107.
Adding non-output bit \d9 [6] to partition 107.
Adding non-output bit \d9 [5] to partition 107.
Adding non-output bit \d9 [4] to partition 107.
Adding non-output bit \d9 [3] to partition 107.
Adding non-output bit \d9 [2] to partition 107.
Adding non-output bit \d9 [1] to partition 107.
Adding non-output bit \d9 [0] to partition 107.
Adding non-output bit \d0 [23] to partition 107.
Adding non-output bit \d0 [22] to partition 107.
Adding non-output bit \d0 [21] to partition 107.
Adding non-output bit \d0 [20] to partition 107.
Adding non-output bit \d0 [19] to partition 107.
Adding non-output bit \d0 [18] to partition 107.
Adding non-output bit \d0 [17] to partition 107.
Adding non-output bit \d0 [16] to partition 107.
Adding non-output bit \d0 [15] to partition 107.
Adding non-output bit \d0 [14] to partition 107.
Adding non-output bit \d0 [13] to partition 107.
Adding non-output bit \d0 [12] to partition 107.
Adding non-output bit \d0 [11] to partition 107.
Adding non-output bit \d0 [10] to partition 107.
Adding non-output bit \d0 [9] to partition 107.
Adding non-output bit \d0 [8] to partition 107.
Adding non-output bit \d0 [7] to partition 107.
Adding non-output bit \d0 [6] to partition 107.
Adding non-output bit \d0 [5] to partition 107.
Adding non-output bit \d0 [4] to partition 107.
Adding non-output bit \d0 [3] to partition 107.
Adding non-output bit \d0 [2] to partition 107.
Adding non-output bit \d0 [1] to partition 107.
Adding non-output bit \d0 [0] to partition 107.
Adding non-output bit \count [7] to partition 107.
Adding non-output bit \count [6] to partition 107.
Adding non-output bit \count [5] to partition 107.
Adding non-output bit \count [4] to partition 107.
Adding non-output bit \count [3] to partition 107.
Adding non-output bit \count [2] to partition 107.
Adding non-output bit \count [1] to partition 107.
Adding non-output bit \count [0] to partition 107.
Adding non-output bit \cntx [23] to partition 107.
Adding non-output bit \cntx [22] to partition 107.
Adding non-output bit \cntx [21] to partition 107.
Adding non-output bit \cntx [20] to partition 107.
Adding non-output bit \cntx [19] to partition 107.
Adding non-output bit \cntx [18] to partition 107.
Adding non-output bit \cntx [17] to partition 107.
Adding non-output bit \cntx [16] to partition 107.
Adding non-output bit \cntx [15] to partition 107.
Adding non-output bit \cntx [14] to partition 107.
Adding non-output bit \cntx [13] to partition 107.
Adding non-output bit \cntx [12] to partition 107.
Adding non-output bit \cntx [11] to partition 107.
Adding non-output bit \cntx [10] to partition 107.
Adding non-output bit \cntx [9] to partition 107.
Adding non-output bit \cntx [8] to partition 107.
Adding non-output bit \cntx [7] to partition 107.
Adding non-output bit \cntx [6] to partition 107.
Adding non-output bit \cntx [5] to partition 107.
Adding non-output bit \cntx [4] to partition 107.
Adding non-output bit \cntx [3] to partition 107.
Adding non-output bit \cntx [2] to partition 107.
Adding non-output bit \cntx [1] to partition 107.
Adding non-output bit \cntx [0] to partition 107.
Adding non-output bit \cmd [3] to partition 107.
Adding non-output bit \cmd [2] to partition 107.
Adding non-output bit \cmd [1] to partition 107.
Adding non-output bit \cmd [0] to partition 107.
Adding non-output bit \clk to partition 107.
Adding non-output bit \acc [23] to partition 107.
Adding non-output bit \acc [22] to partition 107.
Adding non-output bit \acc [21] to partition 107.
Adding non-output bit \acc [20] to partition 107.
Adding non-output bit \acc [19] to partition 107.
Adding non-output bit \acc [18] to partition 107.
Adding non-output bit \acc [17] to partition 107.
Adding non-output bit \acc [16] to partition 107.
Adding non-output bit \acc [15] to partition 107.
Adding non-output bit \acc [14] to partition 107.
Adding non-output bit \acc [13] to partition 107.
Adding non-output bit \acc [12] to partition 107.
Adding non-output bit \acc [11] to partition 107.
Adding non-output bit \acc [10] to partition 107.
Adding non-output bit \acc [9] to partition 107.
Adding non-output bit \acc [8] to partition 107.
Adding non-output bit \acc [7] to partition 107.
Adding non-output bit \acc [6] to partition 107.
Adding non-output bit \acc [5] to partition 107.
Adding non-output bit \acc [4] to partition 107.
Adding non-output bit \acc [3] to partition 107.
Adding non-output bit \acc [2] to partition 107.
Adding non-output bit \acc [1] to partition 107.
Adding non-output bit \acc [0] to partition 107.
Writing partition 0 as bm_fsm_ctrl.status.
  partition pi bit 0: \rst <-> \rst
  partition pi bit 1: \state [14] <-> \state [14]
  partition pi bit 2: \state [15] <-> \state [15]
  partition pi bit 3: \state [8] <-> \state [8]
  partition pi bit 4: \state [0] <-> \state [0]
  partition pi bit 5: \clk <-> \clk
  partition po bit 0: \status [0] <-> \status [0]
  partition po bit 1: \status [1] <-> \status [1]
  partition po bit 2: \status [2] <-> \status [2]
  partition po bit 3: \status [3] <-> \status [3]

3.1.5. Executing RTLIL backend.
Output filename: partitions/bm_fsm_ctrl.status.il
<suppressed ~15958 debug messages>

3.1.6. Executing CHECK pass (checking for obvious problems).
Checking module gate.bm_fsm_ctrl.status...
Checking module gold.bm_fsm_ctrl.status...
Found and reported 0 problems.

Writing partition 1 as bm_fsm_ctrl.state.
  partition pi bit 0: \rst <-> \rst
  partition pi bit 1: \next [15] <-> \next [15]
  partition pi bit 2: \next [14] <-> \next [14]
  partition pi bit 3: \next [13] <-> \next [13]
  partition pi bit 4: \next [12] <-> \next [12]
  partition pi bit 5: \next [11] <-> \next [11]
  partition pi bit 6: \next [10] <-> \next [10]
  partition pi bit 7: \next [9] <-> \next [9]
  partition pi bit 8: \next [8] <-> \next [8]
  partition pi bit 9: \next [7] <-> \next [7]
  partition pi bit 10: \next [6] <-> \next [6]
  partition pi bit 11: \next [5] <-> \next [5]
  partition pi bit 12: \next [4] <-> \next [4]
  partition pi bit 13: \next [3] <-> \next [3]
  partition pi bit 14: \next [2] <-> \next [2]
  partition pi bit 15: \next [1] <-> \next [1]
  partition pi bit 16: \next [0] <-> \next [0]
  partition pi bit 17: \clk <-> \clk
  partition po bit 0: \state [0] <-> \state [0]
  partition po bit 1: \state [1] <-> \state [1]
  partition po bit 2: \state [2] <-> \state [2]
  partition po bit 3: \state [3] <-> \state [3]
  partition po bit 4: \state [4] <-> \state [4]
  partition po bit 5: \state [5] <-> \state [5]
  partition po bit 6: \state [6] <-> \state [6]
  partition po bit 7: \state [7] <-> \state [7]
  partition po bit 8: \state [8] <-> \state [8]
  partition po bit 9: \state [9] <-> \state [9]
  partition po bit 10: \state [10] <-> \state [10]
  partition po bit 11: \state [11] <-> \state [11]
  partition po bit 12: \state [12] <-> \state [12]
  partition po bit 13: \state [13] <-> \state [13]
  partition po bit 14: \state [14] <-> \state [14]
  partition po bit 15: \state [15] <-> \state [15]

3.1.7. Executing RTLIL backend.
Output filename: partitions/bm_fsm_ctrl.state.il
<suppressed ~128 debug messages>

3.1.8. Executing CHECK pass (checking for obvious problems).
Checking module gate.bm_fsm_ctrl.state...
Checking module gold.bm_fsm_ctrl.state...
Found and reported 0 problems.

Writing partition 2 as bm_fsm_ctrl.out_valid.
  partition pi bit 0: \rst <-> \rst
  partition pi bit 1: \state [12] <-> \state [12]
  partition pi bit 2: \clk <-> \clk
  partition po bit 0: \out_valid <-> \out_valid

3.1.9. Executing RTLIL backend.
Output filename: partitions/bm_fsm_ctrl.out_valid.il
<suppressed ~38 debug messages>

3.1.10. Executing CHECK pass (checking for obvious problems).
Checking module gate.bm_fsm_ctrl.out_valid...
Checking module gold.bm_fsm_ctrl.out_valid...
Found and reported 0 problems.

Writing partition 3 as bm_fsm_ctrl.out_data.
  partition pi bit 0: \acc [2] <-> \acc [2]
  partition pi bit 1: \acc [1] <-> \acc [1]
  partition pi bit 2: \acc [0] <-> \acc [0]
  partition pi bit 3: \rst <-> \rst
  partition pi bit 4: \state [12] <-> \state [12]
  partition pi bit 5: \acc [23] <-> \acc [23]
  partition pi bit 6: \acc [22] <-> \acc [22]
  partition pi bit 7: \acc [21] <-> \acc [21]
  partition pi bit 8: \acc [20] <-> \acc [20]
  partition pi bit 9: \acc [19] <-> \acc [19]
  partition pi bit 10: \acc [18] <-> \acc [18]
  partition pi bit 11: \acc [17] <-> \acc [17]
  partition pi bit 12: \acc [16] <-> \acc [16]
  partition pi bit 13: \acc [15] <-> \acc [15]
  partition pi bit 14: \acc [14] <-> \acc [14]
  partition pi bit 15: \acc [13] <-> \acc [13]
  partition pi bit 16: \acc [12] <-> \acc [12]
  partition pi bit 17: \acc [11] <-> \acc [11]
  partition pi bit 18: \acc [10] <-> \acc [10]
  partition pi bit 19: \acc [9] <-> \acc [9]
  partition pi bit 20: \acc [8] <-> \acc [8]
  partition pi bit 21: \acc [7] <-> \acc [7]
  partition pi bit 22: \acc [6] <-> \acc [6]
  partition pi bit 23: \acc [5] <-> \acc [5]
  partition pi bit 24: \acc [4] <-> \acc [4]
  partition pi bit 25: \acc [3] <-> \acc [3]
  partition pi bit 26: \clk <-> \clk
  partition po bit 0: \out_data [0] <-> \out_data [0]
  partition po bit 1: \out_data [1] <-> \out_data [1]
  partition po bit 2: \out_data [2] <-> \out_data [2]
  partition po bit 3: \out_data [3] <-> \out_data [3]
  partition po bit 4: \out_data [4] <-> \out_data [4]
  partition po bit 5: \out_data [5] <-> \out_data [5]
  partition po bit 6: \out_data [6] <-> \out_data [6]
  partition po bit 7: \out_data [7] <-> \out_data [7]
  partition po bit 8: \out_data [8] <-> \out_data [8]
  partition po bit 9: \out_data [9] <-> \out_data [9]
  partition po bit 10: \out_data [10] <-> \out_data [10]
  partition po bit 11: \out_data [11] <-> \out_data [11]
  partition po bit 12: \out_data [12] <-> \out_data [12]
  partition po bit 13: \out_data [13] <-> \out_data [13]
  partition po bit 14: \out_data [14] <-> \out_data [14]
  partition po bit 15: \out_data [15] <-> \out_data [15]
  partition po bit 16: \out_data [16] <-> \out_data [16]
  partition po bit 17: \out_data [17] <-> \out_data [17]
  partition po bit 18: \out_data [18] <-> \out_data [18]
  partition po bit 19: \out_data [19] <-> \out_data [19]
  partition po bit 20: \out_data [20] <-> \out_data [20]
  partition po bit 21: \out_data [21] <-> \out_data [21]
  partition po bit 22: \out_data [22] <-> \out_data [22]
  partition po bit 23: \out_data [23] <-> \out_data [23]

3.1.11. Executing RTLIL backend.
Output filename: partitions/bm_fsm_ctrl.out_data.il
<suppressed ~240 debug messages>

3.1.12. Executing CHECK pass (checking for obvious problems).
Checking module gate.bm_fsm_ctrl.out_data...
Checking module gold.bm_fsm_ctrl.out_data...
Found and reported 0 problems.

Writing partition 4 as bm_fsm_ctrl.next.
  partition pi bit 0: \state [0] <-> \state [0]
  partition pi bit 1: \state [1] <-> \state [1]
  partition pi bit 2: \state [2] <-> \state [2]
  partition pi bit 3: \state [3] <-> \state [3]
  partition pi bit 4: \state [4] <-> \state [4]
  partition pi bit 5: \state [5] <-> \state [5]
  partition pi bit 6: \state [6] <-> \state [6]
  partition pi bit 7: \state [7] <-> \state [7]
  partition pi bit 8: \state [8] <-> \state [8]
  partition pi bit 9: \lenx [7] <-> \lenx [7]
  partition pi bit 10: \lenx [6] <-> \lenx [6]
  partition pi bit 11: \lenx [5] <-> \lenx [5]
  partition pi bit 12: \lenx [4] <-> \lenx [4]
  partition pi bit 13: \lenx [3] <-> \lenx [3]
  partition pi bit 14: \lenx [2] <-> \lenx [2]
  partition pi bit 15: \lenx [1] <-> \lenx [1]
  partition pi bit 16: \lenx [0] <-> \lenx [0]
  partition pi bit 17: \cntx [7] <-> \cntx [7]
  partition pi bit 18: \cntx [6] <-> \cntx [6]
  partition pi bit 19: \cntx [5] <-> \cntx [5]
  partition pi bit 20: \cntx [4] <-> \cntx [4]
  partition pi bit 21: \cntx [3] <-> \cntx [3]
  partition pi bit 22: \cntx [2] <-> \cntx [2]
  partition pi bit 23: \cntx [1] <-> \cntx [1]
  partition pi bit 24: \cntx [0] <-> \cntx [0]
  partition pi bit 25: \state [9] <-> \state [9]
  partition pi bit 26: \state [10] <-> \state [10]
  partition pi bit 27: \state [11] <-> \state [11]
  partition pi bit 28: \in_valid <-> \in_valid
  partition pi bit 29: \acc [15] <-> \acc [15]
  partition pi bit 30: \acc [14] <-> \acc [14]
  partition pi bit 31: \acc [13] <-> \acc [13]
  partition pi bit 32: \acc [12] <-> \acc [12]
  partition pi bit 33: \acc [11] <-> \acc [11]
  partition pi bit 34: \acc [10] <-> \acc [10]
  partition pi bit 35: \acc [9] <-> \acc [9]
  partition pi bit 36: \acc [8] <-> \acc [8]
  partition pi bit 37: \acc [7] <-> \acc [7]
  partition pi bit 38: \acc [6] <-> \acc [6]
  partition pi bit 39: \acc [5] <-> \acc [5]
  partition pi bit 40: \acc [4] <-> \acc [4]
  partition pi bit 41: \acc [3] <-> \acc [3]
  partition pi bit 42: \acc [2] <-> \acc [2]
  partition pi bit 43: \acc [1] <-> \acc [1]
  partition pi bit 44: \acc [0] <-> \acc [0]
  partition pi bit 45: \ext [15] <-> \ext [15]
  partition pi bit 46: \ext [14] <-> \ext [14]
  partition pi bit 47: \ext [13] <-> \ext [13]
  partition pi bit 48: \ext [12] <-> \ext [12]
  partition pi bit 49: \ext [11] <-> \ext [11]
  partition pi bit 50: \ext [10] <-> \ext [10]
  partition pi bit 51: \ext [9] <-> \ext [9]
  partition pi bit 52: \ext [8] <-> \ext [8]
  partition pi bit 53: \ext [7] <-> \ext [7]
  partition pi bit 54: \ext [6] <-> \ext [6]
  partition pi bit 55: \ext [5] <-> \ext [5]
  partition pi bit 56: \ext [4] <-> \ext [4]
  partition pi bit 57: \ext [3] <-> \ext [3]
  partition pi bit 58: \ext [2] <-> \ext [2]
  partition pi bit 59: \ext [1] <-> \ext [1]
  partition pi bit 60: \ext [0] <-> \ext [0]
  partition pi bit 61: \state [12] <-> \state [12]
  partition pi bit 62: \state [13] <-> \state [13]
  partition pi bit 63: \state [14] <-> \state [14]
  partition pi bit 64: \cmd [3] <-> \cmd [3]
  partition pi bit 65: \cmd [2] <-> \cmd [2]
  partition pi bit 66: \cmd [1] <-> \cmd [1]
  partition pi bit 67: \cmd [0] <-> \cmd [0]
  partition po bit 0: \next [0] <-> \next [0]
  partition po bit 1: \next [1] <-> \next [1]
  partition po bit 2: \next [2] <-> \next [2]
  partition po bit 3: \next [3] <-> \next [3]
  partition po bit 4: \next [4] <-> \next [4]
  partition po bit 5: \next [5] <-> \next [5]
  partition po bit 6: \next [6] <-> \next [6]
  partition po bit 7: \next [7] <-> \next [7]
  partition po bit 8: \next [8] <-> \next [8]
  partition po bit 9: \next [9] <-> \next [9]
  partition po bit 10: \next [10] <-> \next [10]
  partition po bit 11: \next [11] <-> \next [11]
  partition po bit 12: \next [12] <-> \next [12]
  partition po bit 13: \next [13] <-> \next [13]
  partition po bit 14: \next [14] <-> \next [14]
  partition po bit 15: \next [15] <-> \next [15]

3.1.13. Executing RTLIL backend.
Output filename: partitions/bm_fsm_ctrl.next.il
<suppressed ~1534 debug messages>

3.1.14. Executing CHECK pass (checking for obvious problems).
Checking module gate.bm_fsm_ctrl.next...
Checking module gold.bm_fsm_ctrl.next...
Found and reported 0 problems.

Writing partition 5 as bm_fsm_ctrl.lenx.23.
  partition po bit 0: \lenx [23] <-> \lenx [23]

3.1.15. Executing RTLIL backend.
Output filename: partitions/bm_fsm_ctrl.lenx.23.il
<suppressed ~10 debug messages>

3.1.16. Executing CHECK pass (checking for obvious problems).
Checking module gate.bm_fsm_ctrl.lenx.23...
Checking module gold.bm_fsm_ctrl.lenx.23...
Found and reported 0 problems.

Writing partition 6 as bm_fsm_ctrl.lenx.22.
  partition po bit 0: \lenx [22] <-> \lenx [22]

3.1.17. Executing RTLIL backend.
Output filename: partitions/bm_fsm_ctrl.lenx.22.il
<suppressed ~10 debug messages>

3.1.18. Executing CHECK pass (checking for obvious problems).
Checking module gate.bm_fsm_ctrl.lenx.22...
Checking module gold.bm_fsm_ctrl.lenx.22...
Found and reported 0 problems.

Writing partition 7 as bm_fsm_ctrl.lenx.21.
  partition po bit 0: \lenx [21] <-> \lenx [21]

3.1.19. Executing RTLIL backend.
Output filename: partitions/bm_fsm_ctrl.lenx.21.il
<suppressed ~10 debug messages>

3.1.20. Executing CHECK pass (checking for obvious problems).
Checking module gate.bm_fsm_ctrl.lenx.21...
Checking module gold.bm_fsm_ctrl.lenx.21...
Found and reported 0 problems.

Writing partition 8 as bm_fsm_ctrl.lenx.20.
  partition po bit 0: \lenx [20] <-> \lenx [20]

3.1.21. Executing RTLIL backend.
Output filename: partitions/bm_fsm_ctrl.lenx.20.il
<suppressed ~10 debug messages>

3.1.22. Executing CHECK pass (checking for obvious problems).
Checking module gate.bm_fsm_ctrl.lenx.20...
Checking module gold.bm_fsm_ctrl.lenx.20...
Found and reported 0 problems.

Writing partition 9 as bm_fsm_ctrl.lenx.19.
  partition po bit 0: \lenx [19] <-> \lenx [19]

3.1.23. Executing RTLIL backend.
Output filename: partitions/bm_fsm_ctrl.lenx.19.il
<suppressed ~10 debug messages>

3.1.24. Executing CHECK pass (checking for obvious problems).
Checking module gate.bm_fsm_ctrl.lenx.19...
Checking module gold.bm_fsm_ctrl.lenx.19...
Found and reported 0 problems.

Writing partition 10 as bm_fsm_ctrl.lenx.18.
  partition po bit 0: \lenx [18] <-> \lenx [18]

3.1.25. Executing RTLIL backend.
Output filename: partitions/bm_fsm_ctrl.lenx.18.il
<suppressed ~10 debug messages>

3.1.26. Executing CHECK pass (checking for obvious problems).
Checking module gate.bm_fsm_ctrl.lenx.18...
Checking module gold.bm_fsm_ctrl.lenx.18...
Found and reported 0 problems.

Writing partition 11 as bm_fsm_ctrl.lenx.17.
  partition po bit 0: \lenx [17] <-> \lenx [17]

3.1.27. Executing RTLIL backend.
Output filename: partitions/bm_fsm_ctrl.lenx.17.il
<suppressed ~10 debug messages>

3.1.28. Executing CHECK pass (checking for obvious problems).
Checking module gate.bm_fsm_ctrl.lenx.17...
Checking module gold.bm_fsm_ctrl.lenx.17...
Found and reported 0 problems.

Writing partition 12 as bm_fsm_ctrl.lenx.16.
  partition po bit 0: \lenx [16] <-> \lenx [16]

3.1.29. Executing RTLIL backend.
Output filename: partitions/bm_fsm_ctrl.lenx.16.il
<suppressed ~10 debug messages>

3.1.30. Executing CHECK pass (checking for obvious problems).
Checking module gate.bm_fsm_ctrl.lenx.16...
Checking module gold.bm_fsm_ctrl.lenx.16...
Found and reported 0 problems.

Writing partition 13 as bm_fsm_ctrl.lenx.15.
  partition pi bit 0: \length [15] <-> \length [15]
  partition po bit 0: \lenx [15] <-> \lenx [15]

3.1.31. Executing RTLIL backend.
Output filename: partitions/bm_fsm_ctrl.lenx.15.il
<suppressed ~14 debug messages>

3.1.32. Executing CHECK pass (checking for obvious problems).
Checking module gate.bm_fsm_ctrl.lenx.15...
Checking module gold.bm_fsm_ctrl.lenx.15...
Found and reported 0 problems.

Writing partition 14 as bm_fsm_ctrl.lenx.14.
  partition pi bit 0: \length [14] <-> \length [14]
  partition po bit 0: \lenx [14] <-> \lenx [14]

3.1.33. Executing RTLIL backend.
Output filename: partitions/bm_fsm_ctrl.lenx.14.il
<suppressed ~14 debug messages>

3.1.34. Executing CHECK pass (checking for obvious problems).
Checking module gate.bm_fsm_ctrl.lenx.14...
Checking module gold.bm_fsm_ctrl.lenx.14...
Found and reported 0 problems.

Writing partition 15 as bm_fsm_ctrl.lenx.13.
  partition pi bit 0: \length [13] <-> \length [13]
  partition po bit 0: \lenx [13] <-> \lenx [13]

3.1.35. Executing RTLIL backend.
Output filename: partitions/bm_fsm_ctrl.lenx.13.il
<suppressed ~14 debug messages>

3.1.36. Executing CHECK pass (checking for obvious problems).
Checking module gate.bm_fsm_ctrl.lenx.13...
Checking module gold.bm_fsm_ctrl.lenx.13...
Found and reported 0 problems.

Writing partition 16 as bm_fsm_ctrl.lenx.12.
  partition pi bit 0: \length [12] <-> \length [12]
  partition po bit 0: \lenx [12] <-> \lenx [12]

3.1.37. Executing RTLIL backend.
Output filename: partitions/bm_fsm_ctrl.lenx.12.il
<suppressed ~14 debug messages>

3.1.38. Executing CHECK pass (checking for obvious problems).
Checking module gate.bm_fsm_ctrl.lenx.12...
Checking module gold.bm_fsm_ctrl.lenx.12...
Found and reported 0 problems.

Writing partition 17 as bm_fsm_ctrl.lenx.11.
  partition pi bit 0: \length [11] <-> \length [11]
  partition po bit 0: \lenx [11] <-> \lenx [11]

3.1.39. Executing RTLIL backend.
Output filename: partitions/bm_fsm_ctrl.lenx.11.il
<suppressed ~14 debug messages>

3.1.40. Executing CHECK pass (checking for obvious problems).
Checking module gate.bm_fsm_ctrl.lenx.11...
Checking module gold.bm_fsm_ctrl.lenx.11...
Found and reported 0 problems.

Writing partition 18 as bm_fsm_ctrl.lenx.10.
  partition pi bit 0: \length [10] <-> \length [10]
  partition po bit 0: \lenx [10] <-> \lenx [10]

3.1.41. Executing RTLIL backend.
Output filename: partitions/bm_fsm_ctrl.lenx.10.il
<suppressed ~14 debug messages>

3.1.42. Executing CHECK pass (checking for obvious problems).
Checking module gate.bm_fsm_ctrl.lenx.10...
Checking module gold.bm_fsm_ctrl.lenx.10...
Found and reported 0 problems.

Writing partition 19 as bm_fsm_ctrl.lenx.9.
  partition pi bit 0: \length [9] <-> \length [9]
  partition po bit 0: \lenx [9] <-> \lenx [9]

3.1.43. Executing RTLIL backend.
Output filename: partitions/bm_fsm_ctrl.lenx.9.il
<suppressed ~14 debug messages>

3.1.44. Executing CHECK pass (checking for obvious problems).
Checking module gate.bm_fsm_ctrl.lenx.9...
Checking module gold.bm_fsm_ctrl.lenx.9...
Found and reported 0 problems.

Writing partition 20 as bm_fsm_ctrl.lenx.8.
  partition pi bit 0: \length [8] <-> \length [8]
  partition po bit 0: \lenx [8] <-> \lenx [8]

3.1.45. Executing RTLIL backend.
Output filename: partitions/bm_fsm_ctrl.lenx.8.il
<suppressed ~14 debug messages>

3.1.46. Executing CHECK pass (checking for obvious problems).
Checking module gate.bm_fsm_ctrl.lenx.8...
Checking module gold.bm_fsm_ctrl.lenx.8...
Found and reported 0 problems.

Writing partition 21 as bm_fsm_ctrl.lenx.7.
  partition pi bit 0: \length [7] <-> \length [7]
  partition po bit 0: \lenx [7] <-> \lenx [7]

3.1.47. Executing RTLIL backend.
Output filename: partitions/bm_fsm_ctrl.lenx.7.il
<suppressed ~14 debug messages>

3.1.48. Executing CHECK pass (checking for obvious problems).
Checking module gate.bm_fsm_ctrl.lenx.7...
Checking module gold.bm_fsm_ctrl.lenx.7...
Found and reported 0 problems.

Writing partition 22 as bm_fsm_ctrl.lenx.6.
  partition pi bit 0: \length [6] <-> \length [6]
  partition po bit 0: \lenx [6] <-> \lenx [6]

3.1.49. Executing RTLIL backend.
Output filename: partitions/bm_fsm_ctrl.lenx.6.il
<suppressed ~14 debug messages>

3.1.50. Executing CHECK pass (checking for obvious problems).
Checking module gate.bm_fsm_ctrl.lenx.6...
Checking module gold.bm_fsm_ctrl.lenx.6...
Found and reported 0 problems.

Writing partition 23 as bm_fsm_ctrl.lenx.5.
  partition pi bit 0: \length [5] <-> \length [5]
  partition po bit 0: \lenx [5] <-> \lenx [5]

3.1.51. Executing RTLIL backend.
Output filename: partitions/bm_fsm_ctrl.lenx.5.il
<suppressed ~14 debug messages>

3.1.52. Executing CHECK pass (checking for obvious problems).
Checking module gate.bm_fsm_ctrl.lenx.5...
Checking module gold.bm_fsm_ctrl.lenx.5...
Found and reported 0 problems.

Writing partition 24 as bm_fsm_ctrl.lenx.4.
  partition pi bit 0: \length [4] <-> \length [4]
  partition po bit 0: \lenx [4] <-> \lenx [4]

3.1.53. Executing RTLIL backend.
Output filename: partitions/bm_fsm_ctrl.lenx.4.il
<suppressed ~14 debug messages>

3.1.54. Executing CHECK pass (checking for obvious problems).
Checking module gate.bm_fsm_ctrl.lenx.4...
Checking module gold.bm_fsm_ctrl.lenx.4...
Found and reported 0 problems.

Writing partition 25 as bm_fsm_ctrl.lenx.3.
  partition pi bit 0: \length [3] <-> \length [3]
  partition po bit 0: \lenx [3] <-> \lenx [3]

3.1.55. Executing RTLIL backend.
Output filename: partitions/bm_fsm_ctrl.lenx.3.il
<suppressed ~14 debug messages>

3.1.56. Executing CHECK pass (checking for obvious problems).
Checking module gate.bm_fsm_ctrl.lenx.3...
Checking module gold.bm_fsm_ctrl.lenx.3...
Found and reported 0 problems.

Writing partition 26 as bm_fsm_ctrl.lenx.2.
  partition pi bit 0: \length [2] <-> \length [2]
  partition po bit 0: \lenx [2] <-> \lenx [2]

3.1.57. Executing RTLIL backend.
Output filename: partitions/bm_fsm_ctrl.lenx.2.il
<suppressed ~14 debug messages>

3.1.58. Executing CHECK pass (checking for obvious problems).
Checking module gate.bm_fsm_ctrl.lenx.2...
Checking module gold.bm_fsm_ctrl.lenx.2...
Found and reported 0 problems.

Writing partition 27 as bm_fsm_ctrl.lenx.1.
  partition pi bit 0: \length [1] <-> \length [1]
  partition po bit 0: \lenx [1] <-> \lenx [1]

3.1.59. Executing RTLIL backend.
Output filename: partitions/bm_fsm_ctrl.lenx.1.il
<suppressed ~14 debug messages>

3.1.60. Executing CHECK pass (checking for obvious problems).
Checking module gate.bm_fsm_ctrl.lenx.1...
Checking module gold.bm_fsm_ctrl.lenx.1...
Found and reported 0 problems.

Writing partition 28 as bm_fsm_ctrl.lenx.0.
  partition pi bit 0: \length [0] <-> \length [0]
  partition po bit 0: \lenx [0] <-> \lenx [0]

3.1.61. Executing RTLIL backend.
Output filename: partitions/bm_fsm_ctrl.lenx.0.il
<suppressed ~14 debug messages>

3.1.62. Executing CHECK pass (checking for obvious problems).
Checking module gate.bm_fsm_ctrl.lenx.0...
Checking module gold.bm_fsm_ctrl.lenx.0...
Found and reported 0 problems.

Writing partition 29 as bm_fsm_ctrl.length.
  partition pi bit 0: \rst <-> \rst
  partition pi bit 1: \in_valid <-> \in_valid
  partition pi bit 2: \state [7] <-> \state [7]
  partition pi bit 3: \ext [15] <-> \ext [15]
  partition pi bit 4: \ext [14] <-> \ext [14]
  partition pi bit 5: \ext [13] <-> \ext [13]
  partition pi bit 6: \ext [12] <-> \ext [12]
  partition pi bit 7: \ext [11] <-> \ext [11]
  partition pi bit 8: \ext [10] <-> \ext [10]
  partition pi bit 9: \ext [9] <-> \ext [9]
  partition pi bit 10: \ext [8] <-> \ext [8]
  partition pi bit 11: \ext [7] <-> \ext [7]
  partition pi bit 12: \ext [6] <-> \ext [6]
  partition pi bit 13: \ext [5] <-> \ext [5]
  partition pi bit 14: \ext [4] <-> \ext [4]
  partition pi bit 15: \ext [3] <-> \ext [3]
  partition pi bit 16: \ext [2] <-> \ext [2]
  partition pi bit 17: \ext [1] <-> \ext [1]
  partition pi bit 18: \ext [0] <-> \ext [0]
  partition pi bit 19: \lenx [15] <-> \lenx [15]
  partition pi bit 20: \lenx [14] <-> \lenx [14]
  partition pi bit 21: \lenx [13] <-> \lenx [13]
  partition pi bit 22: \lenx [12] <-> \lenx [12]
  partition pi bit 23: \lenx [11] <-> \lenx [11]
  partition pi bit 24: \lenx [10] <-> \lenx [10]
  partition pi bit 25: \lenx [9] <-> \lenx [9]
  partition pi bit 26: \lenx [8] <-> \lenx [8]
  partition pi bit 27: \lenx [7] <-> \lenx [7]
  partition pi bit 28: \lenx [6] <-> \lenx [6]
  partition pi bit 29: \lenx [5] <-> \lenx [5]
  partition pi bit 30: \lenx [4] <-> \lenx [4]
  partition pi bit 31: \lenx [3] <-> \lenx [3]
  partition pi bit 32: \lenx [2] <-> \lenx [2]
  partition pi bit 33: \lenx [1] <-> \lenx [1]
  partition pi bit 34: \lenx [0] <-> \lenx [0]
  partition pi bit 35: \clk <-> \clk
  partition po bit 0: \length [0] <-> \length [0]
  partition po bit 1: \length [1] <-> \length [1]
  partition po bit 2: \length [2] <-> \length [2]
  partition po bit 3: \length [3] <-> \length [3]
  partition po bit 4: \length [4] <-> \length [4]
  partition po bit 5: \length [5] <-> \length [5]
  partition po bit 6: \length [6] <-> \length [6]
  partition po bit 7: \length [7] <-> \length [7]
  partition po bit 8: \length [8] <-> \length [8]
  partition po bit 9: \length [9] <-> \length [9]
  partition po bit 10: \length [10] <-> \length [10]
  partition po bit 11: \length [11] <-> \length [11]
  partition po bit 12: \length [12] <-> \length [12]
  partition po bit 13: \length [13] <-> \length [13]
  partition po bit 14: \length [14] <-> \length [14]
  partition po bit 15: \length [15] <-> \length [15]

3.1.63. Executing RTLIL backend.
Output filename: partitions/bm_fsm_ctrl.length.il
<suppressed ~226 debug messages>

3.1.64. Executing CHECK pass (checking for obvious problems).
Checking module gate.bm_fsm_ctrl.length...
Checking module gold.bm_fsm_ctrl.length...
Found and reported 0 problems.

Writing partition 30 as bm_fsm_ctrl.hold.
  partition pi bit 0: \rst <-> \rst
  partition pi bit 1: \in_valid <-> \in_valid
  partition pi bit 2: \ext [15] <-> \ext [15]
  partition pi bit 3: \ext [14] <-> \ext [14]
  partition pi bit 4: \ext [13] <-> \ext [13]
  partition pi bit 5: \ext [12] <-> \ext [12]
  partition pi bit 6: \ext [11] <-> \ext [11]
  partition pi bit 7: \ext [10] <-> \ext [10]
  partition pi bit 8: \ext [9] <-> \ext [9]
  partition pi bit 9: \ext [8] <-> \ext [8]
  partition pi bit 10: \ext [7] <-> \ext [7]
  partition pi bit 11: \ext [6] <-> \ext [6]
  partition pi bit 12: \ext [5] <-> \ext [5]
  partition pi bit 13: \ext [4] <-> \ext [4]
  partition pi bit 14: \ext [3] <-> \ext [3]
  partition pi bit 15: \ext [2] <-> \ext [2]
  partition pi bit 16: \ext [1] <-> \ext [1]
  partition pi bit 17: \ext [0] <-> \ext [0]
  partition pi bit 18: \held [15] <-> \held [15]
  partition pi bit 19: \held [14] <-> \held [14]
  partition pi bit 20: \held [13] <-> \held [13]
  partition pi bit 21: \held [12] <-> \held [12]
  partition pi bit 22: \held [11] <-> \held [11]
  partition pi bit 23: \held [10] <-> \held [10]
  partition pi bit 24: \held [9] <-> \held [9]
  partition pi bit 25: \held [8] <-> \held [8]
  partition pi bit 26: \held [7] <-> \held [7]
  partition pi bit 27: \held [6] <-> \held [6]
  partition pi bit 28: \held [5] <-> \held [5]
  partition pi bit 29: \held [4] <-> \held [4]
  partition pi bit 30: \held [3] <-> \held [3]
  partition pi bit 31: \held [2] <-> \held [2]
  partition pi bit 32: \held [1] <-> \held [1]
  partition pi bit 33: \held [0] <-> \held [0]
  partition pi bit 34: \clk <-> \clk
  partition po bit 0: \hold [0] <-> \hold [0]
  partition po bit 1: \hold [1] <-> \hold [1]
  partition po bit 2: \hold [2] <-> \hold [2]
  partition po bit 3: \hold [3] <-> \hold [3]
  partition po bit 4: \hold [4] <-> \hold [4]
  partition po bit 5: \hold [5] <-> \hold [5]
  partition po bit 6: \hold [6] <-> \hold [6]
  partition po bit 7: \hold [7] <-> \hold [7]
  partition po bit 8: \hold [8] <-> \hold [8]
  partition po bit 9: \hold [9] <-> \hold [9]
  partition po bit 10: \hold [10] <-> \hold [10]
  partition po bit 11: \hold [11] <-> \hold [11]
  partition po bit 12: \hold [12] <-> \hold [12]
  partition po bit 13: \hold [13] <-> \hold [13]
  partition po bit 14: \hold [14] <-> \hold [14]
  partition po bit 15: \hold [15] <-> \hold [15]

3.1.65. Executing RTLIL backend.
Output filename: partitions/bm_fsm_ctrl.hold.il
<suppressed ~210 debug messages>

3.1.66. Executing CHECK pass (checking for obvious problems).
Checking module gate.bm_fsm_ctrl.hold...
Checking module gold.bm_fsm_ctrl.hold...
Found and reported 0 problems.

Writing partition 31 as bm_fsm_ctrl.held.23.
  partition po bit 0: \held [23] <-> \held [23]

3.1.67. Executing RTLIL backend.
Output filename: partitions/bm_fsm_ctrl.held.23.il
<suppressed ~10 debug messages>

3.1.68. Executing CHECK pass (checking for obvious problems).
Checking module gate.bm_fsm_ctrl.held.23...
Checking module gold.bm_fsm_ctrl.held.23...
Found and reported 0 problems.

Writing partition 32 as bm_fsm_ctrl.held.22.
  partition po bit 0: \held [22] <-> \held [22]

3.1.69. Executing RTLIL backend.
Output filename: partitions/bm_fsm_ctrl.held.22.il
<suppressed ~10 debug messages>

3.1.70. Executing CHECK pass (checking for obvious problems).
Checking module gate.bm_fsm_ctrl.held.22...
Checking module gold.bm_fsm_ctrl.held.22...
Found and reported 0 problems.

Writing partition 33 as bm_fsm_ctrl.held.21.
  partition po bit 0: \held [21] <-> \held [21]

3.1.71. Executing RTLIL backend.
Output filename: partitions/bm_fsm_ctrl.held.21.il
<suppressed ~10 debug messages>

3.1.72. Executing CHECK pass (checking for obvious problems).
Checking module gate.bm_fsm_ctrl.held.21...
Checking module gold.bm_fsm_ctrl.held.21...
Found and reported 0 problems.

Writing partition 34 as bm_fsm_ctrl.held.20.
  partition po bit 0: \held [20] <-> \held [20]

3.1.73. Executing RTLIL backend.
Output filename: partitions/bm_fsm_ctrl.held.20.il
<suppressed ~10 debug messages>

3.1.74. Executing CHECK pass (checking for obvious problems).
Checking module gate.bm_fsm_ctrl.held.20...
Checking module gold.bm_fsm_ctrl.held.20...
Found and reported 0 problems.

Writing partition 35 as bm_fsm_ctrl.held.19.
  partition po bit 0: \held [19] <-> \held [19]

3.1.75. Executing RTLIL backend.
Output filename: partitions/bm_fsm_ctrl.held.19.il
<suppressed ~10 debug messages>

3.1.76. Executing CHECK pass (checking for obvious problems).
Checking module gate.bm_fsm_ctrl.held.19...
Checking module gold.bm_fsm_ctrl.held.19...
Found and reported 0 problems.

Writing partition 36 as bm_fsm_ctrl.held.18.
  partition po bit 0: \held [18] <-> \held [18]

3.1.77. Executing RTLIL backend.
Output filename: partitions/bm_fsm_ctrl.held.18.il
<suppressed ~10 debug messages>

3.1.78. Executing CHECK pass (checking for obvious problems).
Checking module gate.bm_fsm_ctrl.held.18...
Checking module gold.bm_fsm_ctrl.held.18...
Found and reported 0 problems.

Writing partition 37 as bm_fsm_ctrl.held.17.
  partition po bit 0: \held [17] <-> \held [17]

3.1.79. Executing RTLIL backend.
Output filename: partitions/bm_fsm_ctrl.held.17.il
<suppressed ~10 debug messages>

3.1.80. Executing CHECK pass (checking for obvious problems).
Checking module gate.bm_fsm_ctrl.held.17...
Checking module gold.bm_fsm_ctrl.held.17...
Found and reported 0 problems.

Writing partition 38 as bm_fsm_ctrl.held.16.
  partition po bit 0: \held [16] <-> \held [16]

3.1.81. Executing RTLIL backend.
Output filename: partitions/bm_fsm_ctrl.held.16.il
<suppressed ~10 debug messages>

3.1.82. Executing CHECK pass (checking for obvious problems).
Checking module gate.bm_fsm_ctrl.held.16...
Checking module gold.bm_fsm_ctrl.held.16...
Found and reported 0 problems.

Writing partition 39 as bm_fsm_ctrl.held.15.
  partition pi bit 0: \hold [15] <-> \hold [15]
  partition po bit 0: \held [15] <-> \held [15]

3.1.83. Executing RTLIL backend.
Output filename: partitions/bm_fsm_ctrl.held.15.il
<suppressed ~14 debug messages>

3.1.84. Executing CHECK pass (checking for obvious problems).
Checking module gate.bm_fsm_ctrl.held.15...
Checking module gold.bm_fsm_ctrl.held.15...
Found and reported 0 problems.

Writing partition 40 as bm_fsm_ctrl.held.14.
  partition pi bit 0: \hold [14] <-> \hold [14]
  partition po bit 0: \held [14] <-> \held [14]

3.1.85. Executing RTLIL backend.
Output filename: partitions/bm_fsm_ctrl.held.14.il
<suppressed ~14 debug messages>

3.1.86. Executing CHECK pass (checking for obvious problems).
Checking module gate.bm_fsm_ctrl.held.14...
Checking module gold.bm_fsm_ctrl.held.14...
Found and reported 0 problems.

Writing partition 41 as bm_fsm_ctrl.held.13.
  partition pi bit 0: \hold [13] <-> \hold [13]
  partition po bit 0: \held [13] <-> \held [13]

3.1.87. Executing RTLIL backend.
Output filename: partitions/bm_fsm_ctrl.held.13.il
<suppressed ~14 debug messages>

3.1.88. Executing CHECK pass (checking for obvious problems).
Checking module gate.bm_fsm_ctrl.held.13...
Checking module gold.bm_fsm_ctrl.held.13...
Found and reported 0 problems.

Writing partition 42 as bm_fsm_ctrl.held.12.
  partition pi bit 0: \hold [12] <-> \hold [12]
  partition po bit 0: \held [12] <-> \held [12]

3.1.89. Executing RTLIL backend.
Output filename: partitions/bm_fsm_ctrl.held.12.il
<suppressed ~14 debug messages>

3.1.90. Executing CHECK pass (checking for obvious problems).
Checking module gate.bm_fsm_ctrl.held.12...
Checking module gold.bm_fsm_ctrl.held.12...
Found and reported 0 problems.

Writing partition 43 as bm_fsm_ctrl.held.11.
  partition pi bit 0: \hold [11] <-> \hold [11]
  partition po bit 0: \held [11] <-> \held [11]

3.1.91. Executing RTLIL backend.
Output filename: partitions/bm_fsm_ctrl.held.11.il
<suppressed ~14 debug messages>

3.1.92. Executing CHECK pass (checking for obvious problems).
Checking module gate.bm_fsm_ctrl.held.11...
Checking module gold.bm_fsm_ctrl.held.11...
Found and reported 0 problems.

Writing partition 44 as bm_fsm_ctrl.held.10.
  partition pi bit 0: \hold [10] <-> \hold [10]
  partition po bit 0: \held [10] <-> \held [10]

3.1.93. Executing RTLIL backend.
Output filename: partitions/bm_fsm_ctrl.held.10.il
<suppressed ~14 debug messages>

3.1.94. Executing CHECK pass (checking for obvious problems).
Checking module gate.bm_fsm_ctrl.held.10...
Checking module gold.bm_fsm_ctrl.held.10...
Found and reported 0 problems.

Writing partition 45 as bm_fsm_ctrl.held.9.
  partition pi bit 0: \hold [9] <-> \hold [9]
  partition po bit 0: \held [9] <-> \held [9]

3.1.95. Executing RTLIL backend.
Output filename: partitions/bm_fsm_ctrl.held.9.il
<suppressed ~14 debug messages>

3.1.96. Executing CHECK pass (checking for obvious problems).
Checking module gate.bm_fsm_ctrl.held.9...
Checking module gold.bm_fsm_ctrl.held.9...
Found and reported 0 problems.

Writing partition 46 as bm_fsm_ctrl.held.8.
  partition pi bit 0: \hold [8] <-> \hold [8]
  partition po bit 0: \held [8] <-> \held [8]

3.1.97. Executing RTLIL backend.
Output filename: partitions/bm_fsm_ctrl.held.8.il
<suppressed ~14 debug messages>

3.1.98. Executing CHECK pass (checking for obvious problems).
Checking module gate.bm_fsm_ctrl.held.8...
Checking module gold.bm_fsm_ctrl.held.8...
Found and reported 0 problems.

Writing partition 47 as bm_fsm_ctrl.held.7.
  partition pi bit 0: \hold [7] <-> \hold [7]
  partition po bit 0: \held [7] <-> \held [7]

3.1.99. Executing RTLIL backend.
Output filename: partitions/bm_fsm_ctrl.held.7.il
<suppressed ~14 debug messages>

3.1.100. Executing CHECK pass (checking for obvious problems).
Checking module gate.bm_fsm_ctrl.held.7...
Checking module gold.bm_fsm_ctrl.held.7...
Found and reported 0 problems.

Writing partition 48 as bm_fsm_ctrl.held.6.
  partition pi bit 0: \hold [6] <-> \hold [6]
  partition po bit 0: \held [6] <-> \held [6]

3.1.101. Executing RTLIL backend.
Output filename: partitions/bm_fsm_ctrl.held.6.il
<suppressed ~14 debug messages>

3.1.102. Executing CHECK pass (checking for obvious problems).
Checking module gate.bm_fsm_ctrl.held.6...
Checking module gold.bm_fsm_ctrl.held.6...
Found and reported 0 problems.

Writing partition 49 as bm_fsm_ctrl.held.5.
  partition pi bit 0: \hold [5] <-> \hold [5]
  partition po bit 0: \held [5] <-> \held [5]

3.1.103. Executing RTLIL backend.
Output filename: partitions/bm_fsm_ctrl.held.5.il
<suppressed ~14 debug messages>

3.1.104. Executing CHECK pass (checking for obvious problems).
Checking module gate.bm_fsm_ctrl.held.5...
Checking module gold.bm_fsm_ctrl.held.5...
Found and reported 0 problems.

Writing partition 50 as bm_fsm_ctrl.held.4.
  partition pi bit 0: \hold [4] <-> \hold [4]
  partition po bit 0: \held [4] <-> \held [4]

3.1.105. Executing RTLIL backend.
Output filename: partitions/bm_fsm_ctrl.held.4.il
<suppressed ~14 debug messages>

3.1.106. Executing CHECK pass (checking for obvious problems).
Checking module gate.bm_fsm_ctrl.held.4...
Checking module gold.bm_fsm_ctrl.held.4...
Found and reported 0 problems.

Writing partition 51 as bm_fsm_ctrl.held.3.
  partition pi bit 0: \hold [3] <-> \hold [3]
  partition po bit 0: \held [3] <-> \held [3]

3.1.107. Executing RTLIL backend.
Output filename: partitions/bm_fsm_ctrl.held.3.il
<suppressed ~14 debug messages>

3.1.108. Executing CHECK pass (checking for obvious problems).
Checking module gate.bm_fsm_ctrl.held.3...
Checking module gold.bm_fsm_ctrl.held.3...
Found and reported 0 problems.

Writing partition 52 as bm_fsm_ctrl.held.2.
  partition pi bit 0: \hold [2] <-> \hold [2]
  partition po bit 0: \held [2] <-> \held [2]

3.1.109. Executing RTLIL backend.
Output filename: partitions/bm_fsm_ctrl.held.2.il
<suppressed ~14 debug messages>

3.1.110. Executing CHECK pass (checking for obvious problems).
Checking module gate.bm_fsm_ctrl.held.2...
Checking module gold.bm_fsm_ctrl.held.2...
Found and reported 0 problems.

Writing partition 53 as bm_fsm_ctrl.held.1.
  partition pi bit 0: \hold [1] <-> \hold [1]
  partition po bit 0: \held [1] <-> \held [1]

3.1.111. Executing RTLIL backend.
Output filename: partitions/bm_fsm_ctrl.held.1.il
<suppressed ~14 debug messages>

3.1.112. Executing CHECK pass (checking for obvious problems).
Checking module gate.bm_fsm_ctrl.held.1...
Checking module gold.bm_fsm_ctrl.held.1...
Found and reported 0 problems.

Writing partition 54 as bm_fsm_ctrl.held.0.
  partition pi bit 0: \hold [0] <-> \hold [0]
  partition po bit 0: \held [0] <-> \held [0]

3.1.113. Executing RTLIL backend.
Output filename: partitions/bm_fsm_ctrl.held.0.il
<suppressed ~14 debug messages>

3.1.114. Executing CHECK pass (checking for obvious problems).
Checking module gate.bm_fsm_ctrl.held.0...
Checking module gold.bm_fsm_ctrl.held.0...
Found and reported 0 problems.

Writing partition 55 as bm_fsm_ctrl.ext.23.
  partition po bit 0: \ext [23] <-> \ext [23]

3.1.115. Executing RTLIL backend.
Output filename: partitions/bm_fsm_ctrl.ext.23.il
<suppressed ~10 debug messages>

3.1.116. Executing CHECK pass (checking for obvious problems).
Checking module gate.bm_fsm_ctrl.ext.23...
Checking module gold.bm_fsm_ctrl.ext.23...
Found and reported 0 problems.

Writing partition 56 as bm_fsm_ctrl.ext.22.
  partition po bit 0: \ext [22] <-> \ext [22]

3.1.117. Executing RTLIL backend.
Output filename: partitions/bm_fsm_ctrl.ext.22.il
<suppressed ~10 debug messages>

3.1.118. Executing CHECK pass (checking for obvious problems).
Checking module gate.bm_fsm_ctrl.ext.22...
Checking module gold.bm_fsm_ctrl.ext.22...
Found and reported 0 problems.

Writing partition 57 as bm_fsm_ctrl.ext.21.
  partition po bit 0: \ext [21] <-> \ext [21]

3.1.119. Executing RTLIL backend.
Output filename: partitions/bm_fsm_ctrl.ext.21.il
<suppressed ~10 debug messages>

3.1.120. Executing CHECK pass (checking for obvious problems).
Checking module gate.bm_fsm_ctrl.ext.21...
Checking module gold.bm_fsm_ctrl.ext.21...
Found and reported 0 problems.

Writing partition 58 as bm_fsm_ctrl.ext.20.
  partition po bit 0: \ext [20] <-> \ext [20]

3.1.121. Executing RTLIL backend.
Output filename: partitions/bm_fsm_ctrl.ext.20.il
<suppressed ~10 debug messages>

3.1.122. Executing CHECK pass (checking for obvious problems).
Checking module gate.bm_fsm_ctrl.ext.20...
Checking module gold.bm_fsm_ctrl.ext.20...
Found and reported 0 problems.

Writing partition 59 as bm_fsm_ctrl.ext.19.
  partition po bit 0: \ext [19] <-> \ext [19]

3.1.123. Executing RTLIL backend.
Output filename: partitions/bm_fsm_ctrl.ext.19.il
<suppressed ~10 debug messages>

3.1.124. Executing CHECK pass (checking for obvious problems).
Checking module gate.bm_fsm_ctrl.ext.19...
Checking module gold.bm_fsm_ctrl.ext.19...
Found and reported 0 problems.

Writing partition 60 as bm_fsm_ctrl.ext.18.
  partition po bit 0: \ext [18] <-> \ext [18]

3.1.125. Executing RTLIL backend.
Output filename: partitions/bm_fsm_ctrl.ext.18.il
<suppressed ~10 debug messages>

3.1.126. Executing CHECK pass (checking for obvious problems).
Checking module gate.bm_fsm_ctrl.ext.18...
Checking module gold.bm_fsm_ctrl.ext.18...
Found and reported 0 problems.

Writing partition 61 as bm_fsm_ctrl.ext.17.
  partition po bit 0: \ext [17] <-> \ext [17]

3.1.127. Executing RTLIL backend.
Output filename: partitions/bm_fsm_ctrl.ext.17.il
<suppressed ~10 debug messages>

3.1.128. Executing CHECK pass (checking for obvious problems).
Checking module gate.bm_fsm_ctrl.ext.17...
Checking module gold.bm_fsm_ctrl.ext.17...
Found and reported 0 problems.

Writing partition 62 as bm_fsm_ctrl.ext.16.
  partition po bit 0: \ext [16] <-> \ext [16]

3.1.129. Executing RTLIL backend.
Output filename: partitions/bm_fsm_ctrl.ext.16.il
<suppressed ~10 debug messages>

3.1.130. Executing CHECK pass (checking for obvious problems).
Checking module gate.bm_fsm_ctrl.ext.16...
Checking module gold.bm_fsm_ctrl.ext.16...
Found and reported 0 problems.

Writing partition 63 as bm_fsm_ctrl.ext.15.
  partition pi bit 0: \in_data [15] <-> \in_data [15]
  partition po bit 0: \ext [15] <-> \ext [15]

3.1.131. Executing RTLIL backend.
Output filename: partitions/bm_fsm_ctrl.ext.15.il
<suppressed ~14 debug messages>

3.1.132. Executing CHECK pass (checking for obvious problems).
Checking module gate.bm_fsm_ctrl.ext.15...
Checking module gold.bm_fsm_ctrl.ext.15...
Found and reported 0 problems.

Writing partition 64 as bm_fsm_ctrl.ext.14.
  partition pi bit 0: \in_data [14] <-> \in_data [14]
  partition po bit 0: \ext [14] <-> \ext [14]

3.1.133. Executing RTLIL backend.
Output filename: partitions/bm_fsm_ctrl.ext.14.il
<suppressed ~14 debug messages>

3.1.134. Executing CHECK pass (checking for obvious problems).
Checking module gate.bm_fsm_ctrl.ext.14...
Checking module gold.bm_fsm_ctrl.ext.14...
Found and reported 0 problems.

Writing partition 65 as bm_fsm_ctrl.ext.13.
  partition pi bit 0: \in_data [13] <-> \in_data [13]
  partition po bit 0: \ext [13] <-> \ext [13]

3.1.135. Executing RTLIL backend.
Output filename: partitions/bm_fsm_ctrl.ext.13.il
<suppressed ~14 debug messages>

3.1.136. Executing CHECK pass (checking for obvious problems).
Checking module gate.bm_fsm_ctrl.ext.13...
Checking module gold.bm_fsm_ctrl.ext.13...
Found and reported 0 problems.

Writing partition 66 as bm_fsm_ctrl.ext.12.
  partition pi bit 0: \in_data [12] <-> \in_data [12]
  partition po bit 0: \ext [12] <-> \ext [12]

3.1.137. Executing RTLIL backend.
Output filename: partitions/bm_fsm_ctrl.ext.12.il
<suppressed ~14 debug messages>

3.1.138. Executing CHECK pass (checking for obvious problems).
Checking module gate.bm_fsm_ctrl.ext.12...
Checking module gold.bm_fsm_ctrl.ext.12...
Found and reported 0 problems.

Writing partition 67 as bm_fsm_ctrl.ext.11.
  partition pi bit 0: \in_data [11] <-> \in_data [11]
  partition po bit 0: \ext [11] <-> \ext [11]

3.1.139. Executing RTLIL backend.
Output filename: partitions/bm_fsm_ctrl.ext.11.il
<suppressed ~14 debug messages>

3.1.140. Executing CHECK pass (checking for obvious problems).
Checking module gate.bm_fsm_ctrl.ext.11...
Checking module gold.bm_fsm_ctrl.ext.11...
Found and reported 0 problems.

Writing partition 68 as bm_fsm_ctrl.ext.10.
  partition pi bit 0: \in_data [10] <-> \in_data [10]
  partition po bit 0: \ext [10] <-> \ext [10]

3.1.141. Executing RTLIL backend.
Output filename: partitions/bm_fsm_ctrl.ext.10.il
<suppressed ~14 debug messages>

3.1.142. Executing CHECK pass (checking for obvious problems).
Checking module gate.bm_fsm_ctrl.ext.10...
Checking module gold.bm_fsm_ctrl.ext.10...
Found and reported 0 problems.

Writing partition 69 as bm_fsm_ctrl.ext.9.
  partition pi bit 0: \in_data [9] <-> \in_data [9]
  partition po bit 0: \ext [9] <-> \ext [9]

3.1.143. Executing RTLIL backend.
Output filename: partitions/bm_fsm_ctrl.ext.9.il
<suppressed ~14 debug messages>

3.1.144. Executing CHECK pass (checking for obvious problems).
Checking module gate.bm_fsm_ctrl.ext.9...
Checking module gold.bm_fsm_ctrl.ext.9...
Found and reported 0 problems.

Writing partition 70 as bm_fsm_ctrl.ext.8.
  partition pi bit 0: \in_data [8] <-> \in_data [8]
  partition po bit 0: \ext [8] <-> \ext [8]

3.1.145. Executing RTLIL backend.
Output filename: partitions/bm_fsm_ctrl.ext.8.il
<suppressed ~14 debug messages>

3.1.146. Executing CHECK pass (checking for obvious problems).
Checking module gate.bm_fsm_ctrl.ext.8...
Checking module gold.bm_fsm_ctrl.ext.8...
Found and reported 0 problems.

Writing partition 71 as bm_fsm_ctrl.ext.7.
  partition pi bit 0: \in_data [7] <-> \in_data [7]
  partition po bit 0: \ext [7] <-> \ext [7]

3.1.147. Executing RTLIL backend.
Output filename: partitions/bm_fsm_ctrl.ext.7.il
<suppressed ~14 debug messages>

3.1.148. Executing CHECK pass (checking for obvious problems).
Checking module gate.bm_fsm_ctrl.ext.7...
Checking module gold.bm_fsm_ctrl.ext.7...
Found and reported 0 problems.

Writing partition 72 as bm_fsm_ctrl.ext.6.
  partition pi bit 0: \in_data [6] <-> \in_data [6]
  partition po bit 0: \ext [6] <-> \ext [6]

3.1.149. Executing RTLIL backend.
Output filename: partitions/bm_fsm_ctrl.ext.6.il
<suppressed ~14 debug messages>

3.1.150. Executing CHECK pass (checking for obvious problems).
Checking module gate.bm_fsm_ctrl.ext.6...
Checking module gold.bm_fsm_ctrl.ext.6...
Found and reported 0 problems.

Writing partition 73 as bm_fsm_ctrl.ext.5.
  partition pi bit 0: \in_data [5] <-> \in_data [5]
  partition po bit 0: \ext [5] <-> \ext [5]

3.1.151. Executing RTLIL backend.
Output filename: partitions/bm_fsm_ctrl.ext.5.il
<suppressed ~14 debug messages>

3.1.152. Executing CHECK pass (checking for obvious problems).
Checking module gate.bm_fsm_ctrl.ext.5...
Checking module gold.bm_fsm_ctrl.ext.5...
Found and reported 0 problems.

Writing partition 74 as bm_fsm_ctrl.ext.4.
  partition pi bit 0: \in_data [4] <-> \in_data [4]
  partition po bit 0: \ext [4] <-> \ext [4]

3.1.153. Executing RTLIL backend.
Output filename: partitions/bm_fsm_ctrl.ext.4.il
<suppressed ~14 debug messages>

3.1.154. Executing CHECK pass (checking for obvious problems).
Checking module gate.bm_fsm_ctrl.ext.4...
Checking module gold.bm_fsm_ctrl.ext.4...
Found and reported 0 problems.

Writing partition 75 as bm_fsm_ctrl.ext.3.
  partition pi bit 0: \in_data [3] <-> \in_data [3]
  partition po bit 0: \ext [3] <-> \ext [3]

3.1.155. Executing RTLIL backend.
Output filename: partitions/bm_fsm_ctrl.ext.3.il
<suppressed ~14 debug messages>

3.1.156. Executing CHECK pass (checking for obvious problems).
Checking module gate.bm_fsm_ctrl.ext.3...
Checking module gold.bm_fsm_ctrl.ext.3...
Found and reported 0 problems.

Writing partition 76 as bm_fsm_ctrl.ext.2.
  partition pi bit 0: \in_data [2] <-> \in_data [2]
  partition po bit 0: \ext [2] <-> \ext [2]

3.1.157. Executing RTLIL backend.
Output filename: partitions/bm_fsm_ctrl.ext.2.il
<suppressed ~14 debug messages>

3.1.158. Executing CHECK pass (checking for obvious problems).
Checking module gate.bm_fsm_ctrl.ext.2...
Checking module gold.bm_fsm_ctrl.ext.2...
Found and reported 0 problems.

Writing partition 77 as bm_fsm_ctrl.ext.1.
  partition pi bit 0: \in_data [1] <-> \in_data [1]
  partition po bit 0: \ext [1] <-> \ext [1]

3.1.159. Executing RTLIL backend.
Output filename: partitions/bm_fsm_ctrl.ext.1.il
<suppressed ~14 debug messages>

3.1.160. Executing CHECK pass (checking for obvious problems).
Checking module gate.bm_fsm_ctrl.ext.1...
Checking module gold.bm_fsm_ctrl.ext.1...
Found and reported 0 problems.

Writing partition 78 as bm_fsm_ctrl.ext.0.
  partition pi bit 0: \in_data [0] <-> \in_data [0]
  partition po bit 0: \ext [0] <-> \ext [0]

3.1.161. Executing RTLIL backend.
Output filename: partitions/bm_fsm_ctrl.ext.0.il
<suppressed ~14 debug messages>

3.1.162. Executing CHECK pass (checking for obvious problems).
Checking module gate.bm_fsm_ctrl.ext.0...
Checking module gold.bm_fsm_ctrl.ext.0...
Found and reported 0 problems.

Writing partition 79 as bm_fsm_ctrl.d9.
  partition pi bit 0: \state [3] <-> \state [3]
  partition pi bit 1: \state [4] <-> \state [4]
  partition pi bit 2: \state [5] <-> \state [5]
  partition pi bit 3: \state [6] <-> \state [6]
  partition pi bit 4: \state [7] <-> \state [7]
  partition pi bit 5: \state [8] <-> \state [8]
  partition pi bit 6: \cntx [7] <-> \cntx [7]
  partition pi bit 7: \cntx [6] <-> \cntx [6]
  partition pi bit 8: \cntx [5] <-> \cntx [5]
  partition pi bit 9: \cntx [4] <-> \cntx [4]
  partition pi bit 10: \cntx [3] <-> \cntx [3]
  partition pi bit 11: \cntx [2] <-> \cntx [2]
  partition pi bit 12: \cntx [1] <-> \cntx [1]
  partition pi bit 13: \cntx [0] <-> \cntx [0]
  partition pi bit 14: \state [9] <-> \state [9]
  partition pi bit 15: \ext [15] <-> \ext [15]
  partition pi bit 16: \ext [14] <-> \ext [14]
  partition pi bit 17: \ext [13] <-> \ext [13]
  partition pi bit 18: \ext [12] <-> \ext [12]
  partition pi bit 19: \ext [11] <-> \ext [11]
  partition pi bit 20: \ext [10] <-> \ext [10]
  partition pi bit 21: \ext [9] <-> \ext [9]
  partition pi bit 22: \ext [8] <-> \ext [8]
  partition pi bit 23: \ext [7] <-> \ext [7]
  partition pi bit 24: \ext [6] <-> \ext [6]
  partition pi bit 25: \ext [5] <-> \ext [5]
  partition pi bit 26: \ext [4] <-> \ext [4]
  partition pi bit 27: \ext [3] <-> \ext [3]
  partition pi bit 28: \ext [2] <-> \ext [2]
  partition pi bit 29: \ext [1] <-> \ext [1]
  partition pi bit 30: \ext [0] <-> \ext [0]
  partition pi bit 31: \state [10] <-> \state [10]
  partition pi bit 32: \lenx [15] <-> \lenx [15]
  partition pi bit 33: \lenx [14] <-> \lenx [14]
  partition pi bit 34: \lenx [13] <-> \lenx [13]
  partition pi bit 35: \lenx [12] <-> \lenx [12]
  partition pi bit 36: \lenx [11] <-> \lenx [11]
  partition pi bit 37: \lenx [10] <-> \lenx [10]
  partition pi bit 38: \lenx [9] <-> \lenx [9]
  partition pi bit 39: \lenx [8] <-> \lenx [8]
  partition pi bit 40: \lenx [7] <-> \lenx [7]
  partition pi bit 41: \lenx [6] <-> \lenx [6]
  partition pi bit 42: \lenx [5] <-> \lenx [5]
  partition pi bit 43: \lenx [4] <-> \lenx [4]
  partition pi bit 44: \lenx [3] <-> \lenx [3]
  partition pi bit 45: \lenx [2] <-> \lenx [2]
  partition pi bit 46: \lenx [1] <-> \lenx [1]
  partition pi bit 47: \lenx [0] <-> \lenx [0]
  partition pi bit 48: \held [15] <-> \held [15]
  partition pi bit 49: \held [14] <-> \held [14]
  partition pi bit 50: \held [13] <-> \held [13]
  partition pi bit 51: \held [12] <-> \held [12]
  partition pi bit 52: \held [11] <-> \held [11]
  partition pi bit 53: \held [10] <-> \held [10]
  partition pi bit 54: \held [9] <-> \held [9]
  partition pi bit 55: \held [8] <-> \held [8]
  partition pi bit 56: \held [7] <-> \held [7]
  partition pi bit 57: \held [6] <-> \held [6]
  partition pi bit 58: \held [5] <-> \held [5]
  partition pi bit 59: \held [4] <-> \held [4]
  partition pi bit 60: \held [3] <-> \held [3]
  partition pi bit 61: \held [2] <-> \held [2]
  partition pi bit 62: \held [1] <-> \held [1]
  partition pi bit 63: \held [0] <-> \held [0]
  partition pi bit 64: \state [11] <-> \state [11]
  partition pi bit 65: \acc [23] <-> \acc [23]
  partition pi bit 66: \acc [22] <-> \acc [22]
  partition pi bit 67: \acc [21] <-> \acc [21]
  partition pi bit 68: \acc [20] <-> \acc [20]
  partition pi bit 69: \acc [19] <-> \acc [19]
  partition pi bit 70: \acc [18] <-> \acc [18]
  partition pi bit 71: \acc [17] <-> \acc [17]
  partition pi bit 72: \acc [16] <-> \acc [16]
  partition pi bit 73: \acc [15] <-> \acc [15]
  partition pi bit 74: \acc [14] <-> \acc [14]
  partition pi bit 75: \acc [13] <-> \acc [13]
  partition pi bit 76: \acc [12] <-> \acc [12]
  partition pi bit 77: \acc [11] <-> \acc [11]
  partition pi bit 78: \acc [10] <-> \acc [10]
  partition pi bit 79: \acc [9] <-> \acc [9]
  partition pi bit 80: \acc [8] <-> \acc [8]
  partition pi bit 81: \acc [7] <-> \acc [7]
  partition pi bit 82: \acc [6] <-> \acc [6]
  partition pi bit 83: \acc [5] <-> \acc [5]
  partition pi bit 84: \acc [4] <-> \acc [4]
  partition pi bit 85: \acc [3] <-> \acc [3]
  partition pi bit 86: \acc [2] <-> \acc [2]
  partition pi bit 87: \acc [1] <-> \acc [1]
  partition pi bit 88: \acc [0] <-> \acc [0]
  partition pi bit 89: \d0 [23] <-> \d0 [23]
  partition pi bit 90: \d0 [22] <-> \d0 [22]
  partition pi bit 91: \d0 [21] <-> \d0 [21]
  partition pi bit 92: \d0 [20] <-> \d0 [20]
  partition pi bit 93: \d0 [19] <-> \d0 [19]
  partition pi bit 94: \d0 [18] <-> \d0 [18]
  partition pi bit 95: \d0 [17] <-> \d0 [17]
  partition pi bit 96: \d0 [16] <-> \d0 [16]
  partition pi bit 97: \d0 [15] <-> \d0 [15]
  partition pi bit 98: \d0 [14] <-> \d0 [14]
  partition pi bit 99: \d0 [13] <-> \d0 [13]
  partition pi bit 100: \d0 [12] <-> \d0 [12]
  partition pi bit 101: \d0 [11] <-> \d0 [11]
  partition pi bit 102: \d0 [10] <-> \d0 [10]
  partition pi bit 103: \d0 [9] <-> \d0 [9]
  partition pi bit 104: \d0 [8] <-> \d0 [8]
  partition pi bit 105: \d0 [7] <-> \d0 [7]
  partition pi bit 106: \d0 [6] <-> \d0 [6]
  partition pi bit 107: \d0 [5] <-> \d0 [5]
  partition pi bit 108: \d0 [4] <-> \d0 [4]
  partition pi bit 109: \d0 [3] <-> \d0 [3]
  partition pi bit 110: \d0 [2] <-> \d0 [2]
  partition pi bit 111: \d0 [1] <-> \d0 [1]
  partition pi bit 112: \d0 [0] <-> \d0 [0]
  partition po bit 0: \d9 [0] <-> \d9 [0]
  partition po bit 1: \d9 [1] <-> \d9 [1]
  partition po bit 2: \d9 [2] <-> \d9 [2]
  partition po bit 3: \d9 [3] <-> \d9 [3]
  partition po bit 4: \d9 [4] <-> \d9 [4]
  partition po bit 5: \d9 [5] <-> \d9 [5]
  partition po bit 6: \d9 [6] <-> \d9 [6]
  partition po bit 7: \d9 [7] <-> \d9 [7]
  partition po bit 8: \d9 [8] <-> \d9 [8]
  partition po bit 9: \d9 [9] <-> \d9 [9]
  partition po bit 10: \d9 [10] <-> \d9 [10]
  partition po bit 11: \d9 [11] <-> \d9 [11]
  partition po bit 12: \d9 [12] <-> \d9 [12]
  partition po bit 13: \d9 [13] <-> \d9 [13]
  partition po bit 14: \d9 [14] <-> \d9 [14]
  partition po bit 15: \d9 [15] <-> \d9 [15]
  partition po bit 16: \d9 [16] <-> \d9 [16]
  partition po bit 17: \d9 [17] <-> \d9 [17]
  partition po bit 18: \d9 [18] <-> \d9 [18]
  partition po bit 19: \d9 [19] <-> \d9 [19]
  partition po bit 20: \d9 [20] <-> \d9 [20]
  partition po bit 21: \d9 [21] <-> \d9 [21]
  partition po bit 22: \d9 [22] <-> \d9 [22]
  partition po bit 23: \d9 [23] <-> \d9 [23]

3.1.163. Executing RTLIL backend.
Output filename: partitions/bm_fsm_ctrl.d9.il
<suppressed ~1360 debug messages>

3.1.164. Executing CHECK pass (checking for obvious problems).
Checking module gate.bm_fsm_ctrl.d9...
Checking module gold.bm_fsm_ctrl.d9...
Found and reported 0 problems.

Writing partition 80 as bm_fsm_ctrl.d0.
  partition pi bit 0: \ext [15] <-> \ext [15]
  partition pi bit 1: \ext [14] <-> \ext [14]
  partition pi bit 2: \ext [13] <-> \ext [13]
  partition pi bit 3: \ext [12] <-> \ext [12]
  partition pi bit 4: \ext [11] <-> \ext [11]
  partition pi bit 5: \ext [10] <-> \ext [10]
  partition pi bit 6: \ext [9] <-> \ext [9]
  partition pi bit 7: \ext [8] <-> \ext [8]
  partition pi bit 8: \ext [7] <-> \ext [7]
  partition pi bit 9: \ext [6] <-> \ext [6]
  partition pi bit 10: \ext [5] <-> \ext [5]
  partition pi bit 11: \ext [4] <-> \ext [4]
  partition pi bit 12: \ext [3] <-> \ext [3]
  partition pi bit 13: \ext [2] <-> \ext [2]
  partition pi bit 14: \ext [1] <-> \ext [1]
  partition pi bit 15: \ext [0] <-> \ext [0]
  partition pi bit 16: \acc [23] <-> \acc [23]
  partition pi bit 17: \acc [22] <-> \acc [22]
  partition pi bit 18: \acc [21] <-> \acc [21]
  partition pi bit 19: \acc [20] <-> \acc [20]
  partition pi bit 20: \acc [19] <-> \acc [19]
  partition pi bit 21: \acc [18] <-> \acc [18]
  partition pi bit 22: \acc [17] <-> \acc [17]
  partition pi bit 23: \acc [16] <-> \acc [16]
  partition pi bit 24: \acc [15] <-> \acc [15]
  partition pi bit 25: \acc [14] <-> \acc [14]
  partition pi bit 26: \acc [13] <-> \acc [13]
  partition pi bit 27: \acc [12] <-> \acc [12]
  partition pi bit 28: \acc [11] <-> \acc [11]
  partition pi bit 29: \acc [10] <-> \acc [10]
  partition pi bit 30: \acc [9] <-> \acc [9]
  partition pi bit 31: \acc [8] <-> \acc [8]
  partition pi bit 32: \acc [7] <-> \acc [7]
  partition pi bit 33: \acc [6] <-> \acc [6]
  partition pi bit 34: \acc [5] <-> \acc [5]
  partition pi bit 35: \acc [4] <-> \acc [4]
  partition pi bit 36: \acc [3] <-> \acc [3]
  partition pi bit 37: \acc [2] <-> \acc [2]
  partition pi bit 38: \acc [1] <-> \acc [1]
  partition pi bit 39: \acc [0] <-> \acc [0]
  partition po bit 0: \d0 [0] <-> \d0 [0]
  partition po bit 1: \d0 [1] <-> \d0 [1]
  partition po bit 2: \d0 [2] <-> \d0 [2]
  partition po bit 3: \d0 [3] <-> \d0 [3]
  partition po bit 4: \d0 [4] <-> \d0 [4]
  partition po bit 5: \d0 [5] <-> \d0 [5]
  partition po bit 6: \d0 [6] <-> \d0 [6]
  partition po bit 7: \d0 [7] <-> \d0 [7]
  partition po bit 8: \d0 [8] <-> \d0 [8]
  partition po bit 9: \d0 [9] <-> \d0 [9]
  partition po bit 10: \d0 [10] <-> \d0 [10]
  partition po bit 11: \d0 [11] <-> \d0 [11]
  partition po bit 12: \d0 [12] <-> \d0 [12]
  partition po bit 13: \d0 [13] <-> \d0 [13]
  partition po bit 14: \d0 [14] <-> \d0 [14]
  partition po bit 15: \d0 [15] <-> \d0 [15]
  partition po bit 16: \d0 [16] <-> \d0 [16]
  partition po bit 17: \d0 [17] <-> \d0 [17]
  partition po bit 18: \d0 [18] <-> \d0 [18]
  partition po bit 19: \d0 [19] <-> \d0 [19]
  partition po bit 20: \d0 [20] <-> \d0 [20]
  partition po bit 21: \d0 [21] <-> \d0 [21]
  partition po bit 22: \d0 [22] <-> \d0 [22]
  partition po bit 23: \d0 [23] <-> \d0 [23]

3.1.165. Executing RTLIL backend.
Output filename: partitions/bm_fsm_ctrl.d0.il
<suppressed ~142 debug messages>

3.1.166. Executing CHECK pass (checking for obvious problems).
Checking module gate.bm_fsm_ctrl.d0...
Checking module gold.bm_fsm_ctrl.d0...
Found and reported 0 problems.

Writing partition 81 as bm_fsm_ctrl.count.
  partition pi bit 0: \rst <-> \rst
  partition pi bit 1: \in_valid <-> \in_valid
  partition pi bit 2: \state [8] <-> \state [8]
  partition pi bit 3: \state [15] <-> \state [15]
  partition pi bit 4: \state [0] <-> \state [0]
  partition pi bit 5: \cntx [7] <-> \cntx [7]
  partition pi bit 6: \cntx [6] <-> \cntx [6]
  partition pi bit 7: \cntx [5] <-> \cntx [5]
  partition pi bit 8: \cntx [4] <-> \cntx [4]
  partition pi bit 9: \cntx [3] <-> \cntx [3]
  partition pi bit 10: \cntx [2] <-> \cntx [2]
  partition pi bit 11: \cntx [1] <-> \cntx [1]
  partition pi bit 12: \cntx [0] <-> \cntx [0]
  partition pi bit 13: \clk <-> \clk
  partition po bit 0: \count [0] <-> \count [0]
  partition po bit 1: \count [1] <-> \count [1]
  partition po bit 2: \count [2] <-> \count [2]
  partition po bit 3: \count [3] <-> \count [3]
  partition po bit 4: \count [4] <-> \count [4]
  partition po bit 5: \count [5] <-> \count [5]
  partition po bit 6: \count [6] <-> \count [6]
  partition po bit 7: \count [7] <-> \count [7]

3.1.167. Executing RTLIL backend.
Output filename: partitions/bm_fsm_ctrl.count.il
<suppressed ~198 debug messages>

3.1.168. Executing CHECK pass (checking for obvious problems).
Checking module gate.bm_fsm_ctrl.count...
Checking module gold.bm_fsm_ctrl.count...
Found and reported 0 problems.

Writing partition 82 as bm_fsm_ctrl.cntx.23.
  partition po bit 0: \cntx [23] <-> \cntx [23]

3.1.169. Executing RTLIL backend.
Output filename: partitions/bm_fsm_ctrl.cntx.23.il
<suppressed ~10 debug messages>

3.1.170. Executing CHECK pass (checking for obvious problems).
Checking module gate.bm_fsm_ctrl.cntx.23...
Checking module gold.bm_fsm_ctrl.cntx.23...
Found and reported 0 problems.

Writing partition 83 as bm_fsm_ctrl.cntx.22.
  partition po bit 0: \cntx [22] <-> \cntx [22]

3.1.171. Executing RTLIL backend.
Output filename: partitions/bm_fsm_ctrl.cntx.22.il
<suppressed ~10 debug messages>

3.1.172. Executing CHECK pass (checking for obvious problems).
Checking module gate.bm_fsm_ctrl.cntx.22...
Checking module gold.bm_fsm_ctrl.cntx.22...
Found and reported 0 problems.

Writing partition 84 as bm_fsm_ctrl.cntx.21.
  partition po bit 0: \cntx [21] <-> \cntx [21]

3.1.173. Executing RTLIL backend.
Output filename: partitions/bm_fsm_ctrl.cntx.21.il
<suppressed ~10 debug messages>

3.1.174. Executing CHECK pass (checking for obvious problems).
Checking module gate.bm_fsm_ctrl.cntx.21...
Checking module gold.bm_fsm_ctrl.cntx.21...
Found and reported 0 problems.

Writing partition 85 as bm_fsm_ctrl.cntx.20.
  partition po bit 0: \cntx [20] <-> \cntx [20]

3.1.175. Executing RTLIL backend.
Output filename: partitions/bm_fsm_ctrl.cntx.20.il
<suppressed ~10 debug messages>

3.1.176. Executing CHECK pass (checking for obvious problems).
Checking module gate.bm_fsm_ctrl.cntx.20...
Checking module gold.bm_fsm_ctrl.cntx.20...
Found and reported 0 problems.

Writing partition 86 as bm_fsm_ctrl.cntx.19.
  partition po bit 0: \cntx [19] <-> \cntx [19]

3.1.177. Executing RTLIL backend.
Output filename: partitions/bm_fsm_ctrl.cntx.19.il
<suppressed ~10 debug messages>

3.1.178. Executing CHECK pass (checking for obvious problems).
Checking module gate.bm_fsm_ctrl.cntx.19...
Checking module gold.bm_fsm_ctrl.cntx.19...
Found and reported 0 problems.

Writing partition 87 as bm_fsm_ctrl.cntx.18.
  partition po bit 0: \cntx [18] <-> \cntx [18]

3.1.179. Executing RTLIL backend.
Output filename: partitions/bm_fsm_ctrl.cntx.18.il
<suppressed ~10 debug messages>

3.1.180. Executing CHECK pass (checking for obvious problems).
Checking module gate.bm_fsm_ctrl.cntx.18...
Checking module gold.bm_fsm_ctrl.cntx.18...
Found and reported 0 problems.

Writing partition 88 as bm_fsm_ctrl.cntx.17.
  partition po bit 0: \cntx [17] <-> \cntx [17]

3.1.181. Executing RTLIL backend.
Output filename: partitions/bm_fsm_ctrl.cntx.17.il
<suppressed ~10 debug messages>

3.1.182. Executing CHECK pass (checking for obvious problems).
Checking module gate.bm_fsm_ctrl.cntx.17...
Checking module gold.bm_fsm_ctrl.cntx.17...
Found and reported 0 problems.

Writing partition 89 as bm_fsm_ctrl.cntx.16.
  partition po bit 0: \cntx [16] <-> \cntx [16]

3.1.183. Executing RTLIL backend.
Output filename: partitions/bm_fsm_ctrl.cntx.16.il
<suppressed ~10 debug messages>

3.1.184. Executing CHECK pass (checking for obvious problems).
Checking module gate.bm_fsm_ctrl.cntx.16...
Checking module gold.bm_fsm_ctrl.cntx.16...
Found and reported 0 problems.

Writing partition 90 as bm_fsm_ctrl.cntx.15.
  partition po bit 0: \cntx [15] <-> \cntx [15]

3.1.185. Executing RTLIL backend.
Output filename: partitions/bm_fsm_ctrl.cntx.15.il
<suppressed ~10 debug messages>

3.1.186. Executing CHECK pass (checking for obvious problems).
Checking module gate.bm_fsm_ctrl.cntx.15...
Checking module gold.bm_fsm_ctrl.cntx.15...
Found and reported 0 problems.

Writing partition 91 as bm_fsm_ctrl.cntx.14.
  partition po bit 0: \cntx [14] <-> \cntx [14]

3.1.187. Executing RTLIL backend.
Output filename: partitions/bm_fsm_ctrl.cntx.14.il
<suppressed ~10 debug messages>

3.1.188. Executing CHECK pass (checking for obvious problems).
Checking module gate.bm_fsm_ctrl.cntx.14...
Checking module gold.bm_fsm_ctrl.cntx.14...
Found and reported 0 problems.

Writing partition 92 as bm_fsm_ctrl.cntx.13.
  partition po bit 0: \cntx [13] <-> \cntx [13]

3.1.189. Executing RTLIL backend.
Output filename: partitions/bm_fsm_ctrl.cntx.13.il
<suppressed ~10 debug messages>

3.1.190. Executing CHECK pass (checking for obvious problems).
Checking module gate.bm_fsm_ctrl.cntx.13...
Checking module gold.bm_fsm_ctrl.cntx.13...
Found and reported 0 problems.

Writing partition 93 as bm_fsm_ctrl.cntx.12.
  partition po bit 0: \cntx [12] <-> \cntx [12]

3.1.191. Executing RTLIL backend.
Output filename: partitions/bm_fsm_ctrl.cntx.12.il
<suppressed ~10 debug messages>

3.1.192. Executing CHECK pass (checking for obvious problems).
Checking module gate.bm_fsm_ctrl.cntx.12...
Checking module gold.bm_fsm_ctrl.cntx.12...
Found and reported 0 problems.

Writing partition 94 as bm_fsm_ctrl.cntx.11.
  partition po bit 0: \cntx [11] <-> \cntx [11]

3.1.193. Executing RTLIL backend.
Output filename: partitions/bm_fsm_ctrl.cntx.11.il
<suppressed ~10 debug messages>

3.1.194. Executing CHECK pass (checking for obvious problems).
Checking module gate.bm_fsm_ctrl.cntx.11...
Checking module gold.bm_fsm_ctrl.cntx.11...
Found and reported 0 problems.

Writing partition 95 as bm_fsm_ctrl.cntx.10.
  partition po bit 0: \cntx [10] <-> \cntx [10]

3.1.195. Executing RTLIL backend.
Output filename: partitions/bm_fsm_ctrl.cntx.10.il
<suppressed ~10 debug messages>

3.1.196. Executing CHECK pass (checking for obvious problems).
Checking module gate.bm_fsm_ctrl.cntx.10...
Checking module gold.bm_fsm_ctrl.cntx.10...
Found and reported 0 problems.

Writing partition 96 as bm_fsm_ctrl.cntx.9.
  partition po bit 0: \cntx [9] <-> \cntx [9]

3.1.197. Executing RTLIL backend.
Output filename: partitions/bm_fsm_ctrl.cntx.9.il
<suppressed ~10 debug messages>

3.1.198. Executing CHECK pass (checking for obvious problems).
Checking module gate.bm_fsm_ctrl.cntx.9...
Checking module gold.bm_fsm_ctrl.cntx.9...
Found and reported 0 problems.

Writing partition 97 as bm_fsm_ctrl.cntx.8.
  partition po bit 0: \cntx [8] <-> \cntx [8]

3.1.199. Executing RTLIL backend.
Output filename: partitions/bm_fsm_ctrl.cntx.8.il
<suppressed ~10 debug messages>

3.1.200. Executing CHECK pass (checking for obvious problems).
Checking module gate.bm_fsm_ctrl.cntx.8...
Checking module gold.bm_fsm_ctrl.cntx.8...
Found and reported 0 problems.

Writing partition 98 as bm_fsm_ctrl.cntx.7.
  partition pi bit 0: \count [7] <-> \count [7]
  partition po bit 0: \cntx [7] <-> \cntx [7]

3.1.201. Executing RTLIL backend.
Output filename: partitions/bm_fsm_ctrl.cntx.7.il
<suppressed ~14 debug messages>

3.1.202. Executing CHECK pass (checking for obvious problems).
Checking module gate.bm_fsm_ctrl.cntx.7...
Checking module gold.bm_fsm_ctrl.cntx.7...
Found and reported 0 problems.

Writing partition 99 as bm_fsm_ctrl.cntx.6.
  partition pi bit 0: \count [6] <-> \count [6]
  partition po bit 0: \cntx [6] <-> \cntx [6]

3.1.203. Executing RTLIL backend.
Output filename: partitions/bm_fsm_ctrl.cntx.6.il
<suppressed ~14 debug messages>

3.1.204. Executing CHECK pass (checking for obvious problems).
Checking module gate.bm_fsm_ctrl.cntx.6...
Checking module gold.bm_fsm_ctrl.cntx.6...
Found and reported 0 problems.

Writing partition 100 as bm_fsm_ctrl.cntx.5.
  partition pi bit 0: \count [5] <-> \count [5]
  partition po bit 0: \cntx [5] <-> \cntx [5]

3.1.205. Executing RTLIL backend.
Output filename: partitions/bm_fsm_ctrl.cntx.5.il
<suppressed ~14 debug messages>

3.1.206. Executing CHECK pass (checking for obvious problems).
Checking module gate.bm_fsm_ctrl.cntx.5...
Checking module gold.bm_fsm_ctrl.cntx.5...
Found and reported 0 problems.

Writing partition 101 as bm_fsm_ctrl.cntx.4.
  partition pi bit 0: \count [4] <-> \count [4]
  partition po bit 0: \cntx [4] <-> \cntx [4]

3.1.207. Executing RTLIL backend.
Output filename: partitions/bm_fsm_ctrl.cntx.4.il
<suppressed ~14 debug messages>

3.1.208. Executing CHECK pass (checking for obvious problems).
Checking module gate.bm_fsm_ctrl.cntx.4...
Checking module gold.bm_fsm_ctrl.cntx.4...
Found and reported 0 problems.

Writing partition 102 as bm_fsm_ctrl.cntx.3.
  partition pi bit 0: \count [3] <-> \count [3]
  partition po bit 0: \cntx [3] <-> \cntx [3]

3.1.209. Executing RTLIL backend.
Output filename: partitions/bm_fsm_ctrl.cntx.3.il
<suppressed ~14 debug messages>

3.1.210. Executing CHECK pass (checking for obvious problems).
Checking module gate.bm_fsm_ctrl.cntx.3...
Checking module gold.bm_fsm_ctrl.cntx.3...
Found and reported 0 problems.

Writing partition 103 as bm_fsm_ctrl.cntx.2.
  partition pi bit 0: \count [2] <-> \count [2]
  partition po bit 0: \cntx [2] <-> \cntx [2]

3.1.211. Executing RTLIL backend.
Output filename: partitions/bm_fsm_ctrl.cntx.2.il
<suppressed ~14 debug messages>

3.1.212. Executing CHECK pass (checking for obvious problems).
Checking module gate.bm_fsm_ctrl.cntx.2...
Checking module gold.bm_fsm_ctrl.cntx.2...
Found and reported 0 problems.

Writing partition 104 as bm_fsm_ctrl.cntx.1.
  partition pi bit 0: \count [1] <-> \count [1]
  partition po bit 0: \cntx [1] <-> \cntx [1]

3.1.213. Executing RTLIL backend.
Output filename: partitions/bm_fsm_ctrl.cntx.1.il
<suppressed ~14 debug messages>

3.1.214. Executing CHECK pass (checking for obvious problems).
Checking module gate.bm_fsm_ctrl.cntx.1...
Checking module gold.bm_fsm_ctrl.cntx.1...
Found and reported 0 problems.

Writing partition 105 as bm_fsm_ctrl.cntx.0.
  partition pi bit 0: \count [0] <-> \count [0]
  partition po bit 0: \cntx [0] <-> \cntx [0]

3.1.215. Executing RTLIL backend.
Output filename: partitions/bm_fsm_ctrl.cntx.0.il
<suppressed ~14 debug messages>

3.1.216. Executing CHECK pass (checking for obvious problems).
Checking module gate.bm_fsm_ctrl.cntx.0...
Checking module gold.bm_fsm_ctrl.cntx.0...
Found and reported 0 problems.

Writing partition 106 as bm_fsm_ctrl.acc.
  partition pi bit 0: \d9 [2] <-> \d9 [2]
  partition pi bit 1: \d9 [1] <-> \d9 [1]
  partition pi bit 2: \d9 [0] <-> \d9 [0]
  partition pi bit 3: \state [12] <-> \state [12]
  partition pi bit 4: \rst <-> \rst
  partition pi bit 5: \in_valid <-> \in_valid
  partition pi bit 6: \d9 [23] <-> \d9 [23]
  partition pi bit 7: \d9 [22] <-> \d9 [22]
  partition pi bit 8: \d9 [21] <-> \d9 [21]
  partition pi bit 9: \d9 [20] <-> \d9 [20]
  partition pi bit 10: \d9 [19] <-> \d9 [19]
  partition pi bit 11: \d9 [18] <-> \d9 [18]
  partition pi bit 12: \d9 [17] <-> \d9 [17]
  partition pi bit 13: \d9 [16] <-> \d9 [16]
  partition pi bit 14: \d9 [15] <-> \d9 [15]
  partition pi bit 15: \d9 [14] <-> \d9 [14]
  partition pi bit 16: \d9 [13] <-> \d9 [13]
  partition pi bit 17: \d9 [12] <-> \d9 [12]
  partition pi bit 18: \d9 [11] <-> \d9 [11]
  partition pi bit 19: \d9 [10] <-> \d9 [10]
  partition pi bit 20: \d9 [9] <-> \d9 [9]
  partition pi bit 21: \d9 [8] <-> \d9 [8]
  partition pi bit 22: \d9 [7] <-> \d9 [7]
  partition pi bit 23: \d9 [6] <-> \d9 [6]
  partition pi bit 24: \d9 [5] <-> \d9 [5]
  partition pi bit 25: \d9 [4] <-> \d9 [4]
  partition pi bit 26: \d9 [3] <-> \d9 [3]
  partition pi bit 27: \clk <-> \clk
  partition po bit 0: \acc [0] <-> \acc [0]
  partition po bit 1: \acc [1] <-> \acc [1]
  partition po bit 2: \acc [2] <-> \acc [2]
  partition po bit 3: \acc [3] <-> \acc [3]
  partition po bit 4: \acc [4] <-> \acc [4]
  partition po bit 5: \acc [5] <-> \acc [5]
  partition po bit 6: \acc [6] <-> \acc [6]
  partition po bit 7: \acc [7] <-> \acc [7]
  partition po bit 8: \acc [8] <-> \acc [8]
  partition po bit 9: \acc [9] <-> \acc [9]
  partition po bit 10: \acc [10] <-> \acc [10]
  partition po bit 11: \acc [11] <-> \acc [11]
  partition po bit 12: \acc [12] <-> \acc [12]
  partition po bit 13: \acc [13] <-> \acc [13]
  partition po bit 14: \acc [14] <-> \acc [14]
  partition po bit 15: \acc [15] <-> \acc [15]
  partition po bit 16: \acc [16] <-> \acc [16]
  partition po bit 17: \acc [17] <-> \acc [17]
  partition po bit 18: \acc [18] <-> \acc [18]
  partition po bit 19: \acc [19] <-> \acc [19]
  partition po bit 20: \acc [20] <-> \acc [20]
  partition po bit 21: \acc [21] <-> \acc [21]
  partition po bit 22: \acc [22] <-> \acc [22]
  partition po bit 23: \acc [23] <-> \acc [23]

3.1.217. Executing RTLIL backend.
Output filename: partitions/bm_fsm_ctrl.acc.il
<suppressed ~304 debug messages>

3.1.218. Executing CHECK pass (checking for obvious problems).
Checking module gate.bm_fsm_ctrl.acc...
Checking module gold.bm_fsm_ctrl.acc...
Found and reported 0 problems.

Writing partition 107 as bm_fsm_ctrl.
  partition pi bit 0: \rst <-> \rst
  partition pi bit 1: \in_valid <-> \in_valid
  partition pi bit 2: \in_data [15] <-> \in_data [15]
  partition pi bit 3: \in_data [14] <-> \in_data [14]
  partition pi bit 4: \in_data [13] <-> \in_data [13]
  partition pi bit 5: \in_data [12] <-> \in_data [12]
  partition pi bit 6: \in_data [11] <-> \in_data [11]
  partition pi bit 7: \in_data [10] <-> \in_data [10]
  partition pi bit 8: \in_data [9] <-> \in_data [9]
  partition pi bit 9: \in_data [8] <-> \in_data [8]
  partition pi bit 10: \in_data [7] <-> \in_data [7]
  partition pi bit 11: \in_data [6] <-> \in_data [6]
  partition pi bit 12: \in_data [5] <-> \in_data [5]
  partition pi bit 13: \in_data [4] <-> \in_data [4]
  partition pi bit 14: \in_data [3] <-> \in_data [3]
  partition pi bit 15: \in_data [2] <-> \in_data [2]
  partition pi bit 16: \in_data [1] <-> \in_data [1]
  partition pi bit 17: \in_data [0] <-> \in_data [0]
  partition pi bit 18: \cmd [3] <-> \cmd [3]
  partition pi bit 19: \cmd [2] <-> \cmd [2]
  partition pi bit 20: \cmd [1] <-> \cmd [1]
  partition pi bit 21: \cmd [0] <-> \cmd [0]
  partition pi bit 22: \clk <-> \clk
  partition mp bit 0: \cntx [8] <-> \cntx [8]
  partition mp bit 1: \cntx [9] <-> \cntx [9]
  partition mp bit 2: \cntx [10] <-> \cntx [10]
  partition mp bit 3: \cntx [11] <-> \cntx [11]
  partition mp bit 4: \cntx [12] <-> \cntx [12]
  partition mp bit 5: \cntx [13] <-> \cntx [13]
  partition mp bit 6: \cntx [14] <-> \cntx [14]
  partition mp bit 7: \cntx [15] <-> \cntx [15]
  partition mp bit 8: \cntx [16] <-> \cntx [16]
  partition mp bit 9: \cntx [17] <-> \cntx [17]
  partition mp bit 10: \cntx [18] <-> \cntx [18]
  partition mp bit 11: \cntx [19] <-> \cntx [19]
  partition mp bit 12: \cntx [20] <-> \cntx [20]
  partition mp bit 13: \cntx [21] <-> \cntx [21]
  partition mp bit 14: \cntx [22] <-> \cntx [22]
  partition mp bit 15: \cntx [23] <-> \cntx [23]
  partition mp bit 16: \ext [16] <-> \ext [16]
  partition mp bit 17: \ext [17] <-> \ext [17]
  partition mp bit 18: \ext [18] <-> \ext [18]
  partition mp bit 19: \ext [19] <-> \ext [19]
  partition mp bit 20: \ext [20] <-> \ext [20]
  partition mp bit 21: \ext [21] <-> \ext [21]
  partition mp bit 22: \ext [22] <-> \ext [22]
  partition mp bit 23: \ext [23] <-> \ext [23]
  partition mp bit 24: \held [16] <-> \held [16]
  partition mp bit 25: \held [17] <-> \held [17]
  partition mp bit 26: \held [18] <-> \held [18]
  partition mp bit 27: \held [19] <-> \held [19]
  partition mp bit 28: \held [20] <-> \held [20]
  partition mp bit 29: \held [21] <-> \held [21]
  partition mp bit 30: \held [22] <-> \held [22]
  partition mp bit 31: \held [23] <-> \held [23]
  partition mp bit 32: \lenx [16] <-> \lenx [16]
  partition mp bit 33: \lenx [17] <-> \lenx [17]
  partition mp bit 34: \lenx [18] <-> \lenx [18]
  partition mp bit 35: \lenx [19] <-> \lenx [19]
  partition mp bit 36: \lenx [20] <-> \lenx [20]
  partition mp bit 37: \lenx [21] <-> \lenx [21]
  partition mp bit 38: \lenx [22] <-> \lenx [22]
  partition mp bit 39: \lenx [23] <-> \lenx [23]
  partition mp bit 40: \next [15] <-> \next [15]
  partition mp bit 41: \next [14] <-> \next [14]
  partition mp bit 42: \next [13] <-> \next [13]
  partition mp bit 43: \next [12] <-> \next [12]
  partition mp bit 44: \next [11] <-> \next [11]
  partition mp bit 45: \next [10] <-> \next [10]
  partition mp bit 46: \next [9] <-> \next [9]
  partition mp bit 47: \next [8] <-> \next [8]
  partition mp bit 48: \next [7] <-> \next [7]
  partition mp bit 49: \next [6] <-> \next [6]
  partition mp bit 50: \next [5] <-> \next [5]
  partition mp bit 51: \next [4] <-> \next [4]
  partition mp bit 52: \next [3] <-> \next [3]
  partition mp bit 53: \next [2] <-> \next [2]
  partition mp bit 54: \next [1] <-> \next [1]
  partition mp bit 55: \state [1] <-> \state [1]
  partition mp bit 56: \state [2] <-> \state [2]
  partition mp bit 57: \d9 [23] <-> \d9 [23]
  partition mp bit 58: \d9 [22] <-> \d9 [22]
  partition mp bit 59: \d9 [21] <-> \d9 [21]
  partition mp bit 60: \d9 [20] <-> \d9 [20]
  partition mp bit 61: \d9 [19] <-> \d9 [19]
  partition mp bit 62: \d9 [18] <-> \d9 [18]
  partition mp bit 63: \d9 [17] <-> \d9 [17]
  partition mp bit 64: \d9 [16] <-> \d9 [16]
  partition mp bit 65: \d9 [15] <-> \d9 [15]
  partition mp bit 66: \d9 [14] <-> \d9 [14]
  partition mp bit 67: \d9 [13] <-> \d9 [13]
  partition mp bit 68: \d9 [12] <-> \d9 [12]
  partition mp bit 69: \d9 [11] <-> \d9 [11]
  partition mp bit 70: \d9 [10] <-> \d9 [10]
  partition mp bit 71: \d9 [9] <-> \d9 [9]
  partition mp bit 72: \d9 [8] <-> \d9 [8]
  partition mp bit 73: \d9 [7] <-> \d9 [7]
  partition mp bit 74: \d9 [6] <-> \d9 [6]
  partition mp bit 75: \d9 [5] <-> \d9 [5]
  partition mp bit 76: \d9 [4] <-> \d9 [4]
  partition mp bit 77: \d9 [3] <-> \d9 [3]
  partition mp bit 78: \d9 [2] <-> \d9 [2]
  partition mp bit 79: \d9 [1] <-> \d9 [1]
  partition mp bit 80: \state [11] <-> \state [11]
  partition mp bit 81: \state [10] <-> \state [10]
  partition mp bit 82: \state [9] <-> \state [9]
  partition mp bit 83: \state [8] <-> \state [8]
  partition mp bit 84: \state [15] <-> \state [15]
  partition mp bit 85: \count [7] <-> \count [7]
  partition mp bit 86: \cntx [7] <-> \cntx [7]
  partition mp bit 87: \count [6] <-> \count [6]
  partition mp bit 88: \cntx [6] <-> \cntx [6]
  partition mp bit 89: \count [5] <-> \count [5]
  partition mp bit 90: \cntx [5] <-> \cntx [5]
  partition mp bit 91: \count [4] <-> \count [4]
  partition mp bit 92: \cntx [4] <-> \cntx [4]
  partition mp bit 93: \count [3] <-> \count [3]
  partition mp bit 94: \cntx [3] <-> \cntx [3]
  partition mp bit 95: \count [2] <-> \count [2]
  partition mp bit 96: \cntx [2] <-> \cntx [2]
  partition mp bit 97: \count [1] <-> \count [1]
  partition mp bit 98: \cntx [1] <-> \cntx [1]
  partition mp bit 99: \count [0] <-> \count [0]
  partition mp bit 100: \cntx [0] <-> \cntx [0]
  partition mp bit 101: \state [6] <-> \state [6]
  partition mp bit 102: \state [7] <-> \state [7]
  partition mp bit 103: \length [15] <-> \length [15]
  partition mp bit 104: \lenx [15] <-> \lenx [15]
  partition mp bit 105: \length [14] <-> \length [14]
  partition mp bit 106: \lenx [14] <-> \lenx [14]
  partition mp bit 107: \length [13] <-> \length [13]
  partition mp bit 108: \lenx [13] <-> \lenx [13]
  partition mp bit 109: \length [12] <-> \length [12]
  partition mp bit 110: \lenx [12] <-> \lenx [12]
  partition mp bit 111: \length [11] <-> \length [11]
  partition mp bit 112: \lenx [11] <-> \lenx [11]
  partition mp bit 113: \length [10] <-> \length [10]
  partition mp bit 114: \lenx [10] <-> \lenx [10]
  partition mp bit 115: \length [9] <-> \length [9]
  partition mp bit 116: \lenx [9] <-> \lenx [9]
  partition mp bit 117: \length [8] <-> \length [8]
  partition mp bit 118: \lenx [8] <-> \lenx [8]
  partition mp bit 119: \length [7] <-> \length [7]
  partition mp bit 120: \lenx [7] <-> \lenx [7]
  partition mp bit 121: \length [6] <-> \length [6]
  partition mp bit 122: \lenx [6] <-> \lenx [6]
  partition mp bit 123: \length [5] <-> \length [5]
  partition mp bit 124: \lenx [5] <-> \lenx [5]
  partition mp bit 125: \length [4] <-> \length [4]
  partition mp bit 126: \lenx [4] <-> \lenx [4]
  partition mp bit 127: \length [3] <-> \length [3]
  partition mp bit 128: \lenx [3] <-> \lenx [3]
  partition mp bit 129: \length [2] <-> \length [2]
  partition mp bit 130: \lenx [2] <-> \lenx [2]
  partition mp bit 131: \length [1] <-> \length [1]
  partition mp bit 132: \lenx [1] <-> \lenx [1]
  partition mp bit 133: \length [0] <-> \length [0]
  partition mp bit 134: \lenx [0] <-> \lenx [0]
  partition mp bit 135: \state [5] <-> \state [5]
  partition mp bit 136: \hold [15] <-> \hold [15]
  partition mp bit 137: \held [15] <-> \held [15]
  partition mp bit 138: \hold [14] <-> \hold [14]
  partition mp bit 139: \held [14] <-> \held [14]
  partition mp bit 140: \hold [13] <-> \hold [13]
  partition mp bit 141: \held [13] <-> \held [13]
  partition mp bit 142: \hold [12] <-> \hold [12]
  partition mp bit 143: \held [12] <-> \held [12]
  partition mp bit 144: \hold [11] <-> \hold [11]
  partition mp bit 145: \held [11] <-> \held [11]
  partition mp bit 146: \hold [10] <-> \hold [10]
  partition mp bit 147: \held [10] <-> \held [10]
  partition mp bit 148: \hold [9] <-> \hold [9]
  partition mp bit 149: \held [9] <-> \held [9]
  partition mp bit 150: \hold [8] <-> \hold [8]
  partition mp bit 151: \held [8] <-> \held [8]
  partition mp bit 152: \hold [7] <-> \hold [7]
  partition mp bit 153: \held [7] <-> \held [7]
  partition mp bit 154: \hold [6] <-> \hold [6]
  partition mp bit 155: \held [6] <-> \held [6]
  partition mp bit 156: \hold [5] <-> \hold [5]
  partition mp bit 157: \held [5] <-> \held [5]
  partition mp bit 158: \hold [4] <-> \hold [4]
  partition mp bit 159: \held [4] <-> \held [4]
  partition mp bit 160: \hold [3] <-> \hold [3]
  partition mp bit 161: \held [3] <-> \held [3]
  partition mp bit 162: \hold [2] <-> \hold [2]
  partition mp bit 163: \held [2] <-> \held [2]
  partition mp bit 164: \hold [1] <-> \hold [1]
  partition mp bit 165: \held [1] <-> \held [1]
  partition mp bit 166: \hold [0] <-> \hold [0]
  partition mp bit 167: \held [0] <-> \held [0]
  partition mp bit 168: \state [4] <-> \state [4]
  partition mp bit 169: \state [3] <-> \state [3]
  partition mp bit 170: \d0 [23] <-> \d0 [23]
  partition mp bit 171: \d0 [22] <-> \d0 [22]
  partition mp bit 172: \d0 [21] <-> \d0 [21]
  partition mp bit 173: \d0 [20] <-> \d0 [20]
  partition mp bit 174: \d0 [19] <-> \d0 [19]
  partition mp bit 175: \d0 [18] <-> \d0 [18]
  partition mp bit 176: \d0 [17] <-> \d0 [17]
  partition mp bit 177: \d0 [16] <-> \d0 [16]
  partition mp bit 178: \d0 [15] <-> \d0 [15]
  partition mp bit 179: \d0 [14] <-> \d0 [14]
  partition mp bit 180: \d0 [13] <-> \d0 [13]
  partition mp bit 181: \d0 [12] <-> \d0 [12]
  partition mp bit 182: \d0 [11] <-> \d0 [11]
  partition mp bit 183: \d0 [10] <-> \d0 [10]
  partition mp bit 184: \d0 [9] <-> \d0 [9]
  partition mp bit 185: \d0 [8] <-> \d0 [8]
  partition mp bit 186: \d0 [7] <-> \d0 [7]
  partition mp bit 187: \d0 [6] <-> \d0 [6]
  partition mp bit 188: \d0 [5] <-> \d0 [5]
  partition mp bit 189: \d0 [4] <-> \d0 [4]
  partition mp bit 190: \d0 [3] <-> \d0 [3]
  partition mp bit 191: \d0 [2] <-> \d0 [2]
  partition mp bit 192: \d0 [1] <-> \d0 [1]
  partition mp bit 193: \d0 [0] <-> \d0 [0]
  partition mp bit 194: \d9 [0] <-> \d9 [0]
  partition mp bit 195: \acc [23] <-> \acc [23]
  partition mp bit 196: \acc [22] <-> \acc [22]
  partition mp bit 197: \acc [21] <-> \acc [21]
  partition mp bit 198: \acc [20] <-> \acc [20]
  partition mp bit 199: \acc [19] <-> \acc [19]
  partition mp bit 200: \acc [18] <-> \acc [18]
  partition mp bit 201: \acc [17] <-> \acc [17]
  partition mp bit 202: \acc [16] <-> \acc [16]
  partition mp bit 203: \acc [15] <-> \acc [15]
  partition mp bit 204: \acc [14] <-> \acc [14]
  partition mp bit 205: \acc [13] <-> \acc [13]
  partition mp bit 206: \acc [12] <-> \acc [12]
  partition mp bit 207: \acc [11] <-> \acc [11]
  partition mp bit 208: \acc [10] <-> \acc [10]
  partition mp bit 209: \acc [9] <-> \acc [9]
  partition mp bit 210: \acc [8] <-> \acc [8]
  partition mp bit 211: \acc [7] <-> \acc [7]
  partition mp bit 212: \acc [6] <-> \acc [6]
  partition mp bit 213: \acc [5] <-> \acc [5]
  partition mp bit 214: \acc [4] <-> \acc [4]
  partition mp bit 215: \acc [3] <-> \acc [3]
  partition mp bit 216: \acc [2] <-> \acc [2]
  partition mp bit 217: \acc [1] <-> \acc [1]
  partition mp bit 218: \acc [0] <-> \acc [0]
  partition mp bit 219: \ext [15] <-> \ext [15]
  partition mp bit 220: \ext [14] <-> \ext [14]
  partition mp bit 221: \ext [13] <-> \ext [13]
  partition mp bit 222: \ext [12] <-> \ext [12]
  partition mp bit 223: \ext [11] <-> \ext [11]
  partition mp bit 224: \ext [10] <-> \ext [10]
  partition mp bit 225: \ext [9] <-> \ext [9]
  partition mp bit 226: \ext [8] <-> \ext [8]
  partition mp bit 227: \ext [7] <-> \ext [7]
  partition mp bit 228: \ext [6] <-> \ext [6]
  partition mp bit 229: \ext [5] <-> \ext [5]
  partition mp bit 230: \ext [4] <-> \ext [4]
  partition mp bit 231: \ext [3] <-> \ext [3]
  partition mp bit 232: \ext [2] <-> \ext [2]
  partition mp bit 233: \ext [1] <-> \ext [1]
  partition mp bit 234: \ext [0] <-> \ext [0]
  partition mp bit 235: \state [12] <-> \state [12]
  partition mp bit 236: \state [13] <-> \state [13]
  partition mp bit 237: \state [14] <-> \state [14]
  partition mp bit 238: \next [0] <-> \next [0]
  partition mp bit 239: \state [0] <-> \state [0]
  partition po bit 0: \out_data [0] <-> \out_data [0]
  partition po bit 1: \out_data [1] <-> \out_data [1]
  partition po bit 2: \out_data [2] <-> \out_data [2]
  partition po bit 3: \out_data [3] <-> \out_data [3]
  partition po bit 4: \out_data [4] <-> \out_data [4]
  partition po bit 5: \out_data [5] <-> \out_data [5]
  partition po bit 6: \out_data [6] <-> \out_data [6]
  partition po bit 7: \out_data [7] <-> \out_data [7]
  partition po bit 8: \out_data [8] <-> \out_data [8]
  partition po bit 9: \out_data [9] <-> \out_data [9]
  partition po bit 10: \out_data [10] <-> \out_data [10]
  partition po bit 11: \out_data [11] <-> \out_data [11]
  partition po bit 12: \out_data [12] <-> \out_data [12]
  partition po bit 13: \out_data [13] <-> \out_data [13]
  partition po bit 14: \out_data [14] <-> \out_data [14]
  partition po bit 15: \out_data [15] <-> \out_data [15]
  partition po bit 16: \out_data [16] <-> \out_data [16]
  partition po bit 17: \out_data [17] <-> \out_data [17]
  partition po bit 18: \out_data [18] <-> \out_data [18]
  partition po bit 19: \out_data [19] <-> \out_data [19]
  partition po bit 20: \out_data [20] <-> \out_data [20]
  partition po bit 21: \out_data [21] <-> \out_data [21]
  partition po bit 22: \out_data [22] <-> \out_data [22]
  partition po bit 23: \out_data [23] <-> \out_data [23]
  partition po bit 24: \out_valid <-> \out_valid
  partition po bit 25: \status [0] <-> \status [0]
  partition po bit 26: \status [1] <-> \status [1]
  partition po bit 27: \status [2] <-> \status [2]
  partition po bit 28: \status [3] <-> \status [3]

3.1.219. Executing RTLIL backend.
Output filename: modules/bm_fsm_ctrl.il
<suppressed ~4366 debug messages>

End of script. Logfile hash: f97ddaa410, time: 1.95s, user: 0.09s, system: 0.05s, MEM: 19.62 MB peak
Yosys 0.68+195 (git sha1 435977e97-dirty, Release, Clang /usr/bin/clang++ 21.1.8)
Time spent: 72% 1x eqy_partition (0 sec), 14% 108x write_rtlil (0 sec), ...
