
 /----------------------------------------------------------------------------\
 |  yosys -- Yosys Open SYnthesis Suite                                       |
 |  Copyright (C) 2012 - 2026  Claire Xenia Wolf <claire@yosyshq.com>         |
 |  Distributed under an ISC-like license, type "license" to see terms        |
 \----------------------------------------------------------------------------/
 Yosys 0.68+195 (git sha1 435977e97-dirty, Release, Clang /usr/bin/clang++ 21.1.8)

-- Executing script file `../model/design.ys' --

1. Executing Verilog-2005 frontend: gold_gate.v
Parsing SystemVerilog input from `gold_gate.v' to AST representation.
Warning: Encountered `parallel_case' comment! Such legacy hot comments are supported by Yosys, but are not part of any formal language specification. Using the Verilog `parallel_case' attribute or the SystemVerilog `unique' or `priority' keywords is recommended!
Generating RTLIL representation for module `\gate'.
Generating RTLIL representation for module `\gold'.
Successfully finished Verilog frontend.

2. Executing Verilog-2005 frontend: eqcheck_wrapper.v
Parsing SystemVerilog input from `eqcheck_wrapper.v' to AST representation.
Generating RTLIL representation for module `\__eqcheck_top'.
Successfully finished Verilog frontend.

3. Executing PREP pass.

3.1. Executing HIERARCHY pass (managing design hierarchy).

3.1.1. Analyzing design hierarchy..
Top module:  \__eqcheck_top
Used module:     \gate
Used module:     \gold

3.1.2. Analyzing design hierarchy..
Top module:  \__eqcheck_top
Used module:     \gate
Used module:     \gold
Removed 0 unused modules.
Module __eqcheck_top directly or indirectly contains formal properties -> setting "keep" attribute.

3.2. Executing PROC pass (convert processes to netlists).

3.2.1. Executing PROC_CLEAN pass (remove empty switches from decision trees).
Cleaned up 0 empty switches.

3.2.2. Executing PROC_RMDEAD pass (remove dead branches from decision trees).
Marked 1 switch rules as full_case in process $proc$eqcheck_wrapper.v:39$1602 in module __eqcheck_top.
Marked 1 switch rules as full_case in process $proc$gold_gate.v:2734$1466 in module gold.
Marked 1 switch rules as full_case in process $proc$gold_gate.v:2682$1459 in module gold.
Marked 1 switch rules as full_case in process $proc$gold_gate.v:2502$1453 in module gold.
Marked 1 switch rules as full_case in process $proc$gold_gate.v:2233$1447 in module gold.
Marked 1 switch rules as full_case in process $proc$gold_gate.v:2217$1441 in module gold.
Marked 1 switch rules as full_case in process $proc$gold_gate.v:2201$1435 in module gold.
Marked 1 switch rules as full_case in process $proc$gold_gate.v:2184$1429 in module gold.
Marked 1 switch rules as full_case in process $proc$gold_gate.v:2614$1308 in module gold.
Marked 1 switch rules as full_case in process $proc$gold_gate.v:2611$1306 in module gold.
Marked 1 switch rules as full_case in process $proc$gold_gate.v:2608$1304 in module gold.
Marked 1 switch rules as full_case in process $proc$gold_gate.v:2605$1302 in module gold.
Marked 1 switch rules as full_case in process $proc$gold_gate.v:2602$1300 in module gold.
Marked 1 switch rules as full_case in process $proc$gold_gate.v:2599$1298 in module gold.
Marked 1 switch rules as full_case in process $proc$gold_gate.v:2596$1296 in module gold.
Marked 1 switch rules as full_case in process $proc$gold_gate.v:2593$1294 in module gold.
Marked 1 switch rules as full_case in process $proc$gold_gate.v:2590$1292 in module gold.
Marked 1 switch rules as full_case in process $proc$gold_gate.v:2587$1290 in module gold.
Marked 1 switch rules as full_case in process $proc$gold_gate.v:2584$1288 in module gold.
Marked 1 switch rules as full_case in process $proc$gold_gate.v:2581$1286 in module gold.
Marked 1 switch rules as full_case in process $proc$gold_gate.v:2578$1284 in module gold.
Marked 1 switch rules as full_case in process $proc$gold_gate.v:2575$1282 in module gold.
Marked 1 switch rules as full_case in process $proc$gold_gate.v:2572$1280 in module gold.
Marked 1 switch rules as full_case in process $proc$gold_gate.v:2569$1278 in module gold.
Marked 1 switch rules as full_case in process $proc$gold_gate.v:2566$1276 in module gold.
Marked 1 switch rules as full_case in process $proc$gold_gate.v:2563$1274 in module gold.
Marked 1 switch rules as full_case in process $proc$gold_gate.v:2560$1272 in module gold.
Marked 1 switch rules as full_case in process $proc$gold_gate.v:2557$1270 in module gold.
Marked 1 switch rules as full_case in process $proc$gold_gate.v:2554$1268 in module gold.
Marked 1 switch rules as full_case in process $proc$gold_gate.v:2551$1266 in module gold.
Marked 1 switch rules as full_case in process $proc$gold_gate.v:2424$1182 in module gold.
Marked 1 switch rules as full_case in process $proc$gold_gate.v:2421$1180 in module gold.
Marked 1 switch rules as full_case in process $proc$gold_gate.v:2418$1178 in module gold.
Marked 1 switch rules as full_case in process $proc$gold_gate.v:2415$1176 in module gold.
Marked 1 switch rules as full_case in process $proc$gold_gate.v:2412$1174 in module gold.
Marked 1 switch rules as full_case in process $proc$gold_gate.v:2409$1172 in module gold.
Marked 1 switch rules as full_case in process $proc$gold_gate.v:2406$1170 in module gold.
Marked 1 switch rules as full_case in process $proc$gold_gate.v:2403$1168 in module gold.
Marked 1 switch rules as full_case in process $proc$gold_gate.v:2400$1166 in module gold.
Marked 1 switch rules as full_case in process $proc$gold_gate.v:2397$1164 in module gold.
Marked 1 switch rules as full_case in process $proc$gold_gate.v:2394$1162 in module gold.
Marked 1 switch rules as full_case in process $proc$gold_gate.v:2391$1160 in module gold.
Marked 1 switch rules as full_case in process $proc$gold_gate.v:2388$1158 in module gold.
Marked 1 switch rules as full_case in process $proc$gold_gate.v:2385$1156 in module gold.
Marked 1 switch rules as full_case in process $proc$gold_gate.v:2382$1154 in module gold.
Marked 1 switch rules as full_case in process $proc$gold_gate.v:2379$1152 in module gold.
Marked 1 switch rules as full_case in process $proc$gold_gate.v:2109$941 in module gold.
Marked 1 switch rules as full_case in process $proc$gold_gate.v:2106$939 in module gold.
Marked 1 switch rules as full_case in process $proc$gold_gate.v:2103$937 in module gold.
Marked 1 switch rules as full_case in process $proc$gold_gate.v:2100$935 in module gold.
Marked 1 switch rules as full_case in process $proc$gold_gate.v:2097$933 in module gold.
Marked 1 switch rules as full_case in process $proc$gold_gate.v:2094$931 in module gold.
Marked 1 switch rules as full_case in process $proc$gold_gate.v:2091$929 in module gold.
Marked 1 switch rules as full_case in process $proc$gold_gate.v:2088$927 in module gold.
Marked 1 switch rules as full_case in process $proc$gold_gate.v:2085$925 in module gold.
Marked 1 switch rules as full_case in process $proc$gold_gate.v:2082$923 in module gold.
Marked 1 switch rules as full_case in process $proc$gold_gate.v:2079$921 in module gold.
Marked 1 switch rules as full_case in process $proc$gold_gate.v:2076$919 in module gold.
Marked 1 switch rules as full_case in process $proc$gold_gate.v:2073$917 in module gold.
Marked 1 switch rules as full_case in process $proc$gold_gate.v:2070$915 in module gold.
Marked 1 switch rules as full_case in process $proc$gold_gate.v:2067$913 in module gold.
Marked 1 switch rules as full_case in process $proc$gold_gate.v:2064$911 in module gold.
Marked 1 switch rules as full_case in process $proc$gold_gate.v:2061$909 in module gold.
Marked 1 switch rules as full_case in process $proc$gold_gate.v:2058$907 in module gold.
Marked 1 switch rules as full_case in process $proc$gold_gate.v:2055$905 in module gold.
Marked 1 switch rules as full_case in process $proc$gold_gate.v:1274$666 in module gate.
Marked 1 switch rules as full_case in process $proc$gold_gate.v:1222$659 in module gate.
Marked 1 switch rules as full_case in process $proc$gold_gate.v:1088$653 in module gate.
Marked 1 switch rules as full_case in process $proc$gold_gate.v:816$647 in module gate.
Marked 1 switch rules as full_case in process $proc$gold_gate.v:798$641 in module gate.
Marked 1 switch rules as full_case in process $proc$gold_gate.v:782$635 in module gate.
Marked 1 switch rules as full_case in process $proc$gold_gate.v:766$629 in module gate.
Marked 1 switch rules as full_case in process $proc$gold_gate.v:1200$508 in module gate.
Marked 1 switch rules as full_case in process $proc$gold_gate.v:1197$506 in module gate.
Marked 1 switch rules as full_case in process $proc$gold_gate.v:1194$504 in module gate.
Marked 1 switch rules as full_case in process $proc$gold_gate.v:1191$502 in module gate.
Marked 1 switch rules as full_case in process $proc$gold_gate.v:1188$500 in module gate.
Marked 1 switch rules as full_case in process $proc$gold_gate.v:1185$498 in module gate.
Marked 1 switch rules as full_case in process $proc$gold_gate.v:1182$496 in module gate.
Marked 1 switch rules as full_case in process $proc$gold_gate.v:1179$494 in module gate.
Marked 1 switch rules as full_case in process $proc$gold_gate.v:1176$492 in module gate.
Marked 1 switch rules as full_case in process $proc$gold_gate.v:1173$490 in module gate.
Marked 1 switch rules as full_case in process $proc$gold_gate.v:1170$488 in module gate.
Marked 1 switch rules as full_case in process $proc$gold_gate.v:1167$486 in module gate.
Marked 1 switch rules as full_case in process $proc$gold_gate.v:1164$484 in module gate.
Marked 1 switch rules as full_case in process $proc$gold_gate.v:1161$482 in module gate.
Marked 1 switch rules as full_case in process $proc$gold_gate.v:1158$480 in module gate.
Marked 1 switch rules as full_case in process $proc$gold_gate.v:1155$478 in module gate.
Marked 1 switch rules as full_case in process $proc$gold_gate.v:1152$476 in module gate.
Marked 1 switch rules as full_case in process $proc$gold_gate.v:1149$474 in module gate.
Marked 1 switch rules as full_case in process $proc$gold_gate.v:1146$472 in module gate.
Marked 1 switch rules as full_case in process $proc$gold_gate.v:1143$470 in module gate.
Marked 1 switch rules as full_case in process $proc$gold_gate.v:1140$468 in module gate.
Marked 1 switch rules as full_case in process $proc$gold_gate.v:1137$466 in module gate.
Marked 1 switch rules as full_case in process $proc$gold_gate.v:1010$382 in module gate.
Marked 1 switch rules as full_case in process $proc$gold_gate.v:1007$380 in module gate.
Marked 1 switch rules as full_case in process $proc$gold_gate.v:1004$378 in module gate.
Marked 1 switch rules as full_case in process $proc$gold_gate.v:1001$376 in module gate.
Marked 1 switch rules as full_case in process $proc$gold_gate.v:998$374 in module gate.
Marked 1 switch rules as full_case in process $proc$gold_gate.v:995$372 in module gate.
Marked 1 switch rules as full_case in process $proc$gold_gate.v:992$370 in module gate.
Marked 1 switch rules as full_case in process $proc$gold_gate.v:989$368 in module gate.
Marked 1 switch rules as full_case in process $proc$gold_gate.v:986$366 in module gate.
Marked 1 switch rules as full_case in process $proc$gold_gate.v:983$364 in module gate.
Marked 1 switch rules as full_case in process $proc$gold_gate.v:980$362 in module gate.
Marked 1 switch rules as full_case in process $proc$gold_gate.v:977$360 in module gate.
Marked 1 switch rules as full_case in process $proc$gold_gate.v:974$358 in module gate.
Marked 1 switch rules as full_case in process $proc$gold_gate.v:971$356 in module gate.
Marked 1 switch rules as full_case in process $proc$gold_gate.v:968$354 in module gate.
Marked 1 switch rules as full_case in process $proc$gold_gate.v:965$352 in module gate.
Marked 1 switch rules as full_case in process $proc$gold_gate.v:695$141 in module gate.
Marked 1 switch rules as full_case in process $proc$gold_gate.v:692$139 in module gate.
Marked 1 switch rules as full_case in process $proc$gold_gate.v:689$137 in module gate.
Marked 1 switch rules as full_case in process $proc$gold_gate.v:686$135 in module gate.
Marked 1 switch rules as full_case in process $proc$gold_gate.v:683$133 in module gate.
Marked 1 switch rules as full_case in process $proc$gold_gate.v:680$131 in module gate.
Marked 1 switch rules as full_case in process $proc$gold_gate.v:677$129 in module gate.
Marked 1 switch rules as full_case in process $proc$gold_gate.v:674$127 in module gate.
Marked 1 switch rules as full_case in process $proc$gold_gate.v:671$125 in module gate.
Marked 1 switch rules as full_case in process $proc$gold_gate.v:668$123 in module gate.
Marked 1 switch rules as full_case in process $proc$gold_gate.v:665$121 in module gate.
Marked 1 switch rules as full_case in process $proc$gold_gate.v:662$119 in module gate.
Marked 1 switch rules as full_case in process $proc$gold_gate.v:659$117 in module gate.
Marked 1 switch rules as full_case in process $proc$gold_gate.v:656$115 in module gate.
Marked 1 switch rules as full_case in process $proc$gold_gate.v:653$113 in module gate.
Marked 1 switch rules as full_case in process $proc$gold_gate.v:650$111 in module gate.
Marked 1 switch rules as full_case in process $proc$gold_gate.v:647$109 in module gate.
Marked 1 switch rules as full_case in process $proc$gold_gate.v:644$107 in module gate.
Marked 1 switch rules as full_case in process $proc$gold_gate.v:641$105 in module gate.
Removed a total of 0 dead cases.

3.2.3. Executing PROC_PRUNE pass (remove redundant assignments in processes).
Removed 114 redundant assignments.
Promoted 186 assignments to connections.

3.2.4. Executing PROC_INIT pass (extract init attributes).

3.2.5. Executing PROC_ARST pass (detect async resets in processes).
Found async reset \reset_n in `\gold.$proc$gold_gate.v:2614$1308'.
Found async reset \reset_n in `\gold.$proc$gold_gate.v:2611$1306'.
Found async reset \reset_n in `\gold.$proc$gold_gate.v:2608$1304'.
Found async reset \reset_n in `\gold.$proc$gold_gate.v:2605$1302'.
Found async reset \reset_n in `\gold.$proc$gold_gate.v:2602$1300'.
Found async reset \reset_n in `\gold.$proc$gold_gate.v:2599$1298'.
Found async reset \reset_n in `\gold.$proc$gold_gate.v:2596$1296'.
Found async reset \reset_n in `\gold.$proc$gold_gate.v:2593$1294'.
Found async reset \reset_n in `\gold.$proc$gold_gate.v:2590$1292'.
Found async reset \reset_n in `\gold.$proc$gold_gate.v:2587$1290'.
Found async reset \reset_n in `\gold.$proc$gold_gate.v:2584$1288'.
Found async reset \reset_n in `\gold.$proc$gold_gate.v:2581$1286'.
Found async reset \reset_n in `\gold.$proc$gold_gate.v:2578$1284'.
Found async reset \reset_n in `\gold.$proc$gold_gate.v:2575$1282'.
Found async reset \reset_n in `\gold.$proc$gold_gate.v:2572$1280'.
Found async reset \reset_n in `\gold.$proc$gold_gate.v:2569$1278'.
Found async reset \reset_n in `\gold.$proc$gold_gate.v:2566$1276'.
Found async reset \reset_n in `\gold.$proc$gold_gate.v:2563$1274'.
Found async reset \reset_n in `\gold.$proc$gold_gate.v:2560$1272'.
Found async reset \reset_n in `\gold.$proc$gold_gate.v:2557$1270'.
Found async reset \reset_n in `\gold.$proc$gold_gate.v:2554$1268'.
Found async reset \reset_n in `\gold.$proc$gold_gate.v:2551$1266'.
Found async reset \reset_n in `\gold.$proc$gold_gate.v:2424$1182'.
Found async reset \reset_n in `\gold.$proc$gold_gate.v:2421$1180'.
Found async reset \reset_n in `\gold.$proc$gold_gate.v:2418$1178'.
Found async reset \reset_n in `\gold.$proc$gold_gate.v:2415$1176'.
Found async reset \reset_n in `\gold.$proc$gold_gate.v:2412$1174'.
Found async reset \reset_n in `\gold.$proc$gold_gate.v:2409$1172'.
Found async reset \reset_n in `\gold.$proc$gold_gate.v:2406$1170'.
Found async reset \reset_n in `\gold.$proc$gold_gate.v:2403$1168'.
Found async reset \reset_n in `\gold.$proc$gold_gate.v:2400$1166'.
Found async reset \reset_n in `\gold.$proc$gold_gate.v:2397$1164'.
Found async reset \reset_n in `\gold.$proc$gold_gate.v:2394$1162'.
Found async reset \reset_n in `\gold.$proc$gold_gate.v:2391$1160'.
Found async reset \reset_n in `\gold.$proc$gold_gate.v:2388$1158'.
Found async reset \reset_n in `\gold.$proc$gold_gate.v:2385$1156'.
Found async reset \reset_n in `\gold.$proc$gold_gate.v:2382$1154'.
Found async reset \reset_n in `\gold.$proc$gold_gate.v:2379$1152'.
Found async reset \reset_n in `\gold.$proc$gold_gate.v:2109$941'.
Found async reset \reset_n in `\gold.$proc$gold_gate.v:2106$939'.
Found async reset \reset_n in `\gold.$proc$gold_gate.v:2103$937'.
Found async reset \reset_n in `\gold.$proc$gold_gate.v:2100$935'.
Found async reset \reset_n in `\gold.$proc$gold_gate.v:2097$933'.
Found async reset \reset_n in `\gold.$proc$gold_gate.v:2094$931'.
Found async reset \reset_n in `\gold.$proc$gold_gate.v:2091$929'.
Found async reset \reset_n in `\gold.$proc$gold_gate.v:2088$927'.
Found async reset \reset_n in `\gold.$proc$gold_gate.v:2085$925'.
Found async reset \reset_n in `\gold.$proc$gold_gate.v:2082$923'.
Found async reset \reset_n in `\gold.$proc$gold_gate.v:2079$921'.
Found async reset \reset_n in `\gold.$proc$gold_gate.v:2076$919'.
Found async reset \reset_n in `\gold.$proc$gold_gate.v:2073$917'.
Found async reset \reset_n in `\gold.$proc$gold_gate.v:2070$915'.
Found async reset \reset_n in `\gold.$proc$gold_gate.v:2067$913'.
Found async reset \reset_n in `\gold.$proc$gold_gate.v:2064$911'.
Found async reset \reset_n in `\gold.$proc$gold_gate.v:2061$909'.
Found async reset \reset_n in `\gold.$proc$gold_gate.v:2058$907'.
Found async reset \reset_n in `\gold.$proc$gold_gate.v:2055$905'.
Found async reset \reset_n in `\gate.$proc$gold_gate.v:1200$508'.
Found async reset \reset_n in `\gate.$proc$gold_gate.v:1197$506'.
Found async reset \reset_n in `\gate.$proc$gold_gate.v:1194$504'.
Found async reset \reset_n in `\gate.$proc$gold_gate.v:1191$502'.
Found async reset \reset_n in `\gate.$proc$gold_gate.v:1188$500'.
Found async reset \reset_n in `\gate.$proc$gold_gate.v:1185$498'.
Found async reset \reset_n in `\gate.$proc$gold_gate.v:1182$496'.
Found async reset \reset_n in `\gate.$proc$gold_gate.v:1179$494'.
Found async reset \reset_n in `\gate.$proc$gold_gate.v:1176$492'.
Found async reset \reset_n in `\gate.$proc$gold_gate.v:1173$490'.
Found async reset \reset_n in `\gate.$proc$gold_gate.v:1170$488'.
Found async reset \reset_n in `\gate.$proc$gold_gate.v:1167$486'.
Found async reset \reset_n in `\gate.$proc$gold_gate.v:1164$484'.
Found async reset \reset_n in `\gate.$proc$gold_gate.v:1161$482'.
Found async reset \reset_n in `\gate.$proc$gold_gate.v:1158$480'.
Found async reset \reset_n in `\gate.$proc$gold_gate.v:1155$478'.
Found async reset \reset_n in `\gate.$proc$gold_gate.v:1152$476'.
Found async reset \reset_n in `\gate.$proc$gold_gate.v:1149$474'.
Found async reset \reset_n in `\gate.$proc$gold_gate.v:1146$472'.
Found async reset \reset_n in `\gate.$proc$gold_gate.v:1143$470'.
Found async reset \reset_n in `\gate.$proc$gold_gate.v:1140$468'.
Found async reset \reset_n in `\gate.$proc$gold_gate.v:1137$466'.
Found async reset \reset_n in `\gate.$proc$gold_gate.v:1010$382'.
Found async reset \reset_n in `\gate.$proc$gold_gate.v:1007$380'.
Found async reset \reset_n in `\gate.$proc$gold_gate.v:1004$378'.
Found async reset \reset_n in `\gate.$proc$gold_gate.v:1001$376'.
Found async reset \reset_n in `\gate.$proc$gold_gate.v:998$374'.
Found async reset \reset_n in `\gate.$proc$gold_gate.v:995$372'.
Found async reset \reset_n in `\gate.$proc$gold_gate.v:992$370'.
Found async reset \reset_n in `\gate.$proc$gold_gate.v:989$368'.
Found async reset \reset_n in `\gate.$proc$gold_gate.v:986$366'.
Found async reset \reset_n in `\gate.$proc$gold_gate.v:983$364'.
Found async reset \reset_n in `\gate.$proc$gold_gate.v:980$362'.
Found async reset \reset_n in `\gate.$proc$gold_gate.v:977$360'.
Found async reset \reset_n in `\gate.$proc$gold_gate.v:974$358'.
Found async reset \reset_n in `\gate.$proc$gold_gate.v:971$356'.
Found async reset \reset_n in `\gate.$proc$gold_gate.v:968$354'.
Found async reset \reset_n in `\gate.$proc$gold_gate.v:965$352'.
Found async reset \reset_n in `\gate.$proc$gold_gate.v:695$141'.
Found async reset \reset_n in `\gate.$proc$gold_gate.v:692$139'.
Found async reset \reset_n in `\gate.$proc$gold_gate.v:689$137'.
Found async reset \reset_n in `\gate.$proc$gold_gate.v:686$135'.
Found async reset \reset_n in `\gate.$proc$gold_gate.v:683$133'.
Found async reset \reset_n in `\gate.$proc$gold_gate.v:680$131'.
Found async reset \reset_n in `\gate.$proc$gold_gate.v:677$129'.
Found async reset \reset_n in `\gate.$proc$gold_gate.v:674$127'.
Found async reset \reset_n in `\gate.$proc$gold_gate.v:671$125'.
Found async reset \reset_n in `\gate.$proc$gold_gate.v:668$123'.
Found async reset \reset_n in `\gate.$proc$gold_gate.v:665$121'.
Found async reset \reset_n in `\gate.$proc$gold_gate.v:662$119'.
Found async reset \reset_n in `\gate.$proc$gold_gate.v:659$117'.
Found async reset \reset_n in `\gate.$proc$gold_gate.v:656$115'.
Found async reset \reset_n in `\gate.$proc$gold_gate.v:653$113'.
Found async reset \reset_n in `\gate.$proc$gold_gate.v:650$111'.
Found async reset \reset_n in `\gate.$proc$gold_gate.v:647$109'.
Found async reset \reset_n in `\gate.$proc$gold_gate.v:644$107'.
Found async reset \reset_n in `\gate.$proc$gold_gate.v:641$105'.

3.2.6. Executing PROC_ROM pass (convert switches to ROMs).
Converted 0 switches.
<suppressed ~15 debug messages>

3.2.7. Executing PROC_MUX pass (convert decision trees to multiplexers).
Creating decoders for process `\__eqcheck_top.$proc$eqcheck_wrapper.v:39$1602'.
     1/2: $assert$eqcheck_wrapper.v:43$1605_EN
     2/2: $assume$eqcheck_wrapper.v:41$1603_EN
Creating decoders for process `\gold.$proc$gold_gate.v:1963$1536'.
Creating decoders for process `\gold.$proc$gold_gate.v:2734$1466'.
     1/1: $1\_811_$func$gold_gate.v:2734$814.$result[31:0]$1471
Creating decoders for process `\gold.$proc$gold_gate.v:2682$1459'.
     1/1: $1\_800_$func$gold_gate.v:2682$813.$result[31:0]$1465
Creating decoders for process `\gold.$proc$gold_gate.v:2502$1453'.
     1/1: $1\_683_$func$gold_gate.v:2502$812.$result[31:0]$1458
Creating decoders for process `\gold.$proc$gold_gate.v:2233$1447'.
     1/1: $1\_485_$func$gold_gate.v:2233$811.$result[0:0]$1452
Creating decoders for process `\gold.$proc$gold_gate.v:2217$1441'.
     1/1: $1\_482_$func$gold_gate.v:2217$810.$result[0:0]$1446
Creating decoders for process `\gold.$proc$gold_gate.v:2201$1435'.
     1/1: $1\_479_$func$gold_gate.v:2201$809.$result[1:0]$1440
Creating decoders for process `\gold.$proc$gold_gate.v:2184$1429'.
     1/1: $1\_475_$func$gold_gate.v:2184$808.$result[0:0]$1434
Creating decoders for process `\gold.$proc$gold_gate.v:2614$1308'.
     1/1: $0\block_reg[15][31:0]
Creating decoders for process `\gold.$proc$gold_gate.v:2611$1306'.
     1/1: $0\block_reg[14][31:0]
Creating decoders for process `\gold.$proc$gold_gate.v:2608$1304'.
     1/1: $0\block_reg[13][31:0]
Creating decoders for process `\gold.$proc$gold_gate.v:2605$1302'.
     1/1: $0\block_reg[12][31:0]
Creating decoders for process `\gold.$proc$gold_gate.v:2602$1300'.
     1/1: $0\block_reg[11][31:0]
Creating decoders for process `\gold.$proc$gold_gate.v:2599$1298'.
     1/1: $0\block_reg[10][31:0]
Creating decoders for process `\gold.$proc$gold_gate.v:2596$1296'.
     1/1: $0\block_reg[9][31:0]
Creating decoders for process `\gold.$proc$gold_gate.v:2593$1294'.
     1/1: $0\block_reg[8][31:0]
Creating decoders for process `\gold.$proc$gold_gate.v:2590$1292'.
     1/1: $0\block_reg[7][31:0]
Creating decoders for process `\gold.$proc$gold_gate.v:2587$1290'.
     1/1: $0\block_reg[6][31:0]
Creating decoders for process `\gold.$proc$gold_gate.v:2584$1288'.
     1/1: $0\block_reg[5][31:0]
Creating decoders for process `\gold.$proc$gold_gate.v:2581$1286'.
     1/1: $0\block_reg[4][31:0]
Creating decoders for process `\gold.$proc$gold_gate.v:2578$1284'.
     1/1: $0\block_reg[3][31:0]
Creating decoders for process `\gold.$proc$gold_gate.v:2575$1282'.
     1/1: $0\block_reg[2][31:0]
Creating decoders for process `\gold.$proc$gold_gate.v:2572$1280'.
     1/1: $0\block_reg[1][31:0]
Creating decoders for process `\gold.$proc$gold_gate.v:2569$1278'.
     1/1: $0\block_reg[0][31:0]
Creating decoders for process `\gold.$proc$gold_gate.v:2566$1276'.
     1/1: $0\digest_valid_reg[0:0]
Creating decoders for process `\gold.$proc$gold_gate.v:2563$1274'.
     1/1: $0\digest_reg[255:0]
Creating decoders for process `\gold.$proc$gold_gate.v:2560$1272'.
     1/1: $0\ready_reg[0:0]
Creating decoders for process `\gold.$proc$gold_gate.v:2557$1270'.
     1/1: $0\mode_reg[0:0]
Creating decoders for process `\gold.$proc$gold_gate.v:2554$1268'.
     1/1: $0\next_reg[0:0]
Creating decoders for process `\gold.$proc$gold_gate.v:2551$1266'.
     1/1: $0\init_reg[0:0]
Creating decoders for process `\gold.$proc$gold_gate.v:2424$1182'.
     1/1: $0\core.w_mem_inst.w_mem[15][31:0]
Creating decoders for process `\gold.$proc$gold_gate.v:2421$1180'.
     1/1: $0\core.w_mem_inst.w_mem[14][31:0]
Creating decoders for process `\gold.$proc$gold_gate.v:2418$1178'.
     1/1: $0\core.w_mem_inst.w_mem[13][31:0]
Creating decoders for process `\gold.$proc$gold_gate.v:2415$1176'.
     1/1: $0\core.w_mem_inst.w_mem[12][31:0]
Creating decoders for process `\gold.$proc$gold_gate.v:2412$1174'.
     1/1: $0\core.w_mem_inst.w_mem[11][31:0]
Creating decoders for process `\gold.$proc$gold_gate.v:2409$1172'.
     1/1: $0\core.w_mem_inst.w_mem[10][31:0]
Creating decoders for process `\gold.$proc$gold_gate.v:2406$1170'.
     1/1: $0\core.w_mem_inst.w_mem[9][31:0]
Creating decoders for process `\gold.$proc$gold_gate.v:2403$1168'.
     1/1: $0\core.w_mem_inst.w_mem[8][31:0]
Creating decoders for process `\gold.$proc$gold_gate.v:2400$1166'.
     1/1: $0\core.w_mem_inst.w_mem[7][31:0]
Creating decoders for process `\gold.$proc$gold_gate.v:2397$1164'.
     1/1: $0\core.w_mem_inst.w_mem[6][31:0]
Creating decoders for process `\gold.$proc$gold_gate.v:2394$1162'.
     1/1: $0\core.w_mem_inst.w_mem[5][31:0]
Creating decoders for process `\gold.$proc$gold_gate.v:2391$1160'.
     1/1: $0\core.w_mem_inst.w_mem[4][31:0]
Creating decoders for process `\gold.$proc$gold_gate.v:2388$1158'.
     1/1: $0\core.w_mem_inst.w_mem[3][31:0]
Creating decoders for process `\gold.$proc$gold_gate.v:2385$1156'.
     1/1: $0\core.w_mem_inst.w_mem[2][31:0]
Creating decoders for process `\gold.$proc$gold_gate.v:2382$1154'.
     1/1: $0\core.w_mem_inst.w_mem[1][31:0]
Creating decoders for process `\gold.$proc$gold_gate.v:2379$1152'.
     1/1: $0\core.w_mem_inst.w_mem[0][31:0]
Creating decoders for process `\gold.$proc$gold_gate.v:2109$941'.
     1/1: $0\core.sha256_ctrl_reg[1:0]
Creating decoders for process `\gold.$proc$gold_gate.v:2106$939'.
     1/1: $0\core.t_ctr_reg[5:0]
Creating decoders for process `\gold.$proc$gold_gate.v:2103$937'.
     1/1: $0\core.H7_reg[31:0]
Creating decoders for process `\gold.$proc$gold_gate.v:2100$935'.
     1/1: $0\core.H6_reg[31:0]
Creating decoders for process `\gold.$proc$gold_gate.v:2097$933'.
     1/1: $0\core.H5_reg[31:0]
Creating decoders for process `\gold.$proc$gold_gate.v:2094$931'.
     1/1: $0\core.H4_reg[31:0]
Creating decoders for process `\gold.$proc$gold_gate.v:2091$929'.
     1/1: $0\core.H3_reg[31:0]
Creating decoders for process `\gold.$proc$gold_gate.v:2088$927'.
     1/1: $0\core.H2_reg[31:0]
Creating decoders for process `\gold.$proc$gold_gate.v:2085$925'.
     1/1: $0\core.H1_reg[31:0]
Creating decoders for process `\gold.$proc$gold_gate.v:2082$923'.
     1/1: $0\core.H0_reg[31:0]
Creating decoders for process `\gold.$proc$gold_gate.v:2079$921'.
     1/1: $0\core.h_reg[31:0]
Creating decoders for process `\gold.$proc$gold_gate.v:2076$919'.
     1/1: $0\core.g_reg[31:0]
Creating decoders for process `\gold.$proc$gold_gate.v:2073$917'.
     1/1: $0\core.f_reg[31:0]
Creating decoders for process `\gold.$proc$gold_gate.v:2070$915'.
     1/1: $0\core.e_reg[31:0]
Creating decoders for process `\gold.$proc$gold_gate.v:2067$913'.
     1/1: $0\core.d_reg[31:0]
Creating decoders for process `\gold.$proc$gold_gate.v:2064$911'.
     1/1: $0\core.c_reg[31:0]
Creating decoders for process `\gold.$proc$gold_gate.v:2061$909'.
     1/1: $0\core.b_reg[31:0]
Creating decoders for process `\gold.$proc$gold_gate.v:2058$907'.
     1/1: $0\core.a_reg[31:0]
Creating decoders for process `\gold.$proc$gold_gate.v:2055$905'.
     1/1: $0\core.digest_valid_reg[0:0]
Creating decoders for process `\gate.$proc$gold_gate.v:549$736'.
Creating decoders for process `\gate.$proc$gold_gate.v:1274$666'.
     1/1: $1\_765_$func$gold_gate.v:1274$14.$result[31:0]$671
Creating decoders for process `\gate.$proc$gold_gate.v:1222$659'.
     1/1: $1\_754_$func$gold_gate.v:1222$13.$result[31:0]$665
Creating decoders for process `\gate.$proc$gold_gate.v:1088$653'.
     1/1: $1\_683_$func$gold_gate.v:1088$12.$result[31:0]$658
Creating decoders for process `\gate.$proc$gold_gate.v:816$647'.
     1/1: $1\_482_$func$gold_gate.v:816$11.$result[0:0]$652
Creating decoders for process `\gate.$proc$gold_gate.v:798$641'.
     1/1: $1\_479_$func$gold_gate.v:798$10.$result[1:0]$646
Creating decoders for process `\gate.$proc$gold_gate.v:782$635'.
     1/1: $1\_476_$func$gold_gate.v:782$9.$result[0:0]$640
Creating decoders for process `\gate.$proc$gold_gate.v:766$629'.
     1/1: $1\_473_$func$gold_gate.v:766$8.$result[0:0]$634
Creating decoders for process `\gate.$proc$gold_gate.v:1200$508'.
     1/1: $0\block_reg[15][31:0]
Creating decoders for process `\gate.$proc$gold_gate.v:1197$506'.
     1/1: $0\block_reg[14][31:0]
Creating decoders for process `\gate.$proc$gold_gate.v:1194$504'.
     1/1: $0\block_reg[13][31:0]
Creating decoders for process `\gate.$proc$gold_gate.v:1191$502'.
     1/1: $0\block_reg[12][31:0]
Creating decoders for process `\gate.$proc$gold_gate.v:1188$500'.
     1/1: $0\block_reg[11][31:0]
Creating decoders for process `\gate.$proc$gold_gate.v:1185$498'.
     1/1: $0\block_reg[10][31:0]
Creating decoders for process `\gate.$proc$gold_gate.v:1182$496'.
     1/1: $0\block_reg[9][31:0]
Creating decoders for process `\gate.$proc$gold_gate.v:1179$494'.
     1/1: $0\block_reg[8][31:0]
Creating decoders for process `\gate.$proc$gold_gate.v:1176$492'.
     1/1: $0\block_reg[7][31:0]
Creating decoders for process `\gate.$proc$gold_gate.v:1173$490'.
     1/1: $0\block_reg[6][31:0]
Creating decoders for process `\gate.$proc$gold_gate.v:1170$488'.
     1/1: $0\block_reg[5][31:0]
Creating decoders for process `\gate.$proc$gold_gate.v:1167$486'.
     1/1: $0\block_reg[4][31:0]
Creating decoders for process `\gate.$proc$gold_gate.v:1164$484'.
     1/1: $0\block_reg[3][31:0]
Creating decoders for process `\gate.$proc$gold_gate.v:1161$482'.
     1/1: $0\block_reg[2][31:0]
Creating decoders for process `\gate.$proc$gold_gate.v:1158$480'.
     1/1: $0\block_reg[1][31:0]
Creating decoders for process `\gate.$proc$gold_gate.v:1155$478'.
     1/1: $0\block_reg[0][31:0]
Creating decoders for process `\gate.$proc$gold_gate.v:1152$476'.
     1/1: $0\digest_valid_reg[0:0]
Creating decoders for process `\gate.$proc$gold_gate.v:1149$474'.
     1/1: $0\digest_reg[255:0]
Creating decoders for process `\gate.$proc$gold_gate.v:1146$472'.
     1/1: $0\ready_reg[0:0]
Creating decoders for process `\gate.$proc$gold_gate.v:1143$470'.
     1/1: $0\mode_reg[0:0]
Creating decoders for process `\gate.$proc$gold_gate.v:1140$468'.
     1/1: $0\next_reg[0:0]
Creating decoders for process `\gate.$proc$gold_gate.v:1137$466'.
     1/1: $0\init_reg[0:0]
Creating decoders for process `\gate.$proc$gold_gate.v:1010$382'.
     1/1: $0\core.w_mem_inst.w_mem[0][31:0]
Creating decoders for process `\gate.$proc$gold_gate.v:1007$380'.
     1/1: $0\core.w_mem_inst.w_mem[1][31:0]
Creating decoders for process `\gate.$proc$gold_gate.v:1004$378'.
     1/1: $0\core.w_mem_inst.w_mem[2][31:0]
Creating decoders for process `\gate.$proc$gold_gate.v:1001$376'.
     1/1: $0\core.w_mem_inst.w_mem[3][31:0]
Creating decoders for process `\gate.$proc$gold_gate.v:998$374'.
     1/1: $0\core.w_mem_inst.w_mem[4][31:0]
Creating decoders for process `\gate.$proc$gold_gate.v:995$372'.
     1/1: $0\core.w_mem_inst.w_mem[5][31:0]
Creating decoders for process `\gate.$proc$gold_gate.v:992$370'.
     1/1: $0\core.w_mem_inst.w_mem[6][31:0]
Creating decoders for process `\gate.$proc$gold_gate.v:989$368'.
     1/1: $0\core.w_mem_inst.w_mem[7][31:0]
Creating decoders for process `\gate.$proc$gold_gate.v:986$366'.
     1/1: $0\core.w_mem_inst.w_mem[8][31:0]
Creating decoders for process `\gate.$proc$gold_gate.v:983$364'.
     1/1: $0\core.w_mem_inst.w_mem[9][31:0]
Creating decoders for process `\gate.$proc$gold_gate.v:980$362'.
     1/1: $0\core.w_mem_inst.w_mem[10][31:0]
Creating decoders for process `\gate.$proc$gold_gate.v:977$360'.
     1/1: $0\core.w_mem_inst.w_mem[11][31:0]
Creating decoders for process `\gate.$proc$gold_gate.v:974$358'.
     1/1: $0\core.w_mem_inst.w_mem[12][31:0]
Creating decoders for process `\gate.$proc$gold_gate.v:971$356'.
     1/1: $0\core.w_mem_inst.w_mem[13][31:0]
Creating decoders for process `\gate.$proc$gold_gate.v:968$354'.
     1/1: $0\core.w_mem_inst.w_mem[14][31:0]
Creating decoders for process `\gate.$proc$gold_gate.v:965$352'.
     1/1: $0\core.w_mem_inst.w_mem[15][31:0]
Creating decoders for process `\gate.$proc$gold_gate.v:695$141'.
     1/1: $0\core.a_reg[31:0]
Creating decoders for process `\gate.$proc$gold_gate.v:692$139'.
     1/1: $0\core.b_reg[31:0]
Creating decoders for process `\gate.$proc$gold_gate.v:689$137'.
     1/1: $0\core.c_reg[31:0]
Creating decoders for process `\gate.$proc$gold_gate.v:686$135'.
     1/1: $0\core.d_reg[31:0]
Creating decoders for process `\gate.$proc$gold_gate.v:683$133'.
     1/1: $0\core.e_reg[31:0]
Creating decoders for process `\gate.$proc$gold_gate.v:680$131'.
     1/1: $0\core.f_reg[31:0]
Creating decoders for process `\gate.$proc$gold_gate.v:677$129'.
     1/1: $0\core.g_reg[31:0]
Creating decoders for process `\gate.$proc$gold_gate.v:674$127'.
     1/1: $0\core.h_reg[31:0]
Creating decoders for process `\gate.$proc$gold_gate.v:671$125'.
     1/1: $0\core.H0_reg[31:0]
Creating decoders for process `\gate.$proc$gold_gate.v:668$123'.
     1/1: $0\core.H1_reg[31:0]
Creating decoders for process `\gate.$proc$gold_gate.v:665$121'.
     1/1: $0\core.H2_reg[31:0]
Creating decoders for process `\gate.$proc$gold_gate.v:662$119'.
     1/1: $0\core.H3_reg[31:0]
Creating decoders for process `\gate.$proc$gold_gate.v:659$117'.
     1/1: $0\core.H4_reg[31:0]
Creating decoders for process `\gate.$proc$gold_gate.v:656$115'.
     1/1: $0\core.H5_reg[31:0]
Creating decoders for process `\gate.$proc$gold_gate.v:653$113'.
     1/1: $0\core.H6_reg[31:0]
Creating decoders for process `\gate.$proc$gold_gate.v:650$111'.
     1/1: $0\core.H7_reg[31:0]
Creating decoders for process `\gate.$proc$gold_gate.v:647$109'.
     1/1: $0\core.t_ctr_reg[5:0]
Creating decoders for process `\gate.$proc$gold_gate.v:644$107'.
     1/1: $0\core.sha256_ctrl_reg[1:0]
Creating decoders for process `\gate.$proc$gold_gate.v:641$105'.
     1/1: $0\core.digest_valid_reg[0:0]

3.2.8. Executing PROC_DLATCH pass (convert process syncs to latches).
No latch inferred for signal `\gold.$memwr$\$flatten\core.\k_constants_inst.$auto$proc_rom.cc:155:do_switch$98$gold_gate.v:1964$815_EN' from process `\gold.$proc$gold_gate.v:1963$1536'.
No latch inferred for signal `\gold.$memwr$\$flatten\core.\k_constants_inst.$auto$proc_rom.cc:155:do_switch$98$gold_gate.v:1965$816_EN' from process `\gold.$proc$gold_gate.v:1963$1536'.
No latch inferred for signal `\gold.$memwr$\$flatten\core.\k_constants_inst.$auto$proc_rom.cc:155:do_switch$98$gold_gate.v:1966$817_EN' from process `\gold.$proc$gold_gate.v:1963$1536'.
No latch inferred for signal `\gold.$memwr$\$flatten\core.\k_constants_inst.$auto$proc_rom.cc:155:do_switch$98$gold_gate.v:1967$818_EN' from process `\gold.$proc$gold_gate.v:1963$1536'.
No latch inferred for signal `\gold.$memwr$\$flatten\core.\k_constants_inst.$auto$proc_rom.cc:155:do_switch$98$gold_gate.v:1968$819_EN' from process `\gold.$proc$gold_gate.v:1963$1536'.
No latch inferred for signal `\gold.$memwr$\$flatten\core.\k_constants_inst.$auto$proc_rom.cc:155:do_switch$98$gold_gate.v:1969$820_EN' from process `\gold.$proc$gold_gate.v:1963$1536'.
No latch inferred for signal `\gold.$memwr$\$flatten\core.\k_constants_inst.$auto$proc_rom.cc:155:do_switch$98$gold_gate.v:1970$821_EN' from process `\gold.$proc$gold_gate.v:1963$1536'.
No latch inferred for signal `\gold.$memwr$\$flatten\core.\k_constants_inst.$auto$proc_rom.cc:155:do_switch$98$gold_gate.v:1971$822_EN' from process `\gold.$proc$gold_gate.v:1963$1536'.
No latch inferred for signal `\gold.$memwr$\$flatten\core.\k_constants_inst.$auto$proc_rom.cc:155:do_switch$98$gold_gate.v:1972$823_EN' from process `\gold.$proc$gold_gate.v:1963$1536'.
No latch inferred for signal `\gold.$memwr$\$flatten\core.\k_constants_inst.$auto$proc_rom.cc:155:do_switch$98$gold_gate.v:1973$824_EN' from process `\gold.$proc$gold_gate.v:1963$1536'.
No latch inferred for signal `\gold.$memwr$\$flatten\core.\k_constants_inst.$auto$proc_rom.cc:155:do_switch$98$gold_gate.v:1974$825_EN' from process `\gold.$proc$gold_gate.v:1963$1536'.
No latch inferred for signal `\gold.$memwr$\$flatten\core.\k_constants_inst.$auto$proc_rom.cc:155:do_switch$98$gold_gate.v:1975$826_EN' from process `\gold.$proc$gold_gate.v:1963$1536'.
No latch inferred for signal `\gold.$memwr$\$flatten\core.\k_constants_inst.$auto$proc_rom.cc:155:do_switch$98$gold_gate.v:1976$827_EN' from process `\gold.$proc$gold_gate.v:1963$1536'.
No latch inferred for signal `\gold.$memwr$\$flatten\core.\k_constants_inst.$auto$proc_rom.cc:155:do_switch$98$gold_gate.v:1977$828_EN' from process `\gold.$proc$gold_gate.v:1963$1536'.
No latch inferred for signal `\gold.$memwr$\$flatten\core.\k_constants_inst.$auto$proc_rom.cc:155:do_switch$98$gold_gate.v:1978$829_EN' from process `\gold.$proc$gold_gate.v:1963$1536'.
No latch inferred for signal `\gold.$memwr$\$flatten\core.\k_constants_inst.$auto$proc_rom.cc:155:do_switch$98$gold_gate.v:1979$830_EN' from process `\gold.$proc$gold_gate.v:1963$1536'.
No latch inferred for signal `\gold.$memwr$\$flatten\core.\k_constants_inst.$auto$proc_rom.cc:155:do_switch$98$gold_gate.v:1980$831_EN' from process `\gold.$proc$gold_gate.v:1963$1536'.
No latch inferred for signal `\gold.$memwr$\$flatten\core.\k_constants_inst.$auto$proc_rom.cc:155:do_switch$98$gold_gate.v:1981$832_EN' from process `\gold.$proc$gold_gate.v:1963$1536'.
No latch inferred for signal `\gold.$memwr$\$flatten\core.\k_constants_inst.$auto$proc_rom.cc:155:do_switch$98$gold_gate.v:1982$833_EN' from process `\gold.$proc$gold_gate.v:1963$1536'.
No latch inferred for signal `\gold.$memwr$\$flatten\core.\k_constants_inst.$auto$proc_rom.cc:155:do_switch$98$gold_gate.v:1983$834_EN' from process `\gold.$proc$gold_gate.v:1963$1536'.
No latch inferred for signal `\gold.$memwr$\$flatten\core.\k_constants_inst.$auto$proc_rom.cc:155:do_switch$98$gold_gate.v:1984$835_EN' from process `\gold.$proc$gold_gate.v:1963$1536'.
No latch inferred for signal `\gold.$memwr$\$flatten\core.\k_constants_inst.$auto$proc_rom.cc:155:do_switch$98$gold_gate.v:1985$836_EN' from process `\gold.$proc$gold_gate.v:1963$1536'.
No latch inferred for signal `\gold.$memwr$\$flatten\core.\k_constants_inst.$auto$proc_rom.cc:155:do_switch$98$gold_gate.v:1986$837_EN' from process `\gold.$proc$gold_gate.v:1963$1536'.
No latch inferred for signal `\gold.$memwr$\$flatten\core.\k_constants_inst.$auto$proc_rom.cc:155:do_switch$98$gold_gate.v:1987$838_EN' from process `\gold.$proc$gold_gate.v:1963$1536'.
No latch inferred for signal `\gold.$memwr$\$flatten\core.\k_constants_inst.$auto$proc_rom.cc:155:do_switch$98$gold_gate.v:1988$839_EN' from process `\gold.$proc$gold_gate.v:1963$1536'.
No latch inferred for signal `\gold.$memwr$\$flatten\core.\k_constants_inst.$auto$proc_rom.cc:155:do_switch$98$gold_gate.v:1989$840_EN' from process `\gold.$proc$gold_gate.v:1963$1536'.
No latch inferred for signal `\gold.$memwr$\$flatten\core.\k_constants_inst.$auto$proc_rom.cc:155:do_switch$98$gold_gate.v:1990$841_EN' from process `\gold.$proc$gold_gate.v:1963$1536'.
No latch inferred for signal `\gold.$memwr$\$flatten\core.\k_constants_inst.$auto$proc_rom.cc:155:do_switch$98$gold_gate.v:1991$842_EN' from process `\gold.$proc$gold_gate.v:1963$1536'.
No latch inferred for signal `\gold.$memwr$\$flatten\core.\k_constants_inst.$auto$proc_rom.cc:155:do_switch$98$gold_gate.v:1992$843_EN' from process `\gold.$proc$gold_gate.v:1963$1536'.
No latch inferred for signal `\gold.$memwr$\$flatten\core.\k_constants_inst.$auto$proc_rom.cc:155:do_switch$98$gold_gate.v:1993$844_EN' from process `\gold.$proc$gold_gate.v:1963$1536'.
No latch inferred for signal `\gold.$memwr$\$flatten\core.\k_constants_inst.$auto$proc_rom.cc:155:do_switch$98$gold_gate.v:1994$845_EN' from process `\gold.$proc$gold_gate.v:1963$1536'.
No latch inferred for signal `\gold.$memwr$\$flatten\core.\k_constants_inst.$auto$proc_rom.cc:155:do_switch$98$gold_gate.v:1995$846_EN' from process `\gold.$proc$gold_gate.v:1963$1536'.
No latch inferred for signal `\gold.$memwr$\$flatten\core.\k_constants_inst.$auto$proc_rom.cc:155:do_switch$98$gold_gate.v:1996$847_EN' from process `\gold.$proc$gold_gate.v:1963$1536'.
No latch inferred for signal `\gold.$memwr$\$flatten\core.\k_constants_inst.$auto$proc_rom.cc:155:do_switch$98$gold_gate.v:1997$848_EN' from process `\gold.$proc$gold_gate.v:1963$1536'.
No latch inferred for signal `\gold.$memwr$\$flatten\core.\k_constants_inst.$auto$proc_rom.cc:155:do_switch$98$gold_gate.v:1998$849_EN' from process `\gold.$proc$gold_gate.v:1963$1536'.
No latch inferred for signal `\gold.$memwr$\$flatten\core.\k_constants_inst.$auto$proc_rom.cc:155:do_switch$98$gold_gate.v:1999$850_EN' from process `\gold.$proc$gold_gate.v:1963$1536'.
No latch inferred for signal `\gold.$memwr$\$flatten\core.\k_constants_inst.$auto$proc_rom.cc:155:do_switch$98$gold_gate.v:2000$851_EN' from process `\gold.$proc$gold_gate.v:1963$1536'.
No latch inferred for signal `\gold.$memwr$\$flatten\core.\k_constants_inst.$auto$proc_rom.cc:155:do_switch$98$gold_gate.v:2001$852_EN' from process `\gold.$proc$gold_gate.v:1963$1536'.
No latch inferred for signal `\gold.$memwr$\$flatten\core.\k_constants_inst.$auto$proc_rom.cc:155:do_switch$98$gold_gate.v:2002$853_EN' from process `\gold.$proc$gold_gate.v:1963$1536'.
No latch inferred for signal `\gold.$memwr$\$flatten\core.\k_constants_inst.$auto$proc_rom.cc:155:do_switch$98$gold_gate.v:2003$854_EN' from process `\gold.$proc$gold_gate.v:1963$1536'.
No latch inferred for signal `\gold.$memwr$\$flatten\core.\k_constants_inst.$auto$proc_rom.cc:155:do_switch$98$gold_gate.v:2004$855_EN' from process `\gold.$proc$gold_gate.v:1963$1536'.
No latch inferred for signal `\gold.$memwr$\$flatten\core.\k_constants_inst.$auto$proc_rom.cc:155:do_switch$98$gold_gate.v:2005$856_EN' from process `\gold.$proc$gold_gate.v:1963$1536'.
No latch inferred for signal `\gold.$memwr$\$flatten\core.\k_constants_inst.$auto$proc_rom.cc:155:do_switch$98$gold_gate.v:2006$857_EN' from process `\gold.$proc$gold_gate.v:1963$1536'.
No latch inferred for signal `\gold.$memwr$\$flatten\core.\k_constants_inst.$auto$proc_rom.cc:155:do_switch$98$gold_gate.v:2007$858_EN' from process `\gold.$proc$gold_gate.v:1963$1536'.
No latch inferred for signal `\gold.$memwr$\$flatten\core.\k_constants_inst.$auto$proc_rom.cc:155:do_switch$98$gold_gate.v:2008$859_EN' from process `\gold.$proc$gold_gate.v:1963$1536'.
No latch inferred for signal `\gold.$memwr$\$flatten\core.\k_constants_inst.$auto$proc_rom.cc:155:do_switch$98$gold_gate.v:2009$860_EN' from process `\gold.$proc$gold_gate.v:1963$1536'.
No latch inferred for signal `\gold.$memwr$\$flatten\core.\k_constants_inst.$auto$proc_rom.cc:155:do_switch$98$gold_gate.v:2010$861_EN' from process `\gold.$proc$gold_gate.v:1963$1536'.
No latch inferred for signal `\gold.$memwr$\$flatten\core.\k_constants_inst.$auto$proc_rom.cc:155:do_switch$98$gold_gate.v:2011$862_EN' from process `\gold.$proc$gold_gate.v:1963$1536'.
No latch inferred for signal `\gold.$memwr$\$flatten\core.\k_constants_inst.$auto$proc_rom.cc:155:do_switch$98$gold_gate.v:2012$863_EN' from process `\gold.$proc$gold_gate.v:1963$1536'.
No latch inferred for signal `\gold.$memwr$\$flatten\core.\k_constants_inst.$auto$proc_rom.cc:155:do_switch$98$gold_gate.v:2013$864_EN' from process `\gold.$proc$gold_gate.v:1963$1536'.
No latch inferred for signal `\gold.$memwr$\$flatten\core.\k_constants_inst.$auto$proc_rom.cc:155:do_switch$98$gold_gate.v:2014$865_EN' from process `\gold.$proc$gold_gate.v:1963$1536'.
No latch inferred for signal `\gold.$memwr$\$flatten\core.\k_constants_inst.$auto$proc_rom.cc:155:do_switch$98$gold_gate.v:2015$866_EN' from process `\gold.$proc$gold_gate.v:1963$1536'.
No latch inferred for signal `\gold.$memwr$\$flatten\core.\k_constants_inst.$auto$proc_rom.cc:155:do_switch$98$gold_gate.v:2016$867_EN' from process `\gold.$proc$gold_gate.v:1963$1536'.
No latch inferred for signal `\gold.$memwr$\$flatten\core.\k_constants_inst.$auto$proc_rom.cc:155:do_switch$98$gold_gate.v:2017$868_EN' from process `\gold.$proc$gold_gate.v:1963$1536'.
No latch inferred for signal `\gold.$memwr$\$flatten\core.\k_constants_inst.$auto$proc_rom.cc:155:do_switch$98$gold_gate.v:2018$869_EN' from process `\gold.$proc$gold_gate.v:1963$1536'.
No latch inferred for signal `\gold.$memwr$\$flatten\core.\k_constants_inst.$auto$proc_rom.cc:155:do_switch$98$gold_gate.v:2019$870_EN' from process `\gold.$proc$gold_gate.v:1963$1536'.
No latch inferred for signal `\gold.$memwr$\$flatten\core.\k_constants_inst.$auto$proc_rom.cc:155:do_switch$98$gold_gate.v:2020$871_EN' from process `\gold.$proc$gold_gate.v:1963$1536'.
No latch inferred for signal `\gold.$memwr$\$flatten\core.\k_constants_inst.$auto$proc_rom.cc:155:do_switch$98$gold_gate.v:2021$872_EN' from process `\gold.$proc$gold_gate.v:1963$1536'.
No latch inferred for signal `\gold.$memwr$\$flatten\core.\k_constants_inst.$auto$proc_rom.cc:155:do_switch$98$gold_gate.v:2022$873_EN' from process `\gold.$proc$gold_gate.v:1963$1536'.
No latch inferred for signal `\gold.$memwr$\$flatten\core.\k_constants_inst.$auto$proc_rom.cc:155:do_switch$98$gold_gate.v:2023$874_EN' from process `\gold.$proc$gold_gate.v:1963$1536'.
No latch inferred for signal `\gold.$memwr$\$flatten\core.\k_constants_inst.$auto$proc_rom.cc:155:do_switch$98$gold_gate.v:2024$875_EN' from process `\gold.$proc$gold_gate.v:1963$1536'.
No latch inferred for signal `\gold.$memwr$\$flatten\core.\k_constants_inst.$auto$proc_rom.cc:155:do_switch$98$gold_gate.v:2025$876_EN' from process `\gold.$proc$gold_gate.v:1963$1536'.
No latch inferred for signal `\gold.$memwr$\$flatten\core.\k_constants_inst.$auto$proc_rom.cc:155:do_switch$98$gold_gate.v:2026$877_EN' from process `\gold.$proc$gold_gate.v:1963$1536'.
No latch inferred for signal `\gold.$memwr$\$flatten\core.\k_constants_inst.$auto$proc_rom.cc:155:do_switch$98$gold_gate.v:2027$878_EN' from process `\gold.$proc$gold_gate.v:1963$1536'.
No latch inferred for signal `\gold.\_811_$func$gold_gate.v:2734$807.$result' from process `\gold.$proc$gold_gate.v:2734$1466'.
No latch inferred for signal `\gold.\_800_$func$gold_gate.v:2682$806.$result' from process `\gold.$proc$gold_gate.v:2682$1459'.
No latch inferred for signal `\gold.\_683_$func$gold_gate.v:2502$805.$result' from process `\gold.$proc$gold_gate.v:2502$1453'.
No latch inferred for signal `\gold.\_485_$func$gold_gate.v:2233$804.$result' from process `\gold.$proc$gold_gate.v:2233$1447'.
No latch inferred for signal `\gold.\_482_$func$gold_gate.v:2217$803.$result' from process `\gold.$proc$gold_gate.v:2217$1441'.
No latch inferred for signal `\gold.\_479_$func$gold_gate.v:2201$802.$result' from process `\gold.$proc$gold_gate.v:2201$1435'.
No latch inferred for signal `\gold.\_475_$func$gold_gate.v:2184$801.$result' from process `\gold.$proc$gold_gate.v:2184$1429'.
No latch inferred for signal `\gate.$memwr$\$flatten\core.\k_constants_inst.$auto$proc_rom.cc:155:do_switch$1601$gold_gate.v:550$15_EN' from process `\gate.$proc$gold_gate.v:549$736'.
No latch inferred for signal `\gate.$memwr$\$flatten\core.\k_constants_inst.$auto$proc_rom.cc:155:do_switch$1601$gold_gate.v:551$16_EN' from process `\gate.$proc$gold_gate.v:549$736'.
No latch inferred for signal `\gate.$memwr$\$flatten\core.\k_constants_inst.$auto$proc_rom.cc:155:do_switch$1601$gold_gate.v:552$17_EN' from process `\gate.$proc$gold_gate.v:549$736'.
No latch inferred for signal `\gate.$memwr$\$flatten\core.\k_constants_inst.$auto$proc_rom.cc:155:do_switch$1601$gold_gate.v:553$18_EN' from process `\gate.$proc$gold_gate.v:549$736'.
No latch inferred for signal `\gate.$memwr$\$flatten\core.\k_constants_inst.$auto$proc_rom.cc:155:do_switch$1601$gold_gate.v:554$19_EN' from process `\gate.$proc$gold_gate.v:549$736'.
No latch inferred for signal `\gate.$memwr$\$flatten\core.\k_constants_inst.$auto$proc_rom.cc:155:do_switch$1601$gold_gate.v:555$20_EN' from process `\gate.$proc$gold_gate.v:549$736'.
No latch inferred for signal `\gate.$memwr$\$flatten\core.\k_constants_inst.$auto$proc_rom.cc:155:do_switch$1601$gold_gate.v:556$21_EN' from process `\gate.$proc$gold_gate.v:549$736'.
No latch inferred for signal `\gate.$memwr$\$flatten\core.\k_constants_inst.$auto$proc_rom.cc:155:do_switch$1601$gold_gate.v:557$22_EN' from process `\gate.$proc$gold_gate.v:549$736'.
No latch inferred for signal `\gate.$memwr$\$flatten\core.\k_constants_inst.$auto$proc_rom.cc:155:do_switch$1601$gold_gate.v:558$23_EN' from process `\gate.$proc$gold_gate.v:549$736'.
No latch inferred for signal `\gate.$memwr$\$flatten\core.\k_constants_inst.$auto$proc_rom.cc:155:do_switch$1601$gold_gate.v:559$24_EN' from process `\gate.$proc$gold_gate.v:549$736'.
No latch inferred for signal `\gate.$memwr$\$flatten\core.\k_constants_inst.$auto$proc_rom.cc:155:do_switch$1601$gold_gate.v:560$25_EN' from process `\gate.$proc$gold_gate.v:549$736'.
No latch inferred for signal `\gate.$memwr$\$flatten\core.\k_constants_inst.$auto$proc_rom.cc:155:do_switch$1601$gold_gate.v:561$26_EN' from process `\gate.$proc$gold_gate.v:549$736'.
No latch inferred for signal `\gate.$memwr$\$flatten\core.\k_constants_inst.$auto$proc_rom.cc:155:do_switch$1601$gold_gate.v:562$27_EN' from process `\gate.$proc$gold_gate.v:549$736'.
No latch inferred for signal `\gate.$memwr$\$flatten\core.\k_constants_inst.$auto$proc_rom.cc:155:do_switch$1601$gold_gate.v:563$28_EN' from process `\gate.$proc$gold_gate.v:549$736'.
No latch inferred for signal `\gate.$memwr$\$flatten\core.\k_constants_inst.$auto$proc_rom.cc:155:do_switch$1601$gold_gate.v:564$29_EN' from process `\gate.$proc$gold_gate.v:549$736'.
No latch inferred for signal `\gate.$memwr$\$flatten\core.\k_constants_inst.$auto$proc_rom.cc:155:do_switch$1601$gold_gate.v:565$30_EN' from process `\gate.$proc$gold_gate.v:549$736'.
No latch inferred for signal `\gate.$memwr$\$flatten\core.\k_constants_inst.$auto$proc_rom.cc:155:do_switch$1601$gold_gate.v:566$31_EN' from process `\gate.$proc$gold_gate.v:549$736'.
No latch inferred for signal `\gate.$memwr$\$flatten\core.\k_constants_inst.$auto$proc_rom.cc:155:do_switch$1601$gold_gate.v:567$32_EN' from process `\gate.$proc$gold_gate.v:549$736'.
No latch inferred for signal `\gate.$memwr$\$flatten\core.\k_constants_inst.$auto$proc_rom.cc:155:do_switch$1601$gold_gate.v:568$33_EN' from process `\gate.$proc$gold_gate.v:549$736'.
No latch inferred for signal `\gate.$memwr$\$flatten\core.\k_constants_inst.$auto$proc_rom.cc:155:do_switch$1601$gold_gate.v:569$34_EN' from process `\gate.$proc$gold_gate.v:549$736'.
No latch inferred for signal `\gate.$memwr$\$flatten\core.\k_constants_inst.$auto$proc_rom.cc:155:do_switch$1601$gold_gate.v:570$35_EN' from process `\gate.$proc$gold_gate.v:549$736'.
No latch inferred for signal `\gate.$memwr$\$flatten\core.\k_constants_inst.$auto$proc_rom.cc:155:do_switch$1601$gold_gate.v:571$36_EN' from process `\gate.$proc$gold_gate.v:549$736'.
No latch inferred for signal `\gate.$memwr$\$flatten\core.\k_constants_inst.$auto$proc_rom.cc:155:do_switch$1601$gold_gate.v:572$37_EN' from process `\gate.$proc$gold_gate.v:549$736'.
No latch inferred for signal `\gate.$memwr$\$flatten\core.\k_constants_inst.$auto$proc_rom.cc:155:do_switch$1601$gold_gate.v:573$38_EN' from process `\gate.$proc$gold_gate.v:549$736'.
No latch inferred for signal `\gate.$memwr$\$flatten\core.\k_constants_inst.$auto$proc_rom.cc:155:do_switch$1601$gold_gate.v:574$39_EN' from process `\gate.$proc$gold_gate.v:549$736'.
No latch inferred for signal `\gate.$memwr$\$flatten\core.\k_constants_inst.$auto$proc_rom.cc:155:do_switch$1601$gold_gate.v:575$40_EN' from process `\gate.$proc$gold_gate.v:549$736'.
No latch inferred for signal `\gate.$memwr$\$flatten\core.\k_constants_inst.$auto$proc_rom.cc:155:do_switch$1601$gold_gate.v:576$41_EN' from process `\gate.$proc$gold_gate.v:549$736'.
No latch inferred for signal `\gate.$memwr$\$flatten\core.\k_constants_inst.$auto$proc_rom.cc:155:do_switch$1601$gold_gate.v:577$42_EN' from process `\gate.$proc$gold_gate.v:549$736'.
No latch inferred for signal `\gate.$memwr$\$flatten\core.\k_constants_inst.$auto$proc_rom.cc:155:do_switch$1601$gold_gate.v:578$43_EN' from process `\gate.$proc$gold_gate.v:549$736'.
No latch inferred for signal `\gate.$memwr$\$flatten\core.\k_constants_inst.$auto$proc_rom.cc:155:do_switch$1601$gold_gate.v:579$44_EN' from process `\gate.$proc$gold_gate.v:549$736'.
No latch inferred for signal `\gate.$memwr$\$flatten\core.\k_constants_inst.$auto$proc_rom.cc:155:do_switch$1601$gold_gate.v:580$45_EN' from process `\gate.$proc$gold_gate.v:549$736'.
No latch inferred for signal `\gate.$memwr$\$flatten\core.\k_constants_inst.$auto$proc_rom.cc:155:do_switch$1601$gold_gate.v:581$46_EN' from process `\gate.$proc$gold_gate.v:549$736'.
No latch inferred for signal `\gate.$memwr$\$flatten\core.\k_constants_inst.$auto$proc_rom.cc:155:do_switch$1601$gold_gate.v:582$47_EN' from process `\gate.$proc$gold_gate.v:549$736'.
No latch inferred for signal `\gate.$memwr$\$flatten\core.\k_constants_inst.$auto$proc_rom.cc:155:do_switch$1601$gold_gate.v:583$48_EN' from process `\gate.$proc$gold_gate.v:549$736'.
No latch inferred for signal `\gate.$memwr$\$flatten\core.\k_constants_inst.$auto$proc_rom.cc:155:do_switch$1601$gold_gate.v:584$49_EN' from process `\gate.$proc$gold_gate.v:549$736'.
No latch inferred for signal `\gate.$memwr$\$flatten\core.\k_constants_inst.$auto$proc_rom.cc:155:do_switch$1601$gold_gate.v:585$50_EN' from process `\gate.$proc$gold_gate.v:549$736'.
No latch inferred for signal `\gate.$memwr$\$flatten\core.\k_constants_inst.$auto$proc_rom.cc:155:do_switch$1601$gold_gate.v:586$51_EN' from process `\gate.$proc$gold_gate.v:549$736'.
No latch inferred for signal `\gate.$memwr$\$flatten\core.\k_constants_inst.$auto$proc_rom.cc:155:do_switch$1601$gold_gate.v:587$52_EN' from process `\gate.$proc$gold_gate.v:549$736'.
No latch inferred for signal `\gate.$memwr$\$flatten\core.\k_constants_inst.$auto$proc_rom.cc:155:do_switch$1601$gold_gate.v:588$53_EN' from process `\gate.$proc$gold_gate.v:549$736'.
No latch inferred for signal `\gate.$memwr$\$flatten\core.\k_constants_inst.$auto$proc_rom.cc:155:do_switch$1601$gold_gate.v:589$54_EN' from process `\gate.$proc$gold_gate.v:549$736'.
No latch inferred for signal `\gate.$memwr$\$flatten\core.\k_constants_inst.$auto$proc_rom.cc:155:do_switch$1601$gold_gate.v:590$55_EN' from process `\gate.$proc$gold_gate.v:549$736'.
No latch inferred for signal `\gate.$memwr$\$flatten\core.\k_constants_inst.$auto$proc_rom.cc:155:do_switch$1601$gold_gate.v:591$56_EN' from process `\gate.$proc$gold_gate.v:549$736'.
No latch inferred for signal `\gate.$memwr$\$flatten\core.\k_constants_inst.$auto$proc_rom.cc:155:do_switch$1601$gold_gate.v:592$57_EN' from process `\gate.$proc$gold_gate.v:549$736'.
No latch inferred for signal `\gate.$memwr$\$flatten\core.\k_constants_inst.$auto$proc_rom.cc:155:do_switch$1601$gold_gate.v:593$58_EN' from process `\gate.$proc$gold_gate.v:549$736'.
No latch inferred for signal `\gate.$memwr$\$flatten\core.\k_constants_inst.$auto$proc_rom.cc:155:do_switch$1601$gold_gate.v:594$59_EN' from process `\gate.$proc$gold_gate.v:549$736'.
No latch inferred for signal `\gate.$memwr$\$flatten\core.\k_constants_inst.$auto$proc_rom.cc:155:do_switch$1601$gold_gate.v:595$60_EN' from process `\gate.$proc$gold_gate.v:549$736'.
No latch inferred for signal `\gate.$memwr$\$flatten\core.\k_constants_inst.$auto$proc_rom.cc:155:do_switch$1601$gold_gate.v:596$61_EN' from process `\gate.$proc$gold_gate.v:549$736'.
No latch inferred for signal `\gate.$memwr$\$flatten\core.\k_constants_inst.$auto$proc_rom.cc:155:do_switch$1601$gold_gate.v:597$62_EN' from process `\gate.$proc$gold_gate.v:549$736'.
No latch inferred for signal `\gate.$memwr$\$flatten\core.\k_constants_inst.$auto$proc_rom.cc:155:do_switch$1601$gold_gate.v:598$63_EN' from process `\gate.$proc$gold_gate.v:549$736'.
No latch inferred for signal `\gate.$memwr$\$flatten\core.\k_constants_inst.$auto$proc_rom.cc:155:do_switch$1601$gold_gate.v:599$64_EN' from process `\gate.$proc$gold_gate.v:549$736'.
No latch inferred for signal `\gate.$memwr$\$flatten\core.\k_constants_inst.$auto$proc_rom.cc:155:do_switch$1601$gold_gate.v:600$65_EN' from process `\gate.$proc$gold_gate.v:549$736'.
No latch inferred for signal `\gate.$memwr$\$flatten\core.\k_constants_inst.$auto$proc_rom.cc:155:do_switch$1601$gold_gate.v:601$66_EN' from process `\gate.$proc$gold_gate.v:549$736'.
No latch inferred for signal `\gate.$memwr$\$flatten\core.\k_constants_inst.$auto$proc_rom.cc:155:do_switch$1601$gold_gate.v:602$67_EN' from process `\gate.$proc$gold_gate.v:549$736'.
No latch inferred for signal `\gate.$memwr$\$flatten\core.\k_constants_inst.$auto$proc_rom.cc:155:do_switch$1601$gold_gate.v:603$68_EN' from process `\gate.$proc$gold_gate.v:549$736'.
No latch inferred for signal `\gate.$memwr$\$flatten\core.\k_constants_inst.$auto$proc_rom.cc:155:do_switch$1601$gold_gate.v:604$69_EN' from process `\gate.$proc$gold_gate.v:549$736'.
No latch inferred for signal `\gate.$memwr$\$flatten\core.\k_constants_inst.$auto$proc_rom.cc:155:do_switch$1601$gold_gate.v:605$70_EN' from process `\gate.$proc$gold_gate.v:549$736'.
No latch inferred for signal `\gate.$memwr$\$flatten\core.\k_constants_inst.$auto$proc_rom.cc:155:do_switch$1601$gold_gate.v:606$71_EN' from process `\gate.$proc$gold_gate.v:549$736'.
No latch inferred for signal `\gate.$memwr$\$flatten\core.\k_constants_inst.$auto$proc_rom.cc:155:do_switch$1601$gold_gate.v:607$72_EN' from process `\gate.$proc$gold_gate.v:549$736'.
No latch inferred for signal `\gate.$memwr$\$flatten\core.\k_constants_inst.$auto$proc_rom.cc:155:do_switch$1601$gold_gate.v:608$73_EN' from process `\gate.$proc$gold_gate.v:549$736'.
No latch inferred for signal `\gate.$memwr$\$flatten\core.\k_constants_inst.$auto$proc_rom.cc:155:do_switch$1601$gold_gate.v:609$74_EN' from process `\gate.$proc$gold_gate.v:549$736'.
No latch inferred for signal `\gate.$memwr$\$flatten\core.\k_constants_inst.$auto$proc_rom.cc:155:do_switch$1601$gold_gate.v:610$75_EN' from process `\gate.$proc$gold_gate.v:549$736'.
No latch inferred for signal `\gate.$memwr$\$flatten\core.\k_constants_inst.$auto$proc_rom.cc:155:do_switch$1601$gold_gate.v:611$76_EN' from process `\gate.$proc$gold_gate.v:549$736'.
No latch inferred for signal `\gate.$memwr$\$flatten\core.\k_constants_inst.$auto$proc_rom.cc:155:do_switch$1601$gold_gate.v:612$77_EN' from process `\gate.$proc$gold_gate.v:549$736'.
No latch inferred for signal `\gate.$memwr$\$flatten\core.\k_constants_inst.$auto$proc_rom.cc:155:do_switch$1601$gold_gate.v:613$78_EN' from process `\gate.$proc$gold_gate.v:549$736'.
No latch inferred for signal `\gate.\_765_$func$gold_gate.v:1274$7.$result' from process `\gate.$proc$gold_gate.v:1274$666'.
No latch inferred for signal `\gate.\_754_$func$gold_gate.v:1222$6.$result' from process `\gate.$proc$gold_gate.v:1222$659'.
No latch inferred for signal `\gate.\_683_$func$gold_gate.v:1088$5.$result' from process `\gate.$proc$gold_gate.v:1088$653'.
No latch inferred for signal `\gate.\_482_$func$gold_gate.v:816$4.$result' from process `\gate.$proc$gold_gate.v:816$647'.
No latch inferred for signal `\gate.\_479_$func$gold_gate.v:798$3.$result' from process `\gate.$proc$gold_gate.v:798$641'.
No latch inferred for signal `\gate.\_476_$func$gold_gate.v:782$2.$result' from process `\gate.$proc$gold_gate.v:782$635'.
No latch inferred for signal `\gate.\_473_$func$gold_gate.v:766$1.$result' from process `\gate.$proc$gold_gate.v:766$629'.

3.2.9. Executing PROC_DFF pass (convert process syncs to FFs).
Creating register for signal `\gold.\block_reg[15]' using process `\gold.$proc$gold_gate.v:2614$1308'.
  created $adff cell `$procdff$1739' with positive edge clock and positive level reset.
Creating register for signal `\gold.\block_reg[14]' using process `\gold.$proc$gold_gate.v:2611$1306'.
  created $adff cell `$procdff$1744' with positive edge clock and positive level reset.
Creating register for signal `\gold.\block_reg[13]' using process `\gold.$proc$gold_gate.v:2608$1304'.
  created $adff cell `$procdff$1749' with positive edge clock and positive level reset.
Creating register for signal `\gold.\block_reg[12]' using process `\gold.$proc$gold_gate.v:2605$1302'.
  created $adff cell `$procdff$1754' with positive edge clock and positive level reset.
Creating register for signal `\gold.\block_reg[11]' using process `\gold.$proc$gold_gate.v:2602$1300'.
  created $adff cell `$procdff$1759' with positive edge clock and positive level reset.
Creating register for signal `\gold.\block_reg[10]' using process `\gold.$proc$gold_gate.v:2599$1298'.
  created $adff cell `$procdff$1764' with positive edge clock and positive level reset.
Creating register for signal `\gold.\block_reg[9]' using process `\gold.$proc$gold_gate.v:2596$1296'.
  created $adff cell `$procdff$1769' with positive edge clock and positive level reset.
Creating register for signal `\gold.\block_reg[8]' using process `\gold.$proc$gold_gate.v:2593$1294'.
  created $adff cell `$procdff$1774' with positive edge clock and positive level reset.
Creating register for signal `\gold.\block_reg[7]' using process `\gold.$proc$gold_gate.v:2590$1292'.
  created $adff cell `$procdff$1779' with positive edge clock and positive level reset.
Creating register for signal `\gold.\block_reg[6]' using process `\gold.$proc$gold_gate.v:2587$1290'.
  created $adff cell `$procdff$1784' with positive edge clock and positive level reset.
Creating register for signal `\gold.\block_reg[5]' using process `\gold.$proc$gold_gate.v:2584$1288'.
  created $adff cell `$procdff$1789' with positive edge clock and positive level reset.
Creating register for signal `\gold.\block_reg[4]' using process `\gold.$proc$gold_gate.v:2581$1286'.
  created $adff cell `$procdff$1794' with positive edge clock and positive level reset.
Creating register for signal `\gold.\block_reg[3]' using process `\gold.$proc$gold_gate.v:2578$1284'.
  created $adff cell `$procdff$1799' with positive edge clock and positive level reset.
Creating register for signal `\gold.\block_reg[2]' using process `\gold.$proc$gold_gate.v:2575$1282'.
  created $adff cell `$procdff$1804' with positive edge clock and positive level reset.
Creating register for signal `\gold.\block_reg[1]' using process `\gold.$proc$gold_gate.v:2572$1280'.
  created $adff cell `$procdff$1809' with positive edge clock and positive level reset.
Creating register for signal `\gold.\block_reg[0]' using process `\gold.$proc$gold_gate.v:2569$1278'.
  created $adff cell `$procdff$1814' with positive edge clock and positive level reset.
Creating register for signal `\gold.\digest_valid_reg' using process `\gold.$proc$gold_gate.v:2566$1276'.
  created $adff cell `$procdff$1819' with positive edge clock and positive level reset.
Creating register for signal `\gold.\digest_reg' using process `\gold.$proc$gold_gate.v:2563$1274'.
  created $adff cell `$procdff$1824' with positive edge clock and positive level reset.
Creating register for signal `\gold.\ready_reg' using process `\gold.$proc$gold_gate.v:2560$1272'.
  created $adff cell `$procdff$1829' with positive edge clock and positive level reset.
Creating register for signal `\gold.\mode_reg' using process `\gold.$proc$gold_gate.v:2557$1270'.
  created $adff cell `$procdff$1834' with positive edge clock and positive level reset.
Creating register for signal `\gold.\next_reg' using process `\gold.$proc$gold_gate.v:2554$1268'.
  created $adff cell `$procdff$1839' with positive edge clock and positive level reset.
Creating register for signal `\gold.\init_reg' using process `\gold.$proc$gold_gate.v:2551$1266'.
  created $adff cell `$procdff$1844' with positive edge clock and positive level reset.
Creating register for signal `\gold.\core.w_mem_inst.w_mem[15]' using process `\gold.$proc$gold_gate.v:2424$1182'.
  created $adff cell `$procdff$1849' with positive edge clock and positive level reset.
Creating register for signal `\gold.\core.w_mem_inst.w_mem[14]' using process `\gold.$proc$gold_gate.v:2421$1180'.
  created $adff cell `$procdff$1854' with positive edge clock and positive level reset.
Creating register for signal `\gold.\core.w_mem_inst.w_mem[13]' using process `\gold.$proc$gold_gate.v:2418$1178'.
  created $adff cell `$procdff$1859' with positive edge clock and positive level reset.
Creating register for signal `\gold.\core.w_mem_inst.w_mem[12]' using process `\gold.$proc$gold_gate.v:2415$1176'.
  created $adff cell `$procdff$1864' with positive edge clock and positive level reset.
Creating register for signal `\gold.\core.w_mem_inst.w_mem[11]' using process `\gold.$proc$gold_gate.v:2412$1174'.
  created $adff cell `$procdff$1869' with positive edge clock and positive level reset.
Creating register for signal `\gold.\core.w_mem_inst.w_mem[10]' using process `\gold.$proc$gold_gate.v:2409$1172'.
  created $adff cell `$procdff$1874' with positive edge clock and positive level reset.
Creating register for signal `\gold.\core.w_mem_inst.w_mem[9]' using process `\gold.$proc$gold_gate.v:2406$1170'.
  created $adff cell `$procdff$1879' with positive edge clock and positive level reset.
Creating register for signal `\gold.\core.w_mem_inst.w_mem[8]' using process `\gold.$proc$gold_gate.v:2403$1168'.
  created $adff cell `$procdff$1884' with positive edge clock and positive level reset.
Creating register for signal `\gold.\core.w_mem_inst.w_mem[7]' using process `\gold.$proc$gold_gate.v:2400$1166'.
  created $adff cell `$procdff$1889' with positive edge clock and positive level reset.
Creating register for signal `\gold.\core.w_mem_inst.w_mem[6]' using process `\gold.$proc$gold_gate.v:2397$1164'.
  created $adff cell `$procdff$1894' with positive edge clock and positive level reset.
Creating register for signal `\gold.\core.w_mem_inst.w_mem[5]' using process `\gold.$proc$gold_gate.v:2394$1162'.
  created $adff cell `$procdff$1899' with positive edge clock and positive level reset.
Creating register for signal `\gold.\core.w_mem_inst.w_mem[4]' using process `\gold.$proc$gold_gate.v:2391$1160'.
  created $adff cell `$procdff$1904' with positive edge clock and positive level reset.
Creating register for signal `\gold.\core.w_mem_inst.w_mem[3]' using process `\gold.$proc$gold_gate.v:2388$1158'.
  created $adff cell `$procdff$1909' with positive edge clock and positive level reset.
Creating register for signal `\gold.\core.w_mem_inst.w_mem[2]' using process `\gold.$proc$gold_gate.v:2385$1156'.
  created $adff cell `$procdff$1914' with positive edge clock and positive level reset.
Creating register for signal `\gold.\core.w_mem_inst.w_mem[1]' using process `\gold.$proc$gold_gate.v:2382$1154'.
  created $adff cell `$procdff$1919' with positive edge clock and positive level reset.
Creating register for signal `\gold.\core.w_mem_inst.w_mem[0]' using process `\gold.$proc$gold_gate.v:2379$1152'.
  created $adff cell `$procdff$1924' with positive edge clock and positive level reset.
Creating register for signal `\gold.\core.sha256_ctrl_reg' using process `\gold.$proc$gold_gate.v:2109$941'.
  created $adff cell `$procdff$1929' with positive edge clock and positive level reset.
Creating register for signal `\gold.\core.t_ctr_reg' using process `\gold.$proc$gold_gate.v:2106$939'.
  created $adff cell `$procdff$1934' with positive edge clock and positive level reset.
Creating register for signal `\gold.\core.H7_reg' using process `\gold.$proc$gold_gate.v:2103$937'.
  created $adff cell `$procdff$1939' with positive edge clock and positive level reset.
Creating register for signal `\gold.\core.H6_reg' using process `\gold.$proc$gold_gate.v:2100$935'.
  created $adff cell `$procdff$1944' with positive edge clock and positive level reset.
Creating register for signal `\gold.\core.H5_reg' using process `\gold.$proc$gold_gate.v:2097$933'.
  created $adff cell `$procdff$1949' with positive edge clock and positive level reset.
Creating register for signal `\gold.\core.H4_reg' using process `\gold.$proc$gold_gate.v:2094$931'.
  created $adff cell `$procdff$1954' with positive edge clock and positive level reset.
Creating register for signal `\gold.\core.H3_reg' using process `\gold.$proc$gold_gate.v:2091$929'.
  created $adff cell `$procdff$1959' with positive edge clock and positive level reset.
Creating register for signal `\gold.\core.H2_reg' using process `\gold.$proc$gold_gate.v:2088$927'.
  created $adff cell `$procdff$1964' with positive edge clock and positive level reset.
Creating register for signal `\gold.\core.H1_reg' using process `\gold.$proc$gold_gate.v:2085$925'.
  created $adff cell `$procdff$1969' with positive edge clock and positive level reset.
Creating register for signal `\gold.\core.H0_reg' using process `\gold.$proc$gold_gate.v:2082$923'.
  created $adff cell `$procdff$1974' with positive edge clock and positive level reset.
Creating register for signal `\gold.\core.h_reg' using process `\gold.$proc$gold_gate.v:2079$921'.
  created $adff cell `$procdff$1979' with positive edge clock and positive level reset.
Creating register for signal `\gold.\core.g_reg' using process `\gold.$proc$gold_gate.v:2076$919'.
  created $adff cell `$procdff$1984' with positive edge clock and positive level reset.
Creating register for signal `\gold.\core.f_reg' using process `\gold.$proc$gold_gate.v:2073$917'.
  created $adff cell `$procdff$1989' with positive edge clock and positive level reset.
Creating register for signal `\gold.\core.e_reg' using process `\gold.$proc$gold_gate.v:2070$915'.
  created $adff cell `$procdff$1994' with positive edge clock and positive level reset.
Creating register for signal `\gold.\core.d_reg' using process `\gold.$proc$gold_gate.v:2067$913'.
  created $adff cell `$procdff$1999' with positive edge clock and positive level reset.
Creating register for signal `\gold.\core.c_reg' using process `\gold.$proc$gold_gate.v:2064$911'.
  created $adff cell `$procdff$2004' with positive edge clock and positive level reset.
Creating register for signal `\gold.\core.b_reg' using process `\gold.$proc$gold_gate.v:2061$909'.
  created $adff cell `$procdff$2009' with positive edge clock and positive level reset.
Creating register for signal `\gold.\core.a_reg' using process `\gold.$proc$gold_gate.v:2058$907'.
  created $adff cell `$procdff$2014' with positive edge clock and positive level reset.
Creating register for signal `\gold.\core.digest_valid_reg' using process `\gold.$proc$gold_gate.v:2055$905'.
  created $adff cell `$procdff$2019' with positive edge clock and positive level reset.
Creating register for signal `\gate.\block_reg[15]' using process `\gate.$proc$gold_gate.v:1200$508'.
  created $adff cell `$procdff$2024' with positive edge clock and positive level reset.
Creating register for signal `\gate.\block_reg[14]' using process `\gate.$proc$gold_gate.v:1197$506'.
  created $adff cell `$procdff$2029' with positive edge clock and positive level reset.
Creating register for signal `\gate.\block_reg[13]' using process `\gate.$proc$gold_gate.v:1194$504'.
  created $adff cell `$procdff$2034' with positive edge clock and positive level reset.
Creating register for signal `\gate.\block_reg[12]' using process `\gate.$proc$gold_gate.v:1191$502'.
  created $adff cell `$procdff$2039' with positive edge clock and positive level reset.
Creating register for signal `\gate.\block_reg[11]' using process `\gate.$proc$gold_gate.v:1188$500'.
  created $adff cell `$procdff$2044' with positive edge clock and positive level reset.
Creating register for signal `\gate.\block_reg[10]' using process `\gate.$proc$gold_gate.v:1185$498'.
  created $adff cell `$procdff$2049' with positive edge clock and positive level reset.
Creating register for signal `\gate.\block_reg[9]' using process `\gate.$proc$gold_gate.v:1182$496'.
  created $adff cell `$procdff$2054' with positive edge clock and positive level reset.
Creating register for signal `\gate.\block_reg[8]' using process `\gate.$proc$gold_gate.v:1179$494'.
  created $adff cell `$procdff$2059' with positive edge clock and positive level reset.
Creating register for signal `\gate.\block_reg[7]' using process `\gate.$proc$gold_gate.v:1176$492'.
  created $adff cell `$procdff$2064' with positive edge clock and positive level reset.
Creating register for signal `\gate.\block_reg[6]' using process `\gate.$proc$gold_gate.v:1173$490'.
  created $adff cell `$procdff$2069' with positive edge clock and positive level reset.
Creating register for signal `\gate.\block_reg[5]' using process `\gate.$proc$gold_gate.v:1170$488'.
  created $adff cell `$procdff$2074' with positive edge clock and positive level reset.
Creating register for signal `\gate.\block_reg[4]' using process `\gate.$proc$gold_gate.v:1167$486'.
  created $adff cell `$procdff$2079' with positive edge clock and positive level reset.
Creating register for signal `\gate.\block_reg[3]' using process `\gate.$proc$gold_gate.v:1164$484'.
  created $adff cell `$procdff$2084' with positive edge clock and positive level reset.
Creating register for signal `\gate.\block_reg[2]' using process `\gate.$proc$gold_gate.v:1161$482'.
  created $adff cell `$procdff$2089' with positive edge clock and positive level reset.
Creating register for signal `\gate.\block_reg[1]' using process `\gate.$proc$gold_gate.v:1158$480'.
  created $adff cell `$procdff$2094' with positive edge clock and positive level reset.
Creating register for signal `\gate.\block_reg[0]' using process `\gate.$proc$gold_gate.v:1155$478'.
  created $adff cell `$procdff$2099' with positive edge clock and positive level reset.
Creating register for signal `\gate.\digest_valid_reg' using process `\gate.$proc$gold_gate.v:1152$476'.
  created $adff cell `$procdff$2104' with positive edge clock and positive level reset.
Creating register for signal `\gate.\digest_reg' using process `\gate.$proc$gold_gate.v:1149$474'.
  created $adff cell `$procdff$2109' with positive edge clock and positive level reset.
Creating register for signal `\gate.\ready_reg' using process `\gate.$proc$gold_gate.v:1146$472'.
  created $adff cell `$procdff$2114' with positive edge clock and positive level reset.
Creating register for signal `\gate.\mode_reg' using process `\gate.$proc$gold_gate.v:1143$470'.
  created $adff cell `$procdff$2119' with positive edge clock and positive level reset.
Creating register for signal `\gate.\next_reg' using process `\gate.$proc$gold_gate.v:1140$468'.
  created $adff cell `$procdff$2124' with positive edge clock and positive level reset.
Creating register for signal `\gate.\init_reg' using process `\gate.$proc$gold_gate.v:1137$466'.
  created $adff cell `$procdff$2129' with positive edge clock and positive level reset.
Creating register for signal `\gate.\core.w_mem_inst.w_mem[0]' using process `\gate.$proc$gold_gate.v:1010$382'.
  created $adff cell `$procdff$2134' with positive edge clock and positive level reset.
Creating register for signal `\gate.\core.w_mem_inst.w_mem[1]' using process `\gate.$proc$gold_gate.v:1007$380'.
  created $adff cell `$procdff$2139' with positive edge clock and positive level reset.
Creating register for signal `\gate.\core.w_mem_inst.w_mem[2]' using process `\gate.$proc$gold_gate.v:1004$378'.
  created $adff cell `$procdff$2144' with positive edge clock and positive level reset.
Creating register for signal `\gate.\core.w_mem_inst.w_mem[3]' using process `\gate.$proc$gold_gate.v:1001$376'.
  created $adff cell `$procdff$2149' with positive edge clock and positive level reset.
Creating register for signal `\gate.\core.w_mem_inst.w_mem[4]' using process `\gate.$proc$gold_gate.v:998$374'.
  created $adff cell `$procdff$2154' with positive edge clock and positive level reset.
Creating register for signal `\gate.\core.w_mem_inst.w_mem[5]' using process `\gate.$proc$gold_gate.v:995$372'.
  created $adff cell `$procdff$2159' with positive edge clock and positive level reset.
Creating register for signal `\gate.\core.w_mem_inst.w_mem[6]' using process `\gate.$proc$gold_gate.v:992$370'.
  created $adff cell `$procdff$2164' with positive edge clock and positive level reset.
Creating register for signal `\gate.\core.w_mem_inst.w_mem[7]' using process `\gate.$proc$gold_gate.v:989$368'.
  created $adff cell `$procdff$2169' with positive edge clock and positive level reset.
Creating register for signal `\gate.\core.w_mem_inst.w_mem[8]' using process `\gate.$proc$gold_gate.v:986$366'.
  created $adff cell `$procdff$2174' with positive edge clock and positive level reset.
Creating register for signal `\gate.\core.w_mem_inst.w_mem[9]' using process `\gate.$proc$gold_gate.v:983$364'.
  created $adff cell `$procdff$2179' with positive edge clock and positive level reset.
Creating register for signal `\gate.\core.w_mem_inst.w_mem[10]' using process `\gate.$proc$gold_gate.v:980$362'.
  created $adff cell `$procdff$2184' with positive edge clock and positive level reset.
Creating register for signal `\gate.\core.w_mem_inst.w_mem[11]' using process `\gate.$proc$gold_gate.v:977$360'.
  created $adff cell `$procdff$2189' with positive edge clock and positive level reset.
Creating register for signal `\gate.\core.w_mem_inst.w_mem[12]' using process `\gate.$proc$gold_gate.v:974$358'.
  created $adff cell `$procdff$2194' with positive edge clock and positive level reset.
Creating register for signal `\gate.\core.w_mem_inst.w_mem[13]' using process `\gate.$proc$gold_gate.v:971$356'.
  created $adff cell `$procdff$2199' with positive edge clock and positive level reset.
Creating register for signal `\gate.\core.w_mem_inst.w_mem[14]' using process `\gate.$proc$gold_gate.v:968$354'.
  created $adff cell `$procdff$2204' with positive edge clock and positive level reset.
Creating register for signal `\gate.\core.w_mem_inst.w_mem[15]' using process `\gate.$proc$gold_gate.v:965$352'.
  created $adff cell `$procdff$2209' with positive edge clock and positive level reset.
Creating register for signal `\gate.\core.a_reg' using process `\gate.$proc$gold_gate.v:695$141'.
  created $adff cell `$procdff$2214' with positive edge clock and positive level reset.
Creating register for signal `\gate.\core.b_reg' using process `\gate.$proc$gold_gate.v:692$139'.
  created $adff cell `$procdff$2219' with positive edge clock and positive level reset.
Creating register for signal `\gate.\core.c_reg' using process `\gate.$proc$gold_gate.v:689$137'.
  created $adff cell `$procdff$2224' with positive edge clock and positive level reset.
Creating register for signal `\gate.\core.d_reg' using process `\gate.$proc$gold_gate.v:686$135'.
  created $adff cell `$procdff$2229' with positive edge clock and positive level reset.
Creating register for signal `\gate.\core.e_reg' using process `\gate.$proc$gold_gate.v:683$133'.
  created $adff cell `$procdff$2234' with positive edge clock and positive level reset.
Creating register for signal `\gate.\core.f_reg' using process `\gate.$proc$gold_gate.v:680$131'.
  created $adff cell `$procdff$2239' with positive edge clock and positive level reset.
Creating register for signal `\gate.\core.g_reg' using process `\gate.$proc$gold_gate.v:677$129'.
  created $adff cell `$procdff$2244' with positive edge clock and positive level reset.
Creating register for signal `\gate.\core.h_reg' using process `\gate.$proc$gold_gate.v:674$127'.
  created $adff cell `$procdff$2249' with positive edge clock and positive level reset.
Creating register for signal `\gate.\core.H0_reg' using process `\gate.$proc$gold_gate.v:671$125'.
  created $adff cell `$procdff$2254' with positive edge clock and positive level reset.
Creating register for signal `\gate.\core.H1_reg' using process `\gate.$proc$gold_gate.v:668$123'.
  created $adff cell `$procdff$2259' with positive edge clock and positive level reset.
Creating register for signal `\gate.\core.H2_reg' using process `\gate.$proc$gold_gate.v:665$121'.
  created $adff cell `$procdff$2264' with positive edge clock and positive level reset.
Creating register for signal `\gate.\core.H3_reg' using process `\gate.$proc$gold_gate.v:662$119'.
  created $adff cell `$procdff$2269' with positive edge clock and positive level reset.
Creating register for signal `\gate.\core.H4_reg' using process `\gate.$proc$gold_gate.v:659$117'.
  created $adff cell `$procdff$2274' with positive edge clock and positive level reset.
Creating register for signal `\gate.\core.H5_reg' using process `\gate.$proc$gold_gate.v:656$115'.
  created $adff cell `$procdff$2279' with positive edge clock and positive level reset.
Creating register for signal `\gate.\core.H6_reg' using process `\gate.$proc$gold_gate.v:653$113'.
  created $adff cell `$procdff$2284' with positive edge clock and positive level reset.
Creating register for signal `\gate.\core.H7_reg' using process `\gate.$proc$gold_gate.v:650$111'.
  created $adff cell `$procdff$2289' with positive edge clock and positive level reset.
Creating register for signal `\gate.\core.t_ctr_reg' using process `\gate.$proc$gold_gate.v:647$109'.
  created $adff cell `$procdff$2294' with positive edge clock and positive level reset.
Creating register for signal `\gate.\core.sha256_ctrl_reg' using process `\gate.$proc$gold_gate.v:644$107'.
  created $adff cell `$procdff$2299' with positive edge clock and positive level reset.
Creating register for signal `\gate.\core.digest_valid_reg' using process `\gate.$proc$gold_gate.v:641$105'.
  created $adff cell `$procdff$2304' with positive edge clock and positive level reset.

3.2.10. Executing PROC_MEMWR pass (convert process memory writes to cells).

3.2.11. Executing PROC_CLEAN pass (remove empty switches from decision trees).
Found and cleaned up 1 empty switch in `\__eqcheck_top.$proc$eqcheck_wrapper.v:39$1602'.
Removing empty process `__eqcheck_top.$proc$eqcheck_wrapper.v:39$1602'.
Removing empty process `gold.$proc$gold_gate.v:1963$1536'.
Found and cleaned up 1 empty switch in `\gold.$proc$gold_gate.v:2734$1466'.
Removing empty process `gold.$proc$gold_gate.v:2734$1466'.
Found and cleaned up 1 empty switch in `\gold.$proc$gold_gate.v:2682$1459'.
Removing empty process `gold.$proc$gold_gate.v:2682$1459'.
Found and cleaned up 1 empty switch in `\gold.$proc$gold_gate.v:2502$1453'.
Removing empty process `gold.$proc$gold_gate.v:2502$1453'.
Found and cleaned up 1 empty switch in `\gold.$proc$gold_gate.v:2233$1447'.
Removing empty process `gold.$proc$gold_gate.v:2233$1447'.
Found and cleaned up 1 empty switch in `\gold.$proc$gold_gate.v:2217$1441'.
Removing empty process `gold.$proc$gold_gate.v:2217$1441'.
Found and cleaned up 1 empty switch in `\gold.$proc$gold_gate.v:2201$1435'.
Removing empty process `gold.$proc$gold_gate.v:2201$1435'.
Found and cleaned up 1 empty switch in `\gold.$proc$gold_gate.v:2184$1429'.
Removing empty process `gold.$proc$gold_gate.v:2184$1429'.
Removing empty process `gold.$proc$gold_gate.v:2614$1308'.
Removing empty process `gold.$proc$gold_gate.v:2611$1306'.
Removing empty process `gold.$proc$gold_gate.v:2608$1304'.
Removing empty process `gold.$proc$gold_gate.v:2605$1302'.
Removing empty process `gold.$proc$gold_gate.v:2602$1300'.
Removing empty process `gold.$proc$gold_gate.v:2599$1298'.
Removing empty process `gold.$proc$gold_gate.v:2596$1296'.
Removing empty process `gold.$proc$gold_gate.v:2593$1294'.
Removing empty process `gold.$proc$gold_gate.v:2590$1292'.
Removing empty process `gold.$proc$gold_gate.v:2587$1290'.
Removing empty process `gold.$proc$gold_gate.v:2584$1288'.
Removing empty process `gold.$proc$gold_gate.v:2581$1286'.
Removing empty process `gold.$proc$gold_gate.v:2578$1284'.
Removing empty process `gold.$proc$gold_gate.v:2575$1282'.
Removing empty process `gold.$proc$gold_gate.v:2572$1280'.
Removing empty process `gold.$proc$gold_gate.v:2569$1278'.
Removing empty process `gold.$proc$gold_gate.v:2566$1276'.
Removing empty process `gold.$proc$gold_gate.v:2563$1274'.
Removing empty process `gold.$proc$gold_gate.v:2560$1272'.
Removing empty process `gold.$proc$gold_gate.v:2557$1270'.
Removing empty process `gold.$proc$gold_gate.v:2554$1268'.
Removing empty process `gold.$proc$gold_gate.v:2551$1266'.
Removing empty process `gold.$proc$gold_gate.v:2424$1182'.
Removing empty process `gold.$proc$gold_gate.v:2421$1180'.
Removing empty process `gold.$proc$gold_gate.v:2418$1178'.
Removing empty process `gold.$proc$gold_gate.v:2415$1176'.
Removing empty process `gold.$proc$gold_gate.v:2412$1174'.
Removing empty process `gold.$proc$gold_gate.v:2409$1172'.
Removing empty process `gold.$proc$gold_gate.v:2406$1170'.
Removing empty process `gold.$proc$gold_gate.v:2403$1168'.
Removing empty process `gold.$proc$gold_gate.v:2400$1166'.
Removing empty process `gold.$proc$gold_gate.v:2397$1164'.
Removing empty process `gold.$proc$gold_gate.v:2394$1162'.
Removing empty process `gold.$proc$gold_gate.v:2391$1160'.
Removing empty process `gold.$proc$gold_gate.v:2388$1158'.
Removing empty process `gold.$proc$gold_gate.v:2385$1156'.
Removing empty process `gold.$proc$gold_gate.v:2382$1154'.
Removing empty process `gold.$proc$gold_gate.v:2379$1152'.
Removing empty process `gold.$proc$gold_gate.v:2109$941'.
Removing empty process `gold.$proc$gold_gate.v:2106$939'.
Removing empty process `gold.$proc$gold_gate.v:2103$937'.
Removing empty process `gold.$proc$gold_gate.v:2100$935'.
Removing empty process `gold.$proc$gold_gate.v:2097$933'.
Removing empty process `gold.$proc$gold_gate.v:2094$931'.
Removing empty process `gold.$proc$gold_gate.v:2091$929'.
Removing empty process `gold.$proc$gold_gate.v:2088$927'.
Removing empty process `gold.$proc$gold_gate.v:2085$925'.
Removing empty process `gold.$proc$gold_gate.v:2082$923'.
Removing empty process `gold.$proc$gold_gate.v:2079$921'.
Removing empty process `gold.$proc$gold_gate.v:2076$919'.
Removing empty process `gold.$proc$gold_gate.v:2073$917'.
Removing empty process `gold.$proc$gold_gate.v:2070$915'.
Removing empty process `gold.$proc$gold_gate.v:2067$913'.
Removing empty process `gold.$proc$gold_gate.v:2064$911'.
Removing empty process `gold.$proc$gold_gate.v:2061$909'.
Removing empty process `gold.$proc$gold_gate.v:2058$907'.
Removing empty process `gold.$proc$gold_gate.v:2055$905'.
Removing empty process `gate.$proc$gold_gate.v:549$736'.
Found and cleaned up 1 empty switch in `\gate.$proc$gold_gate.v:1274$666'.
Removing empty process `gate.$proc$gold_gate.v:1274$666'.
Found and cleaned up 1 empty switch in `\gate.$proc$gold_gate.v:1222$659'.
Removing empty process `gate.$proc$gold_gate.v:1222$659'.
Found and cleaned up 1 empty switch in `\gate.$proc$gold_gate.v:1088$653'.
Removing empty process `gate.$proc$gold_gate.v:1088$653'.
Found and cleaned up 1 empty switch in `\gate.$proc$gold_gate.v:816$647'.
Removing empty process `gate.$proc$gold_gate.v:816$647'.
Found and cleaned up 1 empty switch in `\gate.$proc$gold_gate.v:798$641'.
Removing empty process `gate.$proc$gold_gate.v:798$641'.
Found and cleaned up 1 empty switch in `\gate.$proc$gold_gate.v:782$635'.
Removing empty process `gate.$proc$gold_gate.v:782$635'.
Found and cleaned up 1 empty switch in `\gate.$proc$gold_gate.v:766$629'.
Removing empty process `gate.$proc$gold_gate.v:766$629'.
Removing empty process `gate.$proc$gold_gate.v:1200$508'.
Removing empty process `gate.$proc$gold_gate.v:1197$506'.
Removing empty process `gate.$proc$gold_gate.v:1194$504'.
Removing empty process `gate.$proc$gold_gate.v:1191$502'.
Removing empty process `gate.$proc$gold_gate.v:1188$500'.
Removing empty process `gate.$proc$gold_gate.v:1185$498'.
Removing empty process `gate.$proc$gold_gate.v:1182$496'.
Removing empty process `gate.$proc$gold_gate.v:1179$494'.
Removing empty process `gate.$proc$gold_gate.v:1176$492'.
Removing empty process `gate.$proc$gold_gate.v:1173$490'.
Removing empty process `gate.$proc$gold_gate.v:1170$488'.
Removing empty process `gate.$proc$gold_gate.v:1167$486'.
Removing empty process `gate.$proc$gold_gate.v:1164$484'.
Removing empty process `gate.$proc$gold_gate.v:1161$482'.
Removing empty process `gate.$proc$gold_gate.v:1158$480'.
Removing empty process `gate.$proc$gold_gate.v:1155$478'.
Removing empty process `gate.$proc$gold_gate.v:1152$476'.
Removing empty process `gate.$proc$gold_gate.v:1149$474'.
Removing empty process `gate.$proc$gold_gate.v:1146$472'.
Removing empty process `gate.$proc$gold_gate.v:1143$470'.
Removing empty process `gate.$proc$gold_gate.v:1140$468'.
Removing empty process `gate.$proc$gold_gate.v:1137$466'.
Removing empty process `gate.$proc$gold_gate.v:1010$382'.
Removing empty process `gate.$proc$gold_gate.v:1007$380'.
Removing empty process `gate.$proc$gold_gate.v:1004$378'.
Removing empty process `gate.$proc$gold_gate.v:1001$376'.
Removing empty process `gate.$proc$gold_gate.v:998$374'.
Removing empty process `gate.$proc$gold_gate.v:995$372'.
Removing empty process `gate.$proc$gold_gate.v:992$370'.
Removing empty process `gate.$proc$gold_gate.v:989$368'.
Removing empty process `gate.$proc$gold_gate.v:986$366'.
Removing empty process `gate.$proc$gold_gate.v:983$364'.
Removing empty process `gate.$proc$gold_gate.v:980$362'.
Removing empty process `gate.$proc$gold_gate.v:977$360'.
Removing empty process `gate.$proc$gold_gate.v:974$358'.
Removing empty process `gate.$proc$gold_gate.v:971$356'.
Removing empty process `gate.$proc$gold_gate.v:968$354'.
Removing empty process `gate.$proc$gold_gate.v:965$352'.
Removing empty process `gate.$proc$gold_gate.v:695$141'.
Removing empty process `gate.$proc$gold_gate.v:692$139'.
Removing empty process `gate.$proc$gold_gate.v:689$137'.
Removing empty process `gate.$proc$gold_gate.v:686$135'.
Removing empty process `gate.$proc$gold_gate.v:683$133'.
Removing empty process `gate.$proc$gold_gate.v:680$131'.
Removing empty process `gate.$proc$gold_gate.v:677$129'.
Removing empty process `gate.$proc$gold_gate.v:674$127'.
Removing empty process `gate.$proc$gold_gate.v:671$125'.
Removing empty process `gate.$proc$gold_gate.v:668$123'.
Removing empty process `gate.$proc$gold_gate.v:665$121'.
Removing empty process `gate.$proc$gold_gate.v:662$119'.
Removing empty process `gate.$proc$gold_gate.v:659$117'.
Removing empty process `gate.$proc$gold_gate.v:656$115'.
Removing empty process `gate.$proc$gold_gate.v:653$113'.
Removing empty process `gate.$proc$gold_gate.v:650$111'.
Removing empty process `gate.$proc$gold_gate.v:647$109'.
Removing empty process `gate.$proc$gold_gate.v:644$107'.
Removing empty process `gate.$proc$gold_gate.v:641$105'.
Cleaned up 15 empty switches.

3.2.12. Executing OPT_EXPR pass (perform const folding).
Optimizing module __eqcheck_top.
Optimizing module gold.
<suppressed ~114 debug messages>
Optimizing module gate.
<suppressed ~114 debug messages>

3.3. Executing FUTURE pass.

3.4. Executing OPT_EXPR pass (perform const folding).
Optimizing module __eqcheck_top.
Optimizing module gold.
Optimizing module gate.

3.5. Executing OPT_CLEAN pass (remove unused cells and wires).
Finding unused cells or wires in module \__eqcheck_top..
Finding unused cells or wires in module \gold..
Finding unused cells or wires in module \gate..
Removed 228 unused cells and 1794 unused wires.
<suppressed ~231 debug messages>

3.6. Executing CHECK pass (checking for obvious problems).
Checking module __eqcheck_top...
Checking module gold...
Checking module gate...
Found and reported 0 problems.

3.7. Executing OPT pass (performing simple optimizations).

3.7.1. Executing OPT_EXPR pass (perform const folding).
Optimizing module __eqcheck_top.
Optimizing module gold.
Optimizing module gate.

3.7.2. Executing OPT_MERGE pass (detect identical cells).
Finding identical cells in module `\__eqcheck_top'.
Computing hashes of 11 cells of `\__eqcheck_top'.
Finding duplicate cells in `\__eqcheck_top'.
Finding identical cells in module `\gold'.
Computing hashes of 564 cells of `\gold'.
Finding duplicate cells in `\gold'.
Computing hashes of 511 cells of `\gold'.
Finding duplicate cells in `\gold'.
Computing hashes of 510 cells of `\gold'.
Finding duplicate cells in `\gold'.
<suppressed ~162 debug messages>
Finding identical cells in module `\gate'.
Computing hashes of 564 cells of `\gate'.
Finding duplicate cells in `\gate'.
Computing hashes of 511 cells of `\gate'.
Finding duplicate cells in `\gate'.
Computing hashes of 510 cells of `\gate'.
Finding duplicate cells in `\gate'.
<suppressed ~162 debug messages>
Removed a total of 108 cells.

3.7.3. Executing OPT_MUXTREE pass (detect dead branches in mux trees).
Running muxtree optimizer on module \__eqcheck_top..
  Creating internal representation of mux trees.
  Evaluating internal representation of mux trees.
  Analyzing evaluation results.
Running muxtree optimizer on module \gold..
  Creating internal representation of mux trees.
  Evaluating internal representation of mux trees.
  Analyzing evaluation results.
    dead port 2/2 on $mux $ternary$gold_gate.v:2783$1414.
    dead port 2/2 on $mux $ternary$gold_gate.v:2781$1412.
    dead port 2/2 on $mux $ternary$gold_gate.v:2779$1410.
    dead port 2/2 on $mux $ternary$gold_gate.v:2777$1408.
    dead port 2/2 on $mux $ternary$gold_gate.v:2775$1406.
    dead port 2/2 on $mux $ternary$gold_gate.v:2773$1404.
    dead port 2/2 on $mux $ternary$gold_gate.v:2771$1402.
    dead port 2/2 on $mux $ternary$gold_gate.v:2770$1401.
    dead port 2/2 on $mux $ternary$gold_gate.v:2768$1399.
    dead port 2/2 on $mux $ternary$gold_gate.v:2767$1398.
    dead port 2/2 on $mux $ternary$gold_gate.v:2765$1396.
    dead port 2/2 on $mux $ternary$gold_gate.v:2764$1395.
    dead port 2/2 on $mux $ternary$gold_gate.v:2762$1393.
    dead port 2/2 on $mux $ternary$gold_gate.v:2761$1392.
    dead port 2/2 on $mux $ternary$gold_gate.v:2759$1390.
    dead port 2/2 on $mux $ternary$gold_gate.v:2758$1389.
    dead port 2/2 on $mux $ternary$gold_gate.v:2756$1387.
    dead port 1/2 on $mux $ternary$gold_gate.v:2755$1386.
    dead port 2/2 on $mux $ternary$gold_gate.v:2753$1384.
    dead port 1/2 on $mux $ternary$gold_gate.v:2752$1383.
    dead port 2/2 on $mux $ternary$gold_gate.v:2751$1382.
    dead port 2/2 on $mux $ternary$gold_gate.v:2692$1365.
    dead port 1/2 on $mux $ternary$gold_gate.v:2691$1364.
    dead port 2/2 on $mux $ternary$gold_gate.v:2689$1362.
    dead port 1/2 on $mux $ternary$gold_gate.v:2688$1361.
    dead port 2/2 on $mux $ternary$gold_gate.v:2519$1234.
    dead port 2/2 on $mux $ternary$gold_gate.v:2337$1110.
    dead port 2/2 on $mux $ternary$gold_gate.v:2335$1108.
    dead port 2/2 on $mux $ternary$gold_gate.v:2333$1106.
    dead port 2/2 on $mux $ternary$gold_gate.v:2331$1104.
    dead port 2/2 on $mux $ternary$gold_gate.v:2329$1102.
    dead port 2/2 on $mux $ternary$gold_gate.v:2327$1100.
    dead port 2/2 on $mux $ternary$gold_gate.v:2325$1098.
    dead port 2/2 on $mux $ternary$gold_gate.v:2323$1096.
    dead port 2/2 on $mux $ternary$gold_gate.v:2303$1076.
    dead port 2/2 on $mux $ternary$gold_gate.v:2301$1074.
    dead port 2/2 on $mux $ternary$gold_gate.v:2299$1072.
    dead port 2/2 on $mux $ternary$gold_gate.v:2297$1070.
    dead port 2/2 on $mux $ternary$gold_gate.v:2295$1068.
    dead port 2/2 on $mux $ternary$gold_gate.v:2293$1066.
    dead port 2/2 on $mux $ternary$gold_gate.v:2291$1064.
    dead port 2/2 on $mux $ternary$gold_gate.v:2289$1062.
    dead port 2/2 on $mux $ternary$gold_gate.v:2287$1060.
    dead port 2/2 on $mux $ternary$gold_gate.v:2286$1059.
    dead port 2/2 on $mux $ternary$gold_gate.v:2284$1057.
    dead port 2/2 on $mux $ternary$gold_gate.v:2283$1056.
    dead port 2/2 on $mux $ternary$gold_gate.v:2281$1054.
    dead port 2/2 on $mux $ternary$gold_gate.v:2280$1053.
    dead port 2/2 on $mux $ternary$gold_gate.v:2278$1051.
    dead port 2/2 on $mux $ternary$gold_gate.v:2277$1050.
    dead port 2/2 on $mux $ternary$gold_gate.v:2275$1048.
    dead port 2/2 on $mux $ternary$gold_gate.v:2274$1047.
    dead port 2/2 on $mux $ternary$gold_gate.v:2272$1045.
    dead port 2/2 on $mux $ternary$gold_gate.v:2271$1044.
    dead port 2/2 on $mux $ternary$gold_gate.v:2269$1042.
    dead port 2/2 on $mux $ternary$gold_gate.v:2268$1041.
    dead port 2/2 on $mux $ternary$gold_gate.v:2266$1039.
    dead port 2/2 on $mux $ternary$gold_gate.v:2265$1038.
    dead port 2/2 on $mux $ternary$gold_gate.v:2163$994.
    dead port 2/2 on $mux $ternary$gold_gate.v:2160$991.
    dead port 2/2 on $mux $ternary$gold_gate.v:2157$988.
    dead port 2/2 on $mux $ternary$gold_gate.v:2154$985.
    dead port 2/2 on $mux $ternary$gold_gate.v:2151$982.
    dead port 2/2 on $mux $ternary$gold_gate.v:2148$979.
    dead port 2/2 on $mux $ternary$gold_gate.v:2146$977.
    dead port 2/2 on $mux $ternary$gold_gate.v:2143$974.
    dead port 2/2 on $mux $ternary$gold_gate.v:2140$971.
    dead port 2/2 on $mux $ternary$gold_gate.v:2137$968.
    dead port 2/2 on $mux $ternary$gold_gate.v:2134$965.
    dead port 2/2 on $mux $ternary$gold_gate.v:2131$962.
    dead port 2/2 on $mux $ternary$gold_gate.v:2128$959.
    dead port 2/2 on $mux $ternary$gold_gate.v:2125$956.
    dead port 2/2 on $mux $ternary$gold_gate.v:2122$953.
    dead port 2/2 on $mux $ternary$gold_gate.v:2119$950.
    dead port 2/2 on $mux $ternary$gold_gate.v:2116$947.
    dead port 2/2 on $mux $ternary$gold_gate.v:2113$944.
Running muxtree optimizer on module \gate..
  Creating internal representation of mux trees.
  Evaluating internal representation of mux trees.
  Analyzing evaluation results.
    dead port 2/2 on $mux $ternary$gold_gate.v:1323$568.
    dead port 2/2 on $mux $ternary$gold_gate.v:1321$566.
    dead port 2/2 on $mux $ternary$gold_gate.v:1319$564.
    dead port 2/2 on $mux $ternary$gold_gate.v:1317$562.
    dead port 2/2 on $mux $ternary$gold_gate.v:1315$560.
    dead port 2/2 on $mux $ternary$gold_gate.v:1313$558.
    dead port 2/2 on $mux $ternary$gold_gate.v:1311$556.
    dead port 2/2 on $mux $ternary$gold_gate.v:1310$555.
    dead port 2/2 on $mux $ternary$gold_gate.v:1308$553.
    dead port 2/2 on $mux $ternary$gold_gate.v:1307$552.
    dead port 2/2 on $mux $ternary$gold_gate.v:1305$550.
    dead port 2/2 on $mux $ternary$gold_gate.v:1304$549.
    dead port 2/2 on $mux $ternary$gold_gate.v:1302$547.
    dead port 2/2 on $mux $ternary$gold_gate.v:1301$546.
    dead port 2/2 on $mux $ternary$gold_gate.v:1299$544.
    dead port 2/2 on $mux $ternary$gold_gate.v:1298$543.
    dead port 2/2 on $mux $ternary$gold_gate.v:1296$541.
    dead port 1/2 on $mux $ternary$gold_gate.v:1295$540.
    dead port 2/2 on $mux $ternary$gold_gate.v:1293$538.
    dead port 1/2 on $mux $ternary$gold_gate.v:1292$537.
    dead port 2/2 on $mux $ternary$gold_gate.v:1291$536.
    dead port 2/2 on $mux $ternary$gold_gate.v:1232$519.
    dead port 1/2 on $mux $ternary$gold_gate.v:1231$518.
    dead port 2/2 on $mux $ternary$gold_gate.v:1229$516.
    dead port 1/2 on $mux $ternary$gold_gate.v:1228$515.
    dead port 2/2 on $mux $ternary$gold_gate.v:1105$434.
    dead port 2/2 on $mux $ternary$gold_gate.v:923$310.
    dead port 2/2 on $mux $ternary$gold_gate.v:921$308.
    dead port 2/2 on $mux $ternary$gold_gate.v:919$306.
    dead port 2/2 on $mux $ternary$gold_gate.v:917$304.
    dead port 2/2 on $mux $ternary$gold_gate.v:915$302.
    dead port 2/2 on $mux $ternary$gold_gate.v:913$300.
    dead port 2/2 on $mux $ternary$gold_gate.v:911$298.
    dead port 2/2 on $mux $ternary$gold_gate.v:909$296.
    dead port 2/2 on $mux $ternary$gold_gate.v:889$276.
    dead port 2/2 on $mux $ternary$gold_gate.v:887$274.
    dead port 2/2 on $mux $ternary$gold_gate.v:885$272.
    dead port 2/2 on $mux $ternary$gold_gate.v:883$270.
    dead port 2/2 on $mux $ternary$gold_gate.v:881$268.
    dead port 2/2 on $mux $ternary$gold_gate.v:879$266.
    dead port 2/2 on $mux $ternary$gold_gate.v:877$264.
    dead port 2/2 on $mux $ternary$gold_gate.v:875$262.
    dead port 2/2 on $mux $ternary$gold_gate.v:873$260.
    dead port 2/2 on $mux $ternary$gold_gate.v:872$259.
    dead port 2/2 on $mux $ternary$gold_gate.v:870$257.
    dead port 2/2 on $mux $ternary$gold_gate.v:869$256.
    dead port 2/2 on $mux $ternary$gold_gate.v:867$254.
    dead port 2/2 on $mux $ternary$gold_gate.v:866$253.
    dead port 2/2 on $mux $ternary$gold_gate.v:864$251.
    dead port 2/2 on $mux $ternary$gold_gate.v:863$250.
    dead port 2/2 on $mux $ternary$gold_gate.v:861$248.
    dead port 2/2 on $mux $ternary$gold_gate.v:860$247.
    dead port 2/2 on $mux $ternary$gold_gate.v:858$245.
    dead port 2/2 on $mux $ternary$gold_gate.v:857$244.
    dead port 2/2 on $mux $ternary$gold_gate.v:855$242.
    dead port 2/2 on $mux $ternary$gold_gate.v:854$241.
    dead port 2/2 on $mux $ternary$gold_gate.v:852$239.
    dead port 2/2 on $mux $ternary$gold_gate.v:851$238.
    dead port 2/2 on $mux $ternary$gold_gate.v:749$194.
    dead port 2/2 on $mux $ternary$gold_gate.v:746$191.
    dead port 2/2 on $mux $ternary$gold_gate.v:743$188.
    dead port 2/2 on $mux $ternary$gold_gate.v:740$185.
    dead port 2/2 on $mux $ternary$gold_gate.v:737$182.
    dead port 2/2 on $mux $ternary$gold_gate.v:734$179.
    dead port 2/2 on $mux $ternary$gold_gate.v:732$177.
    dead port 2/2 on $mux $ternary$gold_gate.v:729$174.
    dead port 2/2 on $mux $ternary$gold_gate.v:726$171.
    dead port 2/2 on $mux $ternary$gold_gate.v:723$168.
    dead port 2/2 on $mux $ternary$gold_gate.v:720$165.
    dead port 2/2 on $mux $ternary$gold_gate.v:717$162.
    dead port 2/2 on $mux $ternary$gold_gate.v:714$159.
    dead port 2/2 on $mux $ternary$gold_gate.v:711$156.
    dead port 2/2 on $mux $ternary$gold_gate.v:708$153.
    dead port 2/2 on $mux $ternary$gold_gate.v:705$150.
    dead port 2/2 on $mux $ternary$gold_gate.v:702$147.
    dead port 2/2 on $mux $ternary$gold_gate.v:699$144.
Removed 152 multiplexer ports.
<suppressed ~746 debug messages>

3.7.4. Executing OPT_REDUCE pass (consolidate $*mux and $reduce_* inputs).
  Optimizing cells in module \__eqcheck_top.
  Optimizing cells in module \gold.
    New ctrl vector for $pmux cell $procmux$1659: \_188_
  Optimizing cells in module \gold.
  Optimizing cells in module \gate.
    New ctrl vector for $pmux cell $procmux$1732: \_187_
  Optimizing cells in module \gate.
Performed a total of 4 changes.

3.7.5. Executing OPT_MERGE pass (detect identical cells).
Finding identical cells in module `\__eqcheck_top'.
Computing hashes of 11 cells of `\__eqcheck_top'.
Finding duplicate cells in `\__eqcheck_top'.
Finding identical cells in module `\gold'.
Computing hashes of 433 cells of `\gold'.
Finding duplicate cells in `\gold'.
Computing hashes of 416 cells of `\gold'.
Finding duplicate cells in `\gold'.
Computing hashes of 411 cells of `\gold'.
Finding duplicate cells in `\gold'.
Computing hashes of 409 cells of `\gold'.
Finding duplicate cells in `\gold'.
Computing hashes of 407 cells of `\gold'.
Finding duplicate cells in `\gold'.
Computing hashes of 406 cells of `\gold'.
Finding duplicate cells in `\gold'.
<suppressed ~81 debug messages>
Finding identical cells in module `\gate'.
Computing hashes of 433 cells of `\gate'.
Finding duplicate cells in `\gate'.
Computing hashes of 416 cells of `\gate'.
Finding duplicate cells in `\gate'.
Computing hashes of 411 cells of `\gate'.
Finding duplicate cells in `\gate'.
Computing hashes of 409 cells of `\gate'.
Finding duplicate cells in `\gate'.
Computing hashes of 407 cells of `\gate'.
Finding duplicate cells in `\gate'.
Computing hashes of 406 cells of `\gate'.
Finding duplicate cells in `\gate'.
<suppressed ~81 debug messages>
Removed a total of 54 cells.

3.7.6. Executing OPT_CLEAN pass (remove unused cells and wires).
Finding unused cells or wires in module \__eqcheck_top..
Finding unused cells or wires in module \gold..
Finding unused cells or wires in module \gate..
Removed 0 unused cells and 302 unused wires.
<suppressed ~2 debug messages>

3.7.7. Executing OPT_EXPR pass (perform const folding).
Optimizing module __eqcheck_top.
Optimizing module gold.
Optimizing module gate.

3.7.8. Rerunning OPT passes. (Maybe there is more to do..)

3.7.9. Executing OPT_MUXTREE pass (detect dead branches in mux trees).
Running muxtree optimizer on module \__eqcheck_top..
  Creating internal representation of mux trees.
  Evaluating internal representation of mux trees.
  Analyzing evaluation results.
Running muxtree optimizer on module \gold..
  Creating internal representation of mux trees.
  Evaluating internal representation of mux trees.
  Analyzing evaluation results.
Running muxtree optimizer on module \gate..
  Creating internal representation of mux trees.
  Evaluating internal representation of mux trees.
  Analyzing evaluation results.
Removed 0 multiplexer ports.
<suppressed ~600 debug messages>

3.7.10. Executing OPT_REDUCE pass (consolidate $*mux and $reduce_* inputs).
  Optimizing cells in module \__eqcheck_top.
  Optimizing cells in module \gold.
  Optimizing cells in module \gate.
Performed a total of 0 changes.

3.7.11. Executing OPT_MERGE pass (detect identical cells).
Finding identical cells in module `\__eqcheck_top'.
Computing hashes of 11 cells of `\__eqcheck_top'.
Finding duplicate cells in `\__eqcheck_top'.
Finding identical cells in module `\gold'.
Computing hashes of 406 cells of `\gold'.
Finding duplicate cells in `\gold'.
Finding identical cells in module `\gate'.
Computing hashes of 406 cells of `\gate'.
Finding duplicate cells in `\gate'.
Removed a total of 0 cells.

3.7.12. Executing OPT_CLEAN pass (remove unused cells and wires).
Finding unused cells or wires in module \__eqcheck_top..
Finding unused cells or wires in module \gold..
Finding unused cells or wires in module \gate..

3.7.13. Executing OPT_EXPR pass (perform const folding).
Optimizing module __eqcheck_top.
Optimizing module gold.
Optimizing module gate.

3.7.14. Finished fast OPT passes. (There is nothing left to do.)

3.8. Executing WREDUCE pass (reducing word size of cells).
Removed top 26 address bits (of 32) from memory init port gold.$meminit$\$flatten\core.\k_constants_inst.$auto$proc_rom.cc:155:do_switch$98$gold_gate.v:2027$1535 (\$flatten\core.\k_constants_inst.$auto$proc_rom.cc:155:do_switch$98).
Removed top 26 address bits (of 32) from memory init port gold.$meminit$\$flatten\core.\k_constants_inst.$auto$proc_rom.cc:155:do_switch$98$gold_gate.v:2026$1534 (\$flatten\core.\k_constants_inst.$auto$proc_rom.cc:155:do_switch$98).
Removed top 26 address bits (of 32) from memory init port gold.$meminit$\$flatten\core.\k_constants_inst.$auto$proc_rom.cc:155:do_switch$98$gold_gate.v:2025$1533 (\$flatten\core.\k_constants_inst.$auto$proc_rom.cc:155:do_switch$98).
Removed top 26 address bits (of 32) from memory init port gold.$meminit$\$flatten\core.\k_constants_inst.$auto$proc_rom.cc:155:do_switch$98$gold_gate.v:2024$1532 (\$flatten\core.\k_constants_inst.$auto$proc_rom.cc:155:do_switch$98).
Removed top 26 address bits (of 32) from memory init port gold.$meminit$\$flatten\core.\k_constants_inst.$auto$proc_rom.cc:155:do_switch$98$gold_gate.v:2023$1531 (\$flatten\core.\k_constants_inst.$auto$proc_rom.cc:155:do_switch$98).
Removed top 26 address bits (of 32) from memory init port gold.$meminit$\$flatten\core.\k_constants_inst.$auto$proc_rom.cc:155:do_switch$98$gold_gate.v:2022$1530 (\$flatten\core.\k_constants_inst.$auto$proc_rom.cc:155:do_switch$98).
Removed top 26 address bits (of 32) from memory init port gold.$meminit$\$flatten\core.\k_constants_inst.$auto$proc_rom.cc:155:do_switch$98$gold_gate.v:2021$1529 (\$flatten\core.\k_constants_inst.$auto$proc_rom.cc:155:do_switch$98).
Removed top 26 address bits (of 32) from memory init port gold.$meminit$\$flatten\core.\k_constants_inst.$auto$proc_rom.cc:155:do_switch$98$gold_gate.v:2020$1528 (\$flatten\core.\k_constants_inst.$auto$proc_rom.cc:155:do_switch$98).
Removed top 26 address bits (of 32) from memory init port gold.$meminit$\$flatten\core.\k_constants_inst.$auto$proc_rom.cc:155:do_switch$98$gold_gate.v:2019$1527 (\$flatten\core.\k_constants_inst.$auto$proc_rom.cc:155:do_switch$98).
Removed top 26 address bits (of 32) from memory init port gold.$meminit$\$flatten\core.\k_constants_inst.$auto$proc_rom.cc:155:do_switch$98$gold_gate.v:1981$1489 (\$flatten\core.\k_constants_inst.$auto$proc_rom.cc:155:do_switch$98).
Removed top 26 address bits (of 32) from memory init port gold.$meminit$\$flatten\core.\k_constants_inst.$auto$proc_rom.cc:155:do_switch$98$gold_gate.v:2018$1526 (\$flatten\core.\k_constants_inst.$auto$proc_rom.cc:155:do_switch$98).
Removed top 26 address bits (of 32) from memory init port gold.$meminit$\$flatten\core.\k_constants_inst.$auto$proc_rom.cc:155:do_switch$98$gold_gate.v:2017$1525 (\$flatten\core.\k_constants_inst.$auto$proc_rom.cc:155:do_switch$98).
Removed top 26 address bits (of 32) from memory init port gold.$meminit$\$flatten\core.\k_constants_inst.$auto$proc_rom.cc:155:do_switch$98$gold_gate.v:1980$1488 (\$flatten\core.\k_constants_inst.$auto$proc_rom.cc:155:do_switch$98).
Removed top 26 address bits (of 32) from memory init port gold.$meminit$\$flatten\core.\k_constants_inst.$auto$proc_rom.cc:155:do_switch$98$gold_gate.v:1979$1487 (\$flatten\core.\k_constants_inst.$auto$proc_rom.cc:155:do_switch$98).
Removed top 26 address bits (of 32) from memory init port gold.$meminit$\$flatten\core.\k_constants_inst.$auto$proc_rom.cc:155:do_switch$98$gold_gate.v:1978$1486 (\$flatten\core.\k_constants_inst.$auto$proc_rom.cc:155:do_switch$98).
Removed top 26 address bits (of 32) from memory init port gold.$meminit$\$flatten\core.\k_constants_inst.$auto$proc_rom.cc:155:do_switch$98$gold_gate.v:1977$1485 (\$flatten\core.\k_constants_inst.$auto$proc_rom.cc:155:do_switch$98).
Removed top 26 address bits (of 32) from memory init port gold.$meminit$\$flatten\core.\k_constants_inst.$auto$proc_rom.cc:155:do_switch$98$gold_gate.v:1976$1484 (\$flatten\core.\k_constants_inst.$auto$proc_rom.cc:155:do_switch$98).
Removed top 26 address bits (of 32) from memory init port gold.$meminit$\$flatten\core.\k_constants_inst.$auto$proc_rom.cc:155:do_switch$98$gold_gate.v:1975$1483 (\$flatten\core.\k_constants_inst.$auto$proc_rom.cc:155:do_switch$98).
Removed top 26 address bits (of 32) from memory init port gold.$meminit$\$flatten\core.\k_constants_inst.$auto$proc_rom.cc:155:do_switch$98$gold_gate.v:1974$1482 (\$flatten\core.\k_constants_inst.$auto$proc_rom.cc:155:do_switch$98).
Removed top 26 address bits (of 32) from memory init port gold.$meminit$\$flatten\core.\k_constants_inst.$auto$proc_rom.cc:155:do_switch$98$gold_gate.v:1973$1481 (\$flatten\core.\k_constants_inst.$auto$proc_rom.cc:155:do_switch$98).
Removed top 26 address bits (of 32) from memory init port gold.$meminit$\$flatten\core.\k_constants_inst.$auto$proc_rom.cc:155:do_switch$98$gold_gate.v:1972$1480 (\$flatten\core.\k_constants_inst.$auto$proc_rom.cc:155:do_switch$98).
Removed top 26 address bits (of 32) from memory init port gold.$meminit$\$flatten\core.\k_constants_inst.$auto$proc_rom.cc:155:do_switch$98$gold_gate.v:1971$1479 (\$flatten\core.\k_constants_inst.$auto$proc_rom.cc:155:do_switch$98).
Removed top 26 address bits (of 32) from memory init port gold.$meminit$\$flatten\core.\k_constants_inst.$auto$proc_rom.cc:155:do_switch$98$gold_gate.v:1970$1478 (\$flatten\core.\k_constants_inst.$auto$proc_rom.cc:155:do_switch$98).
Removed top 26 address bits (of 32) from memory init port gold.$meminit$\$flatten\core.\k_constants_inst.$auto$proc_rom.cc:155:do_switch$98$gold_gate.v:1969$1477 (\$flatten\core.\k_constants_inst.$auto$proc_rom.cc:155:do_switch$98).
Removed top 26 address bits (of 32) from memory init port gold.$meminit$\$flatten\core.\k_constants_inst.$auto$proc_rom.cc:155:do_switch$98$gold_gate.v:1968$1476 (\$flatten\core.\k_constants_inst.$auto$proc_rom.cc:155:do_switch$98).
Removed top 26 address bits (of 32) from memory init port gold.$meminit$\$flatten\core.\k_constants_inst.$auto$proc_rom.cc:155:do_switch$98$gold_gate.v:1967$1475 (\$flatten\core.\k_constants_inst.$auto$proc_rom.cc:155:do_switch$98).
Removed top 26 address bits (of 32) from memory init port gold.$meminit$\$flatten\core.\k_constants_inst.$auto$proc_rom.cc:155:do_switch$98$gold_gate.v:1966$1474 (\$flatten\core.\k_constants_inst.$auto$proc_rom.cc:155:do_switch$98).
Removed top 26 address bits (of 32) from memory init port gold.$meminit$\$flatten\core.\k_constants_inst.$auto$proc_rom.cc:155:do_switch$98$gold_gate.v:1965$1473 (\$flatten\core.\k_constants_inst.$auto$proc_rom.cc:155:do_switch$98).
Removed top 26 address bits (of 32) from memory init port gold.$meminit$\$flatten\core.\k_constants_inst.$auto$proc_rom.cc:155:do_switch$98$gold_gate.v:2016$1524 (\$flatten\core.\k_constants_inst.$auto$proc_rom.cc:155:do_switch$98).
Removed top 26 address bits (of 32) from memory init port gold.$meminit$\$flatten\core.\k_constants_inst.$auto$proc_rom.cc:155:do_switch$98$gold_gate.v:2015$1523 (\$flatten\core.\k_constants_inst.$auto$proc_rom.cc:155:do_switch$98).
Removed top 26 address bits (of 32) from memory init port gold.$meminit$\$flatten\core.\k_constants_inst.$auto$proc_rom.cc:155:do_switch$98$gold_gate.v:2014$1522 (\$flatten\core.\k_constants_inst.$auto$proc_rom.cc:155:do_switch$98).
Removed top 26 address bits (of 32) from memory init port gold.$meminit$\$flatten\core.\k_constants_inst.$auto$proc_rom.cc:155:do_switch$98$gold_gate.v:2013$1521 (\$flatten\core.\k_constants_inst.$auto$proc_rom.cc:155:do_switch$98).
Removed top 26 address bits (of 32) from memory init port gold.$meminit$\$flatten\core.\k_constants_inst.$auto$proc_rom.cc:155:do_switch$98$gold_gate.v:2012$1520 (\$flatten\core.\k_constants_inst.$auto$proc_rom.cc:155:do_switch$98).
Removed top 26 address bits (of 32) from memory init port gold.$meminit$\$flatten\core.\k_constants_inst.$auto$proc_rom.cc:155:do_switch$98$gold_gate.v:2011$1519 (\$flatten\core.\k_constants_inst.$auto$proc_rom.cc:155:do_switch$98).
Removed top 26 address bits (of 32) from memory init port gold.$meminit$\$flatten\core.\k_constants_inst.$auto$proc_rom.cc:155:do_switch$98$gold_gate.v:2010$1518 (\$flatten\core.\k_constants_inst.$auto$proc_rom.cc:155:do_switch$98).
Removed top 26 address bits (of 32) from memory init port gold.$meminit$\$flatten\core.\k_constants_inst.$auto$proc_rom.cc:155:do_switch$98$gold_gate.v:2009$1517 (\$flatten\core.\k_constants_inst.$auto$proc_rom.cc:155:do_switch$98).
Removed top 26 address bits (of 32) from memory init port gold.$meminit$\$flatten\core.\k_constants_inst.$auto$proc_rom.cc:155:do_switch$98$gold_gate.v:2008$1516 (\$flatten\core.\k_constants_inst.$auto$proc_rom.cc:155:do_switch$98).
Removed top 26 address bits (of 32) from memory init port gold.$meminit$\$flatten\core.\k_constants_inst.$auto$proc_rom.cc:155:do_switch$98$gold_gate.v:2007$1515 (\$flatten\core.\k_constants_inst.$auto$proc_rom.cc:155:do_switch$98).
Removed top 26 address bits (of 32) from memory init port gold.$meminit$\$flatten\core.\k_constants_inst.$auto$proc_rom.cc:155:do_switch$98$gold_gate.v:2006$1514 (\$flatten\core.\k_constants_inst.$auto$proc_rom.cc:155:do_switch$98).
Removed top 26 address bits (of 32) from memory init port gold.$meminit$\$flatten\core.\k_constants_inst.$auto$proc_rom.cc:155:do_switch$98$gold_gate.v:2005$1513 (\$flatten\core.\k_constants_inst.$auto$proc_rom.cc:155:do_switch$98).
Removed top 26 address bits (of 32) from memory init port gold.$meminit$\$flatten\core.\k_constants_inst.$auto$proc_rom.cc:155:do_switch$98$gold_gate.v:2004$1512 (\$flatten\core.\k_constants_inst.$auto$proc_rom.cc:155:do_switch$98).
Removed top 26 address bits (of 32) from memory init port gold.$meminit$\$flatten\core.\k_constants_inst.$auto$proc_rom.cc:155:do_switch$98$gold_gate.v:2003$1511 (\$flatten\core.\k_constants_inst.$auto$proc_rom.cc:155:do_switch$98).
Removed top 26 address bits (of 32) from memory init port gold.$meminit$\$flatten\core.\k_constants_inst.$auto$proc_rom.cc:155:do_switch$98$gold_gate.v:2002$1510 (\$flatten\core.\k_constants_inst.$auto$proc_rom.cc:155:do_switch$98).
Removed top 26 address bits (of 32) from memory init port gold.$meminit$\$flatten\core.\k_constants_inst.$auto$proc_rom.cc:155:do_switch$98$gold_gate.v:2001$1509 (\$flatten\core.\k_constants_inst.$auto$proc_rom.cc:155:do_switch$98).
Removed top 26 address bits (of 32) from memory init port gold.$meminit$\$flatten\core.\k_constants_inst.$auto$proc_rom.cc:155:do_switch$98$gold_gate.v:2000$1508 (\$flatten\core.\k_constants_inst.$auto$proc_rom.cc:155:do_switch$98).
Removed top 26 address bits (of 32) from memory init port gold.$meminit$\$flatten\core.\k_constants_inst.$auto$proc_rom.cc:155:do_switch$98$gold_gate.v:1964$1472 (\$flatten\core.\k_constants_inst.$auto$proc_rom.cc:155:do_switch$98).
Removed top 26 address bits (of 32) from memory init port gold.$meminit$\$flatten\core.\k_constants_inst.$auto$proc_rom.cc:155:do_switch$98$gold_gate.v:1999$1507 (\$flatten\core.\k_constants_inst.$auto$proc_rom.cc:155:do_switch$98).
Removed top 26 address bits (of 32) from memory init port gold.$meminit$\$flatten\core.\k_constants_inst.$auto$proc_rom.cc:155:do_switch$98$gold_gate.v:1998$1506 (\$flatten\core.\k_constants_inst.$auto$proc_rom.cc:155:do_switch$98).
Removed top 26 address bits (of 32) from memory init port gold.$meminit$\$flatten\core.\k_constants_inst.$auto$proc_rom.cc:155:do_switch$98$gold_gate.v:1997$1505 (\$flatten\core.\k_constants_inst.$auto$proc_rom.cc:155:do_switch$98).
Removed top 26 address bits (of 32) from memory init port gold.$meminit$\$flatten\core.\k_constants_inst.$auto$proc_rom.cc:155:do_switch$98$gold_gate.v:1996$1504 (\$flatten\core.\k_constants_inst.$auto$proc_rom.cc:155:do_switch$98).
Removed top 26 address bits (of 32) from memory init port gold.$meminit$\$flatten\core.\k_constants_inst.$auto$proc_rom.cc:155:do_switch$98$gold_gate.v:1995$1503 (\$flatten\core.\k_constants_inst.$auto$proc_rom.cc:155:do_switch$98).
Removed top 26 address bits (of 32) from memory init port gold.$meminit$\$flatten\core.\k_constants_inst.$auto$proc_rom.cc:155:do_switch$98$gold_gate.v:1994$1502 (\$flatten\core.\k_constants_inst.$auto$proc_rom.cc:155:do_switch$98).
Removed top 26 address bits (of 32) from memory init port gold.$meminit$\$flatten\core.\k_constants_inst.$auto$proc_rom.cc:155:do_switch$98$gold_gate.v:1993$1501 (\$flatten\core.\k_constants_inst.$auto$proc_rom.cc:155:do_switch$98).
Removed top 26 address bits (of 32) from memory init port gold.$meminit$\$flatten\core.\k_constants_inst.$auto$proc_rom.cc:155:do_switch$98$gold_gate.v:1992$1500 (\$flatten\core.\k_constants_inst.$auto$proc_rom.cc:155:do_switch$98).
Removed top 26 address bits (of 32) from memory init port gold.$meminit$\$flatten\core.\k_constants_inst.$auto$proc_rom.cc:155:do_switch$98$gold_gate.v:1991$1499 (\$flatten\core.\k_constants_inst.$auto$proc_rom.cc:155:do_switch$98).
Removed top 26 address bits (of 32) from memory init port gold.$meminit$\$flatten\core.\k_constants_inst.$auto$proc_rom.cc:155:do_switch$98$gold_gate.v:1990$1498 (\$flatten\core.\k_constants_inst.$auto$proc_rom.cc:155:do_switch$98).
Removed top 26 address bits (of 32) from memory init port gold.$meminit$\$flatten\core.\k_constants_inst.$auto$proc_rom.cc:155:do_switch$98$gold_gate.v:1989$1497 (\$flatten\core.\k_constants_inst.$auto$proc_rom.cc:155:do_switch$98).
Removed top 26 address bits (of 32) from memory init port gold.$meminit$\$flatten\core.\k_constants_inst.$auto$proc_rom.cc:155:do_switch$98$gold_gate.v:1988$1496 (\$flatten\core.\k_constants_inst.$auto$proc_rom.cc:155:do_switch$98).
Removed top 26 address bits (of 32) from memory init port gold.$meminit$\$flatten\core.\k_constants_inst.$auto$proc_rom.cc:155:do_switch$98$gold_gate.v:1987$1495 (\$flatten\core.\k_constants_inst.$auto$proc_rom.cc:155:do_switch$98).
Removed top 26 address bits (of 32) from memory init port gold.$meminit$\$flatten\core.\k_constants_inst.$auto$proc_rom.cc:155:do_switch$98$gold_gate.v:1986$1494 (\$flatten\core.\k_constants_inst.$auto$proc_rom.cc:155:do_switch$98).
Removed top 26 address bits (of 32) from memory init port gold.$meminit$\$flatten\core.\k_constants_inst.$auto$proc_rom.cc:155:do_switch$98$gold_gate.v:1985$1493 (\$flatten\core.\k_constants_inst.$auto$proc_rom.cc:155:do_switch$98).
Removed top 26 address bits (of 32) from memory init port gold.$meminit$\$flatten\core.\k_constants_inst.$auto$proc_rom.cc:155:do_switch$98$gold_gate.v:1984$1492 (\$flatten\core.\k_constants_inst.$auto$proc_rom.cc:155:do_switch$98).
Removed top 26 address bits (of 32) from memory init port gold.$meminit$\$flatten\core.\k_constants_inst.$auto$proc_rom.cc:155:do_switch$98$gold_gate.v:1983$1491 (\$flatten\core.\k_constants_inst.$auto$proc_rom.cc:155:do_switch$98).
Removed top 26 address bits (of 32) from memory init port gold.$meminit$\$flatten\core.\k_constants_inst.$auto$proc_rom.cc:155:do_switch$98$gold_gate.v:1982$1490 (\$flatten\core.\k_constants_inst.$auto$proc_rom.cc:155:do_switch$98).
Removed top 31 bits (of 32) from port B of cell gold.$add$gold_gate.v:2030$880 ($add).
Removed top 1 bits (of 2) from mux cell gold.$ternary$gold_gate.v:2142$973 ($mux).
Removed top 1 bits (of 2) from port B of cell gold.$eq$gold_gate.v:2251$1024 ($eq).
Removed top 1 bits (of 32) from mux cell gold.$ternary$gold_gate.v:2324$1097 ($mux).
Removed top 1 bits (of 32) from mux cell gold.$ternary$gold_gate.v:2330$1103 ($mux).
Removed top 4 bits (of 32) from mux cell gold.$ternary$gold_gate.v:2332$1105 ($mux).
Removed top 1 bits (of 32) from mux cell gold.$ternary$gold_gate.v:2339$1112 ($mux).
Removed top 2 bits (of 32) from mux cell gold.$ternary$gold_gate.v:2343$1116 ($mux).
Removed top 28 bits (of 32) from port B of cell gold.$gt$gold_gate.v:2376$1149 ($gt).
Removed top 27 bits (of 32) from port B of cell gold.$lt$gold_gate.v:2378$1151 ($lt).
Removed top 1 bits (of 4) from port B of cell gold.$eq$gold_gate.v:2511$1226 ($eq).
Removed top 1 bits (of 4) from port B of cell gold.$eq$gold_gate.v:2512$1227 ($eq).
Removed top 1 bits (of 4) from port B of cell gold.$eq$gold_gate.v:2513$1228 ($eq).
Removed top 1 bits (of 4) from port B of cell gold.$eq$gold_gate.v:2514$1229 ($eq).
Removed top 2 bits (of 4) from port B of cell gold.$eq$gold_gate.v:2515$1230 ($eq).
Removed top 2 bits (of 4) from port B of cell gold.$eq$gold_gate.v:2516$1231 ($eq).
Removed top 3 bits (of 4) from port B of cell gold.$eq$gold_gate.v:2517$1232 ($eq).
Removed top 3 bits (of 32) from port B of cell gold.$xor$gold_gate.v:2538$1253 ($xor).
Removed top 10 bits (of 32) from port B of cell gold.$xor$gold_gate.v:2540$1255 ($xor).
Removed top 3 bits (of 8) from port B of cell gold.$ge$gold_gate.v:2542$1257 ($ge).
Removed top 2 bits (of 8) from port B of cell gold.$ge$gold_gate.v:2543$1258 ($ge).
Removed top 3 bits (of 8) from port B of cell gold.$le$gold_gate.v:2545$1260 ($le).
Removed top 2 bits (of 8) from port B of cell gold.$le$gold_gate.v:2546$1261 ($le).
Removed top 26 bits (of 32) from port B of cell gold.$mul$gold_gate.v:2550$1265 ($mul).
Removed top 4 bits (of 8) from port B of cell gold.$eq$gold_gate.v:2683$1356 ($eq).
Removed top 4 bits (of 8) from port B of cell gold.$eq$gold_gate.v:2684$1357 ($eq).
Removed top 6 bits (of 8) from port B of cell gold.$eq$gold_gate.v:2685$1358 ($eq).
Removed top 7 bits (of 8) from port B of cell gold.$eq$gold_gate.v:2686$1359 ($eq).
Removed top 1 bits (of 4) from port B of cell gold.$eq$gold_gate.v:2743$1374 ($eq).
Removed top 1 bits (of 4) from port B of cell gold.$eq$gold_gate.v:2744$1375 ($eq).
Removed top 1 bits (of 4) from port B of cell gold.$eq$gold_gate.v:2745$1376 ($eq).
Removed top 1 bits (of 4) from port B of cell gold.$eq$gold_gate.v:2746$1377 ($eq).
Removed top 2 bits (of 4) from port B of cell gold.$eq$gold_gate.v:2747$1378 ($eq).
Removed top 2 bits (of 4) from port B of cell gold.$eq$gold_gate.v:2748$1379 ($eq).
Removed top 3 bits (of 4) from port B of cell gold.$eq$gold_gate.v:2749$1380 ($eq).
Removed top 31 bits (of 32) from port B of cell gold.$add$gold_gate.v:2795$1425 ($add).
Removed top 2 bits (of 8) from port B of cell gold.$sub$gold_gate.v:2796$1427 ($sub).
Removed top 23 bits (of 32) from port Y of cell gold.$sub$gold_gate.v:2796$1427 ($sub).
Converting cell gold.$sub$gold_gate.v:2797$1428 ($sub) from unsigned to signed.
Removed top 28 bits (of 32) from port A of cell gold.$sub$gold_gate.v:2797$1428 ($sub).
Removed top 23 bits (of 32) from port B of cell gold.$sub$gold_gate.v:2797$1428 ($sub).
Removed top 22 bits (of 32) from port Y of cell gold.$sub$gold_gate.v:2797$1428 ($sub).
Removed top 1 bits (of 2) from wire gold._093_.
Removed top 1 bits (of 32) from wire gold._079_.
Removed top 1 bits (of 32) from wire gold._076_.
Removed top 4 bits (of 32) from wire gold._075_.
Removed top 1 bits (of 32) from wire gold._060_.
Removed top 2 bits (of 32) from wire gold._056_.
Removed top 26 address bits (of 32) from memory init port gate.$meminit$\$flatten\core.\k_constants_inst.$auto$proc_rom.cc:155:do_switch$1601$gold_gate.v:550$672 (\$flatten\core.\k_constants_inst.$auto$proc_rom.cc:155:do_switch$1601).
Removed top 26 address bits (of 32) from memory init port gate.$meminit$\$flatten\core.\k_constants_inst.$auto$proc_rom.cc:155:do_switch$1601$gold_gate.v:613$735 (\$flatten\core.\k_constants_inst.$auto$proc_rom.cc:155:do_switch$1601).
Removed top 26 address bits (of 32) from memory init port gate.$meminit$\$flatten\core.\k_constants_inst.$auto$proc_rom.cc:155:do_switch$1601$gold_gate.v:612$734 (\$flatten\core.\k_constants_inst.$auto$proc_rom.cc:155:do_switch$1601).
Removed top 26 address bits (of 32) from memory init port gate.$meminit$\$flatten\core.\k_constants_inst.$auto$proc_rom.cc:155:do_switch$1601$gold_gate.v:611$733 (\$flatten\core.\k_constants_inst.$auto$proc_rom.cc:155:do_switch$1601).
Removed top 26 address bits (of 32) from memory init port gate.$meminit$\$flatten\core.\k_constants_inst.$auto$proc_rom.cc:155:do_switch$1601$gold_gate.v:610$732 (\$flatten\core.\k_constants_inst.$auto$proc_rom.cc:155:do_switch$1601).
Removed top 26 address bits (of 32) from memory init port gate.$meminit$\$flatten\core.\k_constants_inst.$auto$proc_rom.cc:155:do_switch$1601$gold_gate.v:609$731 (\$flatten\core.\k_constants_inst.$auto$proc_rom.cc:155:do_switch$1601).
Removed top 26 address bits (of 32) from memory init port gate.$meminit$\$flatten\core.\k_constants_inst.$auto$proc_rom.cc:155:do_switch$1601$gold_gate.v:608$730 (\$flatten\core.\k_constants_inst.$auto$proc_rom.cc:155:do_switch$1601).
Removed top 26 address bits (of 32) from memory init port gate.$meminit$\$flatten\core.\k_constants_inst.$auto$proc_rom.cc:155:do_switch$1601$gold_gate.v:607$729 (\$flatten\core.\k_constants_inst.$auto$proc_rom.cc:155:do_switch$1601).
Removed top 26 address bits (of 32) from memory init port gate.$meminit$\$flatten\core.\k_constants_inst.$auto$proc_rom.cc:155:do_switch$1601$gold_gate.v:606$728 (\$flatten\core.\k_constants_inst.$auto$proc_rom.cc:155:do_switch$1601).
Removed top 26 address bits (of 32) from memory init port gate.$meminit$\$flatten\core.\k_constants_inst.$auto$proc_rom.cc:155:do_switch$1601$gold_gate.v:605$727 (\$flatten\core.\k_constants_inst.$auto$proc_rom.cc:155:do_switch$1601).
Removed top 26 address bits (of 32) from memory init port gate.$meminit$\$flatten\core.\k_constants_inst.$auto$proc_rom.cc:155:do_switch$1601$gold_gate.v:567$689 (\$flatten\core.\k_constants_inst.$auto$proc_rom.cc:155:do_switch$1601).
Removed top 26 address bits (of 32) from memory init port gate.$meminit$\$flatten\core.\k_constants_inst.$auto$proc_rom.cc:155:do_switch$1601$gold_gate.v:604$726 (\$flatten\core.\k_constants_inst.$auto$proc_rom.cc:155:do_switch$1601).
Removed top 26 address bits (of 32) from memory init port gate.$meminit$\$flatten\core.\k_constants_inst.$auto$proc_rom.cc:155:do_switch$1601$gold_gate.v:603$725 (\$flatten\core.\k_constants_inst.$auto$proc_rom.cc:155:do_switch$1601).
Removed top 26 address bits (of 32) from memory init port gate.$meminit$\$flatten\core.\k_constants_inst.$auto$proc_rom.cc:155:do_switch$1601$gold_gate.v:552$674 (\$flatten\core.\k_constants_inst.$auto$proc_rom.cc:155:do_switch$1601).
Removed top 26 address bits (of 32) from memory init port gate.$meminit$\$flatten\core.\k_constants_inst.$auto$proc_rom.cc:155:do_switch$1601$gold_gate.v:566$688 (\$flatten\core.\k_constants_inst.$auto$proc_rom.cc:155:do_switch$1601).
Removed top 26 address bits (of 32) from memory init port gate.$meminit$\$flatten\core.\k_constants_inst.$auto$proc_rom.cc:155:do_switch$1601$gold_gate.v:565$687 (\$flatten\core.\k_constants_inst.$auto$proc_rom.cc:155:do_switch$1601).
Removed top 26 address bits (of 32) from memory init port gate.$meminit$\$flatten\core.\k_constants_inst.$auto$proc_rom.cc:155:do_switch$1601$gold_gate.v:564$686 (\$flatten\core.\k_constants_inst.$auto$proc_rom.cc:155:do_switch$1601).
Removed top 26 address bits (of 32) from memory init port gate.$meminit$\$flatten\core.\k_constants_inst.$auto$proc_rom.cc:155:do_switch$1601$gold_gate.v:563$685 (\$flatten\core.\k_constants_inst.$auto$proc_rom.cc:155:do_switch$1601).
Removed top 26 address bits (of 32) from memory init port gate.$meminit$\$flatten\core.\k_constants_inst.$auto$proc_rom.cc:155:do_switch$1601$gold_gate.v:551$673 (\$flatten\core.\k_constants_inst.$auto$proc_rom.cc:155:do_switch$1601).
Removed top 26 address bits (of 32) from memory init port gate.$meminit$\$flatten\core.\k_constants_inst.$auto$proc_rom.cc:155:do_switch$1601$gold_gate.v:602$724 (\$flatten\core.\k_constants_inst.$auto$proc_rom.cc:155:do_switch$1601).
Removed top 26 address bits (of 32) from memory init port gate.$meminit$\$flatten\core.\k_constants_inst.$auto$proc_rom.cc:155:do_switch$1601$gold_gate.v:562$684 (\$flatten\core.\k_constants_inst.$auto$proc_rom.cc:155:do_switch$1601).
Removed top 26 address bits (of 32) from memory init port gate.$meminit$\$flatten\core.\k_constants_inst.$auto$proc_rom.cc:155:do_switch$1601$gold_gate.v:601$723 (\$flatten\core.\k_constants_inst.$auto$proc_rom.cc:155:do_switch$1601).
Removed top 26 address bits (of 32) from memory init port gate.$meminit$\$flatten\core.\k_constants_inst.$auto$proc_rom.cc:155:do_switch$1601$gold_gate.v:561$683 (\$flatten\core.\k_constants_inst.$auto$proc_rom.cc:155:do_switch$1601).
Removed top 26 address bits (of 32) from memory init port gate.$meminit$\$flatten\core.\k_constants_inst.$auto$proc_rom.cc:155:do_switch$1601$gold_gate.v:600$722 (\$flatten\core.\k_constants_inst.$auto$proc_rom.cc:155:do_switch$1601).
Removed top 26 address bits (of 32) from memory init port gate.$meminit$\$flatten\core.\k_constants_inst.$auto$proc_rom.cc:155:do_switch$1601$gold_gate.v:599$721 (\$flatten\core.\k_constants_inst.$auto$proc_rom.cc:155:do_switch$1601).
Removed top 26 address bits (of 32) from memory init port gate.$meminit$\$flatten\core.\k_constants_inst.$auto$proc_rom.cc:155:do_switch$1601$gold_gate.v:598$720 (\$flatten\core.\k_constants_inst.$auto$proc_rom.cc:155:do_switch$1601).
Removed top 26 address bits (of 32) from memory init port gate.$meminit$\$flatten\core.\k_constants_inst.$auto$proc_rom.cc:155:do_switch$1601$gold_gate.v:597$719 (\$flatten\core.\k_constants_inst.$auto$proc_rom.cc:155:do_switch$1601).
Removed top 26 address bits (of 32) from memory init port gate.$meminit$\$flatten\core.\k_constants_inst.$auto$proc_rom.cc:155:do_switch$1601$gold_gate.v:553$675 (\$flatten\core.\k_constants_inst.$auto$proc_rom.cc:155:do_switch$1601).
Removed top 26 address bits (of 32) from memory init port gate.$meminit$\$flatten\core.\k_constants_inst.$auto$proc_rom.cc:155:do_switch$1601$gold_gate.v:596$718 (\$flatten\core.\k_constants_inst.$auto$proc_rom.cc:155:do_switch$1601).
Removed top 26 address bits (of 32) from memory init port gate.$meminit$\$flatten\core.\k_constants_inst.$auto$proc_rom.cc:155:do_switch$1601$gold_gate.v:595$717 (\$flatten\core.\k_constants_inst.$auto$proc_rom.cc:155:do_switch$1601).
Removed top 26 address bits (of 32) from memory init port gate.$meminit$\$flatten\core.\k_constants_inst.$auto$proc_rom.cc:155:do_switch$1601$gold_gate.v:594$716 (\$flatten\core.\k_constants_inst.$auto$proc_rom.cc:155:do_switch$1601).
Removed top 26 address bits (of 32) from memory init port gate.$meminit$\$flatten\core.\k_constants_inst.$auto$proc_rom.cc:155:do_switch$1601$gold_gate.v:593$715 (\$flatten\core.\k_constants_inst.$auto$proc_rom.cc:155:do_switch$1601).
Removed top 26 address bits (of 32) from memory init port gate.$meminit$\$flatten\core.\k_constants_inst.$auto$proc_rom.cc:155:do_switch$1601$gold_gate.v:592$714 (\$flatten\core.\k_constants_inst.$auto$proc_rom.cc:155:do_switch$1601).
Removed top 26 address bits (of 32) from memory init port gate.$meminit$\$flatten\core.\k_constants_inst.$auto$proc_rom.cc:155:do_switch$1601$gold_gate.v:591$713 (\$flatten\core.\k_constants_inst.$auto$proc_rom.cc:155:do_switch$1601).
Removed top 26 address bits (of 32) from memory init port gate.$meminit$\$flatten\core.\k_constants_inst.$auto$proc_rom.cc:155:do_switch$1601$gold_gate.v:590$712 (\$flatten\core.\k_constants_inst.$auto$proc_rom.cc:155:do_switch$1601).
Removed top 26 address bits (of 32) from memory init port gate.$meminit$\$flatten\core.\k_constants_inst.$auto$proc_rom.cc:155:do_switch$1601$gold_gate.v:589$711 (\$flatten\core.\k_constants_inst.$auto$proc_rom.cc:155:do_switch$1601).
Removed top 26 address bits (of 32) from memory init port gate.$meminit$\$flatten\core.\k_constants_inst.$auto$proc_rom.cc:155:do_switch$1601$gold_gate.v:588$710 (\$flatten\core.\k_constants_inst.$auto$proc_rom.cc:155:do_switch$1601).
Removed top 26 address bits (of 32) from memory init port gate.$meminit$\$flatten\core.\k_constants_inst.$auto$proc_rom.cc:155:do_switch$1601$gold_gate.v:587$709 (\$flatten\core.\k_constants_inst.$auto$proc_rom.cc:155:do_switch$1601).
Removed top 26 address bits (of 32) from memory init port gate.$meminit$\$flatten\core.\k_constants_inst.$auto$proc_rom.cc:155:do_switch$1601$gold_gate.v:586$708 (\$flatten\core.\k_constants_inst.$auto$proc_rom.cc:155:do_switch$1601).
Removed top 26 address bits (of 32) from memory init port gate.$meminit$\$flatten\core.\k_constants_inst.$auto$proc_rom.cc:155:do_switch$1601$gold_gate.v:585$707 (\$flatten\core.\k_constants_inst.$auto$proc_rom.cc:155:do_switch$1601).
Removed top 26 address bits (of 32) from memory init port gate.$meminit$\$flatten\core.\k_constants_inst.$auto$proc_rom.cc:155:do_switch$1601$gold_gate.v:584$706 (\$flatten\core.\k_constants_inst.$auto$proc_rom.cc:155:do_switch$1601).
Removed top 26 address bits (of 32) from memory init port gate.$meminit$\$flatten\core.\k_constants_inst.$auto$proc_rom.cc:155:do_switch$1601$gold_gate.v:560$682 (\$flatten\core.\k_constants_inst.$auto$proc_rom.cc:155:do_switch$1601).
Removed top 26 address bits (of 32) from memory init port gate.$meminit$\$flatten\core.\k_constants_inst.$auto$proc_rom.cc:155:do_switch$1601$gold_gate.v:583$705 (\$flatten\core.\k_constants_inst.$auto$proc_rom.cc:155:do_switch$1601).
Removed top 26 address bits (of 32) from memory init port gate.$meminit$\$flatten\core.\k_constants_inst.$auto$proc_rom.cc:155:do_switch$1601$gold_gate.v:559$681 (\$flatten\core.\k_constants_inst.$auto$proc_rom.cc:155:do_switch$1601).
Removed top 26 address bits (of 32) from memory init port gate.$meminit$\$flatten\core.\k_constants_inst.$auto$proc_rom.cc:155:do_switch$1601$gold_gate.v:582$704 (\$flatten\core.\k_constants_inst.$auto$proc_rom.cc:155:do_switch$1601).
Removed top 26 address bits (of 32) from memory init port gate.$meminit$\$flatten\core.\k_constants_inst.$auto$proc_rom.cc:155:do_switch$1601$gold_gate.v:581$703 (\$flatten\core.\k_constants_inst.$auto$proc_rom.cc:155:do_switch$1601).
Removed top 26 address bits (of 32) from memory init port gate.$meminit$\$flatten\core.\k_constants_inst.$auto$proc_rom.cc:155:do_switch$1601$gold_gate.v:580$702 (\$flatten\core.\k_constants_inst.$auto$proc_rom.cc:155:do_switch$1601).
Removed top 26 address bits (of 32) from memory init port gate.$meminit$\$flatten\core.\k_constants_inst.$auto$proc_rom.cc:155:do_switch$1601$gold_gate.v:558$680 (\$flatten\core.\k_constants_inst.$auto$proc_rom.cc:155:do_switch$1601).
Removed top 26 address bits (of 32) from memory init port gate.$meminit$\$flatten\core.\k_constants_inst.$auto$proc_rom.cc:155:do_switch$1601$gold_gate.v:579$701 (\$flatten\core.\k_constants_inst.$auto$proc_rom.cc:155:do_switch$1601).
Removed top 26 address bits (of 32) from memory init port gate.$meminit$\$flatten\core.\k_constants_inst.$auto$proc_rom.cc:155:do_switch$1601$gold_gate.v:578$700 (\$flatten\core.\k_constants_inst.$auto$proc_rom.cc:155:do_switch$1601).
Removed top 26 address bits (of 32) from memory init port gate.$meminit$\$flatten\core.\k_constants_inst.$auto$proc_rom.cc:155:do_switch$1601$gold_gate.v:557$679 (\$flatten\core.\k_constants_inst.$auto$proc_rom.cc:155:do_switch$1601).
Removed top 26 address bits (of 32) from memory init port gate.$meminit$\$flatten\core.\k_constants_inst.$auto$proc_rom.cc:155:do_switch$1601$gold_gate.v:577$699 (\$flatten\core.\k_constants_inst.$auto$proc_rom.cc:155:do_switch$1601).
Removed top 26 address bits (of 32) from memory init port gate.$meminit$\$flatten\core.\k_constants_inst.$auto$proc_rom.cc:155:do_switch$1601$gold_gate.v:576$698 (\$flatten\core.\k_constants_inst.$auto$proc_rom.cc:155:do_switch$1601).
Removed top 26 address bits (of 32) from memory init port gate.$meminit$\$flatten\core.\k_constants_inst.$auto$proc_rom.cc:155:do_switch$1601$gold_gate.v:556$678 (\$flatten\core.\k_constants_inst.$auto$proc_rom.cc:155:do_switch$1601).
Removed top 26 address bits (of 32) from memory init port gate.$meminit$\$flatten\core.\k_constants_inst.$auto$proc_rom.cc:155:do_switch$1601$gold_gate.v:575$697 (\$flatten\core.\k_constants_inst.$auto$proc_rom.cc:155:do_switch$1601).
Removed top 26 address bits (of 32) from memory init port gate.$meminit$\$flatten\core.\k_constants_inst.$auto$proc_rom.cc:155:do_switch$1601$gold_gate.v:555$677 (\$flatten\core.\k_constants_inst.$auto$proc_rom.cc:155:do_switch$1601).
Removed top 26 address bits (of 32) from memory init port gate.$meminit$\$flatten\core.\k_constants_inst.$auto$proc_rom.cc:155:do_switch$1601$gold_gate.v:574$696 (\$flatten\core.\k_constants_inst.$auto$proc_rom.cc:155:do_switch$1601).
Removed top 26 address bits (of 32) from memory init port gate.$meminit$\$flatten\core.\k_constants_inst.$auto$proc_rom.cc:155:do_switch$1601$gold_gate.v:573$695 (\$flatten\core.\k_constants_inst.$auto$proc_rom.cc:155:do_switch$1601).
Removed top 26 address bits (of 32) from memory init port gate.$meminit$\$flatten\core.\k_constants_inst.$auto$proc_rom.cc:155:do_switch$1601$gold_gate.v:572$694 (\$flatten\core.\k_constants_inst.$auto$proc_rom.cc:155:do_switch$1601).
Removed top 26 address bits (of 32) from memory init port gate.$meminit$\$flatten\core.\k_constants_inst.$auto$proc_rom.cc:155:do_switch$1601$gold_gate.v:571$693 (\$flatten\core.\k_constants_inst.$auto$proc_rom.cc:155:do_switch$1601).
Removed top 26 address bits (of 32) from memory init port gate.$meminit$\$flatten\core.\k_constants_inst.$auto$proc_rom.cc:155:do_switch$1601$gold_gate.v:554$676 (\$flatten\core.\k_constants_inst.$auto$proc_rom.cc:155:do_switch$1601).
Removed top 26 address bits (of 32) from memory init port gate.$meminit$\$flatten\core.\k_constants_inst.$auto$proc_rom.cc:155:do_switch$1601$gold_gate.v:570$692 (\$flatten\core.\k_constants_inst.$auto$proc_rom.cc:155:do_switch$1601).
Removed top 26 address bits (of 32) from memory init port gate.$meminit$\$flatten\core.\k_constants_inst.$auto$proc_rom.cc:155:do_switch$1601$gold_gate.v:569$691 (\$flatten\core.\k_constants_inst.$auto$proc_rom.cc:155:do_switch$1601).
Removed top 26 address bits (of 32) from memory init port gate.$meminit$\$flatten\core.\k_constants_inst.$auto$proc_rom.cc:155:do_switch$1601$gold_gate.v:568$690 (\$flatten\core.\k_constants_inst.$auto$proc_rom.cc:155:do_switch$1601).
Removed top 31 bits (of 32) from port B of cell gate.$add$gold_gate.v:616$80 ($add).
Removed top 1 bits (of 2) from mux cell gate.$ternary$gold_gate.v:728$173 ($mux).
Removed top 1 bits (of 2) from port B of cell gate.$eq$gold_gate.v:837$224 ($eq).
Removed top 1 bits (of 32) from mux cell gate.$ternary$gold_gate.v:910$297 ($mux).
Removed top 1 bits (of 32) from mux cell gate.$ternary$gold_gate.v:916$303 ($mux).
Removed top 4 bits (of 32) from mux cell gate.$ternary$gold_gate.v:918$305 ($mux).
Removed top 2 bits (of 32) from mux cell gate.$ternary$gold_gate.v:926$313 ($mux).
Removed top 1 bits (of 32) from mux cell gate.$ternary$gold_gate.v:930$317 ($mux).
Removed top 28 bits (of 32) from port B of cell gate.$gt$gold_gate.v:962$349 ($gt).
Removed top 27 bits (of 32) from port B of cell gate.$lt$gold_gate.v:964$351 ($lt).
Removed top 1 bits (of 4) from port B of cell gate.$eq$gold_gate.v:1097$426 ($eq).
Removed top 1 bits (of 4) from port B of cell gate.$eq$gold_gate.v:1098$427 ($eq).
Removed top 1 bits (of 4) from port B of cell gate.$eq$gold_gate.v:1099$428 ($eq).
Removed top 1 bits (of 4) from port B of cell gate.$eq$gold_gate.v:1100$429 ($eq).
Removed top 2 bits (of 4) from port B of cell gate.$eq$gold_gate.v:1101$430 ($eq).
Removed top 2 bits (of 4) from port B of cell gate.$eq$gold_gate.v:1102$431 ($eq).
Removed top 3 bits (of 4) from port B of cell gate.$eq$gold_gate.v:1103$432 ($eq).
Removed top 3 bits (of 32) from port B of cell gate.$xor$gold_gate.v:1124$453 ($xor).
Removed top 10 bits (of 32) from port B of cell gate.$xor$gold_gate.v:1126$455 ($xor).
Removed top 3 bits (of 8) from port B of cell gate.$ge$gold_gate.v:1128$457 ($ge).
Removed top 2 bits (of 8) from port B of cell gate.$ge$gold_gate.v:1129$458 ($ge).
Removed top 3 bits (of 8) from port B of cell gate.$le$gold_gate.v:1131$460 ($le).
Removed top 2 bits (of 8) from port B of cell gate.$le$gold_gate.v:1132$461 ($le).
Removed top 26 bits (of 32) from port B of cell gate.$mul$gold_gate.v:1136$465 ($mul).
Removed top 4 bits (of 8) from port B of cell gate.$eq$gold_gate.v:1223$510 ($eq).
Removed top 4 bits (of 8) from port B of cell gate.$eq$gold_gate.v:1224$511 ($eq).
Removed top 6 bits (of 8) from port B of cell gate.$eq$gold_gate.v:1225$512 ($eq).
Removed top 7 bits (of 8) from port B of cell gate.$eq$gold_gate.v:1226$513 ($eq).
Removed top 1 bits (of 4) from port B of cell gate.$eq$gold_gate.v:1355$600 ($eq).
Removed top 1 bits (of 4) from port B of cell gate.$eq$gold_gate.v:1358$603 ($eq).
Removed top 1 bits (of 4) from port B of cell gate.$eq$gold_gate.v:1361$606 ($eq).
Removed top 1 bits (of 4) from port B of cell gate.$eq$gold_gate.v:1364$609 ($eq).
Removed top 2 bits (of 4) from port B of cell gate.$eq$gold_gate.v:1367$612 ($eq).
Removed top 2 bits (of 4) from port B of cell gate.$eq$gold_gate.v:1370$615 ($eq).
Removed top 3 bits (of 4) from port B of cell gate.$eq$gold_gate.v:1373$618 ($eq).
Removed top 31 bits (of 32) from port B of cell gate.$add$gold_gate.v:1381$625 ($add).
Removed top 2 bits (of 8) from port B of cell gate.$sub$gold_gate.v:1382$627 ($sub).
Removed top 23 bits (of 32) from port Y of cell gate.$sub$gold_gate.v:1382$627 ($sub).
Converting cell gate.$sub$gold_gate.v:1383$628 ($sub) from unsigned to signed.
Removed top 28 bits (of 32) from port A of cell gate.$sub$gold_gate.v:1383$628 ($sub).
Removed top 23 bits (of 32) from port B of cell gate.$sub$gold_gate.v:1383$628 ($sub).
Removed top 22 bits (of 32) from port Y of cell gate.$sub$gold_gate.v:1383$628 ($sub).
Removed top 1 bits (of 2) from wire gate._093_.
Removed top 1 bits (of 32) from wire gate._079_.
Removed top 1 bits (of 32) from wire gate._076_.
Removed top 4 bits (of 32) from wire gate._075_.
Removed top 1 bits (of 32) from wire gate._060_.
Removed top 2 bits (of 32) from wire gate._056_.

3.9. Executing OPT_CLEAN pass (remove unused cells and wires).
Finding unused cells or wires in module \__eqcheck_top..
Finding unused cells or wires in module \gold..
Finding unused cells or wires in module \gate..
Removed 0 unused cells and 12 unused wires.
<suppressed ~2 debug messages>

3.10. Executing MEMORY_COLLECT pass (generating $mem cells).

3.11. Executing OPT pass (performing simple optimizations).

3.11.1. Executing OPT_EXPR pass (perform const folding).
Optimizing module __eqcheck_top.
Optimizing module gold.
Optimizing module gate.

3.11.2. Executing OPT_MERGE pass (detect identical cells).
Finding identical cells in module `\__eqcheck_top'.
Computing hashes of 11 cells of `\__eqcheck_top'.
Finding duplicate cells in `\__eqcheck_top'.
Finding identical cells in module `\gold'.
Computing hashes of 342 cells of `\gold'.
Finding duplicate cells in `\gold'.
Computing hashes of 341 cells of `\gold'.
Finding duplicate cells in `\gold'.
<suppressed ~3 debug messages>
Finding identical cells in module `\gate'.
Computing hashes of 342 cells of `\gate'.
Finding duplicate cells in `\gate'.
Computing hashes of 341 cells of `\gate'.
Finding duplicate cells in `\gate'.
<suppressed ~3 debug messages>
Removed a total of 2 cells.

3.11.3. Executing OPT_CLEAN pass (remove unused cells and wires).
Finding unused cells or wires in module \__eqcheck_top..
Finding unused cells or wires in module \gold..
Finding unused cells or wires in module \gate..
Removed 0 unused cells and 2 unused wires.
<suppressed ~2 debug messages>

3.11.4. Finished fast OPT passes.

3.12. Executing SORT pass.

3.13. Printing statistics.

=== __eqcheck_top ===

        +----------Local Count, excluding submodules.
        | 
       17 wires
      117 wire bits
       10 public wires
      110 public wire bits
        6 ports
       44 port bits
        9 cells
        2   $check
        2   $eq
        1   $initstate
        1   $logic_and
        1   $logic_not
        2   $mux
        2 submodules
        1   gate
        1   gold

=== gate ===

        +----------Local Count, excluding submodules.
        | 
      400 wires
    12056 wire bits
      399 public wires
    12024 public wire bits
        8 ports
       77 port bits
      341 cells
       21   $add
       57   $adff
        5   $and
       37   $eq
        2   $ge
        1   $gt
        2   $le
        3   $logic_and
        4   $logic_not
        1   $lt
        1   $mem_v2
        1   $mul
      185   $mux
        1   $not
        6   $pmux
        1   $shiftx
        2   $sub
       11   $xor

=== gold ===

        +----------Local Count, excluding submodules.
        | 
      400 wires
    12056 wire bits
      399 public wires
    12024 public wire bits
        8 ports
       77 port bits
      341 cells
       21   $add
       57   $adff
        5   $and
       37   $eq
        2   $ge
        1   $gt
        2   $le
        3   $logic_and
        4   $logic_not
        1   $lt
        1   $mem_v2
        1   $mul
      185   $mux
        1   $not
        6   $pmux
        1   $shiftx
        2   $sub
       11   $xor

=== design hierarchy ===

        +----------Count including submodules.
        | 
      691 __eqcheck_top
      341 gate
      341 gold

        +----------Count including submodules.
        | 
      817 wires
    24229 wire bits
      808 public wires
    24158 public wire bits
       22 ports
      198 port bits
        - memories
        - memory bits
        - processes
      691 cells
       42   $add
      114   $adff
       10   $and
        2   $check
       76   $eq
        4   $ge
        2   $gt
        1   $initstate
        4   $le
        7   $logic_and
        9   $logic_not
        2   $lt
        2   $mem_v2
        2   $mul
      372   $mux
        2   $not
       12   $pmux
        2   $shiftx
        4   $sub
       22   $xor
        2 submodules
        1   gate
        1   gold

3.14. Executing CHECK pass (checking for obvious problems).
Checking module __eqcheck_top...
Checking module gate...
Checking module gold...
Found and reported 0 problems.

4. Executing HIERARCHY pass (managing design hierarchy).
Attribute `top' found on module `__eqcheck_top'. Setting top module to __eqcheck_top.

4.1. Analyzing design hierarchy..
Top module:  \__eqcheck_top
Used module:     \gate
Used module:     \gold

4.2. Analyzing design hierarchy..
Top module:  \__eqcheck_top
Used module:     \gate
Used module:     \gold
Removed 0 unused modules.
Module __eqcheck_top directly or indirectly contains formal properties -> setting "keep" attribute.

5. Executing jny backend.

6. Executing RTLIL backend.
Output filename: ../model/design.il

Warnings: 1 unique messages, 1 total
End of script. Logfile hash: f435bab18f, time: 0.44s, user: 0.26s, system: 0.04s, MEM: 34.66 MB peak
Yosys 0.68+195 (git sha1 435977e97-dirty, Release, Clang /usr/bin/clang++ 21.1.8)
Time spent: 32% 4x read_verilog (0 sec), 20% 5x opt_clean (0 sec), ...
