
 /----------------------------------------------------------------------------\
 |  yosys -- Yosys Open SYnthesis Suite                                       |
 |  Copyright (C) 2012 - 2026  Claire Xenia Wolf <claire@yosyshq.com>         |
 |  Distributed under an ISC-like license, type "license" to see terms        |
 \----------------------------------------------------------------------------/
 Yosys 0.68+195 (git sha1 435977e97-dirty, Release, Clang /usr/bin/clang++ 21.1.8)

-- Executing script file `/mnt/d/tushar/Downloads/RTL.ai/runs/benchmark_top_20260911T194844Z/formal/prepare.ys' --

1. Executing Verilog-2005 frontend: /mnt/d/tushar/Downloads/RTL.ai/designs/benchmark_flat.v
Parsing SystemVerilog input from `/mnt/d/tushar/Downloads/RTL.ai/designs/benchmark_flat.v' to AST representation.
Generating RTLIL representation for module `\crc32'.
Warning: Replacing memory \c_tap with list of registers. See /mnt/d/tushar/Downloads/RTL.ai/designs/benchmark_flat.v:60, /mnt/d/tushar/Downloads/RTL.ai/designs/benchmark_flat.v:58
Generating RTLIL representation for module `\ddc'.
Generating RTLIL representation for module `\ddc_cic'.
Warning: Replacing memory \g_comb[3].dly with list of registers. See /mnt/d/tushar/Downloads/RTL.ai/designs/benchmark_flat.v:332
Warning: Replacing memory \g_comb[2].dly with list of registers. See /mnt/d/tushar/Downloads/RTL.ai/designs/benchmark_flat.v:332
Warning: Replacing memory \g_comb[1].dly with list of registers. See /mnt/d/tushar/Downloads/RTL.ai/designs/benchmark_flat.v:332
Warning: Replacing memory \g_comb[0].dly with list of registers. See /mnt/d/tushar/Downloads/RTL.ai/designs/benchmark_flat.v:332
Generating RTLIL representation for module `\ddc_fir'.
Warning: Replacing memory \shift with list of registers. See /mnt/d/tushar/Downloads/RTL.ai/designs/benchmark_flat.v:453
Generating RTLIL representation for module `\ddc_mixer'.
Generating RTLIL representation for module `\ddc_nco'.
Generating RTLIL representation for module `\ddc_sinrom'.
Generating RTLIL representation for module `\picorv32'.
Generating RTLIL representation for module `\picorv32_regs'.
Generating RTLIL representation for module `\picorv32_pcpi_mul'.
Generating RTLIL representation for module `\picorv32_pcpi_fast_mul'.
Generating RTLIL representation for module `\picorv32_pcpi_div'.
Generating RTLIL representation for module `\picorv32_axi'.
Generating RTLIL representation for module `\picorv32_axi_adapter'.
Generating RTLIL representation for module `\picorv32_wb'.
Generating RTLIL representation for module `\sad8x8'.
Generating RTLIL representation for module `\sha256'.
Warning: Replacing memory \block_reg with list of registers. See /mnt/d/tushar/Downloads/RTL.ai/designs/benchmark_flat.v:4157
Generating RTLIL representation for module `\sha256_core'.
Generating RTLIL representation for module `\sha256_k_constants'.
Generating RTLIL representation for module `\sha256_w_mem'.
Warning: Replacing memory \w_mem with list of registers. See /mnt/d/tushar/Downloads/RTL.ai/designs/benchmark_flat.v:5045
Generating RTLIL representation for module `\clk_divider'.
Generating RTLIL representation for module `\cdc_sync'.
Generating RTLIL representation for module `\cdc_handshake'.
Generating RTLIL representation for module `\reset_sync'.
Generating RTLIL representation for module `\benchmark_top'.
Successfully finished Verilog frontend.

2. Executing HIERARCHY pass (managing design hierarchy).

2.1. Analyzing design hierarchy..
Top module:  \benchmark_top
Used module:     \cdc_handshake
Used module:         \cdc_sync
Used module:     \crc32
Used module:     \ddc
Used module:         \ddc_fir
Used module:         \ddc_cic
Used module:         \ddc_mixer
Used module:         \ddc_nco
Used module:             \ddc_sinrom
Used module:     \sad8x8
Used module:     \sha256
Used module:         \sha256_core
Used module:             \sha256_w_mem
Used module:             \sha256_k_constants
Used module:     \picorv32
Used module:         \picorv32_pcpi_div
Used module:         \picorv32_pcpi_fast_mul
Used module:     \clk_divider
Used module:     \reset_sync
Parameter \IQW = 16
Parameter \OUTW = 16
Parameter \CW = 16
Parameter \NTAP = 15
Parameter \H = 240'000000000000000000000000000000000000000000000000000000000000000000000000000000000000000000000000000000000000000001111111111111110000000000000000000000000000000000000000000000000000000000000000000000000000000000000000000000000000000000000000

2.2. Executing AST frontend in derive mode using pre-parsed AST for module `\ddc_fir'.
Parameter \IQW = 16
Parameter \OUTW = 16
Parameter \CW = 16
Parameter \NTAP = 15
Parameter \H = 240'000000000000000000000000000000000000000000000000000000000000000000000000000000000000000000000000000000000000000001111111111111110000000000000000000000000000000000000000000000000000000000000000000000000000000000000000000000000000000000000000
Generating RTLIL representation for module `$paramod$6b2e5777348611c38df4110cba65fe3615d0b62c\ddc_fir'.
Warning: Replacing memory \shift with list of registers. See /mnt/d/tushar/Downloads/RTL.ai/designs/benchmark_flat.v:453
Parameter \IQW = 16
Parameter \STAGES = 4
Parameter \R = 8
Parameter \M = 1

2.3. Executing AST frontend in derive mode using pre-parsed AST for module `\ddc_cic'.
Parameter \IQW = 16
Parameter \STAGES = 4
Parameter \R = 8
Parameter \M = 1
Generating RTLIL representation for module `$paramod$498463d264968bc81db47baec170cc0cc7a42680\ddc_cic'.
Warning: Replacing memory \g_comb[3].dly with list of registers. See /mnt/d/tushar/Downloads/RTL.ai/designs/benchmark_flat.v:332
Warning: Replacing memory \g_comb[2].dly with list of registers. See /mnt/d/tushar/Downloads/RTL.ai/designs/benchmark_flat.v:332
Warning: Replacing memory \g_comb[1].dly with list of registers. See /mnt/d/tushar/Downloads/RTL.ai/designs/benchmark_flat.v:332
Warning: Replacing memory \g_comb[0].dly with list of registers. See /mnt/d/tushar/Downloads/RTL.ai/designs/benchmark_flat.v:332
Parameter \IQW = 16
Parameter \OUTW = 16
Parameter \CW = 16
Parameter \NTAP = 15
Parameter \H = 240'000000000000000000000000000000000000000000000000000000000000000000000000000000000000000000000000000000000000000001111111111111110000000000000000000000000000000000000000000000000000000000000000000000000000000000000000000000000000000000000000
Found cached RTLIL representation for module `$paramod$6b2e5777348611c38df4110cba65fe3615d0b62c\ddc_fir'.
Parameter \IQW = 16
Parameter \STAGES = 4
Parameter \R = 8
Parameter \M = 1
Found cached RTLIL representation for module `$paramod$498463d264968bc81db47baec170cc0cc7a42680\ddc_cic'.
Parameter \DW = 16
Parameter \SW = 16
Parameter \IQW = 16

2.4. Executing AST frontend in derive mode using pre-parsed AST for module `\ddc_mixer'.
Parameter \DW = 16
Parameter \SW = 16
Parameter \IQW = 16
Generating RTLIL representation for module `$paramod$33682cd1d05634ea6014b34575d141b8a856657a\ddc_mixer'.
Parameter \PAW = 24
Parameter \AW = 8
Parameter \SW = 16

2.5. Executing AST frontend in derive mode using pre-parsed AST for module `\ddc_nco'.
Parameter \PAW = 24
Parameter \AW = 8
Parameter \SW = 16
Generating RTLIL representation for module `$paramod$8af8dc0d438d0d364592a69345da95ce450509b0\ddc_nco'.
Reprocessing module ddc because instantiated module ddc_fir has become available.
Generating RTLIL representation for module `\ddc'.
Parameter \WIDTH = 16

2.6. Executing AST frontend in derive mode using pre-parsed AST for module `\cdc_handshake'.
Parameter \WIDTH = 16
Generating RTLIL representation for module `$paramod\cdc_handshake\WIDTH=s32'00000000000000000000000000010000'.
Parameter \WIDTH = 16
Found cached RTLIL representation for module `$paramod\cdc_handshake\WIDTH=s32'00000000000000000000000000010000'.
Parameter \WIDTH = 16
Found cached RTLIL representation for module `$paramod\cdc_handshake\WIDTH=s32'00000000000000000000000000010000'.
Parameter \WIDTH = 16
Found cached RTLIL representation for module `$paramod\cdc_handshake\WIDTH=s32'00000000000000000000000000010000'.
Parameter \WIDTH = 16
Found cached RTLIL representation for module `$paramod\cdc_handshake\WIDTH=s32'00000000000000000000000000010000'.
Parameter \DIV = 10

2.7. Executing AST frontend in derive mode using pre-parsed AST for module `\clk_divider'.
Parameter \DIV = 10
Generating RTLIL representation for module `$paramod\clk_divider\DIV=s32'00000000000000000000000000001010'.
Parameter \DIV = 8

2.8. Executing AST frontend in derive mode using pre-parsed AST for module `\clk_divider'.
Parameter \DIV = 8
Generating RTLIL representation for module `$paramod\clk_divider\DIV=s32'00000000000000000000000000001000'.
Parameter \DIV = 6

2.9. Executing AST frontend in derive mode using pre-parsed AST for module `\clk_divider'.
Parameter \DIV = 6
Generating RTLIL representation for module `$paramod\clk_divider\DIV=s32'00000000000000000000000000000110'.
Parameter \DIV = 4

2.10. Executing AST frontend in derive mode using pre-parsed AST for module `\clk_divider'.
Parameter \DIV = 4
Generating RTLIL representation for module `$paramod\clk_divider\DIV=s32'00000000000000000000000000000100'.
Parameter \DIV = 2

2.11. Executing AST frontend in derive mode using pre-parsed AST for module `\clk_divider'.
Parameter \DIV = 2
Generating RTLIL representation for module `$paramod\clk_divider\DIV=s32'00000000000000000000000000000010'.

2.12. Analyzing design hierarchy..
Top module:  \benchmark_top
Used module:     $paramod\cdc_handshake\WIDTH=s32'00000000000000000000000000010000
Used module:         \cdc_sync
Used module:     \crc32
Used module:     \ddc
Used module:         \ddc_fir
Used module:         \ddc_cic
Used module:         \ddc_mixer
Used module:         \ddc_nco
Used module:             \ddc_sinrom
Used module:     \sad8x8
Used module:     \sha256
Used module:         \sha256_core
Used module:             \sha256_w_mem
Used module:             \sha256_k_constants
Used module:     \picorv32
Used module:         \picorv32_pcpi_div
Used module:         \picorv32_pcpi_fast_mul
Used module:     $paramod\clk_divider\DIV=s32'00000000000000000000000000001010
Used module:     $paramod\clk_divider\DIV=s32'00000000000000000000000000001000
Used module:     $paramod\clk_divider\DIV=s32'00000000000000000000000000000110
Used module:     $paramod\clk_divider\DIV=s32'00000000000000000000000000000100
Used module:     $paramod\clk_divider\DIV=s32'00000000000000000000000000000010
Used module:     \reset_sync
Parameter \IQW = 16
Parameter \OUTW = 16
Parameter \CW = 16
Parameter \NTAP = 15
Parameter \H = 240'000000000000000000000000000000000000000000000000000000000000000000000000000000000000000000000000000000000000000001111111111111110000000000000000000000000000000000000000000000000000000000000000000000000000000000000000000000000000000000000000
Found cached RTLIL representation for module `$paramod$6b2e5777348611c38df4110cba65fe3615d0b62c\ddc_fir'.
Parameter \IQW = 16
Parameter \STAGES = 4
Parameter \R = 8
Parameter \M = 1
Found cached RTLIL representation for module `$paramod$498463d264968bc81db47baec170cc0cc7a42680\ddc_cic'.
Parameter \IQW = 16
Parameter \OUTW = 16
Parameter \CW = 16
Parameter \NTAP = 15
Parameter \H = 240'000000000000000000000000000000000000000000000000000000000000000000000000000000000000000000000000000000000000000001111111111111110000000000000000000000000000000000000000000000000000000000000000000000000000000000000000000000000000000000000000
Found cached RTLIL representation for module `$paramod$6b2e5777348611c38df4110cba65fe3615d0b62c\ddc_fir'.
Parameter \IQW = 16
Parameter \STAGES = 4
Parameter \R = 8
Parameter \M = 1
Found cached RTLIL representation for module `$paramod$498463d264968bc81db47baec170cc0cc7a42680\ddc_cic'.
Parameter \DW = 16
Parameter \SW = 16
Parameter \IQW = 16
Found cached RTLIL representation for module `$paramod$33682cd1d05634ea6014b34575d141b8a856657a\ddc_mixer'.
Parameter \PAW = 24
Parameter \AW = 8
Parameter \SW = 16
Found cached RTLIL representation for module `$paramod$8af8dc0d438d0d364592a69345da95ce450509b0\ddc_nco'.

2.13. Analyzing design hierarchy..
Top module:  \benchmark_top
Used module:     $paramod\cdc_handshake\WIDTH=s32'00000000000000000000000000010000
Used module:         \cdc_sync
Used module:     \crc32
Used module:     \ddc
Used module:         $paramod$6b2e5777348611c38df4110cba65fe3615d0b62c\ddc_fir
Used module:         $paramod$498463d264968bc81db47baec170cc0cc7a42680\ddc_cic
Used module:         $paramod$33682cd1d05634ea6014b34575d141b8a856657a\ddc_mixer
Used module:         $paramod$8af8dc0d438d0d364592a69345da95ce450509b0\ddc_nco
Used module:             \ddc_sinrom
Used module:     \sad8x8
Used module:     \sha256
Used module:         \sha256_core
Used module:             \sha256_w_mem
Used module:             \sha256_k_constants
Used module:     \picorv32
Used module:         \picorv32_pcpi_div
Used module:         \picorv32_pcpi_fast_mul
Used module:     $paramod\clk_divider\DIV=s32'00000000000000000000000000001010
Used module:     $paramod\clk_divider\DIV=s32'00000000000000000000000000001000
Used module:     $paramod\clk_divider\DIV=s32'00000000000000000000000000000110
Used module:     $paramod\clk_divider\DIV=s32'00000000000000000000000000000100
Used module:     $paramod\clk_divider\DIV=s32'00000000000000000000000000000010
Used module:     \reset_sync

2.14. Analyzing design hierarchy..
Top module:  \benchmark_top
Used module:     $paramod\cdc_handshake\WIDTH=s32'00000000000000000000000000010000
Used module:         \cdc_sync
Used module:     \crc32
Used module:     \ddc
Used module:         $paramod$6b2e5777348611c38df4110cba65fe3615d0b62c\ddc_fir
Used module:         $paramod$498463d264968bc81db47baec170cc0cc7a42680\ddc_cic
Used module:         $paramod$33682cd1d05634ea6014b34575d141b8a856657a\ddc_mixer
Used module:         $paramod$8af8dc0d438d0d364592a69345da95ce450509b0\ddc_nco
Used module:             \ddc_sinrom
Used module:     \sad8x8
Used module:     \sha256
Used module:         \sha256_core
Used module:             \sha256_w_mem
Used module:             \sha256_k_constants
Used module:     \picorv32
Used module:         \picorv32_pcpi_div
Used module:         \picorv32_pcpi_fast_mul
Used module:     $paramod\clk_divider\DIV=s32'00000000000000000000000000001010
Used module:     $paramod\clk_divider\DIV=s32'00000000000000000000000000001000
Used module:     $paramod\clk_divider\DIV=s32'00000000000000000000000000000110
Used module:     $paramod\clk_divider\DIV=s32'00000000000000000000000000000100
Used module:     $paramod\clk_divider\DIV=s32'00000000000000000000000000000010
Used module:     \reset_sync
Removing unused module `\cdc_handshake'.
Removing unused module `\clk_divider'.
Removing unused module `\picorv32_wb'.
Removing unused module `\picorv32_axi_adapter'.
Removing unused module `\picorv32_axi'.
Removing unused module `\picorv32_pcpi_mul'.
Removing unused module `\picorv32_regs'.
Removing unused module `\ddc_nco'.
Removing unused module `\ddc_mixer'.
Removing unused module `\ddc_fir'.
Removing unused module `\ddc_cic'.
Removed 11 unused modules.

3. Executing PROC pass (convert processes to netlists).

3.1. Executing PROC_CLEAN pass (remove empty switches from decision trees).
Found and cleaned up 1 empty switch in `\picorv32.$proc$/mnt/d/tushar/Downloads/RTL.ai/designs/benchmark_flat.v:1080$1080'.
Removing empty process `picorv32.$proc$/mnt/d/tushar/Downloads/RTL.ai/designs/benchmark_flat.v:1080$1080'.
Found and cleaned up 17 empty switches in `\picorv32.$proc$/mnt/d/tushar/Downloads/RTL.ai/designs/benchmark_flat.v:2276$907'.
Found and cleaned up 1 empty switch in `\picorv32.$proc$/mnt/d/tushar/Downloads/RTL.ai/designs/benchmark_flat.v:2222$892'.
Found and cleaned up 6 empty switches in `\picorv32.$proc$/mnt/d/tushar/Downloads/RTL.ai/designs/benchmark_flat.v:1420$528'.
Removing empty process `picorv32.$proc$/mnt/d/tushar/Downloads/RTL.ai/designs/benchmark_flat.v:1420$528'.
Cleaned up 25 empty switches.

3.2. Executing PROC_RMDEAD pass (remove dead branches from decision trees).
Marked 1 switch rules as full_case in process $proc$/mnt/d/tushar/Downloads/RTL.ai/designs/benchmark_flat.v:5324$1741 in module reset_sync.
Marked 2 switch rules as full_case in process $proc$/mnt/d/tushar/Downloads/RTL.ai/designs/benchmark_flat.v:5198$1922 in module $paramod\clk_divider\DIV=s32'00000000000000000000000000000100.
Marked 1 switch rules as full_case in process $proc$/mnt/d/tushar/Downloads/RTL.ai/designs/benchmark_flat.v:5221$1733 in module cdc_sync.
Marked 2 switch rules as full_case in process $proc$/mnt/d/tushar/Downloads/RTL.ai/designs/benchmark_flat.v:5198$1918 in module $paramod\clk_divider\DIV=s32'00000000000000000000000000000110.
Marked 2 switch rules as full_case in process $proc$/mnt/d/tushar/Downloads/RTL.ai/designs/benchmark_flat.v:5094$1719 in module sha256_w_mem.
Removed 1 dead cases from process $proc$/mnt/d/tushar/Downloads/RTL.ai/designs/benchmark_flat.v:5079$1712 in module sha256_w_mem.
Marked 2 switch rules as full_case in process $proc$/mnt/d/tushar/Downloads/RTL.ai/designs/benchmark_flat.v:5079$1712 in module sha256_w_mem.
Marked 1 switch rules as full_case in process $proc$/mnt/d/tushar/Downloads/RTL.ai/designs/benchmark_flat.v:5038$1710 in module sha256_w_mem.
Removed 1 dead cases from process $proc$/mnt/d/tushar/Downloads/RTL.ai/designs/benchmark_flat.v:4868$1708 in module sha256_k_constants.
Marked 1 switch rules as full_case in process $proc$/mnt/d/tushar/Downloads/RTL.ai/designs/benchmark_flat.v:4868$1708 in module sha256_k_constants.
Marked 4 switch rules as full_case in process $proc$/mnt/d/tushar/Downloads/RTL.ai/designs/benchmark_flat.v:4722$1706 in module sha256_core.
Marked 2 switch rules as full_case in process $proc$/mnt/d/tushar/Downloads/RTL.ai/designs/benchmark_flat.v:4698$1704 in module sha256_core.
Marked 4 switch rules as full_case in process $proc$/mnt/d/tushar/Downloads/RTL.ai/designs/benchmark_flat.v:4624$1701 in module sha256_core.
Marked 3 switch rules as full_case in process $proc$/mnt/d/tushar/Downloads/RTL.ai/designs/benchmark_flat.v:4524$1672 in module sha256_core.
Marked 1 switch rules as full_case in process $proc$/mnt/d/tushar/Downloads/RTL.ai/designs/benchmark_flat.v:4456$1670 in module sha256_core.
Removed 1 dead cases from process $proc$/mnt/d/tushar/Downloads/RTL.ai/designs/benchmark_flat.v:4191$1645 in module sha256.
Marked 8 switch rules as full_case in process $proc$/mnt/d/tushar/Downloads/RTL.ai/designs/benchmark_flat.v:4191$1645 in module sha256.
Marked 3 switch rules as full_case in process $proc$/mnt/d/tushar/Downloads/RTL.ai/designs/benchmark_flat.v:4150$1637 in module sha256.
Marked 1 switch rules as full_case in process $proc$/mnt/d/tushar/Downloads/RTL.ai/designs/benchmark_flat.v:3979$1314 in module sad8x8.
Marked 2 switch rules as full_case in process $proc$/mnt/d/tushar/Downloads/RTL.ai/designs/benchmark_flat.v:5198$1914 in module $paramod\clk_divider\DIV=s32'00000000000000000000000000001000.
Marked 2 switch rules as full_case in process $proc$/mnt/d/tushar/Downloads/RTL.ai/designs/benchmark_flat.v:5198$1910 in module $paramod\clk_divider\DIV=s32'00000000000000000000000000001010.
Marked 2 switch rules as full_case in process $proc$/mnt/d/tushar/Downloads/RTL.ai/designs/benchmark_flat.v:5298$1906 in module $paramod\cdc_handshake\WIDTH=s32'00000000000000000000000000010000.
Marked 2 switch rules as full_case in process $proc$/mnt/d/tushar/Downloads/RTL.ai/designs/benchmark_flat.v:5267$1903 in module $paramod\cdc_handshake\WIDTH=s32'00000000000000000000000000010000.
Marked 4 switch rules as full_case in process $proc$/mnt/d/tushar/Downloads/RTL.ai/designs/benchmark_flat.v:3338$1187 in module picorv32_pcpi_div.
Marked 3 switch rules as full_case in process $proc$/mnt/d/tushar/Downloads/RTL.ai/designs/benchmark_flat.v:3252$1168 in module picorv32_pcpi_fast_mul.
Marked 2 switch rules as full_case in process $proc$/mnt/d/tushar/Downloads/RTL.ai/designs/benchmark_flat.v:3222$1161 in module picorv32_pcpi_fast_mul.
Marked 1 switch rules as full_case in process $proc$/mnt/d/tushar/Downloads/RTL.ai/designs/benchmark_flat.v:173$1896 in module ddc.
Marked 2 switch rules as full_case in process $proc$/mnt/d/tushar/Downloads/RTL.ai/designs/benchmark_flat.v:5198$1926 in module $paramod\clk_divider\DIV=s32'00000000000000000000000000000010.
Marked 35 switch rules as full_case in process $proc$/mnt/d/tushar/Downloads/RTL.ai/designs/benchmark_flat.v:2276$907 in module picorv32.
Marked 1 switch rules as full_case in process $proc$/mnt/d/tushar/Downloads/RTL.ai/designs/benchmark_flat.v:2211$883 in module picorv32.
Marked 2 switch rules as full_case in process $proc$/mnt/d/tushar/Downloads/RTL.ai/designs/benchmark_flat.v:2183$871 in module picorv32.
Marked 2 switch rules as full_case in process $proc$/mnt/d/tushar/Downloads/RTL.ai/designs/benchmark_flat.v:2169$866 in module picorv32.
Marked 8 switch rules as full_case in process $proc$/mnt/d/tushar/Downloads/RTL.ai/designs/benchmark_flat.v:2060$831 in module picorv32.
Marked 3 switch rules as full_case in process $proc$/mnt/d/tushar/Downloads/RTL.ai/designs/benchmark_flat.v:1732$568 in module picorv32.
Marked 3 switch rules as full_case in process $proc$/mnt/d/tushar/Downloads/RTL.ai/designs/benchmark_flat.v:1683$566 in module picorv32.
Marked 2 switch rules as full_case in process $proc$/mnt/d/tushar/Downloads/RTL.ai/designs/benchmark_flat.v:1652$562 in module picorv32.
Marked 48 switch rules as full_case in process $proc$/mnt/d/tushar/Downloads/RTL.ai/designs/benchmark_flat.v:1575$561 in module picorv32.
Marked 4 switch rules as full_case in process $proc$/mnt/d/tushar/Downloads/RTL.ai/designs/benchmark_flat.v:1439$537 in module picorv32.
Marked 1 switch rules as full_case in process $proc$/mnt/d/tushar/Downloads/RTL.ai/designs/benchmark_flat.v:1304$499 in module picorv32.
Removed 2 dead cases from process $proc$/mnt/d/tushar/Downloads/RTL.ai/designs/benchmark_flat.v:1275$496 in module picorv32.
Marked 2 switch rules as full_case in process $proc$/mnt/d/tushar/Downloads/RTL.ai/designs/benchmark_flat.v:1275$496 in module picorv32.
Marked 1 switch rules as full_case in process $proc$/mnt/d/tushar/Downloads/RTL.ai/designs/benchmark_flat.v:1264$491 in module picorv32.
Marked 1 switch rules as full_case in process $proc$/mnt/d/tushar/Downloads/RTL.ai/designs/benchmark_flat.v:1199$417 in module picorv32.
Removed 1 dead cases from process $proc$/mnt/d/tushar/Downloads/RTL.ai/designs/benchmark_flat.v:613$402 in module ddc_sinrom.
Marked 1 switch rules as full_case in process $proc$/mnt/d/tushar/Downloads/RTL.ai/designs/benchmark_flat.v:613$402 in module ddc_sinrom.
Marked 1 switch rules as full_case in process $proc$/mnt/d/tushar/Downloads/RTL.ai/designs/benchmark_flat.v:530$1886 in module $paramod$33682cd1d05634ea6014b34575d141b8a856657a\ddc_mixer.
Marked 2 switch rules as full_case in process $proc$/mnt/d/tushar/Downloads/RTL.ai/designs/benchmark_flat.v:329$1855 in module $paramod$498463d264968bc81db47baec170cc0cc7a42680\ddc_cic.
Marked 2 switch rules as full_case in process $proc$/mnt/d/tushar/Downloads/RTL.ai/designs/benchmark_flat.v:329$1854 in module $paramod$498463d264968bc81db47baec170cc0cc7a42680\ddc_cic.
Marked 2 switch rules as full_case in process $proc$/mnt/d/tushar/Downloads/RTL.ai/designs/benchmark_flat.v:329$1853 in module $paramod$498463d264968bc81db47baec170cc0cc7a42680\ddc_cic.
Marked 2 switch rules as full_case in process $proc$/mnt/d/tushar/Downloads/RTL.ai/designs/benchmark_flat.v:329$1852 in module $paramod$498463d264968bc81db47baec170cc0cc7a42680\ddc_cic.
Marked 1 switch rules as full_case in process $proc$/mnt/d/tushar/Downloads/RTL.ai/designs/benchmark_flat.v:284$1850 in module $paramod$498463d264968bc81db47baec170cc0cc7a42680\ddc_cic.
Marked 1 switch rules as full_case in process $proc$/mnt/d/tushar/Downloads/RTL.ai/designs/benchmark_flat.v:284$1848 in module $paramod$498463d264968bc81db47baec170cc0cc7a42680\ddc_cic.
Marked 1 switch rules as full_case in process $proc$/mnt/d/tushar/Downloads/RTL.ai/designs/benchmark_flat.v:284$1846 in module $paramod$498463d264968bc81db47baec170cc0cc7a42680\ddc_cic.
Marked 1 switch rules as full_case in process $proc$/mnt/d/tushar/Downloads/RTL.ai/designs/benchmark_flat.v:284$1844 in module $paramod$498463d264968bc81db47baec170cc0cc7a42680\ddc_cic.
Marked 1 switch rules as full_case in process $proc$/mnt/d/tushar/Downloads/RTL.ai/designs/benchmark_flat.v:349$1843 in module $paramod$498463d264968bc81db47baec170cc0cc7a42680\ddc_cic.
Marked 2 switch rules as full_case in process $proc$/mnt/d/tushar/Downloads/RTL.ai/designs/benchmark_flat.v:298$1839 in module $paramod$498463d264968bc81db47baec170cc0cc7a42680\ddc_cic.
Marked 2 switch rules as full_case in process $proc$/mnt/d/tushar/Downloads/RTL.ai/designs/benchmark_flat.v:450$1776 in module $paramod$6b2e5777348611c38df4110cba65fe3615d0b62c\ddc_fir.
Marked 1 switch rules as full_case in process $proc$/mnt/d/tushar/Downloads/RTL.ai/designs/benchmark_flat.v:5564$1768 in module benchmark_top.
Marked 1 switch rules as full_case in process $proc$/mnt/d/tushar/Downloads/RTL.ai/designs/benchmark_flat.v:5546$1761 in module benchmark_top.
Marked 1 switch rules as full_case in process $proc$/mnt/d/tushar/Downloads/RTL.ai/designs/benchmark_flat.v:5521$1760 in module benchmark_top.
Marked 1 switch rules as full_case in process $proc$/mnt/d/tushar/Downloads/RTL.ai/designs/benchmark_flat.v:5501$1758 in module benchmark_top.
Marked 1 switch rules as full_case in process $proc$/mnt/d/tushar/Downloads/RTL.ai/designs/benchmark_flat.v:5480$1755 in module benchmark_top.
Marked 1 switch rules as full_case in process $proc$/mnt/d/tushar/Downloads/RTL.ai/designs/benchmark_flat.v:5459$1753 in module benchmark_top.
Marked 1 switch rules as full_case in process $proc$/mnt/d/tushar/Downloads/RTL.ai/designs/benchmark_flat.v:589$1888 in module $paramod$8af8dc0d438d0d364592a69345da95ce450509b0\ddc_nco.
Marked 1 switch rules as full_case in process $proc$/mnt/d/tushar/Downloads/RTL.ai/designs/benchmark_flat.v:69$276 in module crc32.
Marked 1 switch rules as full_case in process $proc$/mnt/d/tushar/Downloads/RTL.ai/designs/benchmark_flat.v:57$15 in module crc32.
Removed a total of 6 dead cases.

3.3. Executing PROC_PRUNE pass (remove redundant assignments in processes).
Removed 31 redundant assignments.
Promoted 280 assignments to connections.

3.4. Executing PROC_INIT pass (extract init attributes).

3.5. Executing PROC_ARST pass (detect async resets in processes).
Found async reset \rst_async in `\reset_sync.$proc$/mnt/d/tushar/Downloads/RTL.ai/designs/benchmark_flat.v:5324$1741'.
Found async reset \reset_n in `\sha256_w_mem.$proc$/mnt/d/tushar/Downloads/RTL.ai/designs/benchmark_flat.v:5038$1710'.
Found async reset \reset_n in `\sha256_core.$proc$/mnt/d/tushar/Downloads/RTL.ai/designs/benchmark_flat.v:4456$1670'.
Found async reset \reset_n in `\sha256.$proc$/mnt/d/tushar/Downloads/RTL.ai/designs/benchmark_flat.v:4150$1637'.

3.6. Executing PROC_ROM pass (convert switches to ROMs).
Converted 2 switches.
<suppressed ~296 debug messages>

3.7. Executing PROC_MUX pass (convert decision trees to multiplexers).
Creating decoders for process `\reset_sync.$proc$/mnt/d/tushar/Downloads/RTL.ai/designs/benchmark_flat.v:5324$1741'.
     1/2: $0\stable[0:0]
     2/2: $0\meta[0:0]
Creating decoders for process `$paramod\clk_divider\DIV=s32'00000000000000000000000000000100.$proc$/mnt/d/tushar/Downloads/RTL.ai/designs/benchmark_flat.v:5198$1922'.
     1/2: $0\count[7:0]
     2/2: $0\clk_out[0:0]
Creating decoders for process `\cdc_sync.$proc$/mnt/d/tushar/Downloads/RTL.ai/designs/benchmark_flat.v:5221$1733'.
     1/2: $0\stable[0:0]
     2/2: $0\meta[0:0]
Creating decoders for process `$paramod\clk_divider\DIV=s32'00000000000000000000000000000110.$proc$/mnt/d/tushar/Downloads/RTL.ai/designs/benchmark_flat.v:5198$1918'.
     1/2: $0\count[7:0]
     2/2: $0\clk_out[0:0]
Creating decoders for process `\sha256_w_mem.$proc$/mnt/d/tushar/Downloads/RTL.ai/designs/benchmark_flat.v:5094$1719'.
     1/34: $2\w_mem_we[0:0]
     2/34: $2\w_mem15_new[31:0]
     3/34: $2\w_mem14_new[31:0]
     4/34: $2\w_mem13_new[31:0]
     5/34: $2\w_mem12_new[31:0]
     6/34: $2\w_mem11_new[31:0]
     7/34: $2\w_mem10_new[31:0]
     8/34: $2\w_mem09_new[31:0]
     9/34: $2\w_mem08_new[31:0]
    10/34: $2\w_mem07_new[31:0]
    11/34: $2\w_mem06_new[31:0]
    12/34: $2\w_mem05_new[31:0]
    13/34: $2\w_mem04_new[31:0]
    14/34: $2\w_mem03_new[31:0]
    15/34: $2\w_mem02_new[31:0]
    16/34: $2\w_mem01_new[31:0]
    17/34: $2\w_mem00_new[31:0]
    18/34: $1\w_mem_we[0:0]
    19/34: $1\w_mem15_new[31:0]
    20/34: $1\w_mem14_new[31:0]
    21/34: $1\w_mem13_new[31:0]
    22/34: $1\w_mem12_new[31:0]
    23/34: $1\w_mem11_new[31:0]
    24/34: $1\w_mem10_new[31:0]
    25/34: $1\w_mem09_new[31:0]
    26/34: $1\w_mem08_new[31:0]
    27/34: $1\w_mem07_new[31:0]
    28/34: $1\w_mem06_new[31:0]
    29/34: $1\w_mem05_new[31:0]
    30/34: $1\w_mem04_new[31:0]
    31/34: $1\w_mem03_new[31:0]
    32/34: $1\w_mem02_new[31:0]
    33/34: $1\w_mem01_new[31:0]
    34/34: $1\w_mem00_new[31:0]
Creating decoders for process `\sha256_w_mem.$proc$/mnt/d/tushar/Downloads/RTL.ai/designs/benchmark_flat.v:5079$1712'.
     1/4: $2$mem2reg_rd$\w_mem$/mnt/d/tushar/Downloads/RTL.ai/designs/benchmark_flat.v:5082$1709_DATA[31:0]$1718
     2/4: $1\w_tmp[31:0]
     3/4: $1$mem2reg_rd$\w_mem$/mnt/d/tushar/Downloads/RTL.ai/designs/benchmark_flat.v:5082$1709_DATA[31:0]$1717
     4/4: $1$mem2reg_rd$\w_mem$/mnt/d/tushar/Downloads/RTL.ai/designs/benchmark_flat.v:5082$1709_ADDR[3:0]$1716
Creating decoders for process `\sha256_w_mem.$proc$/mnt/d/tushar/Downloads/RTL.ai/designs/benchmark_flat.v:5038$1710'.
     1/17: $1\reg_update.i[31:0]
     2/17: $0\w_mem[15][31:0]
     3/17: $0\w_mem[14][31:0]
     4/17: $0\w_mem[13][31:0]
     5/17: $0\w_mem[12][31:0]
     6/17: $0\w_mem[11][31:0]
     7/17: $0\w_mem[10][31:0]
     8/17: $0\w_mem[9][31:0]
     9/17: $0\w_mem[8][31:0]
    10/17: $0\w_mem[7][31:0]
    11/17: $0\w_mem[6][31:0]
    12/17: $0\w_mem[5][31:0]
    13/17: $0\w_mem[4][31:0]
    14/17: $0\w_mem[3][31:0]
    15/17: $0\w_mem[2][31:0]
    16/17: $0\w_mem[1][31:0]
    17/17: $0\w_mem[0][31:0]
Creating decoders for process `\sha256_k_constants.$proc$/mnt/d/tushar/Downloads/RTL.ai/designs/benchmark_flat.v:4868$1708'.
     1/1: $1\tmp_K[31:0]
Creating decoders for process `\sha256_core.$proc$/mnt/d/tushar/Downloads/RTL.ai/designs/benchmark_flat.v:4722$1706'.
     1/32: $4\sha256_ctrl_we[0:0]
     2/32: $4\sha256_ctrl_new[1:0]
     3/32: $3\sha256_ctrl_we[0:0]
     4/32: $3\sha256_ctrl_new[1:0]
     5/32: $3\digest_valid_we[0:0]
     6/32: $3\digest_valid_new[0:0]
     7/32: $3\state_init[0:0]
     8/32: $3\w_init[0:0]
     9/32: $3\t_ctr_rst[0:0]
    10/32: $2\sha256_ctrl_we[0:0]
    11/32: $2\sha256_ctrl_new[1:0]
    12/32: $2\digest_valid_we[0:0]
    13/32: $2\digest_valid_new[0:0]
    14/32: $2\t_ctr_rst[0:0]
    15/32: $2\first_block[0:0]
    16/32: $2\state_init[0:0]
    17/32: $2\w_init[0:0]
    18/32: $2\digest_init[0:0]
    19/32: $1\w_init[0:0]
    20/32: $1\state_init[0:0]
    21/32: $1\sha256_ctrl_we[0:0]
    22/32: $1\sha256_ctrl_new[1:0]
    23/32: $1\digest_valid_we[0:0]
    24/32: $1\digest_valid_new[0:0]
    25/32: $1\t_ctr_rst[0:0]
    26/32: $1\first_block[0:0]
    27/32: $1\digest_init[0:0]
    28/32: $1\ready_flag[0:0]
    29/32: $1\w_next[0:0]
    30/32: $1\state_update[0:0]
    31/32: $1\digest_update[0:0]
    32/32: $1\t_ctr_inc[0:0]
Creating decoders for process `\sha256_core.$proc$/mnt/d/tushar/Downloads/RTL.ai/designs/benchmark_flat.v:4698$1704'.
     1/4: $2\t_ctr_we[0:0]
     2/4: $2\t_ctr_new[5:0]
     3/4: $1\t_ctr_we[0:0]
     4/4: $1\t_ctr_new[5:0]
Creating decoders for process `\sha256_core.$proc$/mnt/d/tushar/Downloads/RTL.ai/designs/benchmark_flat.v:4624$1701'.
     1/34: $2\a_h_we[0:0]
     2/34: $4\h_new[31:0]
     3/34: $4\g_new[31:0]
     4/34: $4\f_new[31:0]
     5/34: $4\e_new[31:0]
     6/34: $4\d_new[31:0]
     7/34: $4\c_new[31:0]
     8/34: $4\b_new[31:0]
     9/34: $4\a_new[31:0]
    10/34: $3\h_new[31:0]
    11/34: $3\g_new[31:0]
    12/34: $3\f_new[31:0]
    13/34: $3\e_new[31:0]
    14/34: $3\d_new[31:0]
    15/34: $3\c_new[31:0]
    16/34: $3\b_new[31:0]
    17/34: $3\a_new[31:0]
    18/34: $2\h_new[31:0]
    19/34: $2\g_new[31:0]
    20/34: $2\f_new[31:0]
    21/34: $2\e_new[31:0]
    22/34: $2\d_new[31:0]
    23/34: $2\c_new[31:0]
    24/34: $2\b_new[31:0]
    25/34: $2\a_new[31:0]
    26/34: $1\h_new[31:0]
    27/34: $1\g_new[31:0]
    28/34: $1\f_new[31:0]
    29/34: $1\e_new[31:0]
    30/34: $1\d_new[31:0]
    31/34: $1\c_new[31:0]
    32/34: $1\b_new[31:0]
    33/34: $1\a_new[31:0]
    34/34: $1\a_h_we[0:0]
Creating decoders for process `\sha256_core.$proc$/mnt/d/tushar/Downloads/RTL.ai/designs/benchmark_flat.v:4603$1692'.
Creating decoders for process `\sha256_core.$proc$/mnt/d/tushar/Downloads/RTL.ai/designs/benchmark_flat.v:4583$1681'.
Creating decoders for process `\sha256_core.$proc$/mnt/d/tushar/Downloads/RTL.ai/designs/benchmark_flat.v:4524$1672'.
     1/26: $2\H_we[0:0]
     2/26: $3\H7_new[31:0]
     3/26: $3\H6_new[31:0]
     4/26: $3\H5_new[31:0]
     5/26: $3\H4_new[31:0]
     6/26: $3\H3_new[31:0]
     7/26: $3\H2_new[31:0]
     8/26: $3\H1_new[31:0]
     9/26: $3\H0_new[31:0]
    10/26: $2\H7_new[31:0]
    11/26: $2\H6_new[31:0]
    12/26: $2\H5_new[31:0]
    13/26: $2\H4_new[31:0]
    14/26: $2\H3_new[31:0]
    15/26: $2\H2_new[31:0]
    16/26: $2\H1_new[31:0]
    17/26: $2\H0_new[31:0]
    18/26: $1\H7_new[31:0]
    19/26: $1\H6_new[31:0]
    20/26: $1\H5_new[31:0]
    21/26: $1\H4_new[31:0]
    22/26: $1\H3_new[31:0]
    23/26: $1\H2_new[31:0]
    24/26: $1\H1_new[31:0]
    25/26: $1\H0_new[31:0]
    26/26: $1\H_we[0:0]
Creating decoders for process `\sha256_core.$proc$/mnt/d/tushar/Downloads/RTL.ai/designs/benchmark_flat.v:4456$1670'.
     1/19: $0\sha256_ctrl_reg[1:0]
     2/19: $0\t_ctr_reg[5:0]
     3/19: $0\H7_reg[31:0]
     4/19: $0\H6_reg[31:0]
     5/19: $0\H5_reg[31:0]
     6/19: $0\H4_reg[31:0]
     7/19: $0\H3_reg[31:0]
     8/19: $0\H2_reg[31:0]
     9/19: $0\H1_reg[31:0]
    10/19: $0\H0_reg[31:0]
    11/19: $0\h_reg[31:0]
    12/19: $0\g_reg[31:0]
    13/19: $0\f_reg[31:0]
    14/19: $0\e_reg[31:0]
    15/19: $0\d_reg[31:0]
    16/19: $0\c_reg[31:0]
    17/19: $0\b_reg[31:0]
    18/19: $0\a_reg[31:0]
    19/19: $0\digest_valid_reg[0:0]
Creating decoders for process `\sha256.$proc$/mnt/d/tushar/Downloads/RTL.ai/designs/benchmark_flat.v:4191$1645'.
     1/27: $5\tmp_read_data[31:0]
     2/27: $4\tmp_read_data[31:0]
     3/27: $4$mem2reg_rd$\block_reg$/mnt/d/tushar/Downloads/RTL.ai/designs/benchmark_flat.v:4220$1636_DATA[31:0]$1661
     4/27: $3\tmp_read_data[31:0]
     5/27: $3$mem2reg_rd$\block_reg$/mnt/d/tushar/Downloads/RTL.ai/designs/benchmark_flat.v:4220$1636_DATA[31:0]$1660
     6/27: $3$mem2reg_rd$\block_reg$/mnt/d/tushar/Downloads/RTL.ai/designs/benchmark_flat.v:4220$1636_ADDR[3:0]$1659
     7/27: $3\block_we[0:0]
     8/27: $3\mode_we[0:0]
     9/27: $3\mode_new[0:0]
    10/27: $3\next_new[0:0]
    11/27: $3\init_new[0:0]
    12/27: $2\block_we[0:0]
    13/27: $2\mode_we[0:0]
    14/27: $2\mode_new[0:0]
    15/27: $2\next_new[0:0]
    16/27: $2\init_new[0:0]
    17/27: $2$mem2reg_rd$\block_reg$/mnt/d/tushar/Downloads/RTL.ai/designs/benchmark_flat.v:4220$1636_DATA[31:0]$1651
    18/27: $2$mem2reg_rd$\block_reg$/mnt/d/tushar/Downloads/RTL.ai/designs/benchmark_flat.v:4220$1636_ADDR[3:0]$1650
    19/27: $2\tmp_read_data[31:0]
    20/27: $1$mem2reg_rd$\block_reg$/mnt/d/tushar/Downloads/RTL.ai/designs/benchmark_flat.v:4220$1636_DATA[31:0]$1649
    21/27: $1$mem2reg_rd$\block_reg$/mnt/d/tushar/Downloads/RTL.ai/designs/benchmark_flat.v:4220$1636_ADDR[3:0]$1648
    22/27: $1\tmp_read_data[31:0]
    23/27: $1\block_we[0:0]
    24/27: $1\mode_we[0:0]
    25/27: $1\mode_new[0:0]
    26/27: $1\next_new[0:0]
    27/27: $1\init_new[0:0]
Creating decoders for process `\sha256.$proc$/mnt/d/tushar/Downloads/RTL.ai/designs/benchmark_flat.v:4150$1637'.
     1/27: $2$mem2reg_wr$\block_reg$/mnt/d/tushar/Downloads/RTL.ai/designs/benchmark_flat.v:4180$1635_ADDR[3:0]$1643
     2/27: $2$mem2reg_wr$\block_reg$/mnt/d/tushar/Downloads/RTL.ai/designs/benchmark_flat.v:4180$1635_DATA[31:0]$1644
     3/27: $1$mem2reg_wr$\block_reg$/mnt/d/tushar/Downloads/RTL.ai/designs/benchmark_flat.v:4180$1635_DATA[31:0]$1642
     4/27: $1$mem2reg_wr$\block_reg$/mnt/d/tushar/Downloads/RTL.ai/designs/benchmark_flat.v:4180$1635_ADDR[3:0]$1641
     5/27: $0\next_reg[0:0]
     6/27: $0\init_reg[0:0]
     7/27: $0\digest_valid_reg[0:0]
     8/27: $0\ready_reg[0:0]
     9/27: $1\reg_update.i[31:0]
    10/27: $0\block_reg[15][31:0]
    11/27: $0\block_reg[14][31:0]
    12/27: $0\block_reg[13][31:0]
    13/27: $0\block_reg[12][31:0]
    14/27: $0\block_reg[11][31:0]
    15/27: $0\block_reg[10][31:0]
    16/27: $0\block_reg[9][31:0]
    17/27: $0\block_reg[8][31:0]
    18/27: $0\block_reg[7][31:0]
    19/27: $0\block_reg[6][31:0]
    20/27: $0\block_reg[5][31:0]
    21/27: $0\block_reg[4][31:0]
    22/27: $0\block_reg[3][31:0]
    23/27: $0\block_reg[2][31:0]
    24/27: $0\block_reg[1][31:0]
    25/27: $0\block_reg[0][31:0]
    26/27: $0\digest_reg[255:0]
    27/27: $0\mode_reg[0:0]
Creating decoders for process `\sad8x8.$proc$/mnt/d/tushar/Downloads/RTL.ai/designs/benchmark_flat.v:3966$1630'.
Creating decoders for process `\sad8x8.$proc$/mnt/d/tushar/Downloads/RTL.ai/designs/benchmark_flat.v:3966$1625'.
Creating decoders for process `\sad8x8.$proc$/mnt/d/tushar/Downloads/RTL.ai/designs/benchmark_flat.v:3966$1620'.
Creating decoders for process `\sad8x8.$proc$/mnt/d/tushar/Downloads/RTL.ai/designs/benchmark_flat.v:3966$1615'.
Creating decoders for process `\sad8x8.$proc$/mnt/d/tushar/Downloads/RTL.ai/designs/benchmark_flat.v:3966$1610'.
Creating decoders for process `\sad8x8.$proc$/mnt/d/tushar/Downloads/RTL.ai/designs/benchmark_flat.v:3966$1605'.
Creating decoders for process `\sad8x8.$proc$/mnt/d/tushar/Downloads/RTL.ai/designs/benchmark_flat.v:3966$1600'.
Creating decoders for process `\sad8x8.$proc$/mnt/d/tushar/Downloads/RTL.ai/designs/benchmark_flat.v:3966$1595'.
Creating decoders for process `\sad8x8.$proc$/mnt/d/tushar/Downloads/RTL.ai/designs/benchmark_flat.v:3966$1590'.
Creating decoders for process `\sad8x8.$proc$/mnt/d/tushar/Downloads/RTL.ai/designs/benchmark_flat.v:3966$1585'.
Creating decoders for process `\sad8x8.$proc$/mnt/d/tushar/Downloads/RTL.ai/designs/benchmark_flat.v:3966$1580'.
Creating decoders for process `\sad8x8.$proc$/mnt/d/tushar/Downloads/RTL.ai/designs/benchmark_flat.v:3966$1575'.
Creating decoders for process `\sad8x8.$proc$/mnt/d/tushar/Downloads/RTL.ai/designs/benchmark_flat.v:3966$1570'.
Creating decoders for process `\sad8x8.$proc$/mnt/d/tushar/Downloads/RTL.ai/designs/benchmark_flat.v:3966$1565'.
Creating decoders for process `\sad8x8.$proc$/mnt/d/tushar/Downloads/RTL.ai/designs/benchmark_flat.v:3966$1560'.
Creating decoders for process `\sad8x8.$proc$/mnt/d/tushar/Downloads/RTL.ai/designs/benchmark_flat.v:3966$1555'.
Creating decoders for process `\sad8x8.$proc$/mnt/d/tushar/Downloads/RTL.ai/designs/benchmark_flat.v:3966$1550'.
Creating decoders for process `\sad8x8.$proc$/mnt/d/tushar/Downloads/RTL.ai/designs/benchmark_flat.v:3966$1545'.
Creating decoders for process `\sad8x8.$proc$/mnt/d/tushar/Downloads/RTL.ai/designs/benchmark_flat.v:3966$1540'.
Creating decoders for process `\sad8x8.$proc$/mnt/d/tushar/Downloads/RTL.ai/designs/benchmark_flat.v:3966$1535'.
Creating decoders for process `\sad8x8.$proc$/mnt/d/tushar/Downloads/RTL.ai/designs/benchmark_flat.v:3966$1530'.
Creating decoders for process `\sad8x8.$proc$/mnt/d/tushar/Downloads/RTL.ai/designs/benchmark_flat.v:3966$1525'.
Creating decoders for process `\sad8x8.$proc$/mnt/d/tushar/Downloads/RTL.ai/designs/benchmark_flat.v:3966$1520'.
Creating decoders for process `\sad8x8.$proc$/mnt/d/tushar/Downloads/RTL.ai/designs/benchmark_flat.v:3966$1515'.
Creating decoders for process `\sad8x8.$proc$/mnt/d/tushar/Downloads/RTL.ai/designs/benchmark_flat.v:3966$1510'.
Creating decoders for process `\sad8x8.$proc$/mnt/d/tushar/Downloads/RTL.ai/designs/benchmark_flat.v:3966$1505'.
Creating decoders for process `\sad8x8.$proc$/mnt/d/tushar/Downloads/RTL.ai/designs/benchmark_flat.v:3966$1500'.
Creating decoders for process `\sad8x8.$proc$/mnt/d/tushar/Downloads/RTL.ai/designs/benchmark_flat.v:3966$1495'.
Creating decoders for process `\sad8x8.$proc$/mnt/d/tushar/Downloads/RTL.ai/designs/benchmark_flat.v:3966$1490'.
Creating decoders for process `\sad8x8.$proc$/mnt/d/tushar/Downloads/RTL.ai/designs/benchmark_flat.v:3966$1485'.
Creating decoders for process `\sad8x8.$proc$/mnt/d/tushar/Downloads/RTL.ai/designs/benchmark_flat.v:3966$1480'.
Creating decoders for process `\sad8x8.$proc$/mnt/d/tushar/Downloads/RTL.ai/designs/benchmark_flat.v:3966$1475'.
Creating decoders for process `\sad8x8.$proc$/mnt/d/tushar/Downloads/RTL.ai/designs/benchmark_flat.v:3966$1470'.
Creating decoders for process `\sad8x8.$proc$/mnt/d/tushar/Downloads/RTL.ai/designs/benchmark_flat.v:3966$1465'.
Creating decoders for process `\sad8x8.$proc$/mnt/d/tushar/Downloads/RTL.ai/designs/benchmark_flat.v:3966$1460'.
Creating decoders for process `\sad8x8.$proc$/mnt/d/tushar/Downloads/RTL.ai/designs/benchmark_flat.v:3966$1455'.
Creating decoders for process `\sad8x8.$proc$/mnt/d/tushar/Downloads/RTL.ai/designs/benchmark_flat.v:3966$1450'.
Creating decoders for process `\sad8x8.$proc$/mnt/d/tushar/Downloads/RTL.ai/designs/benchmark_flat.v:3966$1445'.
Creating decoders for process `\sad8x8.$proc$/mnt/d/tushar/Downloads/RTL.ai/designs/benchmark_flat.v:3966$1440'.
Creating decoders for process `\sad8x8.$proc$/mnt/d/tushar/Downloads/RTL.ai/designs/benchmark_flat.v:3966$1435'.
Creating decoders for process `\sad8x8.$proc$/mnt/d/tushar/Downloads/RTL.ai/designs/benchmark_flat.v:3966$1430'.
Creating decoders for process `\sad8x8.$proc$/mnt/d/tushar/Downloads/RTL.ai/designs/benchmark_flat.v:3966$1425'.
Creating decoders for process `\sad8x8.$proc$/mnt/d/tushar/Downloads/RTL.ai/designs/benchmark_flat.v:3966$1420'.
Creating decoders for process `\sad8x8.$proc$/mnt/d/tushar/Downloads/RTL.ai/designs/benchmark_flat.v:3966$1415'.
Creating decoders for process `\sad8x8.$proc$/mnt/d/tushar/Downloads/RTL.ai/designs/benchmark_flat.v:3966$1410'.
Creating decoders for process `\sad8x8.$proc$/mnt/d/tushar/Downloads/RTL.ai/designs/benchmark_flat.v:3966$1405'.
Creating decoders for process `\sad8x8.$proc$/mnt/d/tushar/Downloads/RTL.ai/designs/benchmark_flat.v:3966$1400'.
Creating decoders for process `\sad8x8.$proc$/mnt/d/tushar/Downloads/RTL.ai/designs/benchmark_flat.v:3966$1395'.
Creating decoders for process `\sad8x8.$proc$/mnt/d/tushar/Downloads/RTL.ai/designs/benchmark_flat.v:3966$1390'.
Creating decoders for process `\sad8x8.$proc$/mnt/d/tushar/Downloads/RTL.ai/designs/benchmark_flat.v:3966$1385'.
Creating decoders for process `\sad8x8.$proc$/mnt/d/tushar/Downloads/RTL.ai/designs/benchmark_flat.v:3966$1380'.
Creating decoders for process `\sad8x8.$proc$/mnt/d/tushar/Downloads/RTL.ai/designs/benchmark_flat.v:3966$1375'.
Creating decoders for process `\sad8x8.$proc$/mnt/d/tushar/Downloads/RTL.ai/designs/benchmark_flat.v:3966$1370'.
Creating decoders for process `\sad8x8.$proc$/mnt/d/tushar/Downloads/RTL.ai/designs/benchmark_flat.v:3966$1365'.
Creating decoders for process `\sad8x8.$proc$/mnt/d/tushar/Downloads/RTL.ai/designs/benchmark_flat.v:3966$1360'.
Creating decoders for process `\sad8x8.$proc$/mnt/d/tushar/Downloads/RTL.ai/designs/benchmark_flat.v:3966$1355'.
Creating decoders for process `\sad8x8.$proc$/mnt/d/tushar/Downloads/RTL.ai/designs/benchmark_flat.v:3966$1350'.
Creating decoders for process `\sad8x8.$proc$/mnt/d/tushar/Downloads/RTL.ai/designs/benchmark_flat.v:3966$1345'.
Creating decoders for process `\sad8x8.$proc$/mnt/d/tushar/Downloads/RTL.ai/designs/benchmark_flat.v:3966$1340'.
Creating decoders for process `\sad8x8.$proc$/mnt/d/tushar/Downloads/RTL.ai/designs/benchmark_flat.v:3966$1335'.
Creating decoders for process `\sad8x8.$proc$/mnt/d/tushar/Downloads/RTL.ai/designs/benchmark_flat.v:3966$1330'.
Creating decoders for process `\sad8x8.$proc$/mnt/d/tushar/Downloads/RTL.ai/designs/benchmark_flat.v:3966$1325'.
Creating decoders for process `\sad8x8.$proc$/mnt/d/tushar/Downloads/RTL.ai/designs/benchmark_flat.v:3966$1320'.
Creating decoders for process `\sad8x8.$proc$/mnt/d/tushar/Downloads/RTL.ai/designs/benchmark_flat.v:3966$1315'.
Creating decoders for process `\sad8x8.$proc$/mnt/d/tushar/Downloads/RTL.ai/designs/benchmark_flat.v:3979$1314'.
     1/2: $0\sad[13:0]
     2/2: $0\valid_out[0:0]
Creating decoders for process `\sad8x8.$proc$/mnt/d/tushar/Downloads/RTL.ai/designs/benchmark_flat.v:3973$1249'.
Creating decoders for process `$paramod\clk_divider\DIV=s32'00000000000000000000000000001000.$proc$/mnt/d/tushar/Downloads/RTL.ai/designs/benchmark_flat.v:5198$1914'.
     1/2: $0\count[7:0]
     2/2: $0\clk_out[0:0]
Creating decoders for process `$paramod\clk_divider\DIV=s32'00000000000000000000000000001010.$proc$/mnt/d/tushar/Downloads/RTL.ai/designs/benchmark_flat.v:5198$1910'.
     1/2: $0\count[7:0]
     2/2: $0\clk_out[0:0]
Creating decoders for process `$paramod\cdc_handshake\WIDTH=s32'00000000000000000000000000010000.$proc$/mnt/d/tushar/Downloads/RTL.ai/designs/benchmark_flat.v:5298$1906'.
     1/3: $0\ack[0:0]
     2/3: $0\data_valid[0:0]
     3/3: $0\data_out[15:0]
Creating decoders for process `$paramod\cdc_handshake\WIDTH=s32'00000000000000000000000000010000.$proc$/mnt/d/tushar/Downloads/RTL.ai/designs/benchmark_flat.v:5267$1903'.
     1/3: $0\data_hold[15:0]
     2/3: $0\req[0:0]
     3/3: $0\busy[0:0]
Creating decoders for process `\picorv32_pcpi_div.$proc$/mnt/d/tushar/Downloads/RTL.ai/designs/benchmark_flat.v:3338$1187'.
     1/9: $0\pcpi_rd[31:0]
     2/9: $0\pcpi_wr[0:0]
     3/9: $0\pcpi_ready[0:0]
     4/9: $0\outsign[0:0]
     5/9: $0\running[0:0]
     6/9: $0\quotient_msk[31:0]
     7/9: $0\quotient[31:0]
     8/9: $0\divisor[62:0]
     9/9: $0\dividend[31:0]
Creating decoders for process `\picorv32_pcpi_div.$proc$/mnt/d/tushar/Downloads/RTL.ai/designs/benchmark_flat.v:3312$1177'.
     1/4: $0\instr_remu[0:0]
     2/4: $0\instr_rem[0:0]
     3/4: $0\instr_divu[0:0]
     4/4: $0\instr_div[0:0]
Creating decoders for process `\picorv32_pcpi_fast_mul.$proc$/mnt/d/tushar/Downloads/RTL.ai/designs/benchmark_flat.v:3252$1168'.
     1/4: $0\active[3:0] [3:1]
     2/4: $0\active[3:0] [0]
     3/4: $0\rs2[32:0]
     4/4: $0\rs1[32:0]
Creating decoders for process `\picorv32_pcpi_fast_mul.$proc$/mnt/d/tushar/Downloads/RTL.ai/designs/benchmark_flat.v:3238$1163'.
     1/4: $0\rd_q[63:0]
     2/4: $0\rs2_q[32:0]
     3/4: $0\rs1_q[32:0]
     4/4: $0\rd[63:0]
Creating decoders for process `\picorv32_pcpi_fast_mul.$proc$/mnt/d/tushar/Downloads/RTL.ai/designs/benchmark_flat.v:3222$1161'.
     1/8: $2\instr_mul[0:0]
     2/8: $2\instr_mulhu[0:0]
     3/8: $2\instr_mulhsu[0:0]
     4/8: $2\instr_mulh[0:0]
     5/8: $1\instr_mulhu[0:0]
     6/8: $1\instr_mulhsu[0:0]
     7/8: $1\instr_mulh[0:0]
     8/8: $1\instr_mul[0:0]
Creating decoders for process `\ddc.$proc$/mnt/d/tushar/Downloads/RTL.ai/designs/benchmark_flat.v:202$1902'.
Creating decoders for process `\ddc.$proc$/mnt/d/tushar/Downloads/RTL.ai/designs/benchmark_flat.v:201$1901'.
Creating decoders for process `\ddc.$proc$/mnt/d/tushar/Downloads/RTL.ai/designs/benchmark_flat.v:202$1900'.
Creating decoders for process `\ddc.$proc$/mnt/d/tushar/Downloads/RTL.ai/designs/benchmark_flat.v:201$1899'.
Creating decoders for process `\ddc.$proc$/mnt/d/tushar/Downloads/RTL.ai/designs/benchmark_flat.v:185$1898'.
Creating decoders for process `\ddc.$proc$/mnt/d/tushar/Downloads/RTL.ai/designs/benchmark_flat.v:184$1897'.
Creating decoders for process `\ddc.$proc$/mnt/d/tushar/Downloads/RTL.ai/designs/benchmark_flat.v:173$1896'.
     1/2: $0\mix_valid[0:0]
     2/2: $0\mix_valid_d[0:0]
Creating decoders for process `$paramod\clk_divider\DIV=s32'00000000000000000000000000000010.$proc$/mnt/d/tushar/Downloads/RTL.ai/designs/benchmark_flat.v:5198$1926'.
     1/2: $0\count[7:0]
     2/2: $0\clk_out[0:0]
Creating decoders for process `\picorv32.$proc$/mnt/d/tushar/Downloads/RTL.ai/designs/benchmark_flat.v:2276$907'.
     1/83: $0\reg_next_pc[31:0] [0]
     2/83: $0\reg_pc[31:0] [0]
     3/83: $17\next_irq_pending[2:2]
     4/83: $16\next_irq_pending[2:2]
     5/83: $15\next_irq_pending[2:2]
     6/83: $14\next_irq_pending[2:2]
     7/83: $13\next_irq_pending[2:2]
     8/83: $12\next_irq_pending[2:2]
     9/83: $11\next_irq_pending[2:2]
    10/83: $10\next_irq_pending[0:0]
    11/83: $9\next_irq_pending[0:0]
    12/83: $8\next_irq_pending[31:0] [0]
    13/83: $8\next_irq_pending[31:0] [31:1]
    14/83: $2\next_irq_pending[31:0] [31:2]
    15/83: $3\set_mem_do_rdata[0:0]
    16/83: $2\next_irq_pending[31:0] [1]
    17/83: $3\set_mem_do_wdata[0:0]
    18/83: $2\next_irq_pending[31:0] [0]
    19/83: $4\set_mem_do_rinst[0:0]
    20/83: $3\set_mem_do_rinst[0:0]
    21/83: $4\set_mem_do_wdata[0:0]
    22/83: $6\next_irq_pending[1:1]
    23/83: $5\next_irq_pending[1:1]
    24/83: $4\next_irq_pending[1:1]
    25/83: $4\set_mem_do_rdata[0:0]
    26/83: $5\set_mem_do_rinst[0:0]
    27/83: $7\next_irq_pending[1:1]
    28/83: $0\count_instr[63:0] [31:0]
    29/83: $3\next_irq_pending[31:0]
    30/83: $0\count_instr[63:0] [63:32]
    31/83: $2\current_pc[31:0]
    32/83: $2\set_mem_do_wdata[0:0]
    33/83: $2\set_mem_do_rdata[0:0]
    34/83: $2\set_mem_do_rinst[0:0]
    35/83: $1\next_irq_pending[31:0]
    36/83: $1\current_pc[31:0]
    37/83: $1\set_mem_do_wdata[0:0]
    38/83: $1\set_mem_do_rdata[0:0]
    39/83: $1\set_mem_do_rinst[0:0]
    40/83: $0\trace_data[35:0]
    41/83: $0\count_cycle[63:0] [63:32]
    42/83: $0\count_cycle[63:0] [31:0]
    43/83: $0\trace_valid[0:0]
    44/83: $0\do_waitirq[0:0]
    45/83: $0\decoder_pseudo_trigger[0:0]
    46/83: $0\decoder_trigger[0:0]
    47/83: $0\alu_wait_2[0:0]
    48/83: $0\alu_wait[0:0]
    49/83: $0\reg_out[31:0]
    50/83: $0\reg_sh[4:0]
    51/83: $0\trap[0:0]
    52/83: $0\pcpi_timeout[0:0]
    53/83: $0\latched_rd[4:0]
    54/83: $0\latched_is_lb[0:0]
    55/83: $0\latched_is_lh[0:0]
    56/83: $0\latched_is_lu[0:0]
    57/83: $0\latched_trace[0:0]
    58/83: $0\latched_compr[0:0]
    59/83: $0\latched_branch[0:0]
    60/83: $0\latched_stalu[0:0]
    61/83: $0\latched_store[0:0]
    62/83: $0\irq_state[1:0]
    63/83: $0\cpu_state[7:0]
    64/83: $0\dbg_rs2val_valid[0:0]
    65/83: $0\dbg_rs1val_valid[0:0]
    66/83: $0\dbg_rs2val[31:0]
    67/83: $0\dbg_rs1val[31:0]
    68/83: $0\mem_do_wdata[0:0]
    69/83: $0\mem_do_rdata[0:0]
    70/83: $0\mem_do_rinst[0:0]
    71/83: $0\mem_do_prefetch[0:0]
    72/83: $0\mem_wordsize[1:0]
    73/83: $0\timer[31:0]
    74/83: $0\irq_mask[31:0]
    75/83: $0\irq_active[0:0]
    76/83: $0\irq_delay[0:0]
    77/83: $0\reg_op2[31:0]
    78/83: $0\reg_op1[31:0]
    79/83: $0\reg_next_pc[31:0] [31:1]
    80/83: $0\reg_pc[31:0] [31:1]
    81/83: $3\current_pc[31:0]
    82/83: $0\eoi[31:0]
    83/83: $0\pcpi_valid[0:0]
Creating decoders for process `\picorv32.$proc$/mnt/d/tushar/Downloads/RTL.ai/designs/benchmark_flat.v:2222$892'.
Creating decoders for process `\picorv32.$proc$/mnt/d/tushar/Downloads/RTL.ai/designs/benchmark_flat.v:2211$883'.
     1/3: $1$memwr$\cpuregs$/mnt/d/tushar/Downloads/RTL.ai/designs/benchmark_flat.v:2218$416_EN[31:0]$891
     2/3: $1$memwr$\cpuregs$/mnt/d/tushar/Downloads/RTL.ai/designs/benchmark_flat.v:2218$416_DATA[31:0]$890
     3/3: $1$memwr$\cpuregs$/mnt/d/tushar/Downloads/RTL.ai/designs/benchmark_flat.v:2218$416_ADDR[4:0]$889
Creating decoders for process `\picorv32.$proc$/mnt/d/tushar/Downloads/RTL.ai/designs/benchmark_flat.v:2183$871'.
     1/4: $2\cpuregs_write[0:0]
     2/4: $2\cpuregs_wrdata[31:0]
     3/4: $1\cpuregs_wrdata[31:0]
     4/4: $1\cpuregs_write[0:0]
Creating decoders for process `\picorv32.$proc$/mnt/d/tushar/Downloads/RTL.ai/designs/benchmark_flat.v:2169$866'.
     1/2: $2\clear_prefetched_high_word[0:0]
     2/2: $1\clear_prefetched_high_word[0:0]
Creating decoders for process `\picorv32.$proc$/mnt/d/tushar/Downloads/RTL.ai/designs/benchmark_flat.v:2167$865'.
Creating decoders for process `\picorv32.$proc$/mnt/d/tushar/Downloads/RTL.ai/designs/benchmark_flat.v:2123$843'.
     1/2: $1\alu_out[31:0]
     2/2: $1\alu_out_0[0:0]
Creating decoders for process `\picorv32.$proc$/mnt/d/tushar/Downloads/RTL.ai/designs/benchmark_flat.v:2060$831'.
     1/8: $8\dbg_ascii_state[127:0]
     2/8: $7\dbg_ascii_state[127:0]
     3/8: $6\dbg_ascii_state[127:0]
     4/8: $5\dbg_ascii_state[127:0]
     5/8: $4\dbg_ascii_state[127:0]
     6/8: $3\dbg_ascii_state[127:0]
     7/8: $2\dbg_ascii_state[127:0]
     8/8: $1\dbg_ascii_state[127:0]
Creating decoders for process `\picorv32.$proc$/mnt/d/tushar/Downloads/RTL.ai/designs/benchmark_flat.v:1732$568'.
     1/77: $0\decoded_rs1[4:0] [4]
     2/77: $0\decoded_imm_j[31:0] [10]
     3/77: $0\decoded_imm_j[31:0] [7]
     4/77: $0\decoded_imm_j[31:0] [6]
     5/77: $0\decoded_imm_j[31:0] [3:1]
     6/77: $0\decoded_imm_j[31:0] [5]
     7/77: $0\decoded_imm_j[31:0] [9:8]
     8/77: $0\decoded_imm_j[31:0] [31:20]
     9/77: $0\decoded_imm_j[31:0] [4]
    10/77: $0\decoded_imm_j[31:0] [11]
    11/77: $0\decoded_imm_j[31:0] [0]
    12/77: $0\decoded_rs1[4:0] [3:0]
    13/77: $0\is_lui_auipc_jal_jalr_addi_add_sub[0:0]
    14/77: $0\is_alu_reg_reg[0:0]
    15/77: $0\is_alu_reg_imm[0:0]
    16/77: $0\is_beq_bne_blt_bge_bltu_bgeu[0:0]
    17/77: $0\is_sll_srl_sra[0:0]
    18/77: $0\is_sb_sh_sw[0:0]
    19/77: $0\is_jalr_addi_slti_sltiu_xori_ori_andi[0:0]
    20/77: $0\is_slli_srli_srai[0:0]
    21/77: $0\is_lb_lh_lw_lbu_lhu[0:0]
    22/77: $0\compressed_instr[0:0]
    23/77: $0\is_compare[0:0]
    24/77: $0\decoded_imm[31:0]
    25/77: $0\decoded_rs2[4:0]
    26/77: $0\decoded_imm_j[31:0] [19:12]
    27/77: $0\decoded_rd[4:0]
    28/77: $0\instr_timer[0:0]
    29/77: $0\instr_waitirq[0:0]
    30/77: $0\instr_maskirq[0:0]
    31/77: $0\instr_retirq[0:0]
    32/77: $0\instr_setq[0:0]
    33/77: $0\instr_getq[0:0]
    34/77: $0\instr_fence[0:0]
    35/77: $0\instr_ecall_ebreak[0:0]
    36/77: $0\instr_rdinstrh[0:0]
    37/77: $0\instr_rdinstr[0:0]
    38/77: $0\instr_rdcycleh[0:0]
    39/77: $0\instr_rdcycle[0:0]
    40/77: $0\instr_and[0:0]
    41/77: $0\instr_or[0:0]
    42/77: $0\instr_sra[0:0]
    43/77: $0\instr_srl[0:0]
    44/77: $0\instr_xor[0:0]
    45/77: $0\instr_sltu[0:0]
    46/77: $0\instr_slt[0:0]
    47/77: $0\instr_sll[0:0]
    48/77: $0\instr_sub[0:0]
    49/77: $0\instr_add[0:0]
    50/77: $0\instr_srai[0:0]
    51/77: $0\instr_srli[0:0]
    52/77: $0\instr_slli[0:0]
    53/77: $0\instr_andi[0:0]
    54/77: $0\instr_ori[0:0]
    55/77: $0\instr_xori[0:0]
    56/77: $0\instr_sltiu[0:0]
    57/77: $0\instr_slti[0:0]
    58/77: $0\instr_addi[0:0]
    59/77: $0\instr_sw[0:0]
    60/77: $0\instr_sh[0:0]
    61/77: $0\instr_sb[0:0]
    62/77: $0\instr_lhu[0:0]
    63/77: $0\instr_lbu[0:0]
    64/77: $0\instr_lw[0:0]
    65/77: $0\instr_lh[0:0]
    66/77: $0\instr_lb[0:0]
    67/77: $0\instr_bgeu[0:0]
    68/77: $0\instr_bltu[0:0]
    69/77: $0\instr_bge[0:0]
    70/77: $0\instr_blt[0:0]
    71/77: $0\instr_bne[0:0]
    72/77: $0\instr_beq[0:0]
    73/77: $0\instr_jalr[0:0]
    74/77: $0\instr_jal[0:0]
    75/77: $0\instr_auipc[0:0]
    76/77: $0\instr_lui[0:0]
    77/77: $0\pcpi_insn[31:0]
Creating decoders for process `\picorv32.$proc$/mnt/d/tushar/Downloads/RTL.ai/designs/benchmark_flat.v:1683$566'.
     1/13: $3\dbg_insn_opcode[31:0]
     2/13: $2\dbg_insn_rd[4:0]
     3/13: $2\dbg_insn_rs2[4:0]
     4/13: $2\dbg_insn_rs1[4:0]
     5/13: $2\dbg_insn_opcode[31:0]
     6/13: $2\dbg_insn_imm[31:0]
     7/13: $2\dbg_ascii_instr[63:0]
     8/13: $1\dbg_insn_rd[4:0]
     9/13: $1\dbg_insn_rs2[4:0]
    10/13: $1\dbg_insn_rs1[4:0]
    11/13: $1\dbg_insn_imm[31:0]
    12/13: $1\dbg_ascii_instr[63:0]
    13/13: $1\dbg_insn_opcode[31:0]
Creating decoders for process `\picorv32.$proc$/mnt/d/tushar/Downloads/RTL.ai/designs/benchmark_flat.v:1652$562'.
     1/8: $0\cached_insn_rd[4:0]
     2/8: $0\cached_insn_rs2[4:0]
     3/8: $0\cached_insn_rs1[4:0]
     4/8: $0\cached_insn_opcode[31:0]
     5/8: $0\cached_insn_imm[31:0]
     6/8: $0\cached_ascii_instr[63:0]
     7/8: $0\dbg_valid_insn[0:0]
     8/8: $0\dbg_insn_addr[31:0]
Creating decoders for process `\picorv32.$proc$/mnt/d/tushar/Downloads/RTL.ai/designs/benchmark_flat.v:1575$561'.
     1/48: $48\new_ascii_instr[63:0]
     2/48: $47\new_ascii_instr[63:0]
     3/48: $46\new_ascii_instr[63:0]
     4/48: $45\new_ascii_instr[63:0]
     5/48: $44\new_ascii_instr[63:0]
     6/48: $43\new_ascii_instr[63:0]
     7/48: $42\new_ascii_instr[63:0]
     8/48: $41\new_ascii_instr[63:0]
     9/48: $40\new_ascii_instr[63:0]
    10/48: $39\new_ascii_instr[63:0]
    11/48: $38\new_ascii_instr[63:0]
    12/48: $37\new_ascii_instr[63:0]
    13/48: $36\new_ascii_instr[63:0]
    14/48: $35\new_ascii_instr[63:0]
    15/48: $34\new_ascii_instr[63:0]
    16/48: $33\new_ascii_instr[63:0]
    17/48: $32\new_ascii_instr[63:0]
    18/48: $31\new_ascii_instr[63:0]
    19/48: $30\new_ascii_instr[63:0]
    20/48: $29\new_ascii_instr[63:0]
    21/48: $28\new_ascii_instr[63:0]
    22/48: $27\new_ascii_instr[63:0]
    23/48: $26\new_ascii_instr[63:0]
    24/48: $25\new_ascii_instr[63:0]
    25/48: $24\new_ascii_instr[63:0]
    26/48: $23\new_ascii_instr[63:0]
    27/48: $22\new_ascii_instr[63:0]
    28/48: $21\new_ascii_instr[63:0]
    29/48: $20\new_ascii_instr[63:0]
    30/48: $19\new_ascii_instr[63:0]
    31/48: $18\new_ascii_instr[63:0]
    32/48: $17\new_ascii_instr[63:0]
    33/48: $16\new_ascii_instr[63:0]
    34/48: $15\new_ascii_instr[63:0]
    35/48: $14\new_ascii_instr[63:0]
    36/48: $13\new_ascii_instr[63:0]
    37/48: $12\new_ascii_instr[63:0]
    38/48: $11\new_ascii_instr[63:0]
    39/48: $10\new_ascii_instr[63:0]
    40/48: $9\new_ascii_instr[63:0]
    41/48: $8\new_ascii_instr[63:0]
    42/48: $7\new_ascii_instr[63:0]
    43/48: $6\new_ascii_instr[63:0]
    44/48: $5\new_ascii_instr[63:0]
    45/48: $4\new_ascii_instr[63:0]
    46/48: $3\new_ascii_instr[63:0]
    47/48: $2\new_ascii_instr[63:0]
    48/48: $1\new_ascii_instr[63:0]
Creating decoders for process `\picorv32.$proc$/mnt/d/tushar/Downloads/RTL.ai/designs/benchmark_flat.v:1439$537'.
     1/9: $0\mem_16bit_buffer[15:0]
     2/9: $0\prefetched_high_word[0:0]
     3/9: $0\mem_la_secondword[0:0]
     4/9: $0\mem_state[1:0]
     5/9: $0\mem_wstrb[3:0]
     6/9: $0\mem_wdata[31:0]
     7/9: $0\mem_addr[31:0]
     8/9: $0\mem_instr[0:0]
     9/9: $0\mem_valid[0:0]
Creating decoders for process `\picorv32.$proc$/mnt/d/tushar/Downloads/RTL.ai/designs/benchmark_flat.v:2113$1069'.
Creating decoders for process `\picorv32.$proc$/mnt/d/tushar/Downloads/RTL.ai/designs/benchmark_flat.v:1304$499'.
     1/9: $0\mem_rdata_q[31:0] [31]
     2/9: $0\mem_rdata_q[31:0] [7]
     3/9: $0\mem_rdata_q[31:0] [24:20]
     4/9: $0\mem_rdata_q[31:0] [19:15]
     5/9: $0\mem_rdata_q[31:0] [6:0]
     6/9: $0\mem_rdata_q[31:0] [14:12]
     7/9: $0\mem_rdata_q[31:0] [11:8]
     8/9: $0\mem_rdata_q[31:0] [30:25]
     9/9: $0\next_insn_opcode[31:0]
Creating decoders for process `\picorv32.$proc$/mnt/d/tushar/Downloads/RTL.ai/designs/benchmark_flat.v:1275$496'.
     1/5: $3\mem_rdata_word[31:0]
     2/5: $2\mem_rdata_word[31:0]
     3/5: $1\mem_rdata_word[31:0]
     4/5: $1\mem_la_wstrb[3:0]
     5/5: $1\mem_la_wdata[31:0]
Creating decoders for process `\picorv32.$proc$/mnt/d/tushar/Downloads/RTL.ai/designs/benchmark_flat.v:1264$491'.
     1/2: $0\last_mem_valid[0:0]
     2/2: $0\mem_la_firstword_reg[0:0]
Creating decoders for process `\picorv32.$proc$/mnt/d/tushar/Downloads/RTL.ai/designs/benchmark_flat.v:1199$417'.
     1/2: $1\pcpi_int_rd[31:0]
     2/2: $1\pcpi_int_wr[0:0]
Creating decoders for process `\ddc_sinrom.$proc$/mnt/d/tushar/Downloads/RTL.ai/designs/benchmark_flat.v:613$402'.
     1/1: $1\val[15:0]
Creating decoders for process `$paramod$33682cd1d05634ea6014b34575d141b8a856657a\ddc_mixer.$proc$/mnt/d/tushar/Downloads/RTL.ai/designs/benchmark_flat.v:530$1886'.
     1/2: $0\qout[15:0]
     2/2: $0\iout[15:0]
Creating decoders for process `$paramod$498463d264968bc81db47baec170cc0cc7a42680\ddc_cic.$proc$/mnt/d/tushar/Downloads/RTL.ai/designs/benchmark_flat.v:340$1868'.
Creating decoders for process `$paramod$498463d264968bc81db47baec170cc0cc7a42680\ddc_cic.$proc$/mnt/d/tushar/Downloads/RTL.ai/designs/benchmark_flat.v:340$1866'.
Creating decoders for process `$paramod$498463d264968bc81db47baec170cc0cc7a42680\ddc_cic.$proc$/mnt/d/tushar/Downloads/RTL.ai/designs/benchmark_flat.v:340$1864'.
Creating decoders for process `$paramod$498463d264968bc81db47baec170cc0cc7a42680\ddc_cic.$proc$/mnt/d/tushar/Downloads/RTL.ai/designs/benchmark_flat.v:340$1862'.
Creating decoders for process `$paramod$498463d264968bc81db47baec170cc0cc7a42680\ddc_cic.$proc$/mnt/d/tushar/Downloads/RTL.ai/designs/benchmark_flat.v:290$1861'.
Creating decoders for process `$paramod$498463d264968bc81db47baec170cc0cc7a42680\ddc_cic.$proc$/mnt/d/tushar/Downloads/RTL.ai/designs/benchmark_flat.v:290$1860'.
Creating decoders for process `$paramod$498463d264968bc81db47baec170cc0cc7a42680\ddc_cic.$proc$/mnt/d/tushar/Downloads/RTL.ai/designs/benchmark_flat.v:290$1859'.
Creating decoders for process `$paramod$498463d264968bc81db47baec170cc0cc7a42680\ddc_cic.$proc$/mnt/d/tushar/Downloads/RTL.ai/designs/benchmark_flat.v:290$1858'.
Creating decoders for process `$paramod$498463d264968bc81db47baec170cc0cc7a42680\ddc_cic.$proc$/mnt/d/tushar/Downloads/RTL.ai/designs/benchmark_flat.v:319$1857'.
Creating decoders for process `$paramod$498463d264968bc81db47baec170cc0cc7a42680\ddc_cic.$proc$/mnt/d/tushar/Downloads/RTL.ai/designs/benchmark_flat.v:275$1856'.
Creating decoders for process `$paramod$498463d264968bc81db47baec170cc0cc7a42680\ddc_cic.$proc$/mnt/d/tushar/Downloads/RTL.ai/designs/benchmark_flat.v:329$1855'.
     1/3: $2\g_comb[3].k[31:0]
     2/3: $1\g_comb[3].k[31:0]
     3/3: $0\g_comb[3].dly[0][27:0]
Creating decoders for process `$paramod$498463d264968bc81db47baec170cc0cc7a42680\ddc_cic.$proc$/mnt/d/tushar/Downloads/RTL.ai/designs/benchmark_flat.v:329$1854'.
     1/3: $2\g_comb[2].k[31:0]
     2/3: $1\g_comb[2].k[31:0]
     3/3: $0\g_comb[2].dly[0][27:0]
Creating decoders for process `$paramod$498463d264968bc81db47baec170cc0cc7a42680\ddc_cic.$proc$/mnt/d/tushar/Downloads/RTL.ai/designs/benchmark_flat.v:329$1853'.
     1/3: $2\g_comb[1].k[31:0]
     2/3: $1\g_comb[1].k[31:0]
     3/3: $0\g_comb[1].dly[0][27:0]
Creating decoders for process `$paramod$498463d264968bc81db47baec170cc0cc7a42680\ddc_cic.$proc$/mnt/d/tushar/Downloads/RTL.ai/designs/benchmark_flat.v:329$1852'.
     1/3: $2\g_comb[0].k[31:0]
     2/3: $1\g_comb[0].k[31:0]
     3/3: $0\g_comb[0].dly[0][27:0]
Creating decoders for process `$paramod$498463d264968bc81db47baec170cc0cc7a42680\ddc_cic.$proc$/mnt/d/tushar/Downloads/RTL.ai/designs/benchmark_flat.v:284$1850'.
     1/1: $0\g_integ[3].acc[27:0]
Creating decoders for process `$paramod$498463d264968bc81db47baec170cc0cc7a42680\ddc_cic.$proc$/mnt/d/tushar/Downloads/RTL.ai/designs/benchmark_flat.v:284$1848'.
     1/1: $0\g_integ[2].acc[27:0]
Creating decoders for process `$paramod$498463d264968bc81db47baec170cc0cc7a42680\ddc_cic.$proc$/mnt/d/tushar/Downloads/RTL.ai/designs/benchmark_flat.v:284$1846'.
     1/1: $0\g_integ[1].acc[27:0]
Creating decoders for process `$paramod$498463d264968bc81db47baec170cc0cc7a42680\ddc_cic.$proc$/mnt/d/tushar/Downloads/RTL.ai/designs/benchmark_flat.v:284$1844'.
     1/1: $0\g_integ[0].acc[27:0]
Creating decoders for process `$paramod$498463d264968bc81db47baec170cc0cc7a42680\ddc_cic.$proc$/mnt/d/tushar/Downloads/RTL.ai/designs/benchmark_flat.v:349$1843'.
     1/2: $0\out_valid[0:0]
     2/2: $0\out_data[15:0]
Creating decoders for process `$paramod$498463d264968bc81db47baec170cc0cc7a42680\ddc_cic.$proc$/mnt/d/tushar/Downloads/RTL.ai/designs/benchmark_flat.v:298$1839'.
     1/3: $0\cb_en[0:0]
     2/3: $0\dec_data[27:0]
     3/3: $0\cnt[2:0]
Creating decoders for process `$paramod$6b2e5777348611c38df4110cba65fe3615d0b62c\ddc_fir.$proc$/mnt/d/tushar/Downloads/RTL.ai/designs/benchmark_flat.v:434$1836'.
Creating decoders for process `$paramod$6b2e5777348611c38df4110cba65fe3615d0b62c\ddc_fir.$proc$/mnt/d/tushar/Downloads/RTL.ai/designs/benchmark_flat.v:434$1834'.
Creating decoders for process `$paramod$6b2e5777348611c38df4110cba65fe3615d0b62c\ddc_fir.$proc$/mnt/d/tushar/Downloads/RTL.ai/designs/benchmark_flat.v:434$1832'.
Creating decoders for process `$paramod$6b2e5777348611c38df4110cba65fe3615d0b62c\ddc_fir.$proc$/mnt/d/tushar/Downloads/RTL.ai/designs/benchmark_flat.v:434$1830'.
Creating decoders for process `$paramod$6b2e5777348611c38df4110cba65fe3615d0b62c\ddc_fir.$proc$/mnt/d/tushar/Downloads/RTL.ai/designs/benchmark_flat.v:434$1828'.
Creating decoders for process `$paramod$6b2e5777348611c38df4110cba65fe3615d0b62c\ddc_fir.$proc$/mnt/d/tushar/Downloads/RTL.ai/designs/benchmark_flat.v:434$1826'.
Creating decoders for process `$paramod$6b2e5777348611c38df4110cba65fe3615d0b62c\ddc_fir.$proc$/mnt/d/tushar/Downloads/RTL.ai/designs/benchmark_flat.v:434$1824'.
Creating decoders for process `$paramod$6b2e5777348611c38df4110cba65fe3615d0b62c\ddc_fir.$proc$/mnt/d/tushar/Downloads/RTL.ai/designs/benchmark_flat.v:434$1822'.
Creating decoders for process `$paramod$6b2e5777348611c38df4110cba65fe3615d0b62c\ddc_fir.$proc$/mnt/d/tushar/Downloads/RTL.ai/designs/benchmark_flat.v:434$1820'.
Creating decoders for process `$paramod$6b2e5777348611c38df4110cba65fe3615d0b62c\ddc_fir.$proc$/mnt/d/tushar/Downloads/RTL.ai/designs/benchmark_flat.v:434$1818'.
Creating decoders for process `$paramod$6b2e5777348611c38df4110cba65fe3615d0b62c\ddc_fir.$proc$/mnt/d/tushar/Downloads/RTL.ai/designs/benchmark_flat.v:434$1816'.
Creating decoders for process `$paramod$6b2e5777348611c38df4110cba65fe3615d0b62c\ddc_fir.$proc$/mnt/d/tushar/Downloads/RTL.ai/designs/benchmark_flat.v:434$1814'.
Creating decoders for process `$paramod$6b2e5777348611c38df4110cba65fe3615d0b62c\ddc_fir.$proc$/mnt/d/tushar/Downloads/RTL.ai/designs/benchmark_flat.v:434$1812'.
Creating decoders for process `$paramod$6b2e5777348611c38df4110cba65fe3615d0b62c\ddc_fir.$proc$/mnt/d/tushar/Downloads/RTL.ai/designs/benchmark_flat.v:434$1810'.
Creating decoders for process `$paramod$6b2e5777348611c38df4110cba65fe3615d0b62c\ddc_fir.$proc$/mnt/d/tushar/Downloads/RTL.ai/designs/benchmark_flat.v:434$1808'.
Creating decoders for process `$paramod$6b2e5777348611c38df4110cba65fe3615d0b62c\ddc_fir.$proc$/mnt/d/tushar/Downloads/RTL.ai/designs/benchmark_flat.v:424$1806'.
Creating decoders for process `$paramod$6b2e5777348611c38df4110cba65fe3615d0b62c\ddc_fir.$proc$/mnt/d/tushar/Downloads/RTL.ai/designs/benchmark_flat.v:424$1804'.
Creating decoders for process `$paramod$6b2e5777348611c38df4110cba65fe3615d0b62c\ddc_fir.$proc$/mnt/d/tushar/Downloads/RTL.ai/designs/benchmark_flat.v:424$1802'.
Creating decoders for process `$paramod$6b2e5777348611c38df4110cba65fe3615d0b62c\ddc_fir.$proc$/mnt/d/tushar/Downloads/RTL.ai/designs/benchmark_flat.v:424$1800'.
Creating decoders for process `$paramod$6b2e5777348611c38df4110cba65fe3615d0b62c\ddc_fir.$proc$/mnt/d/tushar/Downloads/RTL.ai/designs/benchmark_flat.v:424$1798'.
Creating decoders for process `$paramod$6b2e5777348611c38df4110cba65fe3615d0b62c\ddc_fir.$proc$/mnt/d/tushar/Downloads/RTL.ai/designs/benchmark_flat.v:424$1796'.
Creating decoders for process `$paramod$6b2e5777348611c38df4110cba65fe3615d0b62c\ddc_fir.$proc$/mnt/d/tushar/Downloads/RTL.ai/designs/benchmark_flat.v:424$1794'.
Creating decoders for process `$paramod$6b2e5777348611c38df4110cba65fe3615d0b62c\ddc_fir.$proc$/mnt/d/tushar/Downloads/RTL.ai/designs/benchmark_flat.v:424$1792'.
Creating decoders for process `$paramod$6b2e5777348611c38df4110cba65fe3615d0b62c\ddc_fir.$proc$/mnt/d/tushar/Downloads/RTL.ai/designs/benchmark_flat.v:424$1790'.
Creating decoders for process `$paramod$6b2e5777348611c38df4110cba65fe3615d0b62c\ddc_fir.$proc$/mnt/d/tushar/Downloads/RTL.ai/designs/benchmark_flat.v:424$1788'.
Creating decoders for process `$paramod$6b2e5777348611c38df4110cba65fe3615d0b62c\ddc_fir.$proc$/mnt/d/tushar/Downloads/RTL.ai/designs/benchmark_flat.v:424$1786'.
Creating decoders for process `$paramod$6b2e5777348611c38df4110cba65fe3615d0b62c\ddc_fir.$proc$/mnt/d/tushar/Downloads/RTL.ai/designs/benchmark_flat.v:424$1784'.
Creating decoders for process `$paramod$6b2e5777348611c38df4110cba65fe3615d0b62c\ddc_fir.$proc$/mnt/d/tushar/Downloads/RTL.ai/designs/benchmark_flat.v:424$1782'.
Creating decoders for process `$paramod$6b2e5777348611c38df4110cba65fe3615d0b62c\ddc_fir.$proc$/mnt/d/tushar/Downloads/RTL.ai/designs/benchmark_flat.v:424$1780'.
Creating decoders for process `$paramod$6b2e5777348611c38df4110cba65fe3615d0b62c\ddc_fir.$proc$/mnt/d/tushar/Downloads/RTL.ai/designs/benchmark_flat.v:424$1778'.
Creating decoders for process `$paramod$6b2e5777348611c38df4110cba65fe3615d0b62c\ddc_fir.$proc$/mnt/d/tushar/Downloads/RTL.ai/designs/benchmark_flat.v:430$1777'.
Creating decoders for process `$paramod$6b2e5777348611c38df4110cba65fe3615d0b62c\ddc_fir.$proc$/mnt/d/tushar/Downloads/RTL.ai/designs/benchmark_flat.v:450$1776'.
     1/19: $2\j[31:0]
     2/19: $0\out_valid[0:0]
     3/19: $1\j[31:0]
     4/19: $0\shift[14][15:0]
     5/19: $0\shift[13][15:0]
     6/19: $0\shift[12][15:0]
     7/19: $0\shift[11][15:0]
     8/19: $0\shift[10][15:0]
     9/19: $0\shift[9][15:0]
    10/19: $0\shift[8][15:0]
    11/19: $0\shift[7][15:0]
    12/19: $0\shift[6][15:0]
    13/19: $0\shift[5][15:0]
    14/19: $0\shift[4][15:0]
    15/19: $0\shift[3][15:0]
    16/19: $0\shift[2][15:0]
    17/19: $0\shift[1][15:0]
    18/19: $0\shift[0][15:0]
    19/19: $0\out_data[15:0]
Creating decoders for process `\benchmark_top.$proc$/mnt/d/tushar/Downloads/RTL.ai/designs/benchmark_flat.v:5564$1768'.
     1/1: $0\cap_e[15:0]
Creating decoders for process `\benchmark_top.$proc$/mnt/d/tushar/Downloads/RTL.ai/designs/benchmark_flat.v:5546$1761'.
     1/1: $0\crc_cnt[3:0]
Creating decoders for process `\benchmark_top.$proc$/mnt/d/tushar/Downloads/RTL.ai/designs/benchmark_flat.v:5521$1760'.
     1/1: $0\cap_d[15:0]
Creating decoders for process `\benchmark_top.$proc$/mnt/d/tushar/Downloads/RTL.ai/designs/benchmark_flat.v:5501$1758'.
     1/1: $0\cap_c[15:0]
Creating decoders for process `\benchmark_top.$proc$/mnt/d/tushar/Downloads/RTL.ai/designs/benchmark_flat.v:5480$1755'.
     1/1: $0\cap_b[15:0]
Creating decoders for process `\benchmark_top.$proc$/mnt/d/tushar/Downloads/RTL.ai/designs/benchmark_flat.v:5459$1753'.
     1/1: $0\cap_a[15:0]
Creating decoders for process `$paramod$8af8dc0d438d0d364592a69345da95ce450509b0\ddc_nco.$proc$/mnt/d/tushar/Downloads/RTL.ai/designs/benchmark_flat.v:589$1888'.
     1/3: $0\phase[23:0]
     2/3: $0\sinout[15:0]
     3/3: $0\cosout[15:0]
Creating decoders for process `\crc32.$proc$/mnt/d/tushar/Downloads/RTL.ai/designs/benchmark_flat.v:69$276'.
     1/4: $0\out_valid[0:0]
     2/4: $0\active[0:0]
     3/4: $0\crc[31:0]
     4/4: $0\out_crc[31:0]
Creating decoders for process `\crc32.$proc$/mnt/d/tushar/Downloads/RTL.ai/designs/benchmark_flat.v:57$15'.
     1/1: $1$mem2reg_rd$\c_tap$/mnt/d/tushar/Downloads/RTL.ai/designs/benchmark_flat.v:66$13_DATA[31:0]$274

3.8. Executing PROC_DLATCH pass (convert process syncs to latches).
No latch inferred for signal `\sha256_w_mem.\w_mem00_new' from process `\sha256_w_mem.$proc$/mnt/d/tushar/Downloads/RTL.ai/designs/benchmark_flat.v:5094$1719'.
No latch inferred for signal `\sha256_w_mem.\w_mem01_new' from process `\sha256_w_mem.$proc$/mnt/d/tushar/Downloads/RTL.ai/designs/benchmark_flat.v:5094$1719'.
No latch inferred for signal `\sha256_w_mem.\w_mem02_new' from process `\sha256_w_mem.$proc$/mnt/d/tushar/Downloads/RTL.ai/designs/benchmark_flat.v:5094$1719'.
No latch inferred for signal `\sha256_w_mem.\w_mem03_new' from process `\sha256_w_mem.$proc$/mnt/d/tushar/Downloads/RTL.ai/designs/benchmark_flat.v:5094$1719'.
No latch inferred for signal `\sha256_w_mem.\w_mem04_new' from process `\sha256_w_mem.$proc$/mnt/d/tushar/Downloads/RTL.ai/designs/benchmark_flat.v:5094$1719'.
No latch inferred for signal `\sha256_w_mem.\w_mem05_new' from process `\sha256_w_mem.$proc$/mnt/d/tushar/Downloads/RTL.ai/designs/benchmark_flat.v:5094$1719'.
No latch inferred for signal `\sha256_w_mem.\w_mem06_new' from process `\sha256_w_mem.$proc$/mnt/d/tushar/Downloads/RTL.ai/designs/benchmark_flat.v:5094$1719'.
No latch inferred for signal `\sha256_w_mem.\w_mem07_new' from process `\sha256_w_mem.$proc$/mnt/d/tushar/Downloads/RTL.ai/designs/benchmark_flat.v:5094$1719'.
No latch inferred for signal `\sha256_w_mem.\w_mem08_new' from process `\sha256_w_mem.$proc$/mnt/d/tushar/Downloads/RTL.ai/designs/benchmark_flat.v:5094$1719'.
No latch inferred for signal `\sha256_w_mem.\w_mem09_new' from process `\sha256_w_mem.$proc$/mnt/d/tushar/Downloads/RTL.ai/designs/benchmark_flat.v:5094$1719'.
No latch inferred for signal `\sha256_w_mem.\w_mem10_new' from process `\sha256_w_mem.$proc$/mnt/d/tushar/Downloads/RTL.ai/designs/benchmark_flat.v:5094$1719'.
No latch inferred for signal `\sha256_w_mem.\w_mem11_new' from process `\sha256_w_mem.$proc$/mnt/d/tushar/Downloads/RTL.ai/designs/benchmark_flat.v:5094$1719'.
No latch inferred for signal `\sha256_w_mem.\w_mem12_new' from process `\sha256_w_mem.$proc$/mnt/d/tushar/Downloads/RTL.ai/designs/benchmark_flat.v:5094$1719'.
No latch inferred for signal `\sha256_w_mem.\w_mem13_new' from process `\sha256_w_mem.$proc$/mnt/d/tushar/Downloads/RTL.ai/designs/benchmark_flat.v:5094$1719'.
No latch inferred for signal `\sha256_w_mem.\w_mem14_new' from process `\sha256_w_mem.$proc$/mnt/d/tushar/Downloads/RTL.ai/designs/benchmark_flat.v:5094$1719'.
No latch inferred for signal `\sha256_w_mem.\w_mem15_new' from process `\sha256_w_mem.$proc$/mnt/d/tushar/Downloads/RTL.ai/designs/benchmark_flat.v:5094$1719'.
No latch inferred for signal `\sha256_w_mem.\w_mem_we' from process `\sha256_w_mem.$proc$/mnt/d/tushar/Downloads/RTL.ai/designs/benchmark_flat.v:5094$1719'.
No latch inferred for signal `\sha256_w_mem.\w_new' from process `\sha256_w_mem.$proc$/mnt/d/tushar/Downloads/RTL.ai/designs/benchmark_flat.v:5094$1719'.
No latch inferred for signal `\sha256_w_mem.\w_mem_update_logic.w_0' from process `\sha256_w_mem.$proc$/mnt/d/tushar/Downloads/RTL.ai/designs/benchmark_flat.v:5094$1719'.
No latch inferred for signal `\sha256_w_mem.\w_mem_update_logic.w_1' from process `\sha256_w_mem.$proc$/mnt/d/tushar/Downloads/RTL.ai/designs/benchmark_flat.v:5094$1719'.
No latch inferred for signal `\sha256_w_mem.\w_mem_update_logic.w_9' from process `\sha256_w_mem.$proc$/mnt/d/tushar/Downloads/RTL.ai/designs/benchmark_flat.v:5094$1719'.
No latch inferred for signal `\sha256_w_mem.\w_mem_update_logic.w_14' from process `\sha256_w_mem.$proc$/mnt/d/tushar/Downloads/RTL.ai/designs/benchmark_flat.v:5094$1719'.
No latch inferred for signal `\sha256_w_mem.\w_mem_update_logic.d0' from process `\sha256_w_mem.$proc$/mnt/d/tushar/Downloads/RTL.ai/designs/benchmark_flat.v:5094$1719'.
No latch inferred for signal `\sha256_w_mem.\w_mem_update_logic.d1' from process `\sha256_w_mem.$proc$/mnt/d/tushar/Downloads/RTL.ai/designs/benchmark_flat.v:5094$1719'.
No latch inferred for signal `\sha256_w_mem.\w_tmp' from process `\sha256_w_mem.$proc$/mnt/d/tushar/Downloads/RTL.ai/designs/benchmark_flat.v:5079$1712'.
No latch inferred for signal `\sha256_k_constants.\tmp_K' from process `\sha256_k_constants.$proc$/mnt/d/tushar/Downloads/RTL.ai/designs/benchmark_flat.v:4868$1708'.
No latch inferred for signal `\sha256_core.\t_ctr_inc' from process `\sha256_core.$proc$/mnt/d/tushar/Downloads/RTL.ai/designs/benchmark_flat.v:4722$1706'.
No latch inferred for signal `\sha256_core.\t_ctr_rst' from process `\sha256_core.$proc$/mnt/d/tushar/Downloads/RTL.ai/designs/benchmark_flat.v:4722$1706'.
No latch inferred for signal `\sha256_core.\digest_valid_new' from process `\sha256_core.$proc$/mnt/d/tushar/Downloads/RTL.ai/designs/benchmark_flat.v:4722$1706'.
No latch inferred for signal `\sha256_core.\digest_valid_we' from process `\sha256_core.$proc$/mnt/d/tushar/Downloads/RTL.ai/designs/benchmark_flat.v:4722$1706'.
No latch inferred for signal `\sha256_core.\sha256_ctrl_new' from process `\sha256_core.$proc$/mnt/d/tushar/Downloads/RTL.ai/designs/benchmark_flat.v:4722$1706'.
No latch inferred for signal `\sha256_core.\sha256_ctrl_we' from process `\sha256_core.$proc$/mnt/d/tushar/Downloads/RTL.ai/designs/benchmark_flat.v:4722$1706'.
No latch inferred for signal `\sha256_core.\digest_init' from process `\sha256_core.$proc$/mnt/d/tushar/Downloads/RTL.ai/designs/benchmark_flat.v:4722$1706'.
No latch inferred for signal `\sha256_core.\digest_update' from process `\sha256_core.$proc$/mnt/d/tushar/Downloads/RTL.ai/designs/benchmark_flat.v:4722$1706'.
No latch inferred for signal `\sha256_core.\state_init' from process `\sha256_core.$proc$/mnt/d/tushar/Downloads/RTL.ai/designs/benchmark_flat.v:4722$1706'.
No latch inferred for signal `\sha256_core.\state_update' from process `\sha256_core.$proc$/mnt/d/tushar/Downloads/RTL.ai/designs/benchmark_flat.v:4722$1706'.
No latch inferred for signal `\sha256_core.\first_block' from process `\sha256_core.$proc$/mnt/d/tushar/Downloads/RTL.ai/designs/benchmark_flat.v:4722$1706'.
No latch inferred for signal `\sha256_core.\ready_flag' from process `\sha256_core.$proc$/mnt/d/tushar/Downloads/RTL.ai/designs/benchmark_flat.v:4722$1706'.
No latch inferred for signal `\sha256_core.\w_init' from process `\sha256_core.$proc$/mnt/d/tushar/Downloads/RTL.ai/designs/benchmark_flat.v:4722$1706'.
No latch inferred for signal `\sha256_core.\w_next' from process `\sha256_core.$proc$/mnt/d/tushar/Downloads/RTL.ai/designs/benchmark_flat.v:4722$1706'.
No latch inferred for signal `\sha256_core.\t_ctr_new' from process `\sha256_core.$proc$/mnt/d/tushar/Downloads/RTL.ai/designs/benchmark_flat.v:4698$1704'.
No latch inferred for signal `\sha256_core.\t_ctr_we' from process `\sha256_core.$proc$/mnt/d/tushar/Downloads/RTL.ai/designs/benchmark_flat.v:4698$1704'.
No latch inferred for signal `\sha256_core.\a_new' from process `\sha256_core.$proc$/mnt/d/tushar/Downloads/RTL.ai/designs/benchmark_flat.v:4624$1701'.
No latch inferred for signal `\sha256_core.\b_new' from process `\sha256_core.$proc$/mnt/d/tushar/Downloads/RTL.ai/designs/benchmark_flat.v:4624$1701'.
No latch inferred for signal `\sha256_core.\c_new' from process `\sha256_core.$proc$/mnt/d/tushar/Downloads/RTL.ai/designs/benchmark_flat.v:4624$1701'.
No latch inferred for signal `\sha256_core.\d_new' from process `\sha256_core.$proc$/mnt/d/tushar/Downloads/RTL.ai/designs/benchmark_flat.v:4624$1701'.
No latch inferred for signal `\sha256_core.\e_new' from process `\sha256_core.$proc$/mnt/d/tushar/Downloads/RTL.ai/designs/benchmark_flat.v:4624$1701'.
No latch inferred for signal `\sha256_core.\f_new' from process `\sha256_core.$proc$/mnt/d/tushar/Downloads/RTL.ai/designs/benchmark_flat.v:4624$1701'.
No latch inferred for signal `\sha256_core.\g_new' from process `\sha256_core.$proc$/mnt/d/tushar/Downloads/RTL.ai/designs/benchmark_flat.v:4624$1701'.
No latch inferred for signal `\sha256_core.\h_new' from process `\sha256_core.$proc$/mnt/d/tushar/Downloads/RTL.ai/designs/benchmark_flat.v:4624$1701'.
No latch inferred for signal `\sha256_core.\a_h_we' from process `\sha256_core.$proc$/mnt/d/tushar/Downloads/RTL.ai/designs/benchmark_flat.v:4624$1701'.
No latch inferred for signal `\sha256_core.\t2' from process `\sha256_core.$proc$/mnt/d/tushar/Downloads/RTL.ai/designs/benchmark_flat.v:4603$1692'.
No latch inferred for signal `\sha256_core.\t2_logic.sum0' from process `\sha256_core.$proc$/mnt/d/tushar/Downloads/RTL.ai/designs/benchmark_flat.v:4603$1692'.
No latch inferred for signal `\sha256_core.\t2_logic.maj' from process `\sha256_core.$proc$/mnt/d/tushar/Downloads/RTL.ai/designs/benchmark_flat.v:4603$1692'.
No latch inferred for signal `\sha256_core.\t1' from process `\sha256_core.$proc$/mnt/d/tushar/Downloads/RTL.ai/designs/benchmark_flat.v:4583$1681'.
No latch inferred for signal `\sha256_core.\t1_logic.sum1' from process `\sha256_core.$proc$/mnt/d/tushar/Downloads/RTL.ai/designs/benchmark_flat.v:4583$1681'.
No latch inferred for signal `\sha256_core.\t1_logic.ch' from process `\sha256_core.$proc$/mnt/d/tushar/Downloads/RTL.ai/designs/benchmark_flat.v:4583$1681'.
No latch inferred for signal `\sha256_core.\H0_new' from process `\sha256_core.$proc$/mnt/d/tushar/Downloads/RTL.ai/designs/benchmark_flat.v:4524$1672'.
No latch inferred for signal `\sha256_core.\H1_new' from process `\sha256_core.$proc$/mnt/d/tushar/Downloads/RTL.ai/designs/benchmark_flat.v:4524$1672'.
No latch inferred for signal `\sha256_core.\H2_new' from process `\sha256_core.$proc$/mnt/d/tushar/Downloads/RTL.ai/designs/benchmark_flat.v:4524$1672'.
No latch inferred for signal `\sha256_core.\H3_new' from process `\sha256_core.$proc$/mnt/d/tushar/Downloads/RTL.ai/designs/benchmark_flat.v:4524$1672'.
No latch inferred for signal `\sha256_core.\H4_new' from process `\sha256_core.$proc$/mnt/d/tushar/Downloads/RTL.ai/designs/benchmark_flat.v:4524$1672'.
No latch inferred for signal `\sha256_core.\H5_new' from process `\sha256_core.$proc$/mnt/d/tushar/Downloads/RTL.ai/designs/benchmark_flat.v:4524$1672'.
No latch inferred for signal `\sha256_core.\H6_new' from process `\sha256_core.$proc$/mnt/d/tushar/Downloads/RTL.ai/designs/benchmark_flat.v:4524$1672'.
No latch inferred for signal `\sha256_core.\H7_new' from process `\sha256_core.$proc$/mnt/d/tushar/Downloads/RTL.ai/designs/benchmark_flat.v:4524$1672'.
No latch inferred for signal `\sha256_core.\H_we' from process `\sha256_core.$proc$/mnt/d/tushar/Downloads/RTL.ai/designs/benchmark_flat.v:4524$1672'.
No latch inferred for signal `\sha256.\init_new' from process `\sha256.$proc$/mnt/d/tushar/Downloads/RTL.ai/designs/benchmark_flat.v:4191$1645'.
No latch inferred for signal `\sha256.\next_new' from process `\sha256.$proc$/mnt/d/tushar/Downloads/RTL.ai/designs/benchmark_flat.v:4191$1645'.
No latch inferred for signal `\sha256.\mode_new' from process `\sha256.$proc$/mnt/d/tushar/Downloads/RTL.ai/designs/benchmark_flat.v:4191$1645'.
No latch inferred for signal `\sha256.\mode_we' from process `\sha256.$proc$/mnt/d/tushar/Downloads/RTL.ai/designs/benchmark_flat.v:4191$1645'.
No latch inferred for signal `\sha256.\block_we' from process `\sha256.$proc$/mnt/d/tushar/Downloads/RTL.ai/designs/benchmark_flat.v:4191$1645'.
No latch inferred for signal `\sha256.\tmp_read_data' from process `\sha256.$proc$/mnt/d/tushar/Downloads/RTL.ai/designs/benchmark_flat.v:4191$1645'.
No latch inferred for signal `\sha256.\tmp_error' from process `\sha256.$proc$/mnt/d/tushar/Downloads/RTL.ai/designs/benchmark_flat.v:4191$1645'.
No latch inferred for signal `\sad8x8.\ad[63]' from process `\sad8x8.$proc$/mnt/d/tushar/Downloads/RTL.ai/designs/benchmark_flat.v:3966$1630'.
No latch inferred for signal `\sad8x8.\ad[62]' from process `\sad8x8.$proc$/mnt/d/tushar/Downloads/RTL.ai/designs/benchmark_flat.v:3966$1625'.
No latch inferred for signal `\sad8x8.\ad[61]' from process `\sad8x8.$proc$/mnt/d/tushar/Downloads/RTL.ai/designs/benchmark_flat.v:3966$1620'.
No latch inferred for signal `\sad8x8.\ad[60]' from process `\sad8x8.$proc$/mnt/d/tushar/Downloads/RTL.ai/designs/benchmark_flat.v:3966$1615'.
No latch inferred for signal `\sad8x8.\ad[59]' from process `\sad8x8.$proc$/mnt/d/tushar/Downloads/RTL.ai/designs/benchmark_flat.v:3966$1610'.
No latch inferred for signal `\sad8x8.\ad[58]' from process `\sad8x8.$proc$/mnt/d/tushar/Downloads/RTL.ai/designs/benchmark_flat.v:3966$1605'.
No latch inferred for signal `\sad8x8.\ad[57]' from process `\sad8x8.$proc$/mnt/d/tushar/Downloads/RTL.ai/designs/benchmark_flat.v:3966$1600'.
No latch inferred for signal `\sad8x8.\ad[56]' from process `\sad8x8.$proc$/mnt/d/tushar/Downloads/RTL.ai/designs/benchmark_flat.v:3966$1595'.
No latch inferred for signal `\sad8x8.\ad[55]' from process `\sad8x8.$proc$/mnt/d/tushar/Downloads/RTL.ai/designs/benchmark_flat.v:3966$1590'.
No latch inferred for signal `\sad8x8.\ad[54]' from process `\sad8x8.$proc$/mnt/d/tushar/Downloads/RTL.ai/designs/benchmark_flat.v:3966$1585'.
No latch inferred for signal `\sad8x8.\ad[53]' from process `\sad8x8.$proc$/mnt/d/tushar/Downloads/RTL.ai/designs/benchmark_flat.v:3966$1580'.
No latch inferred for signal `\sad8x8.\ad[52]' from process `\sad8x8.$proc$/mnt/d/tushar/Downloads/RTL.ai/designs/benchmark_flat.v:3966$1575'.
No latch inferred for signal `\sad8x8.\ad[51]' from process `\sad8x8.$proc$/mnt/d/tushar/Downloads/RTL.ai/designs/benchmark_flat.v:3966$1570'.
No latch inferred for signal `\sad8x8.\ad[50]' from process `\sad8x8.$proc$/mnt/d/tushar/Downloads/RTL.ai/designs/benchmark_flat.v:3966$1565'.
No latch inferred for signal `\sad8x8.\ad[49]' from process `\sad8x8.$proc$/mnt/d/tushar/Downloads/RTL.ai/designs/benchmark_flat.v:3966$1560'.
No latch inferred for signal `\sad8x8.\ad[48]' from process `\sad8x8.$proc$/mnt/d/tushar/Downloads/RTL.ai/designs/benchmark_flat.v:3966$1555'.
No latch inferred for signal `\sad8x8.\ad[47]' from process `\sad8x8.$proc$/mnt/d/tushar/Downloads/RTL.ai/designs/benchmark_flat.v:3966$1550'.
No latch inferred for signal `\sad8x8.\ad[46]' from process `\sad8x8.$proc$/mnt/d/tushar/Downloads/RTL.ai/designs/benchmark_flat.v:3966$1545'.
No latch inferred for signal `\sad8x8.\ad[45]' from process `\sad8x8.$proc$/mnt/d/tushar/Downloads/RTL.ai/designs/benchmark_flat.v:3966$1540'.
No latch inferred for signal `\sad8x8.\ad[44]' from process `\sad8x8.$proc$/mnt/d/tushar/Downloads/RTL.ai/designs/benchmark_flat.v:3966$1535'.
No latch inferred for signal `\sad8x8.\ad[43]' from process `\sad8x8.$proc$/mnt/d/tushar/Downloads/RTL.ai/designs/benchmark_flat.v:3966$1530'.
No latch inferred for signal `\sad8x8.\ad[42]' from process `\sad8x8.$proc$/mnt/d/tushar/Downloads/RTL.ai/designs/benchmark_flat.v:3966$1525'.
No latch inferred for signal `\sad8x8.\ad[41]' from process `\sad8x8.$proc$/mnt/d/tushar/Downloads/RTL.ai/designs/benchmark_flat.v:3966$1520'.
No latch inferred for signal `\sad8x8.\ad[40]' from process `\sad8x8.$proc$/mnt/d/tushar/Downloads/RTL.ai/designs/benchmark_flat.v:3966$1515'.
No latch inferred for signal `\sad8x8.\ad[39]' from process `\sad8x8.$proc$/mnt/d/tushar/Downloads/RTL.ai/designs/benchmark_flat.v:3966$1510'.
No latch inferred for signal `\sad8x8.\ad[38]' from process `\sad8x8.$proc$/mnt/d/tushar/Downloads/RTL.ai/designs/benchmark_flat.v:3966$1505'.
No latch inferred for signal `\sad8x8.\ad[37]' from process `\sad8x8.$proc$/mnt/d/tushar/Downloads/RTL.ai/designs/benchmark_flat.v:3966$1500'.
No latch inferred for signal `\sad8x8.\ad[36]' from process `\sad8x8.$proc$/mnt/d/tushar/Downloads/RTL.ai/designs/benchmark_flat.v:3966$1495'.
No latch inferred for signal `\sad8x8.\ad[35]' from process `\sad8x8.$proc$/mnt/d/tushar/Downloads/RTL.ai/designs/benchmark_flat.v:3966$1490'.
No latch inferred for signal `\sad8x8.\ad[34]' from process `\sad8x8.$proc$/mnt/d/tushar/Downloads/RTL.ai/designs/benchmark_flat.v:3966$1485'.
No latch inferred for signal `\sad8x8.\ad[33]' from process `\sad8x8.$proc$/mnt/d/tushar/Downloads/RTL.ai/designs/benchmark_flat.v:3966$1480'.
No latch inferred for signal `\sad8x8.\ad[32]' from process `\sad8x8.$proc$/mnt/d/tushar/Downloads/RTL.ai/designs/benchmark_flat.v:3966$1475'.
No latch inferred for signal `\sad8x8.\ad[31]' from process `\sad8x8.$proc$/mnt/d/tushar/Downloads/RTL.ai/designs/benchmark_flat.v:3966$1470'.
No latch inferred for signal `\sad8x8.\ad[30]' from process `\sad8x8.$proc$/mnt/d/tushar/Downloads/RTL.ai/designs/benchmark_flat.v:3966$1465'.
No latch inferred for signal `\sad8x8.\ad[29]' from process `\sad8x8.$proc$/mnt/d/tushar/Downloads/RTL.ai/designs/benchmark_flat.v:3966$1460'.
No latch inferred for signal `\sad8x8.\ad[28]' from process `\sad8x8.$proc$/mnt/d/tushar/Downloads/RTL.ai/designs/benchmark_flat.v:3966$1455'.
No latch inferred for signal `\sad8x8.\ad[27]' from process `\sad8x8.$proc$/mnt/d/tushar/Downloads/RTL.ai/designs/benchmark_flat.v:3966$1450'.
No latch inferred for signal `\sad8x8.\ad[26]' from process `\sad8x8.$proc$/mnt/d/tushar/Downloads/RTL.ai/designs/benchmark_flat.v:3966$1445'.
No latch inferred for signal `\sad8x8.\ad[25]' from process `\sad8x8.$proc$/mnt/d/tushar/Downloads/RTL.ai/designs/benchmark_flat.v:3966$1440'.
No latch inferred for signal `\sad8x8.\ad[24]' from process `\sad8x8.$proc$/mnt/d/tushar/Downloads/RTL.ai/designs/benchmark_flat.v:3966$1435'.
No latch inferred for signal `\sad8x8.\ad[23]' from process `\sad8x8.$proc$/mnt/d/tushar/Downloads/RTL.ai/designs/benchmark_flat.v:3966$1430'.
No latch inferred for signal `\sad8x8.\ad[22]' from process `\sad8x8.$proc$/mnt/d/tushar/Downloads/RTL.ai/designs/benchmark_flat.v:3966$1425'.
No latch inferred for signal `\sad8x8.\ad[21]' from process `\sad8x8.$proc$/mnt/d/tushar/Downloads/RTL.ai/designs/benchmark_flat.v:3966$1420'.
No latch inferred for signal `\sad8x8.\ad[20]' from process `\sad8x8.$proc$/mnt/d/tushar/Downloads/RTL.ai/designs/benchmark_flat.v:3966$1415'.
No latch inferred for signal `\sad8x8.\ad[19]' from process `\sad8x8.$proc$/mnt/d/tushar/Downloads/RTL.ai/designs/benchmark_flat.v:3966$1410'.
No latch inferred for signal `\sad8x8.\ad[18]' from process `\sad8x8.$proc$/mnt/d/tushar/Downloads/RTL.ai/designs/benchmark_flat.v:3966$1405'.
No latch inferred for signal `\sad8x8.\ad[17]' from process `\sad8x8.$proc$/mnt/d/tushar/Downloads/RTL.ai/designs/benchmark_flat.v:3966$1400'.
No latch inferred for signal `\sad8x8.\ad[16]' from process `\sad8x8.$proc$/mnt/d/tushar/Downloads/RTL.ai/designs/benchmark_flat.v:3966$1395'.
No latch inferred for signal `\sad8x8.\ad[15]' from process `\sad8x8.$proc$/mnt/d/tushar/Downloads/RTL.ai/designs/benchmark_flat.v:3966$1390'.
No latch inferred for signal `\sad8x8.\ad[14]' from process `\sad8x8.$proc$/mnt/d/tushar/Downloads/RTL.ai/designs/benchmark_flat.v:3966$1385'.
No latch inferred for signal `\sad8x8.\ad[13]' from process `\sad8x8.$proc$/mnt/d/tushar/Downloads/RTL.ai/designs/benchmark_flat.v:3966$1380'.
No latch inferred for signal `\sad8x8.\ad[12]' from process `\sad8x8.$proc$/mnt/d/tushar/Downloads/RTL.ai/designs/benchmark_flat.v:3966$1375'.
No latch inferred for signal `\sad8x8.\ad[11]' from process `\sad8x8.$proc$/mnt/d/tushar/Downloads/RTL.ai/designs/benchmark_flat.v:3966$1370'.
No latch inferred for signal `\sad8x8.\ad[10]' from process `\sad8x8.$proc$/mnt/d/tushar/Downloads/RTL.ai/designs/benchmark_flat.v:3966$1365'.
No latch inferred for signal `\sad8x8.\ad[9]' from process `\sad8x8.$proc$/mnt/d/tushar/Downloads/RTL.ai/designs/benchmark_flat.v:3966$1360'.
No latch inferred for signal `\sad8x8.\ad[8]' from process `\sad8x8.$proc$/mnt/d/tushar/Downloads/RTL.ai/designs/benchmark_flat.v:3966$1355'.
No latch inferred for signal `\sad8x8.\ad[7]' from process `\sad8x8.$proc$/mnt/d/tushar/Downloads/RTL.ai/designs/benchmark_flat.v:3966$1350'.
No latch inferred for signal `\sad8x8.\ad[6]' from process `\sad8x8.$proc$/mnt/d/tushar/Downloads/RTL.ai/designs/benchmark_flat.v:3966$1345'.
No latch inferred for signal `\sad8x8.\ad[5]' from process `\sad8x8.$proc$/mnt/d/tushar/Downloads/RTL.ai/designs/benchmark_flat.v:3966$1340'.
No latch inferred for signal `\sad8x8.\ad[4]' from process `\sad8x8.$proc$/mnt/d/tushar/Downloads/RTL.ai/designs/benchmark_flat.v:3966$1335'.
No latch inferred for signal `\sad8x8.\ad[3]' from process `\sad8x8.$proc$/mnt/d/tushar/Downloads/RTL.ai/designs/benchmark_flat.v:3966$1330'.
No latch inferred for signal `\sad8x8.\ad[2]' from process `\sad8x8.$proc$/mnt/d/tushar/Downloads/RTL.ai/designs/benchmark_flat.v:3966$1325'.
No latch inferred for signal `\sad8x8.\ad[1]' from process `\sad8x8.$proc$/mnt/d/tushar/Downloads/RTL.ai/designs/benchmark_flat.v:3966$1320'.
No latch inferred for signal `\sad8x8.\ad[0]' from process `\sad8x8.$proc$/mnt/d/tushar/Downloads/RTL.ai/designs/benchmark_flat.v:3966$1315'.
No latch inferred for signal `\sad8x8.\acc' from process `\sad8x8.$proc$/mnt/d/tushar/Downloads/RTL.ai/designs/benchmark_flat.v:3973$1249'.
No latch inferred for signal `\sad8x8.\k' from process `\sad8x8.$proc$/mnt/d/tushar/Downloads/RTL.ai/designs/benchmark_flat.v:3973$1249'.
No latch inferred for signal `\picorv32_pcpi_fast_mul.\instr_mul' from process `\picorv32_pcpi_fast_mul.$proc$/mnt/d/tushar/Downloads/RTL.ai/designs/benchmark_flat.v:3222$1161'.
No latch inferred for signal `\picorv32_pcpi_fast_mul.\instr_mulh' from process `\picorv32_pcpi_fast_mul.$proc$/mnt/d/tushar/Downloads/RTL.ai/designs/benchmark_flat.v:3222$1161'.
No latch inferred for signal `\picorv32_pcpi_fast_mul.\instr_mulhsu' from process `\picorv32_pcpi_fast_mul.$proc$/mnt/d/tushar/Downloads/RTL.ai/designs/benchmark_flat.v:3222$1161'.
No latch inferred for signal `\picorv32_pcpi_fast_mul.\instr_mulhu' from process `\picorv32_pcpi_fast_mul.$proc$/mnt/d/tushar/Downloads/RTL.ai/designs/benchmark_flat.v:3222$1161'.
No latch inferred for signal `\ddc.\lane_out[1]' from process `\ddc.$proc$/mnt/d/tushar/Downloads/RTL.ai/designs/benchmark_flat.v:202$1902'.
No latch inferred for signal `\ddc.\lane_ov[1]' from process `\ddc.$proc$/mnt/d/tushar/Downloads/RTL.ai/designs/benchmark_flat.v:201$1901'.
No latch inferred for signal `\ddc.\lane_out[0]' from process `\ddc.$proc$/mnt/d/tushar/Downloads/RTL.ai/designs/benchmark_flat.v:202$1900'.
No latch inferred for signal `\ddc.\lane_ov[0]' from process `\ddc.$proc$/mnt/d/tushar/Downloads/RTL.ai/designs/benchmark_flat.v:201$1899'.
No latch inferred for signal `\ddc.\lane_in[1]' from process `\ddc.$proc$/mnt/d/tushar/Downloads/RTL.ai/designs/benchmark_flat.v:185$1898'.
No latch inferred for signal `\ddc.\lane_in[0]' from process `\ddc.$proc$/mnt/d/tushar/Downloads/RTL.ai/designs/benchmark_flat.v:184$1897'.
No latch inferred for signal `\picorv32.\cpuregs_rs1' from process `\picorv32.$proc$/mnt/d/tushar/Downloads/RTL.ai/designs/benchmark_flat.v:2222$892'.
No latch inferred for signal `\picorv32.\cpuregs_rs2' from process `\picorv32.$proc$/mnt/d/tushar/Downloads/RTL.ai/designs/benchmark_flat.v:2222$892'.
No latch inferred for signal `\picorv32.\decoded_rs' from process `\picorv32.$proc$/mnt/d/tushar/Downloads/RTL.ai/designs/benchmark_flat.v:2222$892'.
No latch inferred for signal `\picorv32.\cpuregs_write' from process `\picorv32.$proc$/mnt/d/tushar/Downloads/RTL.ai/designs/benchmark_flat.v:2183$871'.
No latch inferred for signal `\picorv32.\cpuregs_wrdata' from process `\picorv32.$proc$/mnt/d/tushar/Downloads/RTL.ai/designs/benchmark_flat.v:2183$871'.
No latch inferred for signal `\picorv32.\clear_prefetched_high_word' from process `\picorv32.$proc$/mnt/d/tushar/Downloads/RTL.ai/designs/benchmark_flat.v:2169$866'.
No latch inferred for signal `\picorv32.\alu_out' from process `\picorv32.$proc$/mnt/d/tushar/Downloads/RTL.ai/designs/benchmark_flat.v:2123$843'.
No latch inferred for signal `\picorv32.\alu_out_0' from process `\picorv32.$proc$/mnt/d/tushar/Downloads/RTL.ai/designs/benchmark_flat.v:2123$843'.
No latch inferred for signal `\picorv32.\dbg_ascii_state' from process `\picorv32.$proc$/mnt/d/tushar/Downloads/RTL.ai/designs/benchmark_flat.v:2060$831'.
No latch inferred for signal `\picorv32.\dbg_insn_opcode' from process `\picorv32.$proc$/mnt/d/tushar/Downloads/RTL.ai/designs/benchmark_flat.v:1683$566'.
No latch inferred for signal `\picorv32.\dbg_ascii_instr' from process `\picorv32.$proc$/mnt/d/tushar/Downloads/RTL.ai/designs/benchmark_flat.v:1683$566'.
No latch inferred for signal `\picorv32.\dbg_insn_imm' from process `\picorv32.$proc$/mnt/d/tushar/Downloads/RTL.ai/designs/benchmark_flat.v:1683$566'.
No latch inferred for signal `\picorv32.\dbg_insn_rs1' from process `\picorv32.$proc$/mnt/d/tushar/Downloads/RTL.ai/designs/benchmark_flat.v:1683$566'.
No latch inferred for signal `\picorv32.\dbg_insn_rs2' from process `\picorv32.$proc$/mnt/d/tushar/Downloads/RTL.ai/designs/benchmark_flat.v:1683$566'.
No latch inferred for signal `\picorv32.\dbg_insn_rd' from process `\picorv32.$proc$/mnt/d/tushar/Downloads/RTL.ai/designs/benchmark_flat.v:1683$566'.
No latch inferred for signal `\picorv32.\new_ascii_instr' from process `\picorv32.$proc$/mnt/d/tushar/Downloads/RTL.ai/designs/benchmark_flat.v:1575$561'.
No latch inferred for signal `\picorv32.\alu_add_sub' from process `\picorv32.$proc$/mnt/d/tushar/Downloads/RTL.ai/designs/benchmark_flat.v:2113$1069'.
No latch inferred for signal `\picorv32.\alu_shl' from process `\picorv32.$proc$/mnt/d/tushar/Downloads/RTL.ai/designs/benchmark_flat.v:2113$1069'.
No latch inferred for signal `\picorv32.\alu_shr' from process `\picorv32.$proc$/mnt/d/tushar/Downloads/RTL.ai/designs/benchmark_flat.v:2113$1069'.
No latch inferred for signal `\picorv32.\alu_eq' from process `\picorv32.$proc$/mnt/d/tushar/Downloads/RTL.ai/designs/benchmark_flat.v:2113$1069'.
No latch inferred for signal `\picorv32.\alu_ltu' from process `\picorv32.$proc$/mnt/d/tushar/Downloads/RTL.ai/designs/benchmark_flat.v:2113$1069'.
No latch inferred for signal `\picorv32.\alu_lts' from process `\picorv32.$proc$/mnt/d/tushar/Downloads/RTL.ai/designs/benchmark_flat.v:2113$1069'.
No latch inferred for signal `\picorv32.\mem_la_wdata' from process `\picorv32.$proc$/mnt/d/tushar/Downloads/RTL.ai/designs/benchmark_flat.v:1275$496'.
No latch inferred for signal `\picorv32.\mem_la_wstrb' from process `\picorv32.$proc$/mnt/d/tushar/Downloads/RTL.ai/designs/benchmark_flat.v:1275$496'.
No latch inferred for signal `\picorv32.\mem_rdata_word' from process `\picorv32.$proc$/mnt/d/tushar/Downloads/RTL.ai/designs/benchmark_flat.v:1275$496'.
No latch inferred for signal `\picorv32.\pcpi_int_wr' from process `\picorv32.$proc$/mnt/d/tushar/Downloads/RTL.ai/designs/benchmark_flat.v:1199$417'.
No latch inferred for signal `\picorv32.\pcpi_int_rd' from process `\picorv32.$proc$/mnt/d/tushar/Downloads/RTL.ai/designs/benchmark_flat.v:1199$417'.
No latch inferred for signal `\picorv32.\pcpi_int_wait' from process `\picorv32.$proc$/mnt/d/tushar/Downloads/RTL.ai/designs/benchmark_flat.v:1199$417'.
No latch inferred for signal `\picorv32.\pcpi_int_ready' from process `\picorv32.$proc$/mnt/d/tushar/Downloads/RTL.ai/designs/benchmark_flat.v:1199$417'.
No latch inferred for signal `\ddc_sinrom.\val' from process `\ddc_sinrom.$proc$/mnt/d/tushar/Downloads/RTL.ai/designs/benchmark_flat.v:613$402'.
No latch inferred for signal `$paramod$498463d264968bc81db47baec170cc0cc7a42680\ddc_cic.\cb_out[4]' from process `$paramod$498463d264968bc81db47baec170cc0cc7a42680\ddc_cic.$proc$/mnt/d/tushar/Downloads/RTL.ai/designs/benchmark_flat.v:340$1868'.
No latch inferred for signal `$paramod$498463d264968bc81db47baec170cc0cc7a42680\ddc_cic.\cb_out[3]' from process `$paramod$498463d264968bc81db47baec170cc0cc7a42680\ddc_cic.$proc$/mnt/d/tushar/Downloads/RTL.ai/designs/benchmark_flat.v:340$1866'.
No latch inferred for signal `$paramod$498463d264968bc81db47baec170cc0cc7a42680\ddc_cic.\cb_out[2]' from process `$paramod$498463d264968bc81db47baec170cc0cc7a42680\ddc_cic.$proc$/mnt/d/tushar/Downloads/RTL.ai/designs/benchmark_flat.v:340$1864'.
No latch inferred for signal `$paramod$498463d264968bc81db47baec170cc0cc7a42680\ddc_cic.\cb_out[1]' from process `$paramod$498463d264968bc81db47baec170cc0cc7a42680\ddc_cic.$proc$/mnt/d/tushar/Downloads/RTL.ai/designs/benchmark_flat.v:340$1862'.
No latch inferred for signal `$paramod$498463d264968bc81db47baec170cc0cc7a42680\ddc_cic.\ig_in[4]' from process `$paramod$498463d264968bc81db47baec170cc0cc7a42680\ddc_cic.$proc$/mnt/d/tushar/Downloads/RTL.ai/designs/benchmark_flat.v:290$1861'.
No latch inferred for signal `$paramod$498463d264968bc81db47baec170cc0cc7a42680\ddc_cic.\ig_in[3]' from process `$paramod$498463d264968bc81db47baec170cc0cc7a42680\ddc_cic.$proc$/mnt/d/tushar/Downloads/RTL.ai/designs/benchmark_flat.v:290$1860'.
No latch inferred for signal `$paramod$498463d264968bc81db47baec170cc0cc7a42680\ddc_cic.\ig_in[2]' from process `$paramod$498463d264968bc81db47baec170cc0cc7a42680\ddc_cic.$proc$/mnt/d/tushar/Downloads/RTL.ai/designs/benchmark_flat.v:290$1859'.
No latch inferred for signal `$paramod$498463d264968bc81db47baec170cc0cc7a42680\ddc_cic.\ig_in[1]' from process `$paramod$498463d264968bc81db47baec170cc0cc7a42680\ddc_cic.$proc$/mnt/d/tushar/Downloads/RTL.ai/designs/benchmark_flat.v:290$1858'.
No latch inferred for signal `$paramod$498463d264968bc81db47baec170cc0cc7a42680\ddc_cic.\cb_out[0]' from process `$paramod$498463d264968bc81db47baec170cc0cc7a42680\ddc_cic.$proc$/mnt/d/tushar/Downloads/RTL.ai/designs/benchmark_flat.v:319$1857'.
No latch inferred for signal `$paramod$498463d264968bc81db47baec170cc0cc7a42680\ddc_cic.\ig_in[0]' from process `$paramod$498463d264968bc81db47baec170cc0cc7a42680\ddc_cic.$proc$/mnt/d/tushar/Downloads/RTL.ai/designs/benchmark_flat.v:275$1856'.
No latch inferred for signal `$paramod$6b2e5777348611c38df4110cba65fe3615d0b62c\ddc_fir.\psum[15]' from process `$paramod$6b2e5777348611c38df4110cba65fe3615d0b62c\ddc_fir.$proc$/mnt/d/tushar/Downloads/RTL.ai/designs/benchmark_flat.v:434$1836'.
No latch inferred for signal `$paramod$6b2e5777348611c38df4110cba65fe3615d0b62c\ddc_fir.\psum[14]' from process `$paramod$6b2e5777348611c38df4110cba65fe3615d0b62c\ddc_fir.$proc$/mnt/d/tushar/Downloads/RTL.ai/designs/benchmark_flat.v:434$1834'.
No latch inferred for signal `$paramod$6b2e5777348611c38df4110cba65fe3615d0b62c\ddc_fir.\psum[13]' from process `$paramod$6b2e5777348611c38df4110cba65fe3615d0b62c\ddc_fir.$proc$/mnt/d/tushar/Downloads/RTL.ai/designs/benchmark_flat.v:434$1832'.
No latch inferred for signal `$paramod$6b2e5777348611c38df4110cba65fe3615d0b62c\ddc_fir.\psum[12]' from process `$paramod$6b2e5777348611c38df4110cba65fe3615d0b62c\ddc_fir.$proc$/mnt/d/tushar/Downloads/RTL.ai/designs/benchmark_flat.v:434$1830'.
No latch inferred for signal `$paramod$6b2e5777348611c38df4110cba65fe3615d0b62c\ddc_fir.\psum[11]' from process `$paramod$6b2e5777348611c38df4110cba65fe3615d0b62c\ddc_fir.$proc$/mnt/d/tushar/Downloads/RTL.ai/designs/benchmark_flat.v:434$1828'.
No latch inferred for signal `$paramod$6b2e5777348611c38df4110cba65fe3615d0b62c\ddc_fir.\psum[10]' from process `$paramod$6b2e5777348611c38df4110cba65fe3615d0b62c\ddc_fir.$proc$/mnt/d/tushar/Downloads/RTL.ai/designs/benchmark_flat.v:434$1826'.
No latch inferred for signal `$paramod$6b2e5777348611c38df4110cba65fe3615d0b62c\ddc_fir.\psum[9]' from process `$paramod$6b2e5777348611c38df4110cba65fe3615d0b62c\ddc_fir.$proc$/mnt/d/tushar/Downloads/RTL.ai/designs/benchmark_flat.v:434$1824'.
No latch inferred for signal `$paramod$6b2e5777348611c38df4110cba65fe3615d0b62c\ddc_fir.\psum[8]' from process `$paramod$6b2e5777348611c38df4110cba65fe3615d0b62c\ddc_fir.$proc$/mnt/d/tushar/Downloads/RTL.ai/designs/benchmark_flat.v:434$1822'.
No latch inferred for signal `$paramod$6b2e5777348611c38df4110cba65fe3615d0b62c\ddc_fir.\psum[7]' from process `$paramod$6b2e5777348611c38df4110cba65fe3615d0b62c\ddc_fir.$proc$/mnt/d/tushar/Downloads/RTL.ai/designs/benchmark_flat.v:434$1820'.
No latch inferred for signal `$paramod$6b2e5777348611c38df4110cba65fe3615d0b62c\ddc_fir.\psum[6]' from process `$paramod$6b2e5777348611c38df4110cba65fe3615d0b62c\ddc_fir.$proc$/mnt/d/tushar/Downloads/RTL.ai/designs/benchmark_flat.v:434$1818'.
No latch inferred for signal `$paramod$6b2e5777348611c38df4110cba65fe3615d0b62c\ddc_fir.\psum[5]' from process `$paramod$6b2e5777348611c38df4110cba65fe3615d0b62c\ddc_fir.$proc$/mnt/d/tushar/Downloads/RTL.ai/designs/benchmark_flat.v:434$1816'.
No latch inferred for signal `$paramod$6b2e5777348611c38df4110cba65fe3615d0b62c\ddc_fir.\psum[4]' from process `$paramod$6b2e5777348611c38df4110cba65fe3615d0b62c\ddc_fir.$proc$/mnt/d/tushar/Downloads/RTL.ai/designs/benchmark_flat.v:434$1814'.
No latch inferred for signal `$paramod$6b2e5777348611c38df4110cba65fe3615d0b62c\ddc_fir.\psum[3]' from process `$paramod$6b2e5777348611c38df4110cba65fe3615d0b62c\ddc_fir.$proc$/mnt/d/tushar/Downloads/RTL.ai/designs/benchmark_flat.v:434$1812'.
No latch inferred for signal `$paramod$6b2e5777348611c38df4110cba65fe3615d0b62c\ddc_fir.\psum[2]' from process `$paramod$6b2e5777348611c38df4110cba65fe3615d0b62c\ddc_fir.$proc$/mnt/d/tushar/Downloads/RTL.ai/designs/benchmark_flat.v:434$1810'.
No latch inferred for signal `$paramod$6b2e5777348611c38df4110cba65fe3615d0b62c\ddc_fir.\psum[1]' from process `$paramod$6b2e5777348611c38df4110cba65fe3615d0b62c\ddc_fir.$proc$/mnt/d/tushar/Downloads/RTL.ai/designs/benchmark_flat.v:434$1808'.
No latch inferred for signal `$paramod$6b2e5777348611c38df4110cba65fe3615d0b62c\ddc_fir.\prod[14]' from process `$paramod$6b2e5777348611c38df4110cba65fe3615d0b62c\ddc_fir.$proc$/mnt/d/tushar/Downloads/RTL.ai/designs/benchmark_flat.v:424$1806'.
No latch inferred for signal `$paramod$6b2e5777348611c38df4110cba65fe3615d0b62c\ddc_fir.\prod[13]' from process `$paramod$6b2e5777348611c38df4110cba65fe3615d0b62c\ddc_fir.$proc$/mnt/d/tushar/Downloads/RTL.ai/designs/benchmark_flat.v:424$1804'.
No latch inferred for signal `$paramod$6b2e5777348611c38df4110cba65fe3615d0b62c\ddc_fir.\prod[12]' from process `$paramod$6b2e5777348611c38df4110cba65fe3615d0b62c\ddc_fir.$proc$/mnt/d/tushar/Downloads/RTL.ai/designs/benchmark_flat.v:424$1802'.
No latch inferred for signal `$paramod$6b2e5777348611c38df4110cba65fe3615d0b62c\ddc_fir.\prod[11]' from process `$paramod$6b2e5777348611c38df4110cba65fe3615d0b62c\ddc_fir.$proc$/mnt/d/tushar/Downloads/RTL.ai/designs/benchmark_flat.v:424$1800'.
No latch inferred for signal `$paramod$6b2e5777348611c38df4110cba65fe3615d0b62c\ddc_fir.\prod[10]' from process `$paramod$6b2e5777348611c38df4110cba65fe3615d0b62c\ddc_fir.$proc$/mnt/d/tushar/Downloads/RTL.ai/designs/benchmark_flat.v:424$1798'.
No latch inferred for signal `$paramod$6b2e5777348611c38df4110cba65fe3615d0b62c\ddc_fir.\prod[9]' from process `$paramod$6b2e5777348611c38df4110cba65fe3615d0b62c\ddc_fir.$proc$/mnt/d/tushar/Downloads/RTL.ai/designs/benchmark_flat.v:424$1796'.
No latch inferred for signal `$paramod$6b2e5777348611c38df4110cba65fe3615d0b62c\ddc_fir.\prod[8]' from process `$paramod$6b2e5777348611c38df4110cba65fe3615d0b62c\ddc_fir.$proc$/mnt/d/tushar/Downloads/RTL.ai/designs/benchmark_flat.v:424$1794'.
No latch inferred for signal `$paramod$6b2e5777348611c38df4110cba65fe3615d0b62c\ddc_fir.\prod[7]' from process `$paramod$6b2e5777348611c38df4110cba65fe3615d0b62c\ddc_fir.$proc$/mnt/d/tushar/Downloads/RTL.ai/designs/benchmark_flat.v:424$1792'.
No latch inferred for signal `$paramod$6b2e5777348611c38df4110cba65fe3615d0b62c\ddc_fir.\prod[6]' from process `$paramod$6b2e5777348611c38df4110cba65fe3615d0b62c\ddc_fir.$proc$/mnt/d/tushar/Downloads/RTL.ai/designs/benchmark_flat.v:424$1790'.
No latch inferred for signal `$paramod$6b2e5777348611c38df4110cba65fe3615d0b62c\ddc_fir.\prod[5]' from process `$paramod$6b2e5777348611c38df4110cba65fe3615d0b62c\ddc_fir.$proc$/mnt/d/tushar/Downloads/RTL.ai/designs/benchmark_flat.v:424$1788'.
No latch inferred for signal `$paramod$6b2e5777348611c38df4110cba65fe3615d0b62c\ddc_fir.\prod[4]' from process `$paramod$6b2e5777348611c38df4110cba65fe3615d0b62c\ddc_fir.$proc$/mnt/d/tushar/Downloads/RTL.ai/designs/benchmark_flat.v:424$1786'.
No latch inferred for signal `$paramod$6b2e5777348611c38df4110cba65fe3615d0b62c\ddc_fir.\prod[3]' from process `$paramod$6b2e5777348611c38df4110cba65fe3615d0b62c\ddc_fir.$proc$/mnt/d/tushar/Downloads/RTL.ai/designs/benchmark_flat.v:424$1784'.
No latch inferred for signal `$paramod$6b2e5777348611c38df4110cba65fe3615d0b62c\ddc_fir.\prod[2]' from process `$paramod$6b2e5777348611c38df4110cba65fe3615d0b62c\ddc_fir.$proc$/mnt/d/tushar/Downloads/RTL.ai/designs/benchmark_flat.v:424$1782'.
No latch inferred for signal `$paramod$6b2e5777348611c38df4110cba65fe3615d0b62c\ddc_fir.\prod[1]' from process `$paramod$6b2e5777348611c38df4110cba65fe3615d0b62c\ddc_fir.$proc$/mnt/d/tushar/Downloads/RTL.ai/designs/benchmark_flat.v:424$1780'.
No latch inferred for signal `$paramod$6b2e5777348611c38df4110cba65fe3615d0b62c\ddc_fir.\prod[0]' from process `$paramod$6b2e5777348611c38df4110cba65fe3615d0b62c\ddc_fir.$proc$/mnt/d/tushar/Downloads/RTL.ai/designs/benchmark_flat.v:424$1778'.
No latch inferred for signal `$paramod$6b2e5777348611c38df4110cba65fe3615d0b62c\ddc_fir.\psum[0]' from process `$paramod$6b2e5777348611c38df4110cba65fe3615d0b62c\ddc_fir.$proc$/mnt/d/tushar/Downloads/RTL.ai/designs/benchmark_flat.v:430$1777'.
No latch inferred for signal `\crc32.\b' from process `\crc32.$proc$/mnt/d/tushar/Downloads/RTL.ai/designs/benchmark_flat.v:57$15'.
No latch inferred for signal `\crc32.\i' from process `\crc32.$proc$/mnt/d/tushar/Downloads/RTL.ai/designs/benchmark_flat.v:57$15'.
No latch inferred for signal `\crc32.\cnext' from process `\crc32.$proc$/mnt/d/tushar/Downloads/RTL.ai/designs/benchmark_flat.v:57$15'.
No latch inferred for signal `\crc32.\c_tap[0]' from process `\crc32.$proc$/mnt/d/tushar/Downloads/RTL.ai/designs/benchmark_flat.v:57$15'.
No latch inferred for signal `\crc32.\c_tap[1]' from process `\crc32.$proc$/mnt/d/tushar/Downloads/RTL.ai/designs/benchmark_flat.v:57$15'.
No latch inferred for signal `\crc32.\c_tap[2]' from process `\crc32.$proc$/mnt/d/tushar/Downloads/RTL.ai/designs/benchmark_flat.v:57$15'.
No latch inferred for signal `\crc32.\c_tap[3]' from process `\crc32.$proc$/mnt/d/tushar/Downloads/RTL.ai/designs/benchmark_flat.v:57$15'.
No latch inferred for signal `\crc32.\c_tap[4]' from process `\crc32.$proc$/mnt/d/tushar/Downloads/RTL.ai/designs/benchmark_flat.v:57$15'.
No latch inferred for signal `\crc32.\c_tap[5]' from process `\crc32.$proc$/mnt/d/tushar/Downloads/RTL.ai/designs/benchmark_flat.v:57$15'.
No latch inferred for signal `\crc32.\c_tap[6]' from process `\crc32.$proc$/mnt/d/tushar/Downloads/RTL.ai/designs/benchmark_flat.v:57$15'.
No latch inferred for signal `\crc32.\c_tap[7]' from process `\crc32.$proc$/mnt/d/tushar/Downloads/RTL.ai/designs/benchmark_flat.v:57$15'.
No latch inferred for signal `\crc32.\c_tap[8]' from process `\crc32.$proc$/mnt/d/tushar/Downloads/RTL.ai/designs/benchmark_flat.v:57$15'.

3.9. Executing PROC_DFF pass (convert process syncs to FFs).
Creating register for signal `\reset_sync.\meta' using process `\reset_sync.$proc$/mnt/d/tushar/Downloads/RTL.ai/designs/benchmark_flat.v:5324$1741'.
  created $adff cell `$procdff$6206' with positive edge clock and positive level reset.
Creating register for signal `\reset_sync.\stable' using process `\reset_sync.$proc$/mnt/d/tushar/Downloads/RTL.ai/designs/benchmark_flat.v:5324$1741'.
  created $adff cell `$procdff$6209' with positive edge clock and positive level reset.
Creating register for signal `$paramod\clk_divider\DIV=s32'00000000000000000000000000000100.\clk_out' using process `$paramod\clk_divider\DIV=s32'00000000000000000000000000000100.$proc$/mnt/d/tushar/Downloads/RTL.ai/designs/benchmark_flat.v:5198$1922'.
  created $dff cell `$procdff$6210' with positive edge clock.
Creating register for signal `$paramod\clk_divider\DIV=s32'00000000000000000000000000000100.\count' using process `$paramod\clk_divider\DIV=s32'00000000000000000000000000000100.$proc$/mnt/d/tushar/Downloads/RTL.ai/designs/benchmark_flat.v:5198$1922'.
  created $dff cell `$procdff$6211' with positive edge clock.
Creating register for signal `\cdc_sync.\meta' using process `\cdc_sync.$proc$/mnt/d/tushar/Downloads/RTL.ai/designs/benchmark_flat.v:5221$1733'.
  created $dff cell `$procdff$6212' with positive edge clock.
Creating register for signal `\cdc_sync.\stable' using process `\cdc_sync.$proc$/mnt/d/tushar/Downloads/RTL.ai/designs/benchmark_flat.v:5221$1733'.
  created $dff cell `$procdff$6213' with positive edge clock.
Creating register for signal `$paramod\clk_divider\DIV=s32'00000000000000000000000000000110.\clk_out' using process `$paramod\clk_divider\DIV=s32'00000000000000000000000000000110.$proc$/mnt/d/tushar/Downloads/RTL.ai/designs/benchmark_flat.v:5198$1918'.
  created $dff cell `$procdff$6214' with positive edge clock.
Creating register for signal `$paramod\clk_divider\DIV=s32'00000000000000000000000000000110.\count' using process `$paramod\clk_divider\DIV=s32'00000000000000000000000000000110.$proc$/mnt/d/tushar/Downloads/RTL.ai/designs/benchmark_flat.v:5198$1918'.
  created $dff cell `$procdff$6215' with positive edge clock.
Creating register for signal `\sha256_w_mem.\reg_update.i' using process `\sha256_w_mem.$proc$/mnt/d/tushar/Downloads/RTL.ai/designs/benchmark_flat.v:5038$1710'.
  created $adff cell `$procdff$6220' with positive edge clock and positive level reset.
Creating register for signal `\sha256_w_mem.\w_mem[0]' using process `\sha256_w_mem.$proc$/mnt/d/tushar/Downloads/RTL.ai/designs/benchmark_flat.v:5038$1710'.
  created $adff cell `$procdff$6225' with positive edge clock and positive level reset.
Creating register for signal `\sha256_w_mem.\w_mem[1]' using process `\sha256_w_mem.$proc$/mnt/d/tushar/Downloads/RTL.ai/designs/benchmark_flat.v:5038$1710'.
  created $adff cell `$procdff$6230' with positive edge clock and positive level reset.
Creating register for signal `\sha256_w_mem.\w_mem[2]' using process `\sha256_w_mem.$proc$/mnt/d/tushar/Downloads/RTL.ai/designs/benchmark_flat.v:5038$1710'.
  created $adff cell `$procdff$6235' with positive edge clock and positive level reset.
Creating register for signal `\sha256_w_mem.\w_mem[3]' using process `\sha256_w_mem.$proc$/mnt/d/tushar/Downloads/RTL.ai/designs/benchmark_flat.v:5038$1710'.
  created $adff cell `$procdff$6240' with positive edge clock and positive level reset.
Creating register for signal `\sha256_w_mem.\w_mem[4]' using process `\sha256_w_mem.$proc$/mnt/d/tushar/Downloads/RTL.ai/designs/benchmark_flat.v:5038$1710'.
  created $adff cell `$procdff$6245' with positive edge clock and positive level reset.
Creating register for signal `\sha256_w_mem.\w_mem[5]' using process `\sha256_w_mem.$proc$/mnt/d/tushar/Downloads/RTL.ai/designs/benchmark_flat.v:5038$1710'.
  created $adff cell `$procdff$6250' with positive edge clock and positive level reset.
Creating register for signal `\sha256_w_mem.\w_mem[6]' using process `\sha256_w_mem.$proc$/mnt/d/tushar/Downloads/RTL.ai/designs/benchmark_flat.v:5038$1710'.
  created $adff cell `$procdff$6255' with positive edge clock and positive level reset.
Creating register for signal `\sha256_w_mem.\w_mem[7]' using process `\sha256_w_mem.$proc$/mnt/d/tushar/Downloads/RTL.ai/designs/benchmark_flat.v:5038$1710'.
  created $adff cell `$procdff$6260' with positive edge clock and positive level reset.
Creating register for signal `\sha256_w_mem.\w_mem[8]' using process `\sha256_w_mem.$proc$/mnt/d/tushar/Downloads/RTL.ai/designs/benchmark_flat.v:5038$1710'.
  created $adff cell `$procdff$6265' with positive edge clock and positive level reset.
Creating register for signal `\sha256_w_mem.\w_mem[9]' using process `\sha256_w_mem.$proc$/mnt/d/tushar/Downloads/RTL.ai/designs/benchmark_flat.v:5038$1710'.
  created $adff cell `$procdff$6270' with positive edge clock and positive level reset.
Creating register for signal `\sha256_w_mem.\w_mem[10]' using process `\sha256_w_mem.$proc$/mnt/d/tushar/Downloads/RTL.ai/designs/benchmark_flat.v:5038$1710'.
  created $adff cell `$procdff$6275' with positive edge clock and positive level reset.
Creating register for signal `\sha256_w_mem.\w_mem[11]' using process `\sha256_w_mem.$proc$/mnt/d/tushar/Downloads/RTL.ai/designs/benchmark_flat.v:5038$1710'.
  created $adff cell `$procdff$6280' with positive edge clock and positive level reset.
Creating register for signal `\sha256_w_mem.\w_mem[12]' using process `\sha256_w_mem.$proc$/mnt/d/tushar/Downloads/RTL.ai/designs/benchmark_flat.v:5038$1710'.
  created $adff cell `$procdff$6285' with positive edge clock and positive level reset.
Creating register for signal `\sha256_w_mem.\w_mem[13]' using process `\sha256_w_mem.$proc$/mnt/d/tushar/Downloads/RTL.ai/designs/benchmark_flat.v:5038$1710'.
  created $adff cell `$procdff$6290' with positive edge clock and positive level reset.
Creating register for signal `\sha256_w_mem.\w_mem[14]' using process `\sha256_w_mem.$proc$/mnt/d/tushar/Downloads/RTL.ai/designs/benchmark_flat.v:5038$1710'.
  created $adff cell `$procdff$6295' with positive edge clock and positive level reset.
Creating register for signal `\sha256_w_mem.\w_mem[15]' using process `\sha256_w_mem.$proc$/mnt/d/tushar/Downloads/RTL.ai/designs/benchmark_flat.v:5038$1710'.
  created $adff cell `$procdff$6300' with positive edge clock and positive level reset.
Creating register for signal `\sha256_core.\digest_valid_reg' using process `\sha256_core.$proc$/mnt/d/tushar/Downloads/RTL.ai/designs/benchmark_flat.v:4456$1670'.
  created $adff cell `$procdff$6305' with positive edge clock and positive level reset.
Creating register for signal `\sha256_core.\a_reg' using process `\sha256_core.$proc$/mnt/d/tushar/Downloads/RTL.ai/designs/benchmark_flat.v:4456$1670'.
  created $adff cell `$procdff$6310' with positive edge clock and positive level reset.
Creating register for signal `\sha256_core.\b_reg' using process `\sha256_core.$proc$/mnt/d/tushar/Downloads/RTL.ai/designs/benchmark_flat.v:4456$1670'.
  created $adff cell `$procdff$6315' with positive edge clock and positive level reset.
Creating register for signal `\sha256_core.\c_reg' using process `\sha256_core.$proc$/mnt/d/tushar/Downloads/RTL.ai/designs/benchmark_flat.v:4456$1670'.
  created $adff cell `$procdff$6320' with positive edge clock and positive level reset.
Creating register for signal `\sha256_core.\d_reg' using process `\sha256_core.$proc$/mnt/d/tushar/Downloads/RTL.ai/designs/benchmark_flat.v:4456$1670'.
  created $adff cell `$procdff$6325' with positive edge clock and positive level reset.
Creating register for signal `\sha256_core.\e_reg' using process `\sha256_core.$proc$/mnt/d/tushar/Downloads/RTL.ai/designs/benchmark_flat.v:4456$1670'.
  created $adff cell `$procdff$6330' with positive edge clock and positive level reset.
Creating register for signal `\sha256_core.\f_reg' using process `\sha256_core.$proc$/mnt/d/tushar/Downloads/RTL.ai/designs/benchmark_flat.v:4456$1670'.
  created $adff cell `$procdff$6335' with positive edge clock and positive level reset.
Creating register for signal `\sha256_core.\g_reg' using process `\sha256_core.$proc$/mnt/d/tushar/Downloads/RTL.ai/designs/benchmark_flat.v:4456$1670'.
  created $adff cell `$procdff$6340' with positive edge clock and positive level reset.
Creating register for signal `\sha256_core.\h_reg' using process `\sha256_core.$proc$/mnt/d/tushar/Downloads/RTL.ai/designs/benchmark_flat.v:4456$1670'.
  created $adff cell `$procdff$6345' with positive edge clock and positive level reset.
Creating register for signal `\sha256_core.\H0_reg' using process `\sha256_core.$proc$/mnt/d/tushar/Downloads/RTL.ai/designs/benchmark_flat.v:4456$1670'.
  created $adff cell `$procdff$6350' with positive edge clock and positive level reset.
Creating register for signal `\sha256_core.\H1_reg' using process `\sha256_core.$proc$/mnt/d/tushar/Downloads/RTL.ai/designs/benchmark_flat.v:4456$1670'.
  created $adff cell `$procdff$6355' with positive edge clock and positive level reset.
Creating register for signal `\sha256_core.\H2_reg' using process `\sha256_core.$proc$/mnt/d/tushar/Downloads/RTL.ai/designs/benchmark_flat.v:4456$1670'.
  created $adff cell `$procdff$6360' with positive edge clock and positive level reset.
Creating register for signal `\sha256_core.\H3_reg' using process `\sha256_core.$proc$/mnt/d/tushar/Downloads/RTL.ai/designs/benchmark_flat.v:4456$1670'.
  created $adff cell `$procdff$6365' with positive edge clock and positive level reset.
Creating register for signal `\sha256_core.\H4_reg' using process `\sha256_core.$proc$/mnt/d/tushar/Downloads/RTL.ai/designs/benchmark_flat.v:4456$1670'.
  created $adff cell `$procdff$6370' with positive edge clock and positive level reset.
Creating register for signal `\sha256_core.\H5_reg' using process `\sha256_core.$proc$/mnt/d/tushar/Downloads/RTL.ai/designs/benchmark_flat.v:4456$1670'.
  created $adff cell `$procdff$6375' with positive edge clock and positive level reset.
Creating register for signal `\sha256_core.\H6_reg' using process `\sha256_core.$proc$/mnt/d/tushar/Downloads/RTL.ai/designs/benchmark_flat.v:4456$1670'.
  created $adff cell `$procdff$6380' with positive edge clock and positive level reset.
Creating register for signal `\sha256_core.\H7_reg' using process `\sha256_core.$proc$/mnt/d/tushar/Downloads/RTL.ai/designs/benchmark_flat.v:4456$1670'.
  created $adff cell `$procdff$6385' with positive edge clock and positive level reset.
Creating register for signal `\sha256_core.\t_ctr_reg' using process `\sha256_core.$proc$/mnt/d/tushar/Downloads/RTL.ai/designs/benchmark_flat.v:4456$1670'.
  created $adff cell `$procdff$6390' with positive edge clock and positive level reset.
Creating register for signal `\sha256_core.\sha256_ctrl_reg' using process `\sha256_core.$proc$/mnt/d/tushar/Downloads/RTL.ai/designs/benchmark_flat.v:4456$1670'.
  created $adff cell `$procdff$6395' with positive edge clock and positive level reset.
Creating register for signal `\sha256.\init_reg' using process `\sha256.$proc$/mnt/d/tushar/Downloads/RTL.ai/designs/benchmark_flat.v:4150$1637'.
  created $adff cell `$procdff$6400' with positive edge clock and positive level reset.
Creating register for signal `\sha256.\next_reg' using process `\sha256.$proc$/mnt/d/tushar/Downloads/RTL.ai/designs/benchmark_flat.v:4150$1637'.
  created $adff cell `$procdff$6405' with positive edge clock and positive level reset.
Creating register for signal `\sha256.\mode_reg' using process `\sha256.$proc$/mnt/d/tushar/Downloads/RTL.ai/designs/benchmark_flat.v:4150$1637'.
  created $adff cell `$procdff$6410' with positive edge clock and positive level reset.
Creating register for signal `\sha256.\ready_reg' using process `\sha256.$proc$/mnt/d/tushar/Downloads/RTL.ai/designs/benchmark_flat.v:4150$1637'.
  created $adff cell `$procdff$6415' with positive edge clock and positive level reset.
Creating register for signal `\sha256.\digest_reg' using process `\sha256.$proc$/mnt/d/tushar/Downloads/RTL.ai/designs/benchmark_flat.v:4150$1637'.
  created $adff cell `$procdff$6420' with positive edge clock and positive level reset.
Creating register for signal `\sha256.\digest_valid_reg' using process `\sha256.$proc$/mnt/d/tushar/Downloads/RTL.ai/designs/benchmark_flat.v:4150$1637'.
  created $adff cell `$procdff$6425' with positive edge clock and positive level reset.
Creating register for signal `\sha256.\reg_update.i' using process `\sha256.$proc$/mnt/d/tushar/Downloads/RTL.ai/designs/benchmark_flat.v:4150$1637'.
  created $adff cell `$procdff$6430' with positive edge clock and positive level reset.
Creating register for signal `\sha256.\block_reg[0]' using process `\sha256.$proc$/mnt/d/tushar/Downloads/RTL.ai/designs/benchmark_flat.v:4150$1637'.
  created $adff cell `$procdff$6435' with positive edge clock and positive level reset.
Creating register for signal `\sha256.\block_reg[1]' using process `\sha256.$proc$/mnt/d/tushar/Downloads/RTL.ai/designs/benchmark_flat.v:4150$1637'.
  created $adff cell `$procdff$6440' with positive edge clock and positive level reset.
Creating register for signal `\sha256.\block_reg[2]' using process `\sha256.$proc$/mnt/d/tushar/Downloads/RTL.ai/designs/benchmark_flat.v:4150$1637'.
  created $adff cell `$procdff$6445' with positive edge clock and positive level reset.
Creating register for signal `\sha256.\block_reg[3]' using process `\sha256.$proc$/mnt/d/tushar/Downloads/RTL.ai/designs/benchmark_flat.v:4150$1637'.
  created $adff cell `$procdff$6450' with positive edge clock and positive level reset.
Creating register for signal `\sha256.\block_reg[4]' using process `\sha256.$proc$/mnt/d/tushar/Downloads/RTL.ai/designs/benchmark_flat.v:4150$1637'.
  created $adff cell `$procdff$6455' with positive edge clock and positive level reset.
Creating register for signal `\sha256.\block_reg[5]' using process `\sha256.$proc$/mnt/d/tushar/Downloads/RTL.ai/designs/benchmark_flat.v:4150$1637'.
  created $adff cell `$procdff$6460' with positive edge clock and positive level reset.
Creating register for signal `\sha256.\block_reg[6]' using process `\sha256.$proc$/mnt/d/tushar/Downloads/RTL.ai/designs/benchmark_flat.v:4150$1637'.
  created $adff cell `$procdff$6465' with positive edge clock and positive level reset.
Creating register for signal `\sha256.\block_reg[7]' using process `\sha256.$proc$/mnt/d/tushar/Downloads/RTL.ai/designs/benchmark_flat.v:4150$1637'.
  created $adff cell `$procdff$6470' with positive edge clock and positive level reset.
Creating register for signal `\sha256.\block_reg[8]' using process `\sha256.$proc$/mnt/d/tushar/Downloads/RTL.ai/designs/benchmark_flat.v:4150$1637'.
  created $adff cell `$procdff$6475' with positive edge clock and positive level reset.
Creating register for signal `\sha256.\block_reg[9]' using process `\sha256.$proc$/mnt/d/tushar/Downloads/RTL.ai/designs/benchmark_flat.v:4150$1637'.
  created $adff cell `$procdff$6480' with positive edge clock and positive level reset.
Creating register for signal `\sha256.\block_reg[10]' using process `\sha256.$proc$/mnt/d/tushar/Downloads/RTL.ai/designs/benchmark_flat.v:4150$1637'.
  created $adff cell `$procdff$6485' with positive edge clock and positive level reset.
Creating register for signal `\sha256.\block_reg[11]' using process `\sha256.$proc$/mnt/d/tushar/Downloads/RTL.ai/designs/benchmark_flat.v:4150$1637'.
  created $adff cell `$procdff$6490' with positive edge clock and positive level reset.
Creating register for signal `\sha256.\block_reg[12]' using process `\sha256.$proc$/mnt/d/tushar/Downloads/RTL.ai/designs/benchmark_flat.v:4150$1637'.
  created $adff cell `$procdff$6495' with positive edge clock and positive level reset.
Creating register for signal `\sha256.\block_reg[13]' using process `\sha256.$proc$/mnt/d/tushar/Downloads/RTL.ai/designs/benchmark_flat.v:4150$1637'.
  created $adff cell `$procdff$6500' with positive edge clock and positive level reset.
Creating register for signal `\sha256.\block_reg[14]' using process `\sha256.$proc$/mnt/d/tushar/Downloads/RTL.ai/designs/benchmark_flat.v:4150$1637'.
  created $adff cell `$procdff$6505' with positive edge clock and positive level reset.
Creating register for signal `\sha256.\block_reg[15]' using process `\sha256.$proc$/mnt/d/tushar/Downloads/RTL.ai/designs/benchmark_flat.v:4150$1637'.
  created $adff cell `$procdff$6510' with positive edge clock and positive level reset.
Creating register for signal `\sha256.$mem2reg_wr$\block_reg$/mnt/d/tushar/Downloads/RTL.ai/designs/benchmark_flat.v:4180$1635_ADDR' using process `\sha256.$proc$/mnt/d/tushar/Downloads/RTL.ai/designs/benchmark_flat.v:4150$1637'.
  created $adff cell `$procdff$6515' with positive edge clock and positive level reset.
Creating register for signal `\sha256.$mem2reg_wr$\block_reg$/mnt/d/tushar/Downloads/RTL.ai/designs/benchmark_flat.v:4180$1635_DATA' using process `\sha256.$proc$/mnt/d/tushar/Downloads/RTL.ai/designs/benchmark_flat.v:4150$1637'.
  created $adff cell `$procdff$6520' with positive edge clock and positive level reset.
Creating register for signal `\sad8x8.\valid_out' using process `\sad8x8.$proc$/mnt/d/tushar/Downloads/RTL.ai/designs/benchmark_flat.v:3979$1314'.
  created $dff cell `$procdff$6521' with positive edge clock.
Creating register for signal `\sad8x8.\sad' using process `\sad8x8.$proc$/mnt/d/tushar/Downloads/RTL.ai/designs/benchmark_flat.v:3979$1314'.
  created $dff cell `$procdff$6522' with positive edge clock.
Creating register for signal `$paramod\clk_divider\DIV=s32'00000000000000000000000000001000.\clk_out' using process `$paramod\clk_divider\DIV=s32'00000000000000000000000000001000.$proc$/mnt/d/tushar/Downloads/RTL.ai/designs/benchmark_flat.v:5198$1914'.
  created $dff cell `$procdff$6523' with positive edge clock.
Creating register for signal `$paramod\clk_divider\DIV=s32'00000000000000000000000000001000.\count' using process `$paramod\clk_divider\DIV=s32'00000000000000000000000000001000.$proc$/mnt/d/tushar/Downloads/RTL.ai/designs/benchmark_flat.v:5198$1914'.
  created $dff cell `$procdff$6524' with positive edge clock.
Creating register for signal `$paramod\clk_divider\DIV=s32'00000000000000000000000000001010.\clk_out' using process `$paramod\clk_divider\DIV=s32'00000000000000000000000000001010.$proc$/mnt/d/tushar/Downloads/RTL.ai/designs/benchmark_flat.v:5198$1910'.
  created $dff cell `$procdff$6525' with positive edge clock.
Creating register for signal `$paramod\clk_divider\DIV=s32'00000000000000000000000000001010.\count' using process `$paramod\clk_divider\DIV=s32'00000000000000000000000000001010.$proc$/mnt/d/tushar/Downloads/RTL.ai/designs/benchmark_flat.v:5198$1910'.
  created $dff cell `$procdff$6526' with positive edge clock.
Creating register for signal `$paramod\cdc_handshake\WIDTH=s32'00000000000000000000000000010000.\data_out' using process `$paramod\cdc_handshake\WIDTH=s32'00000000000000000000000000010000.$proc$/mnt/d/tushar/Downloads/RTL.ai/designs/benchmark_flat.v:5298$1906'.
  created $dff cell `$procdff$6527' with positive edge clock.
Creating register for signal `$paramod\cdc_handshake\WIDTH=s32'00000000000000000000000000010000.\data_valid' using process `$paramod\cdc_handshake\WIDTH=s32'00000000000000000000000000010000.$proc$/mnt/d/tushar/Downloads/RTL.ai/designs/benchmark_flat.v:5298$1906'.
  created $dff cell `$procdff$6528' with positive edge clock.
Creating register for signal `$paramod\cdc_handshake\WIDTH=s32'00000000000000000000000000010000.\ack' using process `$paramod\cdc_handshake\WIDTH=s32'00000000000000000000000000010000.$proc$/mnt/d/tushar/Downloads/RTL.ai/designs/benchmark_flat.v:5298$1906'.
  created $dff cell `$procdff$6529' with positive edge clock.
Creating register for signal `$paramod\cdc_handshake\WIDTH=s32'00000000000000000000000000010000.\busy' using process `$paramod\cdc_handshake\WIDTH=s32'00000000000000000000000000010000.$proc$/mnt/d/tushar/Downloads/RTL.ai/designs/benchmark_flat.v:5267$1903'.
  created $dff cell `$procdff$6530' with positive edge clock.
Creating register for signal `$paramod\cdc_handshake\WIDTH=s32'00000000000000000000000000010000.\req' using process `$paramod\cdc_handshake\WIDTH=s32'00000000000000000000000000010000.$proc$/mnt/d/tushar/Downloads/RTL.ai/designs/benchmark_flat.v:5267$1903'.
  created $dff cell `$procdff$6531' with positive edge clock.
Creating register for signal `$paramod\cdc_handshake\WIDTH=s32'00000000000000000000000000010000.\data_hold' using process `$paramod\cdc_handshake\WIDTH=s32'00000000000000000000000000010000.$proc$/mnt/d/tushar/Downloads/RTL.ai/designs/benchmark_flat.v:5267$1903'.
  created $dff cell `$procdff$6532' with positive edge clock.
Creating register for signal `\picorv32_pcpi_div.\pcpi_wr' using process `\picorv32_pcpi_div.$proc$/mnt/d/tushar/Downloads/RTL.ai/designs/benchmark_flat.v:3338$1187'.
  created $dff cell `$procdff$6533' with positive edge clock.
Creating register for signal `\picorv32_pcpi_div.\pcpi_rd' using process `\picorv32_pcpi_div.$proc$/mnt/d/tushar/Downloads/RTL.ai/designs/benchmark_flat.v:3338$1187'.
  created $dff cell `$procdff$6534' with positive edge clock.
Creating register for signal `\picorv32_pcpi_div.\pcpi_ready' using process `\picorv32_pcpi_div.$proc$/mnt/d/tushar/Downloads/RTL.ai/designs/benchmark_flat.v:3338$1187'.
  created $dff cell `$procdff$6535' with positive edge clock.
Creating register for signal `\picorv32_pcpi_div.\dividend' using process `\picorv32_pcpi_div.$proc$/mnt/d/tushar/Downloads/RTL.ai/designs/benchmark_flat.v:3338$1187'.
  created $dff cell `$procdff$6536' with positive edge clock.
Creating register for signal `\picorv32_pcpi_div.\divisor' using process `\picorv32_pcpi_div.$proc$/mnt/d/tushar/Downloads/RTL.ai/designs/benchmark_flat.v:3338$1187'.
  created $dff cell `$procdff$6537' with positive edge clock.
Creating register for signal `\picorv32_pcpi_div.\quotient' using process `\picorv32_pcpi_div.$proc$/mnt/d/tushar/Downloads/RTL.ai/designs/benchmark_flat.v:3338$1187'.
  created $dff cell `$procdff$6538' with positive edge clock.
Creating register for signal `\picorv32_pcpi_div.\quotient_msk' using process `\picorv32_pcpi_div.$proc$/mnt/d/tushar/Downloads/RTL.ai/designs/benchmark_flat.v:3338$1187'.
  created $dff cell `$procdff$6539' with positive edge clock.
Creating register for signal `\picorv32_pcpi_div.\running' using process `\picorv32_pcpi_div.$proc$/mnt/d/tushar/Downloads/RTL.ai/designs/benchmark_flat.v:3338$1187'.
  created $dff cell `$procdff$6540' with positive edge clock.
Creating register for signal `\picorv32_pcpi_div.\outsign' using process `\picorv32_pcpi_div.$proc$/mnt/d/tushar/Downloads/RTL.ai/designs/benchmark_flat.v:3338$1187'.
  created $dff cell `$procdff$6541' with positive edge clock.
Creating register for signal `\picorv32_pcpi_div.\pcpi_wait' using process `\picorv32_pcpi_div.$proc$/mnt/d/tushar/Downloads/RTL.ai/designs/benchmark_flat.v:3312$1177'.
  created $dff cell `$procdff$6542' with positive edge clock.
Creating register for signal `\picorv32_pcpi_div.\pcpi_wait_q' using process `\picorv32_pcpi_div.$proc$/mnt/d/tushar/Downloads/RTL.ai/designs/benchmark_flat.v:3312$1177'.
  created $dff cell `$procdff$6543' with positive edge clock.
Creating register for signal `\picorv32_pcpi_div.\instr_div' using process `\picorv32_pcpi_div.$proc$/mnt/d/tushar/Downloads/RTL.ai/designs/benchmark_flat.v:3312$1177'.
  created $dff cell `$procdff$6544' with positive edge clock.
Creating register for signal `\picorv32_pcpi_div.\instr_divu' using process `\picorv32_pcpi_div.$proc$/mnt/d/tushar/Downloads/RTL.ai/designs/benchmark_flat.v:3312$1177'.
  created $dff cell `$procdff$6545' with positive edge clock.
Creating register for signal `\picorv32_pcpi_div.\instr_rem' using process `\picorv32_pcpi_div.$proc$/mnt/d/tushar/Downloads/RTL.ai/designs/benchmark_flat.v:3312$1177'.
  created $dff cell `$procdff$6546' with positive edge clock.
Creating register for signal `\picorv32_pcpi_div.\instr_remu' using process `\picorv32_pcpi_div.$proc$/mnt/d/tushar/Downloads/RTL.ai/designs/benchmark_flat.v:3312$1177'.
  created $dff cell `$procdff$6547' with positive edge clock.
Creating register for signal `\picorv32_pcpi_fast_mul.\active' using process `\picorv32_pcpi_fast_mul.$proc$/mnt/d/tushar/Downloads/RTL.ai/designs/benchmark_flat.v:3252$1168'.
  created $dff cell `$procdff$6548' with positive edge clock.
Creating register for signal `\picorv32_pcpi_fast_mul.\rs1' using process `\picorv32_pcpi_fast_mul.$proc$/mnt/d/tushar/Downloads/RTL.ai/designs/benchmark_flat.v:3252$1168'.
  created $dff cell `$procdff$6549' with positive edge clock.
Creating register for signal `\picorv32_pcpi_fast_mul.\rs2' using process `\picorv32_pcpi_fast_mul.$proc$/mnt/d/tushar/Downloads/RTL.ai/designs/benchmark_flat.v:3252$1168'.
  created $dff cell `$procdff$6550' with positive edge clock.
Creating register for signal `\picorv32_pcpi_fast_mul.\shift_out' using process `\picorv32_pcpi_fast_mul.$proc$/mnt/d/tushar/Downloads/RTL.ai/designs/benchmark_flat.v:3252$1168'.
  created $dff cell `$procdff$6551' with positive edge clock.
Creating register for signal `\picorv32_pcpi_fast_mul.\rd' using process `\picorv32_pcpi_fast_mul.$proc$/mnt/d/tushar/Downloads/RTL.ai/designs/benchmark_flat.v:3238$1163'.
  created $dff cell `$procdff$6552' with positive edge clock.
Creating register for signal `\picorv32_pcpi_fast_mul.\rs1_q' using process `\picorv32_pcpi_fast_mul.$proc$/mnt/d/tushar/Downloads/RTL.ai/designs/benchmark_flat.v:3238$1163'.
  created $dff cell `$procdff$6553' with positive edge clock.
Creating register for signal `\picorv32_pcpi_fast_mul.\rs2_q' using process `\picorv32_pcpi_fast_mul.$proc$/mnt/d/tushar/Downloads/RTL.ai/designs/benchmark_flat.v:3238$1163'.
  created $dff cell `$procdff$6554' with positive edge clock.
Creating register for signal `\picorv32_pcpi_fast_mul.\rd_q' using process `\picorv32_pcpi_fast_mul.$proc$/mnt/d/tushar/Downloads/RTL.ai/designs/benchmark_flat.v:3238$1163'.
  created $dff cell `$procdff$6555' with positive edge clock.
Creating register for signal `\picorv32_pcpi_fast_mul.\pcpi_insn_valid_q' using process `\picorv32_pcpi_fast_mul.$proc$/mnt/d/tushar/Downloads/RTL.ai/designs/benchmark_flat.v:3238$1163'.
  created $dff cell `$procdff$6556' with positive edge clock.
Creating register for signal `\ddc.\mix_valid' using process `\ddc.$proc$/mnt/d/tushar/Downloads/RTL.ai/designs/benchmark_flat.v:173$1896'.
  created $dff cell `$procdff$6557' with positive edge clock.
Creating register for signal `\ddc.\mix_valid_d' using process `\ddc.$proc$/mnt/d/tushar/Downloads/RTL.ai/designs/benchmark_flat.v:173$1896'.
  created $dff cell `$procdff$6558' with positive edge clock.
Creating register for signal `$paramod\clk_divider\DIV=s32'00000000000000000000000000000010.\clk_out' using process `$paramod\clk_divider\DIV=s32'00000000000000000000000000000010.$proc$/mnt/d/tushar/Downloads/RTL.ai/designs/benchmark_flat.v:5198$1926'.
  created $dff cell `$procdff$6559' with positive edge clock.
Creating register for signal `$paramod\clk_divider\DIV=s32'00000000000000000000000000000010.\count' using process `$paramod\clk_divider\DIV=s32'00000000000000000000000000000010.$proc$/mnt/d/tushar/Downloads/RTL.ai/designs/benchmark_flat.v:5198$1926'.
  created $dff cell `$procdff$6560' with positive edge clock.
Creating register for signal `\picorv32.\trap' using process `\picorv32.$proc$/mnt/d/tushar/Downloads/RTL.ai/designs/benchmark_flat.v:2276$907'.
  created $dff cell `$procdff$6561' with positive edge clock.
Creating register for signal `\picorv32.\pcpi_valid' using process `\picorv32.$proc$/mnt/d/tushar/Downloads/RTL.ai/designs/benchmark_flat.v:2276$907'.
  created $dff cell `$procdff$6562' with positive edge clock.
Creating register for signal `\picorv32.\eoi' using process `\picorv32.$proc$/mnt/d/tushar/Downloads/RTL.ai/designs/benchmark_flat.v:2276$907'.
  created $dff cell `$procdff$6563' with positive edge clock.
Creating register for signal `\picorv32.\trace_valid' using process `\picorv32.$proc$/mnt/d/tushar/Downloads/RTL.ai/designs/benchmark_flat.v:2276$907'.
  created $dff cell `$procdff$6564' with positive edge clock.
Creating register for signal `\picorv32.\trace_data' using process `\picorv32.$proc$/mnt/d/tushar/Downloads/RTL.ai/designs/benchmark_flat.v:2276$907'.
  created $dff cell `$procdff$6565' with positive edge clock.
Creating register for signal `\picorv32.\count_cycle' using process `\picorv32.$proc$/mnt/d/tushar/Downloads/RTL.ai/designs/benchmark_flat.v:2276$907'.
  created $dff cell `$procdff$6566' with positive edge clock.
Creating register for signal `\picorv32.\count_instr' using process `\picorv32.$proc$/mnt/d/tushar/Downloads/RTL.ai/designs/benchmark_flat.v:2276$907'.
  created $dff cell `$procdff$6567' with positive edge clock.
Creating register for signal `\picorv32.\reg_pc' using process `\picorv32.$proc$/mnt/d/tushar/Downloads/RTL.ai/designs/benchmark_flat.v:2276$907'.
  created $dff cell `$procdff$6568' with positive edge clock.
Creating register for signal `\picorv32.\reg_next_pc' using process `\picorv32.$proc$/mnt/d/tushar/Downloads/RTL.ai/designs/benchmark_flat.v:2276$907'.
  created $dff cell `$procdff$6569' with positive edge clock.
Creating register for signal `\picorv32.\reg_op1' using process `\picorv32.$proc$/mnt/d/tushar/Downloads/RTL.ai/designs/benchmark_flat.v:2276$907'.
  created $dff cell `$procdff$6570' with positive edge clock.
Creating register for signal `\picorv32.\reg_op2' using process `\picorv32.$proc$/mnt/d/tushar/Downloads/RTL.ai/designs/benchmark_flat.v:2276$907'.
  created $dff cell `$procdff$6571' with positive edge clock.
Creating register for signal `\picorv32.\reg_out' using process `\picorv32.$proc$/mnt/d/tushar/Downloads/RTL.ai/designs/benchmark_flat.v:2276$907'.
  created $dff cell `$procdff$6572' with positive edge clock.
Creating register for signal `\picorv32.\reg_sh' using process `\picorv32.$proc$/mnt/d/tushar/Downloads/RTL.ai/designs/benchmark_flat.v:2276$907'.
  created $dff cell `$procdff$6573' with positive edge clock.
Creating register for signal `\picorv32.\irq_delay' using process `\picorv32.$proc$/mnt/d/tushar/Downloads/RTL.ai/designs/benchmark_flat.v:2276$907'.
  created $dff cell `$procdff$6574' with positive edge clock.
Creating register for signal `\picorv32.\irq_active' using process `\picorv32.$proc$/mnt/d/tushar/Downloads/RTL.ai/designs/benchmark_flat.v:2276$907'.
  created $dff cell `$procdff$6575' with positive edge clock.
Creating register for signal `\picorv32.\irq_mask' using process `\picorv32.$proc$/mnt/d/tushar/Downloads/RTL.ai/designs/benchmark_flat.v:2276$907'.
  created $dff cell `$procdff$6576' with positive edge clock.
Creating register for signal `\picorv32.\irq_pending' using process `\picorv32.$proc$/mnt/d/tushar/Downloads/RTL.ai/designs/benchmark_flat.v:2276$907'.
  created $dff cell `$procdff$6577' with positive edge clock.
Creating register for signal `\picorv32.\timer' using process `\picorv32.$proc$/mnt/d/tushar/Downloads/RTL.ai/designs/benchmark_flat.v:2276$907'.
  created $dff cell `$procdff$6578' with positive edge clock.
Creating register for signal `\picorv32.\mem_wordsize' using process `\picorv32.$proc$/mnt/d/tushar/Downloads/RTL.ai/designs/benchmark_flat.v:2276$907'.
  created $dff cell `$procdff$6579' with positive edge clock.
Creating register for signal `\picorv32.\mem_do_prefetch' using process `\picorv32.$proc$/mnt/d/tushar/Downloads/RTL.ai/designs/benchmark_flat.v:2276$907'.
  created $dff cell `$procdff$6580' with positive edge clock.
Creating register for signal `\picorv32.\mem_do_rinst' using process `\picorv32.$proc$/mnt/d/tushar/Downloads/RTL.ai/designs/benchmark_flat.v:2276$907'.
  created $dff cell `$procdff$6581' with positive edge clock.
Creating register for signal `\picorv32.\mem_do_rdata' using process `\picorv32.$proc$/mnt/d/tushar/Downloads/RTL.ai/designs/benchmark_flat.v:2276$907'.
  created $dff cell `$procdff$6582' with positive edge clock.
Creating register for signal `\picorv32.\mem_do_wdata' using process `\picorv32.$proc$/mnt/d/tushar/Downloads/RTL.ai/designs/benchmark_flat.v:2276$907'.
  created $dff cell `$procdff$6583' with positive edge clock.
Creating register for signal `\picorv32.\decoder_trigger' using process `\picorv32.$proc$/mnt/d/tushar/Downloads/RTL.ai/designs/benchmark_flat.v:2276$907'.
  created $dff cell `$procdff$6584' with positive edge clock.
Creating register for signal `\picorv32.\decoder_trigger_q' using process `\picorv32.$proc$/mnt/d/tushar/Downloads/RTL.ai/designs/benchmark_flat.v:2276$907'.
  created $dff cell `$procdff$6585' with positive edge clock.
Creating register for signal `\picorv32.\decoder_pseudo_trigger' using process `\picorv32.$proc$/mnt/d/tushar/Downloads/RTL.ai/designs/benchmark_flat.v:2276$907'.
  created $dff cell `$procdff$6586' with positive edge clock.
Creating register for signal `\picorv32.\decoder_pseudo_trigger_q' using process `\picorv32.$proc$/mnt/d/tushar/Downloads/RTL.ai/designs/benchmark_flat.v:2276$907'.
  created $dff cell `$procdff$6587' with positive edge clock.
Creating register for signal `\picorv32.\dbg_rs1val' using process `\picorv32.$proc$/mnt/d/tushar/Downloads/RTL.ai/designs/benchmark_flat.v:2276$907'.
  created $dff cell `$procdff$6588' with positive edge clock.
Creating register for signal `\picorv32.\dbg_rs2val' using process `\picorv32.$proc$/mnt/d/tushar/Downloads/RTL.ai/designs/benchmark_flat.v:2276$907'.
  created $dff cell `$procdff$6589' with positive edge clock.
Creating register for signal `\picorv32.\dbg_rs1val_valid' using process `\picorv32.$proc$/mnt/d/tushar/Downloads/RTL.ai/designs/benchmark_flat.v:2276$907'.
  created $dff cell `$procdff$6590' with positive edge clock.
Creating register for signal `\picorv32.\dbg_rs2val_valid' using process `\picorv32.$proc$/mnt/d/tushar/Downloads/RTL.ai/designs/benchmark_flat.v:2276$907'.
  created $dff cell `$procdff$6591' with positive edge clock.
Creating register for signal `\picorv32.\cpu_state' using process `\picorv32.$proc$/mnt/d/tushar/Downloads/RTL.ai/designs/benchmark_flat.v:2276$907'.
  created $dff cell `$procdff$6592' with positive edge clock.
Creating register for signal `\picorv32.\irq_state' using process `\picorv32.$proc$/mnt/d/tushar/Downloads/RTL.ai/designs/benchmark_flat.v:2276$907'.
  created $dff cell `$procdff$6593' with positive edge clock.
Creating register for signal `\picorv32.\set_mem_do_rinst' using process `\picorv32.$proc$/mnt/d/tushar/Downloads/RTL.ai/designs/benchmark_flat.v:2276$907'.
  created $dff cell `$procdff$6594' with positive edge clock.
Creating register for signal `\picorv32.\set_mem_do_rdata' using process `\picorv32.$proc$/mnt/d/tushar/Downloads/RTL.ai/designs/benchmark_flat.v:2276$907'.
  created $dff cell `$procdff$6595' with positive edge clock.
Creating register for signal `\picorv32.\set_mem_do_wdata' using process `\picorv32.$proc$/mnt/d/tushar/Downloads/RTL.ai/designs/benchmark_flat.v:2276$907'.
  created $dff cell `$procdff$6596' with positive edge clock.
Creating register for signal `\picorv32.\latched_store' using process `\picorv32.$proc$/mnt/d/tushar/Downloads/RTL.ai/designs/benchmark_flat.v:2276$907'.
  created $dff cell `$procdff$6597' with positive edge clock.
Creating register for signal `\picorv32.\latched_stalu' using process `\picorv32.$proc$/mnt/d/tushar/Downloads/RTL.ai/designs/benchmark_flat.v:2276$907'.
  created $dff cell `$procdff$6598' with positive edge clock.
Creating register for signal `\picorv32.\latched_branch' using process `\picorv32.$proc$/mnt/d/tushar/Downloads/RTL.ai/designs/benchmark_flat.v:2276$907'.
  created $dff cell `$procdff$6599' with positive edge clock.
Creating register for signal `\picorv32.\latched_compr' using process `\picorv32.$proc$/mnt/d/tushar/Downloads/RTL.ai/designs/benchmark_flat.v:2276$907'.
  created $dff cell `$procdff$6600' with positive edge clock.
Creating register for signal `\picorv32.\latched_trace' using process `\picorv32.$proc$/mnt/d/tushar/Downloads/RTL.ai/designs/benchmark_flat.v:2276$907'.
  created $dff cell `$procdff$6601' with positive edge clock.
Creating register for signal `\picorv32.\latched_is_lu' using process `\picorv32.$proc$/mnt/d/tushar/Downloads/RTL.ai/designs/benchmark_flat.v:2276$907'.
  created $dff cell `$procdff$6602' with positive edge clock.
Creating register for signal `\picorv32.\latched_is_lh' using process `\picorv32.$proc$/mnt/d/tushar/Downloads/RTL.ai/designs/benchmark_flat.v:2276$907'.
  created $dff cell `$procdff$6603' with positive edge clock.
Creating register for signal `\picorv32.\latched_is_lb' using process `\picorv32.$proc$/mnt/d/tushar/Downloads/RTL.ai/designs/benchmark_flat.v:2276$907'.
  created $dff cell `$procdff$6604' with positive edge clock.
Creating register for signal `\picorv32.\latched_rd' using process `\picorv32.$proc$/mnt/d/tushar/Downloads/RTL.ai/designs/benchmark_flat.v:2276$907'.
  created $dff cell `$procdff$6605' with positive edge clock.
Creating register for signal `\picorv32.\current_pc' using process `\picorv32.$proc$/mnt/d/tushar/Downloads/RTL.ai/designs/benchmark_flat.v:2276$907'.
  created $dff cell `$procdff$6606' with positive edge clock.
Creating register for signal `\picorv32.\pcpi_timeout' using process `\picorv32.$proc$/mnt/d/tushar/Downloads/RTL.ai/designs/benchmark_flat.v:2276$907'.
  created $dff cell `$procdff$6607' with positive edge clock.
Creating register for signal `\picorv32.\next_irq_pending' using process `\picorv32.$proc$/mnt/d/tushar/Downloads/RTL.ai/designs/benchmark_flat.v:2276$907'.
  created $dff cell `$procdff$6608' with positive edge clock.
Creating register for signal `\picorv32.\do_waitirq' using process `\picorv32.$proc$/mnt/d/tushar/Downloads/RTL.ai/designs/benchmark_flat.v:2276$907'.
  created $dff cell `$procdff$6609' with positive edge clock.
Creating register for signal `\picorv32.\alu_out_q' using process `\picorv32.$proc$/mnt/d/tushar/Downloads/RTL.ai/designs/benchmark_flat.v:2276$907'.
  created $dff cell `$procdff$6610' with positive edge clock.
Creating register for signal `\picorv32.\alu_out_0_q' using process `\picorv32.$proc$/mnt/d/tushar/Downloads/RTL.ai/designs/benchmark_flat.v:2276$907'.
  created $dff cell `$procdff$6611' with positive edge clock.
Creating register for signal `\picorv32.\alu_wait' using process `\picorv32.$proc$/mnt/d/tushar/Downloads/RTL.ai/designs/benchmark_flat.v:2276$907'.
  created $dff cell `$procdff$6612' with positive edge clock.
Creating register for signal `\picorv32.\alu_wait_2' using process `\picorv32.$proc$/mnt/d/tushar/Downloads/RTL.ai/designs/benchmark_flat.v:2276$907'.
  created $dff cell `$procdff$6613' with positive edge clock.
Creating register for signal `\picorv32.$memwr$\cpuregs$/mnt/d/tushar/Downloads/RTL.ai/designs/benchmark_flat.v:2218$416_ADDR' using process `\picorv32.$proc$/mnt/d/tushar/Downloads/RTL.ai/designs/benchmark_flat.v:2211$883'.
  created $dff cell `$procdff$6614' with positive edge clock.
Creating register for signal `\picorv32.$memwr$\cpuregs$/mnt/d/tushar/Downloads/RTL.ai/designs/benchmark_flat.v:2218$416_DATA' using process `\picorv32.$proc$/mnt/d/tushar/Downloads/RTL.ai/designs/benchmark_flat.v:2211$883'.
  created $dff cell `$procdff$6615' with positive edge clock.
Creating register for signal `\picorv32.$memwr$\cpuregs$/mnt/d/tushar/Downloads/RTL.ai/designs/benchmark_flat.v:2218$416_EN' using process `\picorv32.$proc$/mnt/d/tushar/Downloads/RTL.ai/designs/benchmark_flat.v:2211$883'.
  created $dff cell `$procdff$6616' with positive edge clock.
Creating register for signal `\picorv32.\clear_prefetched_high_word_q' using process `\picorv32.$proc$/mnt/d/tushar/Downloads/RTL.ai/designs/benchmark_flat.v:2167$865'.
  created $dff cell `$procdff$6617' with positive edge clock.
Creating register for signal `\picorv32.\pcpi_insn' using process `\picorv32.$proc$/mnt/d/tushar/Downloads/RTL.ai/designs/benchmark_flat.v:1732$568'.
  created $dff cell `$procdff$6618' with positive edge clock.
Creating register for signal `\picorv32.\instr_lui' using process `\picorv32.$proc$/mnt/d/tushar/Downloads/RTL.ai/designs/benchmark_flat.v:1732$568'.
  created $dff cell `$procdff$6619' with positive edge clock.
Creating register for signal `\picorv32.\instr_auipc' using process `\picorv32.$proc$/mnt/d/tushar/Downloads/RTL.ai/designs/benchmark_flat.v:1732$568'.
  created $dff cell `$procdff$6620' with positive edge clock.
Creating register for signal `\picorv32.\instr_jal' using process `\picorv32.$proc$/mnt/d/tushar/Downloads/RTL.ai/designs/benchmark_flat.v:1732$568'.
  created $dff cell `$procdff$6621' with positive edge clock.
Creating register for signal `\picorv32.\instr_jalr' using process `\picorv32.$proc$/mnt/d/tushar/Downloads/RTL.ai/designs/benchmark_flat.v:1732$568'.
  created $dff cell `$procdff$6622' with positive edge clock.
Creating register for signal `\picorv32.\instr_beq' using process `\picorv32.$proc$/mnt/d/tushar/Downloads/RTL.ai/designs/benchmark_flat.v:1732$568'.
  created $dff cell `$procdff$6623' with positive edge clock.
Creating register for signal `\picorv32.\instr_bne' using process `\picorv32.$proc$/mnt/d/tushar/Downloads/RTL.ai/designs/benchmark_flat.v:1732$568'.
  created $dff cell `$procdff$6624' with positive edge clock.
Creating register for signal `\picorv32.\instr_blt' using process `\picorv32.$proc$/mnt/d/tushar/Downloads/RTL.ai/designs/benchmark_flat.v:1732$568'.
  created $dff cell `$procdff$6625' with positive edge clock.
Creating register for signal `\picorv32.\instr_bge' using process `\picorv32.$proc$/mnt/d/tushar/Downloads/RTL.ai/designs/benchmark_flat.v:1732$568'.
  created $dff cell `$procdff$6626' with positive edge clock.
Creating register for signal `\picorv32.\instr_bltu' using process `\picorv32.$proc$/mnt/d/tushar/Downloads/RTL.ai/designs/benchmark_flat.v:1732$568'.
  created $dff cell `$procdff$6627' with positive edge clock.
Creating register for signal `\picorv32.\instr_bgeu' using process `\picorv32.$proc$/mnt/d/tushar/Downloads/RTL.ai/designs/benchmark_flat.v:1732$568'.
  created $dff cell `$procdff$6628' with positive edge clock.
Creating register for signal `\picorv32.\instr_lb' using process `\picorv32.$proc$/mnt/d/tushar/Downloads/RTL.ai/designs/benchmark_flat.v:1732$568'.
  created $dff cell `$procdff$6629' with positive edge clock.
Creating register for signal `\picorv32.\instr_lh' using process `\picorv32.$proc$/mnt/d/tushar/Downloads/RTL.ai/designs/benchmark_flat.v:1732$568'.
  created $dff cell `$procdff$6630' with positive edge clock.
Creating register for signal `\picorv32.\instr_lw' using process `\picorv32.$proc$/mnt/d/tushar/Downloads/RTL.ai/designs/benchmark_flat.v:1732$568'.
  created $dff cell `$procdff$6631' with positive edge clock.
Creating register for signal `\picorv32.\instr_lbu' using process `\picorv32.$proc$/mnt/d/tushar/Downloads/RTL.ai/designs/benchmark_flat.v:1732$568'.
  created $dff cell `$procdff$6632' with positive edge clock.
Creating register for signal `\picorv32.\instr_lhu' using process `\picorv32.$proc$/mnt/d/tushar/Downloads/RTL.ai/designs/benchmark_flat.v:1732$568'.
  created $dff cell `$procdff$6633' with positive edge clock.
Creating register for signal `\picorv32.\instr_sb' using process `\picorv32.$proc$/mnt/d/tushar/Downloads/RTL.ai/designs/benchmark_flat.v:1732$568'.
  created $dff cell `$procdff$6634' with positive edge clock.
Creating register for signal `\picorv32.\instr_sh' using process `\picorv32.$proc$/mnt/d/tushar/Downloads/RTL.ai/designs/benchmark_flat.v:1732$568'.
  created $dff cell `$procdff$6635' with positive edge clock.
Creating register for signal `\picorv32.\instr_sw' using process `\picorv32.$proc$/mnt/d/tushar/Downloads/RTL.ai/designs/benchmark_flat.v:1732$568'.
  created $dff cell `$procdff$6636' with positive edge clock.
Creating register for signal `\picorv32.\instr_addi' using process `\picorv32.$proc$/mnt/d/tushar/Downloads/RTL.ai/designs/benchmark_flat.v:1732$568'.
  created $dff cell `$procdff$6637' with positive edge clock.
Creating register for signal `\picorv32.\instr_slti' using process `\picorv32.$proc$/mnt/d/tushar/Downloads/RTL.ai/designs/benchmark_flat.v:1732$568'.
  created $dff cell `$procdff$6638' with positive edge clock.
Creating register for signal `\picorv32.\instr_sltiu' using process `\picorv32.$proc$/mnt/d/tushar/Downloads/RTL.ai/designs/benchmark_flat.v:1732$568'.
  created $dff cell `$procdff$6639' with positive edge clock.
Creating register for signal `\picorv32.\instr_xori' using process `\picorv32.$proc$/mnt/d/tushar/Downloads/RTL.ai/designs/benchmark_flat.v:1732$568'.
  created $dff cell `$procdff$6640' with positive edge clock.
Creating register for signal `\picorv32.\instr_ori' using process `\picorv32.$proc$/mnt/d/tushar/Downloads/RTL.ai/designs/benchmark_flat.v:1732$568'.
  created $dff cell `$procdff$6641' with positive edge clock.
Creating register for signal `\picorv32.\instr_andi' using process `\picorv32.$proc$/mnt/d/tushar/Downloads/RTL.ai/designs/benchmark_flat.v:1732$568'.
  created $dff cell `$procdff$6642' with positive edge clock.
Creating register for signal `\picorv32.\instr_slli' using process `\picorv32.$proc$/mnt/d/tushar/Downloads/RTL.ai/designs/benchmark_flat.v:1732$568'.
  created $dff cell `$procdff$6643' with positive edge clock.
Creating register for signal `\picorv32.\instr_srli' using process `\picorv32.$proc$/mnt/d/tushar/Downloads/RTL.ai/designs/benchmark_flat.v:1732$568'.
  created $dff cell `$procdff$6644' with positive edge clock.
Creating register for signal `\picorv32.\instr_srai' using process `\picorv32.$proc$/mnt/d/tushar/Downloads/RTL.ai/designs/benchmark_flat.v:1732$568'.
  created $dff cell `$procdff$6645' with positive edge clock.
Creating register for signal `\picorv32.\instr_add' using process `\picorv32.$proc$/mnt/d/tushar/Downloads/RTL.ai/designs/benchmark_flat.v:1732$568'.
  created $dff cell `$procdff$6646' with positive edge clock.
Creating register for signal `\picorv32.\instr_sub' using process `\picorv32.$proc$/mnt/d/tushar/Downloads/RTL.ai/designs/benchmark_flat.v:1732$568'.
  created $dff cell `$procdff$6647' with positive edge clock.
Creating register for signal `\picorv32.\instr_sll' using process `\picorv32.$proc$/mnt/d/tushar/Downloads/RTL.ai/designs/benchmark_flat.v:1732$568'.
  created $dff cell `$procdff$6648' with positive edge clock.
Creating register for signal `\picorv32.\instr_slt' using process `\picorv32.$proc$/mnt/d/tushar/Downloads/RTL.ai/designs/benchmark_flat.v:1732$568'.
  created $dff cell `$procdff$6649' with positive edge clock.
Creating register for signal `\picorv32.\instr_sltu' using process `\picorv32.$proc$/mnt/d/tushar/Downloads/RTL.ai/designs/benchmark_flat.v:1732$568'.
  created $dff cell `$procdff$6650' with positive edge clock.
Creating register for signal `\picorv32.\instr_xor' using process `\picorv32.$proc$/mnt/d/tushar/Downloads/RTL.ai/designs/benchmark_flat.v:1732$568'.
  created $dff cell `$procdff$6651' with positive edge clock.
Creating register for signal `\picorv32.\instr_srl' using process `\picorv32.$proc$/mnt/d/tushar/Downloads/RTL.ai/designs/benchmark_flat.v:1732$568'.
  created $dff cell `$procdff$6652' with positive edge clock.
Creating register for signal `\picorv32.\instr_sra' using process `\picorv32.$proc$/mnt/d/tushar/Downloads/RTL.ai/designs/benchmark_flat.v:1732$568'.
  created $dff cell `$procdff$6653' with positive edge clock.
Creating register for signal `\picorv32.\instr_or' using process `\picorv32.$proc$/mnt/d/tushar/Downloads/RTL.ai/designs/benchmark_flat.v:1732$568'.
  created $dff cell `$procdff$6654' with positive edge clock.
Creating register for signal `\picorv32.\instr_and' using process `\picorv32.$proc$/mnt/d/tushar/Downloads/RTL.ai/designs/benchmark_flat.v:1732$568'.
  created $dff cell `$procdff$6655' with positive edge clock.
Creating register for signal `\picorv32.\instr_rdcycle' using process `\picorv32.$proc$/mnt/d/tushar/Downloads/RTL.ai/designs/benchmark_flat.v:1732$568'.
  created $dff cell `$procdff$6656' with positive edge clock.
Creating register for signal `\picorv32.\instr_rdcycleh' using process `\picorv32.$proc$/mnt/d/tushar/Downloads/RTL.ai/designs/benchmark_flat.v:1732$568'.
  created $dff cell `$procdff$6657' with positive edge clock.
Creating register for signal `\picorv32.\instr_rdinstr' using process `\picorv32.$proc$/mnt/d/tushar/Downloads/RTL.ai/designs/benchmark_flat.v:1732$568'.
  created $dff cell `$procdff$6658' with positive edge clock.
Creating register for signal `\picorv32.\instr_rdinstrh' using process `\picorv32.$proc$/mnt/d/tushar/Downloads/RTL.ai/designs/benchmark_flat.v:1732$568'.
  created $dff cell `$procdff$6659' with positive edge clock.
Creating register for signal `\picorv32.\instr_ecall_ebreak' using process `\picorv32.$proc$/mnt/d/tushar/Downloads/RTL.ai/designs/benchmark_flat.v:1732$568'.
  created $dff cell `$procdff$6660' with positive edge clock.
Creating register for signal `\picorv32.\instr_fence' using process `\picorv32.$proc$/mnt/d/tushar/Downloads/RTL.ai/designs/benchmark_flat.v:1732$568'.
  created $dff cell `$procdff$6661' with positive edge clock.
Creating register for signal `\picorv32.\instr_getq' using process `\picorv32.$proc$/mnt/d/tushar/Downloads/RTL.ai/designs/benchmark_flat.v:1732$568'.
  created $dff cell `$procdff$6662' with positive edge clock.
Creating register for signal `\picorv32.\instr_setq' using process `\picorv32.$proc$/mnt/d/tushar/Downloads/RTL.ai/designs/benchmark_flat.v:1732$568'.
  created $dff cell `$procdff$6663' with positive edge clock.
Creating register for signal `\picorv32.\instr_retirq' using process `\picorv32.$proc$/mnt/d/tushar/Downloads/RTL.ai/designs/benchmark_flat.v:1732$568'.
  created $dff cell `$procdff$6664' with positive edge clock.
Creating register for signal `\picorv32.\instr_maskirq' using process `\picorv32.$proc$/mnt/d/tushar/Downloads/RTL.ai/designs/benchmark_flat.v:1732$568'.
  created $dff cell `$procdff$6665' with positive edge clock.
Creating register for signal `\picorv32.\instr_waitirq' using process `\picorv32.$proc$/mnt/d/tushar/Downloads/RTL.ai/designs/benchmark_flat.v:1732$568'.
  created $dff cell `$procdff$6666' with positive edge clock.
Creating register for signal `\picorv32.\instr_timer' using process `\picorv32.$proc$/mnt/d/tushar/Downloads/RTL.ai/designs/benchmark_flat.v:1732$568'.
  created $dff cell `$procdff$6667' with positive edge clock.
Creating register for signal `\picorv32.\decoded_rd' using process `\picorv32.$proc$/mnt/d/tushar/Downloads/RTL.ai/designs/benchmark_flat.v:1732$568'.
  created $dff cell `$procdff$6668' with positive edge clock.
Creating register for signal `\picorv32.\decoded_rs1' using process `\picorv32.$proc$/mnt/d/tushar/Downloads/RTL.ai/designs/benchmark_flat.v:1732$568'.
  created $dff cell `$procdff$6669' with positive edge clock.
Creating register for signal `\picorv32.\decoded_rs2' using process `\picorv32.$proc$/mnt/d/tushar/Downloads/RTL.ai/designs/benchmark_flat.v:1732$568'.
  created $dff cell `$procdff$6670' with positive edge clock.
Creating register for signal `\picorv32.\decoded_imm' using process `\picorv32.$proc$/mnt/d/tushar/Downloads/RTL.ai/designs/benchmark_flat.v:1732$568'.
  created $dff cell `$procdff$6671' with positive edge clock.
Creating register for signal `\picorv32.\decoded_imm_j' using process `\picorv32.$proc$/mnt/d/tushar/Downloads/RTL.ai/designs/benchmark_flat.v:1732$568'.
  created $dff cell `$procdff$6672' with positive edge clock.
Creating register for signal `\picorv32.\compressed_instr' using process `\picorv32.$proc$/mnt/d/tushar/Downloads/RTL.ai/designs/benchmark_flat.v:1732$568'.
  created $dff cell `$procdff$6673' with positive edge clock.
Creating register for signal `\picorv32.\is_lui_auipc_jal' using process `\picorv32.$proc$/mnt/d/tushar/Downloads/RTL.ai/designs/benchmark_flat.v:1732$568'.
  created $dff cell `$procdff$6674' with positive edge clock.
Creating register for signal `\picorv32.\is_lb_lh_lw_lbu_lhu' using process `\picorv32.$proc$/mnt/d/tushar/Downloads/RTL.ai/designs/benchmark_flat.v:1732$568'.
  created $dff cell `$procdff$6675' with positive edge clock.
Creating register for signal `\picorv32.\is_slli_srli_srai' using process `\picorv32.$proc$/mnt/d/tushar/Downloads/RTL.ai/designs/benchmark_flat.v:1732$568'.
  created $dff cell `$procdff$6676' with positive edge clock.
Creating register for signal `\picorv32.\is_jalr_addi_slti_sltiu_xori_ori_andi' using process `\picorv32.$proc$/mnt/d/tushar/Downloads/RTL.ai/designs/benchmark_flat.v:1732$568'.
  created $dff cell `$procdff$6677' with positive edge clock.
Creating register for signal `\picorv32.\is_sb_sh_sw' using process `\picorv32.$proc$/mnt/d/tushar/Downloads/RTL.ai/designs/benchmark_flat.v:1732$568'.
  created $dff cell `$procdff$6678' with positive edge clock.
Creating register for signal `\picorv32.\is_sll_srl_sra' using process `\picorv32.$proc$/mnt/d/tushar/Downloads/RTL.ai/designs/benchmark_flat.v:1732$568'.
  created $dff cell `$procdff$6679' with positive edge clock.
Creating register for signal `\picorv32.\is_lui_auipc_jal_jalr_addi_add_sub' using process `\picorv32.$proc$/mnt/d/tushar/Downloads/RTL.ai/designs/benchmark_flat.v:1732$568'.
  created $dff cell `$procdff$6680' with positive edge clock.
Creating register for signal `\picorv32.\is_slti_blt_slt' using process `\picorv32.$proc$/mnt/d/tushar/Downloads/RTL.ai/designs/benchmark_flat.v:1732$568'.
  created $dff cell `$procdff$6681' with positive edge clock.
Creating register for signal `\picorv32.\is_sltiu_bltu_sltu' using process `\picorv32.$proc$/mnt/d/tushar/Downloads/RTL.ai/designs/benchmark_flat.v:1732$568'.
  created $dff cell `$procdff$6682' with positive edge clock.
Creating register for signal `\picorv32.\is_beq_bne_blt_bge_bltu_bgeu' using process `\picorv32.$proc$/mnt/d/tushar/Downloads/RTL.ai/designs/benchmark_flat.v:1732$568'.
  created $dff cell `$procdff$6683' with positive edge clock.
Creating register for signal `\picorv32.\is_lbu_lhu_lw' using process `\picorv32.$proc$/mnt/d/tushar/Downloads/RTL.ai/designs/benchmark_flat.v:1732$568'.
  created $dff cell `$procdff$6684' with positive edge clock.
Creating register for signal `\picorv32.\is_alu_reg_imm' using process `\picorv32.$proc$/mnt/d/tushar/Downloads/RTL.ai/designs/benchmark_flat.v:1732$568'.
  created $dff cell `$procdff$6685' with positive edge clock.
Creating register for signal `\picorv32.\is_alu_reg_reg' using process `\picorv32.$proc$/mnt/d/tushar/Downloads/RTL.ai/designs/benchmark_flat.v:1732$568'.
  created $dff cell `$procdff$6686' with positive edge clock.
Creating register for signal `\picorv32.\is_compare' using process `\picorv32.$proc$/mnt/d/tushar/Downloads/RTL.ai/designs/benchmark_flat.v:1732$568'.
  created $dff cell `$procdff$6687' with positive edge clock.
Creating register for signal `\picorv32.\dbg_insn_addr' using process `\picorv32.$proc$/mnt/d/tushar/Downloads/RTL.ai/designs/benchmark_flat.v:1652$562'.
  created $dff cell `$procdff$6688' with positive edge clock.
Creating register for signal `\picorv32.\q_ascii_instr' using process `\picorv32.$proc$/mnt/d/tushar/Downloads/RTL.ai/designs/benchmark_flat.v:1652$562'.
  created $dff cell `$procdff$6689' with positive edge clock.
Creating register for signal `\picorv32.\q_insn_imm' using process `\picorv32.$proc$/mnt/d/tushar/Downloads/RTL.ai/designs/benchmark_flat.v:1652$562'.
  created $dff cell `$procdff$6690' with positive edge clock.
Creating register for signal `\picorv32.\q_insn_opcode' using process `\picorv32.$proc$/mnt/d/tushar/Downloads/RTL.ai/designs/benchmark_flat.v:1652$562'.
  created $dff cell `$procdff$6691' with positive edge clock.
Creating register for signal `\picorv32.\q_insn_rs1' using process `\picorv32.$proc$/mnt/d/tushar/Downloads/RTL.ai/designs/benchmark_flat.v:1652$562'.
  created $dff cell `$procdff$6692' with positive edge clock.
Creating register for signal `\picorv32.\q_insn_rs2' using process `\picorv32.$proc$/mnt/d/tushar/Downloads/RTL.ai/designs/benchmark_flat.v:1652$562'.
  created $dff cell `$procdff$6693' with positive edge clock.
Creating register for signal `\picorv32.\q_insn_rd' using process `\picorv32.$proc$/mnt/d/tushar/Downloads/RTL.ai/designs/benchmark_flat.v:1652$562'.
  created $dff cell `$procdff$6694' with positive edge clock.
Creating register for signal `\picorv32.\dbg_next' using process `\picorv32.$proc$/mnt/d/tushar/Downloads/RTL.ai/designs/benchmark_flat.v:1652$562'.
  created $dff cell `$procdff$6695' with positive edge clock.
Creating register for signal `\picorv32.\dbg_valid_insn' using process `\picorv32.$proc$/mnt/d/tushar/Downloads/RTL.ai/designs/benchmark_flat.v:1652$562'.
  created $dff cell `$procdff$6696' with positive edge clock.
Creating register for signal `\picorv32.\cached_ascii_instr' using process `\picorv32.$proc$/mnt/d/tushar/Downloads/RTL.ai/designs/benchmark_flat.v:1652$562'.
  created $dff cell `$procdff$6697' with positive edge clock.
Creating register for signal `\picorv32.\cached_insn_imm' using process `\picorv32.$proc$/mnt/d/tushar/Downloads/RTL.ai/designs/benchmark_flat.v:1652$562'.
  created $dff cell `$procdff$6698' with positive edge clock.
Creating register for signal `\picorv32.\cached_insn_opcode' using process `\picorv32.$proc$/mnt/d/tushar/Downloads/RTL.ai/designs/benchmark_flat.v:1652$562'.
  created $dff cell `$procdff$6699' with positive edge clock.
Creating register for signal `\picorv32.\cached_insn_rs1' using process `\picorv32.$proc$/mnt/d/tushar/Downloads/RTL.ai/designs/benchmark_flat.v:1652$562'.
  created $dff cell `$procdff$6700' with positive edge clock.
Creating register for signal `\picorv32.\cached_insn_rs2' using process `\picorv32.$proc$/mnt/d/tushar/Downloads/RTL.ai/designs/benchmark_flat.v:1652$562'.
  created $dff cell `$procdff$6701' with positive edge clock.
Creating register for signal `\picorv32.\cached_insn_rd' using process `\picorv32.$proc$/mnt/d/tushar/Downloads/RTL.ai/designs/benchmark_flat.v:1652$562'.
  created $dff cell `$procdff$6702' with positive edge clock.
Creating register for signal `\picorv32.\mem_valid' using process `\picorv32.$proc$/mnt/d/tushar/Downloads/RTL.ai/designs/benchmark_flat.v:1439$537'.
  created $dff cell `$procdff$6703' with positive edge clock.
Creating register for signal `\picorv32.\mem_instr' using process `\picorv32.$proc$/mnt/d/tushar/Downloads/RTL.ai/designs/benchmark_flat.v:1439$537'.
  created $dff cell `$procdff$6704' with positive edge clock.
Creating register for signal `\picorv32.\mem_addr' using process `\picorv32.$proc$/mnt/d/tushar/Downloads/RTL.ai/designs/benchmark_flat.v:1439$537'.
  created $dff cell `$procdff$6705' with positive edge clock.
Creating register for signal `\picorv32.\mem_wdata' using process `\picorv32.$proc$/mnt/d/tushar/Downloads/RTL.ai/designs/benchmark_flat.v:1439$537'.
  created $dff cell `$procdff$6706' with positive edge clock.
Creating register for signal `\picorv32.\mem_wstrb' using process `\picorv32.$proc$/mnt/d/tushar/Downloads/RTL.ai/designs/benchmark_flat.v:1439$537'.
  created $dff cell `$procdff$6707' with positive edge clock.
Creating register for signal `\picorv32.\mem_state' using process `\picorv32.$proc$/mnt/d/tushar/Downloads/RTL.ai/designs/benchmark_flat.v:1439$537'.
  created $dff cell `$procdff$6708' with positive edge clock.
Creating register for signal `\picorv32.\mem_la_secondword' using process `\picorv32.$proc$/mnt/d/tushar/Downloads/RTL.ai/designs/benchmark_flat.v:1439$537'.
  created $dff cell `$procdff$6709' with positive edge clock.
Creating register for signal `\picorv32.\prefetched_high_word' using process `\picorv32.$proc$/mnt/d/tushar/Downloads/RTL.ai/designs/benchmark_flat.v:1439$537'.
  created $dff cell `$procdff$6710' with positive edge clock.
Creating register for signal `\picorv32.\mem_16bit_buffer' using process `\picorv32.$proc$/mnt/d/tushar/Downloads/RTL.ai/designs/benchmark_flat.v:1439$537'.
  created $dff cell `$procdff$6711' with positive edge clock.
Creating register for signal `\picorv32.\next_insn_opcode' using process `\picorv32.$proc$/mnt/d/tushar/Downloads/RTL.ai/designs/benchmark_flat.v:1304$499'.
  created $dff cell `$procdff$6712' with positive edge clock.
Creating register for signal `\picorv32.\mem_rdata_q' using process `\picorv32.$proc$/mnt/d/tushar/Downloads/RTL.ai/designs/benchmark_flat.v:1304$499'.
  created $dff cell `$procdff$6713' with positive edge clock.
Creating register for signal `\picorv32.\mem_la_firstword_reg' using process `\picorv32.$proc$/mnt/d/tushar/Downloads/RTL.ai/designs/benchmark_flat.v:1264$491'.
  created $dff cell `$procdff$6714' with positive edge clock.
Creating register for signal `\picorv32.\last_mem_valid' using process `\picorv32.$proc$/mnt/d/tushar/Downloads/RTL.ai/designs/benchmark_flat.v:1264$491'.
  created $dff cell `$procdff$6715' with positive edge clock.
Creating register for signal `$paramod$33682cd1d05634ea6014b34575d141b8a856657a\ddc_mixer.\iout' using process `$paramod$33682cd1d05634ea6014b34575d141b8a856657a\ddc_mixer.$proc$/mnt/d/tushar/Downloads/RTL.ai/designs/benchmark_flat.v:530$1886'.
  created $dff cell `$procdff$6716' with positive edge clock.
Creating register for signal `$paramod$33682cd1d05634ea6014b34575d141b8a856657a\ddc_mixer.\qout' using process `$paramod$33682cd1d05634ea6014b34575d141b8a856657a\ddc_mixer.$proc$/mnt/d/tushar/Downloads/RTL.ai/designs/benchmark_flat.v:530$1886'.
  created $dff cell `$procdff$6717' with positive edge clock.
Creating register for signal `$paramod$498463d264968bc81db47baec170cc0cc7a42680\ddc_cic.\g_comb[3].k' using process `$paramod$498463d264968bc81db47baec170cc0cc7a42680\ddc_cic.$proc$/mnt/d/tushar/Downloads/RTL.ai/designs/benchmark_flat.v:329$1855'.
  created $dff cell `$procdff$6718' with positive edge clock.
Creating register for signal `$paramod$498463d264968bc81db47baec170cc0cc7a42680\ddc_cic.\g_comb[3].dly[0]' using process `$paramod$498463d264968bc81db47baec170cc0cc7a42680\ddc_cic.$proc$/mnt/d/tushar/Downloads/RTL.ai/designs/benchmark_flat.v:329$1855'.
  created $dff cell `$procdff$6719' with positive edge clock.
Creating register for signal `$paramod$498463d264968bc81db47baec170cc0cc7a42680\ddc_cic.\g_comb[2].k' using process `$paramod$498463d264968bc81db47baec170cc0cc7a42680\ddc_cic.$proc$/mnt/d/tushar/Downloads/RTL.ai/designs/benchmark_flat.v:329$1854'.
  created $dff cell `$procdff$6720' with positive edge clock.
Creating register for signal `$paramod$498463d264968bc81db47baec170cc0cc7a42680\ddc_cic.\g_comb[2].dly[0]' using process `$paramod$498463d264968bc81db47baec170cc0cc7a42680\ddc_cic.$proc$/mnt/d/tushar/Downloads/RTL.ai/designs/benchmark_flat.v:329$1854'.
  created $dff cell `$procdff$6721' with positive edge clock.
Creating register for signal `$paramod$498463d264968bc81db47baec170cc0cc7a42680\ddc_cic.\g_comb[1].k' using process `$paramod$498463d264968bc81db47baec170cc0cc7a42680\ddc_cic.$proc$/mnt/d/tushar/Downloads/RTL.ai/designs/benchmark_flat.v:329$1853'.
  created $dff cell `$procdff$6722' with positive edge clock.
Creating register for signal `$paramod$498463d264968bc81db47baec170cc0cc7a42680\ddc_cic.\g_comb[1].dly[0]' using process `$paramod$498463d264968bc81db47baec170cc0cc7a42680\ddc_cic.$proc$/mnt/d/tushar/Downloads/RTL.ai/designs/benchmark_flat.v:329$1853'.
  created $dff cell `$procdff$6723' with positive edge clock.
Creating register for signal `$paramod$498463d264968bc81db47baec170cc0cc7a42680\ddc_cic.\g_comb[0].k' using process `$paramod$498463d264968bc81db47baec170cc0cc7a42680\ddc_cic.$proc$/mnt/d/tushar/Downloads/RTL.ai/designs/benchmark_flat.v:329$1852'.
  created $dff cell `$procdff$6724' with positive edge clock.
Creating register for signal `$paramod$498463d264968bc81db47baec170cc0cc7a42680\ddc_cic.\g_comb[0].dly[0]' using process `$paramod$498463d264968bc81db47baec170cc0cc7a42680\ddc_cic.$proc$/mnt/d/tushar/Downloads/RTL.ai/designs/benchmark_flat.v:329$1852'.
  created $dff cell `$procdff$6725' with positive edge clock.
Creating register for signal `$paramod$498463d264968bc81db47baec170cc0cc7a42680\ddc_cic.\g_integ[3].acc' using process `$paramod$498463d264968bc81db47baec170cc0cc7a42680\ddc_cic.$proc$/mnt/d/tushar/Downloads/RTL.ai/designs/benchmark_flat.v:284$1850'.
  created $dff cell `$procdff$6726' with positive edge clock.
Creating register for signal `$paramod$498463d264968bc81db47baec170cc0cc7a42680\ddc_cic.\g_integ[2].acc' using process `$paramod$498463d264968bc81db47baec170cc0cc7a42680\ddc_cic.$proc$/mnt/d/tushar/Downloads/RTL.ai/designs/benchmark_flat.v:284$1848'.
  created $dff cell `$procdff$6727' with positive edge clock.
Creating register for signal `$paramod$498463d264968bc81db47baec170cc0cc7a42680\ddc_cic.\g_integ[1].acc' using process `$paramod$498463d264968bc81db47baec170cc0cc7a42680\ddc_cic.$proc$/mnt/d/tushar/Downloads/RTL.ai/designs/benchmark_flat.v:284$1846'.
  created $dff cell `$procdff$6728' with positive edge clock.
Creating register for signal `$paramod$498463d264968bc81db47baec170cc0cc7a42680\ddc_cic.\g_integ[0].acc' using process `$paramod$498463d264968bc81db47baec170cc0cc7a42680\ddc_cic.$proc$/mnt/d/tushar/Downloads/RTL.ai/designs/benchmark_flat.v:284$1844'.
  created $dff cell `$procdff$6729' with positive edge clock.
Creating register for signal `$paramod$498463d264968bc81db47baec170cc0cc7a42680\ddc_cic.\out_valid' using process `$paramod$498463d264968bc81db47baec170cc0cc7a42680\ddc_cic.$proc$/mnt/d/tushar/Downloads/RTL.ai/designs/benchmark_flat.v:349$1843'.
  created $dff cell `$procdff$6730' with positive edge clock.
Creating register for signal `$paramod$498463d264968bc81db47baec170cc0cc7a42680\ddc_cic.\out_data' using process `$paramod$498463d264968bc81db47baec170cc0cc7a42680\ddc_cic.$proc$/mnt/d/tushar/Downloads/RTL.ai/designs/benchmark_flat.v:349$1843'.
  created $dff cell `$procdff$6731' with positive edge clock.
Creating register for signal `$paramod$498463d264968bc81db47baec170cc0cc7a42680\ddc_cic.\cnt' using process `$paramod$498463d264968bc81db47baec170cc0cc7a42680\ddc_cic.$proc$/mnt/d/tushar/Downloads/RTL.ai/designs/benchmark_flat.v:298$1839'.
  created $dff cell `$procdff$6732' with positive edge clock.
Creating register for signal `$paramod$498463d264968bc81db47baec170cc0cc7a42680\ddc_cic.\cb_en' using process `$paramod$498463d264968bc81db47baec170cc0cc7a42680\ddc_cic.$proc$/mnt/d/tushar/Downloads/RTL.ai/designs/benchmark_flat.v:298$1839'.
  created $dff cell `$procdff$6733' with positive edge clock.
Creating register for signal `$paramod$498463d264968bc81db47baec170cc0cc7a42680\ddc_cic.\dec_data' using process `$paramod$498463d264968bc81db47baec170cc0cc7a42680\ddc_cic.$proc$/mnt/d/tushar/Downloads/RTL.ai/designs/benchmark_flat.v:298$1839'.
  created $dff cell `$procdff$6734' with positive edge clock.
Creating register for signal `$paramod$6b2e5777348611c38df4110cba65fe3615d0b62c\ddc_fir.\out_valid' using process `$paramod$6b2e5777348611c38df4110cba65fe3615d0b62c\ddc_fir.$proc$/mnt/d/tushar/Downloads/RTL.ai/designs/benchmark_flat.v:450$1776'.
  created $dff cell `$procdff$6735' with positive edge clock.
Creating register for signal `$paramod$6b2e5777348611c38df4110cba65fe3615d0b62c\ddc_fir.\out_data' using process `$paramod$6b2e5777348611c38df4110cba65fe3615d0b62c\ddc_fir.$proc$/mnt/d/tushar/Downloads/RTL.ai/designs/benchmark_flat.v:450$1776'.
  created $dff cell `$procdff$6736' with positive edge clock.
Creating register for signal `$paramod$6b2e5777348611c38df4110cba65fe3615d0b62c\ddc_fir.\j' using process `$paramod$6b2e5777348611c38df4110cba65fe3615d0b62c\ddc_fir.$proc$/mnt/d/tushar/Downloads/RTL.ai/designs/benchmark_flat.v:450$1776'.
  created $dff cell `$procdff$6737' with positive edge clock.
Creating register for signal `$paramod$6b2e5777348611c38df4110cba65fe3615d0b62c\ddc_fir.\shift[0]' using process `$paramod$6b2e5777348611c38df4110cba65fe3615d0b62c\ddc_fir.$proc$/mnt/d/tushar/Downloads/RTL.ai/designs/benchmark_flat.v:450$1776'.
  created $dff cell `$procdff$6738' with positive edge clock.
Creating register for signal `$paramod$6b2e5777348611c38df4110cba65fe3615d0b62c\ddc_fir.\shift[1]' using process `$paramod$6b2e5777348611c38df4110cba65fe3615d0b62c\ddc_fir.$proc$/mnt/d/tushar/Downloads/RTL.ai/designs/benchmark_flat.v:450$1776'.
  created $dff cell `$procdff$6739' with positive edge clock.
Creating register for signal `$paramod$6b2e5777348611c38df4110cba65fe3615d0b62c\ddc_fir.\shift[2]' using process `$paramod$6b2e5777348611c38df4110cba65fe3615d0b62c\ddc_fir.$proc$/mnt/d/tushar/Downloads/RTL.ai/designs/benchmark_flat.v:450$1776'.
  created $dff cell `$procdff$6740' with positive edge clock.
Creating register for signal `$paramod$6b2e5777348611c38df4110cba65fe3615d0b62c\ddc_fir.\shift[3]' using process `$paramod$6b2e5777348611c38df4110cba65fe3615d0b62c\ddc_fir.$proc$/mnt/d/tushar/Downloads/RTL.ai/designs/benchmark_flat.v:450$1776'.
  created $dff cell `$procdff$6741' with positive edge clock.
Creating register for signal `$paramod$6b2e5777348611c38df4110cba65fe3615d0b62c\ddc_fir.\shift[4]' using process `$paramod$6b2e5777348611c38df4110cba65fe3615d0b62c\ddc_fir.$proc$/mnt/d/tushar/Downloads/RTL.ai/designs/benchmark_flat.v:450$1776'.
  created $dff cell `$procdff$6742' with positive edge clock.
Creating register for signal `$paramod$6b2e5777348611c38df4110cba65fe3615d0b62c\ddc_fir.\shift[5]' using process `$paramod$6b2e5777348611c38df4110cba65fe3615d0b62c\ddc_fir.$proc$/mnt/d/tushar/Downloads/RTL.ai/designs/benchmark_flat.v:450$1776'.
  created $dff cell `$procdff$6743' with positive edge clock.
Creating register for signal `$paramod$6b2e5777348611c38df4110cba65fe3615d0b62c\ddc_fir.\shift[6]' using process `$paramod$6b2e5777348611c38df4110cba65fe3615d0b62c\ddc_fir.$proc$/mnt/d/tushar/Downloads/RTL.ai/designs/benchmark_flat.v:450$1776'.
  created $dff cell `$procdff$6744' with positive edge clock.
Creating register for signal `$paramod$6b2e5777348611c38df4110cba65fe3615d0b62c\ddc_fir.\shift[7]' using process `$paramod$6b2e5777348611c38df4110cba65fe3615d0b62c\ddc_fir.$proc$/mnt/d/tushar/Downloads/RTL.ai/designs/benchmark_flat.v:450$1776'.
  created $dff cell `$procdff$6745' with positive edge clock.
Creating register for signal `$paramod$6b2e5777348611c38df4110cba65fe3615d0b62c\ddc_fir.\shift[8]' using process `$paramod$6b2e5777348611c38df4110cba65fe3615d0b62c\ddc_fir.$proc$/mnt/d/tushar/Downloads/RTL.ai/designs/benchmark_flat.v:450$1776'.
  created $dff cell `$procdff$6746' with positive edge clock.
Creating register for signal `$paramod$6b2e5777348611c38df4110cba65fe3615d0b62c\ddc_fir.\shift[9]' using process `$paramod$6b2e5777348611c38df4110cba65fe3615d0b62c\ddc_fir.$proc$/mnt/d/tushar/Downloads/RTL.ai/designs/benchmark_flat.v:450$1776'.
  created $dff cell `$procdff$6747' with positive edge clock.
Creating register for signal `$paramod$6b2e5777348611c38df4110cba65fe3615d0b62c\ddc_fir.\shift[10]' using process `$paramod$6b2e5777348611c38df4110cba65fe3615d0b62c\ddc_fir.$proc$/mnt/d/tushar/Downloads/RTL.ai/designs/benchmark_flat.v:450$1776'.
  created $dff cell `$procdff$6748' with positive edge clock.
Creating register for signal `$paramod$6b2e5777348611c38df4110cba65fe3615d0b62c\ddc_fir.\shift[11]' using process `$paramod$6b2e5777348611c38df4110cba65fe3615d0b62c\ddc_fir.$proc$/mnt/d/tushar/Downloads/RTL.ai/designs/benchmark_flat.v:450$1776'.
  created $dff cell `$procdff$6749' with positive edge clock.
Creating register for signal `$paramod$6b2e5777348611c38df4110cba65fe3615d0b62c\ddc_fir.\shift[12]' using process `$paramod$6b2e5777348611c38df4110cba65fe3615d0b62c\ddc_fir.$proc$/mnt/d/tushar/Downloads/RTL.ai/designs/benchmark_flat.v:450$1776'.
  created $dff cell `$procdff$6750' with positive edge clock.
Creating register for signal `$paramod$6b2e5777348611c38df4110cba65fe3615d0b62c\ddc_fir.\shift[13]' using process `$paramod$6b2e5777348611c38df4110cba65fe3615d0b62c\ddc_fir.$proc$/mnt/d/tushar/Downloads/RTL.ai/designs/benchmark_flat.v:450$1776'.
  created $dff cell `$procdff$6751' with positive edge clock.
Creating register for signal `$paramod$6b2e5777348611c38df4110cba65fe3615d0b62c\ddc_fir.\shift[14]' using process `$paramod$6b2e5777348611c38df4110cba65fe3615d0b62c\ddc_fir.$proc$/mnt/d/tushar/Downloads/RTL.ai/designs/benchmark_flat.v:450$1776'.
  created $dff cell `$procdff$6752' with positive edge clock.
Creating register for signal `\benchmark_top.\cap_e' using process `\benchmark_top.$proc$/mnt/d/tushar/Downloads/RTL.ai/designs/benchmark_flat.v:5564$1768'.
  created $dff cell `$procdff$6753' with positive edge clock.
Creating register for signal `\benchmark_top.\crc_cnt' using process `\benchmark_top.$proc$/mnt/d/tushar/Downloads/RTL.ai/designs/benchmark_flat.v:5546$1761'.
  created $dff cell `$procdff$6754' with positive edge clock.
Creating register for signal `\benchmark_top.\cap_d' using process `\benchmark_top.$proc$/mnt/d/tushar/Downloads/RTL.ai/designs/benchmark_flat.v:5521$1760'.
  created $dff cell `$procdff$6755' with positive edge clock.
Creating register for signal `\benchmark_top.\cap_c' using process `\benchmark_top.$proc$/mnt/d/tushar/Downloads/RTL.ai/designs/benchmark_flat.v:5501$1758'.
  created $dff cell `$procdff$6756' with positive edge clock.
Creating register for signal `\benchmark_top.\cap_b' using process `\benchmark_top.$proc$/mnt/d/tushar/Downloads/RTL.ai/designs/benchmark_flat.v:5480$1755'.
  created $dff cell `$procdff$6757' with positive edge clock.
Creating register for signal `\benchmark_top.\cap_a' using process `\benchmark_top.$proc$/mnt/d/tushar/Downloads/RTL.ai/designs/benchmark_flat.v:5459$1753'.
  created $dff cell `$procdff$6758' with positive edge clock.
Creating register for signal `$paramod$8af8dc0d438d0d364592a69345da95ce450509b0\ddc_nco.\cosout' using process `$paramod$8af8dc0d438d0d364592a69345da95ce450509b0\ddc_nco.$proc$/mnt/d/tushar/Downloads/RTL.ai/designs/benchmark_flat.v:589$1888'.
  created $dff cell `$procdff$6759' with positive edge clock.
Creating register for signal `$paramod$8af8dc0d438d0d364592a69345da95ce450509b0\ddc_nco.\sinout' using process `$paramod$8af8dc0d438d0d364592a69345da95ce450509b0\ddc_nco.$proc$/mnt/d/tushar/Downloads/RTL.ai/designs/benchmark_flat.v:589$1888'.
  created $dff cell `$procdff$6760' with positive edge clock.
Creating register for signal `$paramod$8af8dc0d438d0d364592a69345da95ce450509b0\ddc_nco.\phase' using process `$paramod$8af8dc0d438d0d364592a69345da95ce450509b0\ddc_nco.$proc$/mnt/d/tushar/Downloads/RTL.ai/designs/benchmark_flat.v:589$1888'.
  created $dff cell `$procdff$6761' with positive edge clock.
Creating register for signal `\crc32.\out_valid' using process `\crc32.$proc$/mnt/d/tushar/Downloads/RTL.ai/designs/benchmark_flat.v:69$276'.
  created $dff cell `$procdff$6762' with positive edge clock.
Creating register for signal `\crc32.\out_crc' using process `\crc32.$proc$/mnt/d/tushar/Downloads/RTL.ai/designs/benchmark_flat.v:69$276'.
  created $dff cell `$procdff$6763' with positive edge clock.
Creating register for signal `\crc32.\crc' using process `\crc32.$proc$/mnt/d/tushar/Downloads/RTL.ai/designs/benchmark_flat.v:69$276'.
  created $dff cell `$procdff$6764' with positive edge clock.
Creating register for signal `\crc32.\active' using process `\crc32.$proc$/mnt/d/tushar/Downloads/RTL.ai/designs/benchmark_flat.v:69$276'.
  created $dff cell `$procdff$6765' with positive edge clock.

3.10. Executing PROC_MEMWR pass (convert process memory writes to cells).

3.11. Executing PROC_CLEAN pass (remove empty switches from decision trees).
Removing empty process `reset_sync.$proc$/mnt/d/tushar/Downloads/RTL.ai/designs/benchmark_flat.v:5324$1741'.
Found and cleaned up 2 empty switches in `$paramod\clk_divider\DIV=s32'00000000000000000000000000000100.$proc$/mnt/d/tushar/Downloads/RTL.ai/designs/benchmark_flat.v:5198$1922'.
Removing empty process `$paramod\clk_divider\DIV=s32'00000000000000000000000000000100.$proc$/mnt/d/tushar/Downloads/RTL.ai/designs/benchmark_flat.v:5198$1922'.
Found and cleaned up 1 empty switch in `\cdc_sync.$proc$/mnt/d/tushar/Downloads/RTL.ai/designs/benchmark_flat.v:5221$1733'.
Removing empty process `cdc_sync.$proc$/mnt/d/tushar/Downloads/RTL.ai/designs/benchmark_flat.v:5221$1733'.
Found and cleaned up 2 empty switches in `$paramod\clk_divider\DIV=s32'00000000000000000000000000000110.$proc$/mnt/d/tushar/Downloads/RTL.ai/designs/benchmark_flat.v:5198$1918'.
Removing empty process `$paramod\clk_divider\DIV=s32'00000000000000000000000000000110.$proc$/mnt/d/tushar/Downloads/RTL.ai/designs/benchmark_flat.v:5198$1918'.
Found and cleaned up 2 empty switches in `\sha256_w_mem.$proc$/mnt/d/tushar/Downloads/RTL.ai/designs/benchmark_flat.v:5094$1719'.
Removing empty process `sha256_w_mem.$proc$/mnt/d/tushar/Downloads/RTL.ai/designs/benchmark_flat.v:5094$1719'.
Found and cleaned up 2 empty switches in `\sha256_w_mem.$proc$/mnt/d/tushar/Downloads/RTL.ai/designs/benchmark_flat.v:5079$1712'.
Removing empty process `sha256_w_mem.$proc$/mnt/d/tushar/Downloads/RTL.ai/designs/benchmark_flat.v:5079$1712'.
Found and cleaned up 1 empty switch in `\sha256_w_mem.$proc$/mnt/d/tushar/Downloads/RTL.ai/designs/benchmark_flat.v:5038$1710'.
Removing empty process `sha256_w_mem.$proc$/mnt/d/tushar/Downloads/RTL.ai/designs/benchmark_flat.v:5038$1710'.
Found and cleaned up 1 empty switch in `\sha256_k_constants.$proc$/mnt/d/tushar/Downloads/RTL.ai/designs/benchmark_flat.v:4868$1708'.
Removing empty process `sha256_k_constants.$proc$/mnt/d/tushar/Downloads/RTL.ai/designs/benchmark_flat.v:4868$1708'.
Found and cleaned up 4 empty switches in `\sha256_core.$proc$/mnt/d/tushar/Downloads/RTL.ai/designs/benchmark_flat.v:4722$1706'.
Removing empty process `sha256_core.$proc$/mnt/d/tushar/Downloads/RTL.ai/designs/benchmark_flat.v:4722$1706'.
Found and cleaned up 2 empty switches in `\sha256_core.$proc$/mnt/d/tushar/Downloads/RTL.ai/designs/benchmark_flat.v:4698$1704'.
Removing empty process `sha256_core.$proc$/mnt/d/tushar/Downloads/RTL.ai/designs/benchmark_flat.v:4698$1704'.
Found and cleaned up 4 empty switches in `\sha256_core.$proc$/mnt/d/tushar/Downloads/RTL.ai/designs/benchmark_flat.v:4624$1701'.
Removing empty process `sha256_core.$proc$/mnt/d/tushar/Downloads/RTL.ai/designs/benchmark_flat.v:4624$1701'.
Removing empty process `sha256_core.$proc$/mnt/d/tushar/Downloads/RTL.ai/designs/benchmark_flat.v:4603$1692'.
Removing empty process `sha256_core.$proc$/mnt/d/tushar/Downloads/RTL.ai/designs/benchmark_flat.v:4583$1681'.
Found and cleaned up 3 empty switches in `\sha256_core.$proc$/mnt/d/tushar/Downloads/RTL.ai/designs/benchmark_flat.v:4524$1672'.
Removing empty process `sha256_core.$proc$/mnt/d/tushar/Downloads/RTL.ai/designs/benchmark_flat.v:4524$1672'.
Found and cleaned up 5 empty switches in `\sha256_core.$proc$/mnt/d/tushar/Downloads/RTL.ai/designs/benchmark_flat.v:4456$1670'.
Removing empty process `sha256_core.$proc$/mnt/d/tushar/Downloads/RTL.ai/designs/benchmark_flat.v:4456$1670'.
Found and cleaned up 8 empty switches in `\sha256.$proc$/mnt/d/tushar/Downloads/RTL.ai/designs/benchmark_flat.v:4191$1645'.
Removing empty process `sha256.$proc$/mnt/d/tushar/Downloads/RTL.ai/designs/benchmark_flat.v:4191$1645'.
Found and cleaned up 4 empty switches in `\sha256.$proc$/mnt/d/tushar/Downloads/RTL.ai/designs/benchmark_flat.v:4150$1637'.
Removing empty process `sha256.$proc$/mnt/d/tushar/Downloads/RTL.ai/designs/benchmark_flat.v:4150$1637'.
Removing empty process `sad8x8.$proc$/mnt/d/tushar/Downloads/RTL.ai/designs/benchmark_flat.v:3966$1630'.
Removing empty process `sad8x8.$proc$/mnt/d/tushar/Downloads/RTL.ai/designs/benchmark_flat.v:3966$1625'.
Removing empty process `sad8x8.$proc$/mnt/d/tushar/Downloads/RTL.ai/designs/benchmark_flat.v:3966$1620'.
Removing empty process `sad8x8.$proc$/mnt/d/tushar/Downloads/RTL.ai/designs/benchmark_flat.v:3966$1615'.
Removing empty process `sad8x8.$proc$/mnt/d/tushar/Downloads/RTL.ai/designs/benchmark_flat.v:3966$1610'.
Removing empty process `sad8x8.$proc$/mnt/d/tushar/Downloads/RTL.ai/designs/benchmark_flat.v:3966$1605'.
Removing empty process `sad8x8.$proc$/mnt/d/tushar/Downloads/RTL.ai/designs/benchmark_flat.v:3966$1600'.
Removing empty process `sad8x8.$proc$/mnt/d/tushar/Downloads/RTL.ai/designs/benchmark_flat.v:3966$1595'.
Removing empty process `sad8x8.$proc$/mnt/d/tushar/Downloads/RTL.ai/designs/benchmark_flat.v:3966$1590'.
Removing empty process `sad8x8.$proc$/mnt/d/tushar/Downloads/RTL.ai/designs/benchmark_flat.v:3966$1585'.
Removing empty process `sad8x8.$proc$/mnt/d/tushar/Downloads/RTL.ai/designs/benchmark_flat.v:3966$1580'.
Removing empty process `sad8x8.$proc$/mnt/d/tushar/Downloads/RTL.ai/designs/benchmark_flat.v:3966$1575'.
Removing empty process `sad8x8.$proc$/mnt/d/tushar/Downloads/RTL.ai/designs/benchmark_flat.v:3966$1570'.
Removing empty process `sad8x8.$proc$/mnt/d/tushar/Downloads/RTL.ai/designs/benchmark_flat.v:3966$1565'.
Removing empty process `sad8x8.$proc$/mnt/d/tushar/Downloads/RTL.ai/designs/benchmark_flat.v:3966$1560'.
Removing empty process `sad8x8.$proc$/mnt/d/tushar/Downloads/RTL.ai/designs/benchmark_flat.v:3966$1555'.
Removing empty process `sad8x8.$proc$/mnt/d/tushar/Downloads/RTL.ai/designs/benchmark_flat.v:3966$1550'.
Removing empty process `sad8x8.$proc$/mnt/d/tushar/Downloads/RTL.ai/designs/benchmark_flat.v:3966$1545'.
Removing empty process `sad8x8.$proc$/mnt/d/tushar/Downloads/RTL.ai/designs/benchmark_flat.v:3966$1540'.
Removing empty process `sad8x8.$proc$/mnt/d/tushar/Downloads/RTL.ai/designs/benchmark_flat.v:3966$1535'.
Removing empty process `sad8x8.$proc$/mnt/d/tushar/Downloads/RTL.ai/designs/benchmark_flat.v:3966$1530'.
Removing empty process `sad8x8.$proc$/mnt/d/tushar/Downloads/RTL.ai/designs/benchmark_flat.v:3966$1525'.
Removing empty process `sad8x8.$proc$/mnt/d/tushar/Downloads/RTL.ai/designs/benchmark_flat.v:3966$1520'.
Removing empty process `sad8x8.$proc$/mnt/d/tushar/Downloads/RTL.ai/designs/benchmark_flat.v:3966$1515'.
Removing empty process `sad8x8.$proc$/mnt/d/tushar/Downloads/RTL.ai/designs/benchmark_flat.v:3966$1510'.
Removing empty process `sad8x8.$proc$/mnt/d/tushar/Downloads/RTL.ai/designs/benchmark_flat.v:3966$1505'.
Removing empty process `sad8x8.$proc$/mnt/d/tushar/Downloads/RTL.ai/designs/benchmark_flat.v:3966$1500'.
Removing empty process `sad8x8.$proc$/mnt/d/tushar/Downloads/RTL.ai/designs/benchmark_flat.v:3966$1495'.
Removing empty process `sad8x8.$proc$/mnt/d/tushar/Downloads/RTL.ai/designs/benchmark_flat.v:3966$1490'.
Removing empty process `sad8x8.$proc$/mnt/d/tushar/Downloads/RTL.ai/designs/benchmark_flat.v:3966$1485'.
Removing empty process `sad8x8.$proc$/mnt/d/tushar/Downloads/RTL.ai/designs/benchmark_flat.v:3966$1480'.
Removing empty process `sad8x8.$proc$/mnt/d/tushar/Downloads/RTL.ai/designs/benchmark_flat.v:3966$1475'.
Removing empty process `sad8x8.$proc$/mnt/d/tushar/Downloads/RTL.ai/designs/benchmark_flat.v:3966$1470'.
Removing empty process `sad8x8.$proc$/mnt/d/tushar/Downloads/RTL.ai/designs/benchmark_flat.v:3966$1465'.
Removing empty process `sad8x8.$proc$/mnt/d/tushar/Downloads/RTL.ai/designs/benchmark_flat.v:3966$1460'.
Removing empty process `sad8x8.$proc$/mnt/d/tushar/Downloads/RTL.ai/designs/benchmark_flat.v:3966$1455'.
Removing empty process `sad8x8.$proc$/mnt/d/tushar/Downloads/RTL.ai/designs/benchmark_flat.v:3966$1450'.
Removing empty process `sad8x8.$proc$/mnt/d/tushar/Downloads/RTL.ai/designs/benchmark_flat.v:3966$1445'.
Removing empty process `sad8x8.$proc$/mnt/d/tushar/Downloads/RTL.ai/designs/benchmark_flat.v:3966$1440'.
Removing empty process `sad8x8.$proc$/mnt/d/tushar/Downloads/RTL.ai/designs/benchmark_flat.v:3966$1435'.
Removing empty process `sad8x8.$proc$/mnt/d/tushar/Downloads/RTL.ai/designs/benchmark_flat.v:3966$1430'.
Removing empty process `sad8x8.$proc$/mnt/d/tushar/Downloads/RTL.ai/designs/benchmark_flat.v:3966$1425'.
Removing empty process `sad8x8.$proc$/mnt/d/tushar/Downloads/RTL.ai/designs/benchmark_flat.v:3966$1420'.
Removing empty process `sad8x8.$proc$/mnt/d/tushar/Downloads/RTL.ai/designs/benchmark_flat.v:3966$1415'.
Removing empty process `sad8x8.$proc$/mnt/d/tushar/Downloads/RTL.ai/designs/benchmark_flat.v:3966$1410'.
Removing empty process `sad8x8.$proc$/mnt/d/tushar/Downloads/RTL.ai/designs/benchmark_flat.v:3966$1405'.
Removing empty process `sad8x8.$proc$/mnt/d/tushar/Downloads/RTL.ai/designs/benchmark_flat.v:3966$1400'.
Removing empty process `sad8x8.$proc$/mnt/d/tushar/Downloads/RTL.ai/designs/benchmark_flat.v:3966$1395'.
Removing empty process `sad8x8.$proc$/mnt/d/tushar/Downloads/RTL.ai/designs/benchmark_flat.v:3966$1390'.
Removing empty process `sad8x8.$proc$/mnt/d/tushar/Downloads/RTL.ai/designs/benchmark_flat.v:3966$1385'.
Removing empty process `sad8x8.$proc$/mnt/d/tushar/Downloads/RTL.ai/designs/benchmark_flat.v:3966$1380'.
Removing empty process `sad8x8.$proc$/mnt/d/tushar/Downloads/RTL.ai/designs/benchmark_flat.v:3966$1375'.
Removing empty process `sad8x8.$proc$/mnt/d/tushar/Downloads/RTL.ai/designs/benchmark_flat.v:3966$1370'.
Removing empty process `sad8x8.$proc$/mnt/d/tushar/Downloads/RTL.ai/designs/benchmark_flat.v:3966$1365'.
Removing empty process `sad8x8.$proc$/mnt/d/tushar/Downloads/RTL.ai/designs/benchmark_flat.v:3966$1360'.
Removing empty process `sad8x8.$proc$/mnt/d/tushar/Downloads/RTL.ai/designs/benchmark_flat.v:3966$1355'.
Removing empty process `sad8x8.$proc$/mnt/d/tushar/Downloads/RTL.ai/designs/benchmark_flat.v:3966$1350'.
Removing empty process `sad8x8.$proc$/mnt/d/tushar/Downloads/RTL.ai/designs/benchmark_flat.v:3966$1345'.
Removing empty process `sad8x8.$proc$/mnt/d/tushar/Downloads/RTL.ai/designs/benchmark_flat.v:3966$1340'.
Removing empty process `sad8x8.$proc$/mnt/d/tushar/Downloads/RTL.ai/designs/benchmark_flat.v:3966$1335'.
Removing empty process `sad8x8.$proc$/mnt/d/tushar/Downloads/RTL.ai/designs/benchmark_flat.v:3966$1330'.
Removing empty process `sad8x8.$proc$/mnt/d/tushar/Downloads/RTL.ai/designs/benchmark_flat.v:3966$1325'.
Removing empty process `sad8x8.$proc$/mnt/d/tushar/Downloads/RTL.ai/designs/benchmark_flat.v:3966$1320'.
Removing empty process `sad8x8.$proc$/mnt/d/tushar/Downloads/RTL.ai/designs/benchmark_flat.v:3966$1315'.
Found and cleaned up 1 empty switch in `\sad8x8.$proc$/mnt/d/tushar/Downloads/RTL.ai/designs/benchmark_flat.v:3979$1314'.
Removing empty process `sad8x8.$proc$/mnt/d/tushar/Downloads/RTL.ai/designs/benchmark_flat.v:3979$1314'.
Removing empty process `sad8x8.$proc$/mnt/d/tushar/Downloads/RTL.ai/designs/benchmark_flat.v:3973$1249'.
Found and cleaned up 2 empty switches in `$paramod\clk_divider\DIV=s32'00000000000000000000000000001000.$proc$/mnt/d/tushar/Downloads/RTL.ai/designs/benchmark_flat.v:5198$1914'.
Removing empty process `$paramod\clk_divider\DIV=s32'00000000000000000000000000001000.$proc$/mnt/d/tushar/Downloads/RTL.ai/designs/benchmark_flat.v:5198$1914'.
Found and cleaned up 2 empty switches in `$paramod\clk_divider\DIV=s32'00000000000000000000000000001010.$proc$/mnt/d/tushar/Downloads/RTL.ai/designs/benchmark_flat.v:5198$1910'.
Removing empty process `$paramod\clk_divider\DIV=s32'00000000000000000000000000001010.$proc$/mnt/d/tushar/Downloads/RTL.ai/designs/benchmark_flat.v:5198$1910'.
Found and cleaned up 3 empty switches in `$paramod\cdc_handshake\WIDTH=s32'00000000000000000000000000010000.$proc$/mnt/d/tushar/Downloads/RTL.ai/designs/benchmark_flat.v:5298$1906'.
Removing empty process `$paramod\cdc_handshake\WIDTH=s32'00000000000000000000000000010000.$proc$/mnt/d/tushar/Downloads/RTL.ai/designs/benchmark_flat.v:5298$1906'.
Found and cleaned up 3 empty switches in `$paramod\cdc_handshake\WIDTH=s32'00000000000000000000000000010000.$proc$/mnt/d/tushar/Downloads/RTL.ai/designs/benchmark_flat.v:5267$1903'.
Removing empty process `$paramod\cdc_handshake\WIDTH=s32'00000000000000000000000000010000.$proc$/mnt/d/tushar/Downloads/RTL.ai/designs/benchmark_flat.v:5267$1903'.
Found and cleaned up 5 empty switches in `\picorv32_pcpi_div.$proc$/mnt/d/tushar/Downloads/RTL.ai/designs/benchmark_flat.v:3338$1187'.
Removing empty process `picorv32_pcpi_div.$proc$/mnt/d/tushar/Downloads/RTL.ai/designs/benchmark_flat.v:3338$1187'.
Found and cleaned up 2 empty switches in `\picorv32_pcpi_div.$proc$/mnt/d/tushar/Downloads/RTL.ai/designs/benchmark_flat.v:3312$1177'.
Removing empty process `picorv32_pcpi_div.$proc$/mnt/d/tushar/Downloads/RTL.ai/designs/benchmark_flat.v:3312$1177'.
Found and cleaned up 4 empty switches in `\picorv32_pcpi_fast_mul.$proc$/mnt/d/tushar/Downloads/RTL.ai/designs/benchmark_flat.v:3252$1168'.
Removing empty process `picorv32_pcpi_fast_mul.$proc$/mnt/d/tushar/Downloads/RTL.ai/designs/benchmark_flat.v:3252$1168'.
Found and cleaned up 3 empty switches in `\picorv32_pcpi_fast_mul.$proc$/mnt/d/tushar/Downloads/RTL.ai/designs/benchmark_flat.v:3238$1163'.
Removing empty process `picorv32_pcpi_fast_mul.$proc$/mnt/d/tushar/Downloads/RTL.ai/designs/benchmark_flat.v:3238$1163'.
Found and cleaned up 2 empty switches in `\picorv32_pcpi_fast_mul.$proc$/mnt/d/tushar/Downloads/RTL.ai/designs/benchmark_flat.v:3222$1161'.
Removing empty process `picorv32_pcpi_fast_mul.$proc$/mnt/d/tushar/Downloads/RTL.ai/designs/benchmark_flat.v:3222$1161'.
Removing empty process `ddc.$proc$/mnt/d/tushar/Downloads/RTL.ai/designs/benchmark_flat.v:202$1902'.
Removing empty process `ddc.$proc$/mnt/d/tushar/Downloads/RTL.ai/designs/benchmark_flat.v:201$1901'.
Removing empty process `ddc.$proc$/mnt/d/tushar/Downloads/RTL.ai/designs/benchmark_flat.v:202$1900'.
Removing empty process `ddc.$proc$/mnt/d/tushar/Downloads/RTL.ai/designs/benchmark_flat.v:201$1899'.
Removing empty process `ddc.$proc$/mnt/d/tushar/Downloads/RTL.ai/designs/benchmark_flat.v:185$1898'.
Removing empty process `ddc.$proc$/mnt/d/tushar/Downloads/RTL.ai/designs/benchmark_flat.v:184$1897'.
Found and cleaned up 1 empty switch in `\ddc.$proc$/mnt/d/tushar/Downloads/RTL.ai/designs/benchmark_flat.v:173$1896'.
Removing empty process `ddc.$proc$/mnt/d/tushar/Downloads/RTL.ai/designs/benchmark_flat.v:173$1896'.
Found and cleaned up 2 empty switches in `$paramod\clk_divider\DIV=s32'00000000000000000000000000000010.$proc$/mnt/d/tushar/Downloads/RTL.ai/designs/benchmark_flat.v:5198$1926'.
Removing empty process `$paramod\clk_divider\DIV=s32'00000000000000000000000000000010.$proc$/mnt/d/tushar/Downloads/RTL.ai/designs/benchmark_flat.v:5198$1926'.
Found and cleaned up 54 empty switches in `\picorv32.$proc$/mnt/d/tushar/Downloads/RTL.ai/designs/benchmark_flat.v:2276$907'.
Removing empty process `picorv32.$proc$/mnt/d/tushar/Downloads/RTL.ai/designs/benchmark_flat.v:2276$907'.
Removing empty process `picorv32.$proc$/mnt/d/tushar/Downloads/RTL.ai/designs/benchmark_flat.v:2222$892'.
Found and cleaned up 1 empty switch in `\picorv32.$proc$/mnt/d/tushar/Downloads/RTL.ai/designs/benchmark_flat.v:2211$883'.
Removing empty process `picorv32.$proc$/mnt/d/tushar/Downloads/RTL.ai/designs/benchmark_flat.v:2211$883'.
Found and cleaned up 2 empty switches in `\picorv32.$proc$/mnt/d/tushar/Downloads/RTL.ai/designs/benchmark_flat.v:2183$871'.
Removing empty process `picorv32.$proc$/mnt/d/tushar/Downloads/RTL.ai/designs/benchmark_flat.v:2183$871'.
Found and cleaned up 2 empty switches in `\picorv32.$proc$/mnt/d/tushar/Downloads/RTL.ai/designs/benchmark_flat.v:2169$866'.
Removing empty process `picorv32.$proc$/mnt/d/tushar/Downloads/RTL.ai/designs/benchmark_flat.v:2169$866'.
Removing empty process `picorv32.$proc$/mnt/d/tushar/Downloads/RTL.ai/designs/benchmark_flat.v:2167$865'.
Found and cleaned up 2 empty switches in `\picorv32.$proc$/mnt/d/tushar/Downloads/RTL.ai/designs/benchmark_flat.v:2123$843'.
Removing empty process `picorv32.$proc$/mnt/d/tushar/Downloads/RTL.ai/designs/benchmark_flat.v:2123$843'.
Found and cleaned up 8 empty switches in `\picorv32.$proc$/mnt/d/tushar/Downloads/RTL.ai/designs/benchmark_flat.v:2060$831'.
Removing empty process `picorv32.$proc$/mnt/d/tushar/Downloads/RTL.ai/designs/benchmark_flat.v:2060$831'.
Found and cleaned up 22 empty switches in `\picorv32.$proc$/mnt/d/tushar/Downloads/RTL.ai/designs/benchmark_flat.v:1732$568'.
Removing empty process `picorv32.$proc$/mnt/d/tushar/Downloads/RTL.ai/designs/benchmark_flat.v:1732$568'.
Found and cleaned up 3 empty switches in `\picorv32.$proc$/mnt/d/tushar/Downloads/RTL.ai/designs/benchmark_flat.v:1683$566'.
Removing empty process `picorv32.$proc$/mnt/d/tushar/Downloads/RTL.ai/designs/benchmark_flat.v:1683$566'.
Found and cleaned up 5 empty switches in `\picorv32.$proc$/mnt/d/tushar/Downloads/RTL.ai/designs/benchmark_flat.v:1652$562'.
Removing empty process `picorv32.$proc$/mnt/d/tushar/Downloads/RTL.ai/designs/benchmark_flat.v:1652$562'.
Found and cleaned up 48 empty switches in `\picorv32.$proc$/mnt/d/tushar/Downloads/RTL.ai/designs/benchmark_flat.v:1575$561'.
Removing empty process `picorv32.$proc$/mnt/d/tushar/Downloads/RTL.ai/designs/benchmark_flat.v:1575$561'.
Found and cleaned up 16 empty switches in `\picorv32.$proc$/mnt/d/tushar/Downloads/RTL.ai/designs/benchmark_flat.v:1439$537'.
Removing empty process `picorv32.$proc$/mnt/d/tushar/Downloads/RTL.ai/designs/benchmark_flat.v:1439$537'.
Removing empty process `picorv32.$proc$/mnt/d/tushar/Downloads/RTL.ai/designs/benchmark_flat.v:2113$1069'.
Found and cleaned up 19 empty switches in `\picorv32.$proc$/mnt/d/tushar/Downloads/RTL.ai/designs/benchmark_flat.v:1304$499'.
Removing empty process `picorv32.$proc$/mnt/d/tushar/Downloads/RTL.ai/designs/benchmark_flat.v:1304$499'.
Found and cleaned up 3 empty switches in `\picorv32.$proc$/mnt/d/tushar/Downloads/RTL.ai/designs/benchmark_flat.v:1275$496'.
Removing empty process `picorv32.$proc$/mnt/d/tushar/Downloads/RTL.ai/designs/benchmark_flat.v:1275$496'.
Found and cleaned up 2 empty switches in `\picorv32.$proc$/mnt/d/tushar/Downloads/RTL.ai/designs/benchmark_flat.v:1264$491'.
Removing empty process `picorv32.$proc$/mnt/d/tushar/Downloads/RTL.ai/designs/benchmark_flat.v:1264$491'.
Found and cleaned up 1 empty switch in `\picorv32.$proc$/mnt/d/tushar/Downloads/RTL.ai/designs/benchmark_flat.v:1199$417'.
Removing empty process `picorv32.$proc$/mnt/d/tushar/Downloads/RTL.ai/designs/benchmark_flat.v:1199$417'.
Found and cleaned up 1 empty switch in `\ddc_sinrom.$proc$/mnt/d/tushar/Downloads/RTL.ai/designs/benchmark_flat.v:613$402'.
Removing empty process `ddc_sinrom.$proc$/mnt/d/tushar/Downloads/RTL.ai/designs/benchmark_flat.v:613$402'.
Found and cleaned up 2 empty switches in `$paramod$33682cd1d05634ea6014b34575d141b8a856657a\ddc_mixer.$proc$/mnt/d/tushar/Downloads/RTL.ai/designs/benchmark_flat.v:530$1886'.
Removing empty process `$paramod$33682cd1d05634ea6014b34575d141b8a856657a\ddc_mixer.$proc$/mnt/d/tushar/Downloads/RTL.ai/designs/benchmark_flat.v:530$1886'.
Removing empty process `$paramod$498463d264968bc81db47baec170cc0cc7a42680\ddc_cic.$proc$/mnt/d/tushar/Downloads/RTL.ai/designs/benchmark_flat.v:340$1868'.
Removing empty process `$paramod$498463d264968bc81db47baec170cc0cc7a42680\ddc_cic.$proc$/mnt/d/tushar/Downloads/RTL.ai/designs/benchmark_flat.v:340$1866'.
Removing empty process `$paramod$498463d264968bc81db47baec170cc0cc7a42680\ddc_cic.$proc$/mnt/d/tushar/Downloads/RTL.ai/designs/benchmark_flat.v:340$1864'.
Removing empty process `$paramod$498463d264968bc81db47baec170cc0cc7a42680\ddc_cic.$proc$/mnt/d/tushar/Downloads/RTL.ai/designs/benchmark_flat.v:340$1862'.
Removing empty process `$paramod$498463d264968bc81db47baec170cc0cc7a42680\ddc_cic.$proc$/mnt/d/tushar/Downloads/RTL.ai/designs/benchmark_flat.v:290$1861'.
Removing empty process `$paramod$498463d264968bc81db47baec170cc0cc7a42680\ddc_cic.$proc$/mnt/d/tushar/Downloads/RTL.ai/designs/benchmark_flat.v:290$1860'.
Removing empty process `$paramod$498463d264968bc81db47baec170cc0cc7a42680\ddc_cic.$proc$/mnt/d/tushar/Downloads/RTL.ai/designs/benchmark_flat.v:290$1859'.
Removing empty process `$paramod$498463d264968bc81db47baec170cc0cc7a42680\ddc_cic.$proc$/mnt/d/tushar/Downloads/RTL.ai/designs/benchmark_flat.v:290$1858'.
Removing empty process `$paramod$498463d264968bc81db47baec170cc0cc7a42680\ddc_cic.$proc$/mnt/d/tushar/Downloads/RTL.ai/designs/benchmark_flat.v:319$1857'.
Removing empty process `$paramod$498463d264968bc81db47baec170cc0cc7a42680\ddc_cic.$proc$/mnt/d/tushar/Downloads/RTL.ai/designs/benchmark_flat.v:275$1856'.
Found and cleaned up 2 empty switches in `$paramod$498463d264968bc81db47baec170cc0cc7a42680\ddc_cic.$proc$/mnt/d/tushar/Downloads/RTL.ai/designs/benchmark_flat.v:329$1855'.
Removing empty process `$paramod$498463d264968bc81db47baec170cc0cc7a42680\ddc_cic.$proc$/mnt/d/tushar/Downloads/RTL.ai/designs/benchmark_flat.v:329$1855'.
Found and cleaned up 2 empty switches in `$paramod$498463d264968bc81db47baec170cc0cc7a42680\ddc_cic.$proc$/mnt/d/tushar/Downloads/RTL.ai/designs/benchmark_flat.v:329$1854'.
Removing empty process `$paramod$498463d264968bc81db47baec170cc0cc7a42680\ddc_cic.$proc$/mnt/d/tushar/Downloads/RTL.ai/designs/benchmark_flat.v:329$1854'.
Found and cleaned up 2 empty switches in `$paramod$498463d264968bc81db47baec170cc0cc7a42680\ddc_cic.$proc$/mnt/d/tushar/Downloads/RTL.ai/designs/benchmark_flat.v:329$1853'.
Removing empty process `$paramod$498463d264968bc81db47baec170cc0cc7a42680\ddc_cic.$proc$/mnt/d/tushar/Downloads/RTL.ai/designs/benchmark_flat.v:329$1853'.
Found and cleaned up 2 empty switches in `$paramod$498463d264968bc81db47baec170cc0cc7a42680\ddc_cic.$proc$/mnt/d/tushar/Downloads/RTL.ai/designs/benchmark_flat.v:329$1852'.
Removing empty process `$paramod$498463d264968bc81db47baec170cc0cc7a42680\ddc_cic.$proc$/mnt/d/tushar/Downloads/RTL.ai/designs/benchmark_flat.v:329$1852'.
Found and cleaned up 2 empty switches in `$paramod$498463d264968bc81db47baec170cc0cc7a42680\ddc_cic.$proc$/mnt/d/tushar/Downloads/RTL.ai/designs/benchmark_flat.v:284$1850'.
Removing empty process `$paramod$498463d264968bc81db47baec170cc0cc7a42680\ddc_cic.$proc$/mnt/d/tushar/Downloads/RTL.ai/designs/benchmark_flat.v:284$1850'.
Found and cleaned up 2 empty switches in `$paramod$498463d264968bc81db47baec170cc0cc7a42680\ddc_cic.$proc$/mnt/d/tushar/Downloads/RTL.ai/designs/benchmark_flat.v:284$1848'.
Removing empty process `$paramod$498463d264968bc81db47baec170cc0cc7a42680\ddc_cic.$proc$/mnt/d/tushar/Downloads/RTL.ai/designs/benchmark_flat.v:284$1848'.
Found and cleaned up 2 empty switches in `$paramod$498463d264968bc81db47baec170cc0cc7a42680\ddc_cic.$proc$/mnt/d/tushar/Downloads/RTL.ai/designs/benchmark_flat.v:284$1846'.
Removing empty process `$paramod$498463d264968bc81db47baec170cc0cc7a42680\ddc_cic.$proc$/mnt/d/tushar/Downloads/RTL.ai/designs/benchmark_flat.v:284$1846'.
Found and cleaned up 2 empty switches in `$paramod$498463d264968bc81db47baec170cc0cc7a42680\ddc_cic.$proc$/mnt/d/tushar/Downloads/RTL.ai/designs/benchmark_flat.v:284$1844'.
Removing empty process `$paramod$498463d264968bc81db47baec170cc0cc7a42680\ddc_cic.$proc$/mnt/d/tushar/Downloads/RTL.ai/designs/benchmark_flat.v:284$1844'.
Found and cleaned up 2 empty switches in `$paramod$498463d264968bc81db47baec170cc0cc7a42680\ddc_cic.$proc$/mnt/d/tushar/Downloads/RTL.ai/designs/benchmark_flat.v:349$1843'.
Removing empty process `$paramod$498463d264968bc81db47baec170cc0cc7a42680\ddc_cic.$proc$/mnt/d/tushar/Downloads/RTL.ai/designs/benchmark_flat.v:349$1843'.
Found and cleaned up 4 empty switches in `$paramod$498463d264968bc81db47baec170cc0cc7a42680\ddc_cic.$proc$/mnt/d/tushar/Downloads/RTL.ai/designs/benchmark_flat.v:298$1839'.
Removing empty process `$paramod$498463d264968bc81db47baec170cc0cc7a42680\ddc_cic.$proc$/mnt/d/tushar/Downloads/RTL.ai/designs/benchmark_flat.v:298$1839'.
Removing empty process `$paramod$6b2e5777348611c38df4110cba65fe3615d0b62c\ddc_fir.$proc$/mnt/d/tushar/Downloads/RTL.ai/designs/benchmark_flat.v:434$1836'.
Removing empty process `$paramod$6b2e5777348611c38df4110cba65fe3615d0b62c\ddc_fir.$proc$/mnt/d/tushar/Downloads/RTL.ai/designs/benchmark_flat.v:434$1834'.
Removing empty process `$paramod$6b2e5777348611c38df4110cba65fe3615d0b62c\ddc_fir.$proc$/mnt/d/tushar/Downloads/RTL.ai/designs/benchmark_flat.v:434$1832'.
Removing empty process `$paramod$6b2e5777348611c38df4110cba65fe3615d0b62c\ddc_fir.$proc$/mnt/d/tushar/Downloads/RTL.ai/designs/benchmark_flat.v:434$1830'.
Removing empty process `$paramod$6b2e5777348611c38df4110cba65fe3615d0b62c\ddc_fir.$proc$/mnt/d/tushar/Downloads/RTL.ai/designs/benchmark_flat.v:434$1828'.
Removing empty process `$paramod$6b2e5777348611c38df4110cba65fe3615d0b62c\ddc_fir.$proc$/mnt/d/tushar/Downloads/RTL.ai/designs/benchmark_flat.v:434$1826'.
Removing empty process `$paramod$6b2e5777348611c38df4110cba65fe3615d0b62c\ddc_fir.$proc$/mnt/d/tushar/Downloads/RTL.ai/designs/benchmark_flat.v:434$1824'.
Removing empty process `$paramod$6b2e5777348611c38df4110cba65fe3615d0b62c\ddc_fir.$proc$/mnt/d/tushar/Downloads/RTL.ai/designs/benchmark_flat.v:434$1822'.
Removing empty process `$paramod$6b2e5777348611c38df4110cba65fe3615d0b62c\ddc_fir.$proc$/mnt/d/tushar/Downloads/RTL.ai/designs/benchmark_flat.v:434$1820'.
Removing empty process `$paramod$6b2e5777348611c38df4110cba65fe3615d0b62c\ddc_fir.$proc$/mnt/d/tushar/Downloads/RTL.ai/designs/benchmark_flat.v:434$1818'.
Removing empty process `$paramod$6b2e5777348611c38df4110cba65fe3615d0b62c\ddc_fir.$proc$/mnt/d/tushar/Downloads/RTL.ai/designs/benchmark_flat.v:434$1816'.
Removing empty process `$paramod$6b2e5777348611c38df4110cba65fe3615d0b62c\ddc_fir.$proc$/mnt/d/tushar/Downloads/RTL.ai/designs/benchmark_flat.v:434$1814'.
Removing empty process `$paramod$6b2e5777348611c38df4110cba65fe3615d0b62c\ddc_fir.$proc$/mnt/d/tushar/Downloads/RTL.ai/designs/benchmark_flat.v:434$1812'.
Removing empty process `$paramod$6b2e5777348611c38df4110cba65fe3615d0b62c\ddc_fir.$proc$/mnt/d/tushar/Downloads/RTL.ai/designs/benchmark_flat.v:434$1810'.
Removing empty process `$paramod$6b2e5777348611c38df4110cba65fe3615d0b62c\ddc_fir.$proc$/mnt/d/tushar/Downloads/RTL.ai/designs/benchmark_flat.v:434$1808'.
Removing empty process `$paramod$6b2e5777348611c38df4110cba65fe3615d0b62c\ddc_fir.$proc$/mnt/d/tushar/Downloads/RTL.ai/designs/benchmark_flat.v:424$1806'.
Removing empty process `$paramod$6b2e5777348611c38df4110cba65fe3615d0b62c\ddc_fir.$proc$/mnt/d/tushar/Downloads/RTL.ai/designs/benchmark_flat.v:424$1804'.
Removing empty process `$paramod$6b2e5777348611c38df4110cba65fe3615d0b62c\ddc_fir.$proc$/mnt/d/tushar/Downloads/RTL.ai/designs/benchmark_flat.v:424$1802'.
Removing empty process `$paramod$6b2e5777348611c38df4110cba65fe3615d0b62c\ddc_fir.$proc$/mnt/d/tushar/Downloads/RTL.ai/designs/benchmark_flat.v:424$1800'.
Removing empty process `$paramod$6b2e5777348611c38df4110cba65fe3615d0b62c\ddc_fir.$proc$/mnt/d/tushar/Downloads/RTL.ai/designs/benchmark_flat.v:424$1798'.
Removing empty process `$paramod$6b2e5777348611c38df4110cba65fe3615d0b62c\ddc_fir.$proc$/mnt/d/tushar/Downloads/RTL.ai/designs/benchmark_flat.v:424$1796'.
Removing empty process `$paramod$6b2e5777348611c38df4110cba65fe3615d0b62c\ddc_fir.$proc$/mnt/d/tushar/Downloads/RTL.ai/designs/benchmark_flat.v:424$1794'.
Removing empty process `$paramod$6b2e5777348611c38df4110cba65fe3615d0b62c\ddc_fir.$proc$/mnt/d/tushar/Downloads/RTL.ai/designs/benchmark_flat.v:424$1792'.
Removing empty process `$paramod$6b2e5777348611c38df4110cba65fe3615d0b62c\ddc_fir.$proc$/mnt/d/tushar/Downloads/RTL.ai/designs/benchmark_flat.v:424$1790'.
Removing empty process `$paramod$6b2e5777348611c38df4110cba65fe3615d0b62c\ddc_fir.$proc$/mnt/d/tushar/Downloads/RTL.ai/designs/benchmark_flat.v:424$1788'.
Removing empty process `$paramod$6b2e5777348611c38df4110cba65fe3615d0b62c\ddc_fir.$proc$/mnt/d/tushar/Downloads/RTL.ai/designs/benchmark_flat.v:424$1786'.
Removing empty process `$paramod$6b2e5777348611c38df4110cba65fe3615d0b62c\ddc_fir.$proc$/mnt/d/tushar/Downloads/RTL.ai/designs/benchmark_flat.v:424$1784'.
Removing empty process `$paramod$6b2e5777348611c38df4110cba65fe3615d0b62c\ddc_fir.$proc$/mnt/d/tushar/Downloads/RTL.ai/designs/benchmark_flat.v:424$1782'.
Removing empty process `$paramod$6b2e5777348611c38df4110cba65fe3615d0b62c\ddc_fir.$proc$/mnt/d/tushar/Downloads/RTL.ai/designs/benchmark_flat.v:424$1780'.
Removing empty process `$paramod$6b2e5777348611c38df4110cba65fe3615d0b62c\ddc_fir.$proc$/mnt/d/tushar/Downloads/RTL.ai/designs/benchmark_flat.v:424$1778'.
Removing empty process `$paramod$6b2e5777348611c38df4110cba65fe3615d0b62c\ddc_fir.$proc$/mnt/d/tushar/Downloads/RTL.ai/designs/benchmark_flat.v:430$1777'.
Found and cleaned up 2 empty switches in `$paramod$6b2e5777348611c38df4110cba65fe3615d0b62c\ddc_fir.$proc$/mnt/d/tushar/Downloads/RTL.ai/designs/benchmark_flat.v:450$1776'.
Removing empty process `$paramod$6b2e5777348611c38df4110cba65fe3615d0b62c\ddc_fir.$proc$/mnt/d/tushar/Downloads/RTL.ai/designs/benchmark_flat.v:450$1776'.
Found and cleaned up 1 empty switch in `\benchmark_top.$proc$/mnt/d/tushar/Downloads/RTL.ai/designs/benchmark_flat.v:5564$1768'.
Removing empty process `benchmark_top.$proc$/mnt/d/tushar/Downloads/RTL.ai/designs/benchmark_flat.v:5564$1768'.
Found and cleaned up 1 empty switch in `\benchmark_top.$proc$/mnt/d/tushar/Downloads/RTL.ai/designs/benchmark_flat.v:5546$1761'.
Removing empty process `benchmark_top.$proc$/mnt/d/tushar/Downloads/RTL.ai/designs/benchmark_flat.v:5546$1761'.
Found and cleaned up 1 empty switch in `\benchmark_top.$proc$/mnt/d/tushar/Downloads/RTL.ai/designs/benchmark_flat.v:5521$1760'.
Removing empty process `benchmark_top.$proc$/mnt/d/tushar/Downloads/RTL.ai/designs/benchmark_flat.v:5521$1760'.
Found and cleaned up 1 empty switch in `\benchmark_top.$proc$/mnt/d/tushar/Downloads/RTL.ai/designs/benchmark_flat.v:5501$1758'.
Removing empty process `benchmark_top.$proc$/mnt/d/tushar/Downloads/RTL.ai/designs/benchmark_flat.v:5501$1758'.
Found and cleaned up 1 empty switch in `\benchmark_top.$proc$/mnt/d/tushar/Downloads/RTL.ai/designs/benchmark_flat.v:5480$1755'.
Removing empty process `benchmark_top.$proc$/mnt/d/tushar/Downloads/RTL.ai/designs/benchmark_flat.v:5480$1755'.
Found and cleaned up 1 empty switch in `\benchmark_top.$proc$/mnt/d/tushar/Downloads/RTL.ai/designs/benchmark_flat.v:5459$1753'.
Removing empty process `benchmark_top.$proc$/mnt/d/tushar/Downloads/RTL.ai/designs/benchmark_flat.v:5459$1753'.
Found and cleaned up 2 empty switches in `$paramod$8af8dc0d438d0d364592a69345da95ce450509b0\ddc_nco.$proc$/mnt/d/tushar/Downloads/RTL.ai/designs/benchmark_flat.v:589$1888'.
Removing empty process `$paramod$8af8dc0d438d0d364592a69345da95ce450509b0\ddc_nco.$proc$/mnt/d/tushar/Downloads/RTL.ai/designs/benchmark_flat.v:589$1888'.
Found and cleaned up 3 empty switches in `\crc32.$proc$/mnt/d/tushar/Downloads/RTL.ai/designs/benchmark_flat.v:69$276'.
Removing empty process `crc32.$proc$/mnt/d/tushar/Downloads/RTL.ai/designs/benchmark_flat.v:69$276'.
Found and cleaned up 1 empty switch in `\crc32.$proc$/mnt/d/tushar/Downloads/RTL.ai/designs/benchmark_flat.v:57$15'.
Removing empty process `crc32.$proc$/mnt/d/tushar/Downloads/RTL.ai/designs/benchmark_flat.v:57$15'.
Cleaned up 298 empty switches.

3.12. Executing OPT_EXPR pass (perform const folding).
Optimizing module reset_sync.
<suppressed ~2 debug messages>
Optimizing module $paramod\clk_divider\DIV=s32'00000000000000000000000000000100.
Optimizing module cdc_sync.
Optimizing module $paramod\clk_divider\DIV=s32'00000000000000000000000000000110.
Optimizing module sha256_w_mem.
<suppressed ~35 debug messages>
Optimizing module sha256_k_constants.
Optimizing module sha256_core.
<suppressed ~64 debug messages>
Optimizing module sha256.
<suppressed ~53 debug messages>
Optimizing module sad8x8.
Optimizing module $paramod\clk_divider\DIV=s32'00000000000000000000000000001000.
Optimizing module $paramod\clk_divider\DIV=s32'00000000000000000000000000001010.
Optimizing module $paramod\cdc_handshake\WIDTH=s32'00000000000000000000000000010000.
<suppressed ~2 debug messages>
Optimizing module picorv32_pcpi_div.
<suppressed ~12 debug messages>
Optimizing module picorv32_pcpi_fast_mul.
<suppressed ~12 debug messages>
Optimizing module ddc.
Optimizing module $paramod\clk_divider\DIV=s32'00000000000000000000000000000010.
<suppressed ~1 debug messages>
Optimizing module picorv32.
<suppressed ~510 debug messages>
Optimizing module ddc_sinrom.
Optimizing module $paramod$33682cd1d05634ea6014b34575d141b8a856657a\ddc_mixer.
<suppressed ~2 debug messages>
Optimizing module $paramod$498463d264968bc81db47baec170cc0cc7a42680\ddc_cic.
<suppressed ~2 debug messages>
Optimizing module $paramod$6b2e5777348611c38df4110cba65fe3615d0b62c\ddc_fir.
<suppressed ~1 debug messages>
Optimizing module benchmark_top.
Optimizing module $paramod$8af8dc0d438d0d364592a69345da95ce450509b0\ddc_nco.
Optimizing module crc32.
<suppressed ~130 debug messages>

4. Executing FLATTEN pass (flatten design).
Deleting now unused module reset_sync.
Deleting now unused module $paramod\clk_divider\DIV=s32'00000000000000000000000000000100.
Deleting now unused module cdc_sync.
Deleting now unused module $paramod\clk_divider\DIV=s32'00000000000000000000000000000110.
Deleting now unused module sha256_w_mem.
Deleting now unused module sha256_k_constants.
Deleting now unused module sha256_core.
Deleting now unused module sha256.
Deleting now unused module sad8x8.
Deleting now unused module $paramod\clk_divider\DIV=s32'00000000000000000000000000001000.
Deleting now unused module $paramod\clk_divider\DIV=s32'00000000000000000000000000001010.
Deleting now unused module $paramod\cdc_handshake\WIDTH=s32'00000000000000000000000000010000.
Deleting now unused module picorv32_pcpi_div.
Deleting now unused module picorv32_pcpi_fast_mul.
Deleting now unused module ddc.
Deleting now unused module $paramod\clk_divider\DIV=s32'00000000000000000000000000000010.
Deleting now unused module picorv32.
Deleting now unused module ddc_sinrom.
Deleting now unused module $paramod$33682cd1d05634ea6014b34575d141b8a856657a\ddc_mixer.
Deleting now unused module $paramod$498463d264968bc81db47baec170cc0cc7a42680\ddc_cic.
Deleting now unused module $paramod$6b2e5777348611c38df4110cba65fe3615d0b62c\ddc_fir.
Deleting now unused module $paramod$8af8dc0d438d0d364592a69345da95ce450509b0\ddc_nco.
Deleting now unused module crc32.
<suppressed ~36 debug messages>

5. Executing OPT_CLEAN pass (remove unused cells and wires).
Finding unused cells or wires in module \benchmark_top..
Removed 498 unused cells and 3931 unused wires.
<suppressed ~595 debug messages>
Renaming module \benchmark_top to \gold.

6. Executing Verilog-2005 frontend: /mnt/d/tushar/Downloads/RTL.ai/designs/benchmark_flat.v
Parsing SystemVerilog input from `/mnt/d/tushar/Downloads/RTL.ai/designs/benchmark_flat.v' to AST representation.
Generating RTLIL representation for module `\crc32'.
Warning: Replacing memory \c_tap with list of registers. See /mnt/d/tushar/Downloads/RTL.ai/designs/benchmark_flat.v:60, /mnt/d/tushar/Downloads/RTL.ai/designs/benchmark_flat.v:58
Generating RTLIL representation for module `\ddc'.
Generating RTLIL representation for module `\ddc_cic'.
Warning: Replacing memory \g_comb[3].dly with list of registers. See /mnt/d/tushar/Downloads/RTL.ai/designs/benchmark_flat.v:332
Warning: Replacing memory \g_comb[2].dly with list of registers. See /mnt/d/tushar/Downloads/RTL.ai/designs/benchmark_flat.v:332
Warning: Replacing memory \g_comb[1].dly with list of registers. See /mnt/d/tushar/Downloads/RTL.ai/designs/benchmark_flat.v:332
Warning: Replacing memory \g_comb[0].dly with list of registers. See /mnt/d/tushar/Downloads/RTL.ai/designs/benchmark_flat.v:332
Generating RTLIL representation for module `\ddc_fir'.
Warning: Replacing memory \shift with list of registers. See /mnt/d/tushar/Downloads/RTL.ai/designs/benchmark_flat.v:453
Generating RTLIL representation for module `\ddc_mixer'.
Generating RTLIL representation for module `\ddc_nco'.
Generating RTLIL representation for module `\ddc_sinrom'.
Generating RTLIL representation for module `\picorv32'.
Generating RTLIL representation for module `\picorv32_regs'.
Generating RTLIL representation for module `\picorv32_pcpi_mul'.
Generating RTLIL representation for module `\picorv32_pcpi_fast_mul'.
Generating RTLIL representation for module `\picorv32_pcpi_div'.
Generating RTLIL representation for module `\picorv32_axi'.
Generating RTLIL representation for module `\picorv32_axi_adapter'.
Generating RTLIL representation for module `\picorv32_wb'.
Generating RTLIL representation for module `\sad8x8'.
Generating RTLIL representation for module `\sha256'.
Warning: Replacing memory \block_reg with list of registers. See /mnt/d/tushar/Downloads/RTL.ai/designs/benchmark_flat.v:4157
Generating RTLIL representation for module `\sha256_core'.
Generating RTLIL representation for module `\sha256_k_constants'.
Generating RTLIL representation for module `\sha256_w_mem'.
Warning: Replacing memory \w_mem with list of registers. See /mnt/d/tushar/Downloads/RTL.ai/designs/benchmark_flat.v:5045
Generating RTLIL representation for module `\clk_divider'.
Generating RTLIL representation for module `\cdc_sync'.
Generating RTLIL representation for module `\cdc_handshake'.
Generating RTLIL representation for module `\reset_sync'.
Generating RTLIL representation for module `\benchmark_top'.
Successfully finished Verilog frontend.

7. Executing HIERARCHY pass (managing design hierarchy).

7.1. Analyzing design hierarchy..
Top module:  \benchmark_top
Used module:     \cdc_handshake
Used module:         \cdc_sync
Used module:     \crc32
Used module:     \ddc
Used module:         \ddc_fir
Used module:         \ddc_cic
Used module:         \ddc_mixer
Used module:         \ddc_nco
Used module:             \ddc_sinrom
Used module:     \sad8x8
Used module:     \sha256
Used module:         \sha256_core
Used module:             \sha256_w_mem
Used module:             \sha256_k_constants
Used module:     \picorv32
Used module:         \picorv32_pcpi_div
Used module:         \picorv32_pcpi_fast_mul
Used module:     \clk_divider
Used module:     \reset_sync
Parameter \WIDTH = 16

7.2. Executing AST frontend in derive mode using pre-parsed AST for module `\cdc_handshake'.
Parameter \WIDTH = 16
Generating RTLIL representation for module `$paramod\cdc_handshake\WIDTH=s32'00000000000000000000000000010000'.
Parameter \WIDTH = 16
Found cached RTLIL representation for module `$paramod\cdc_handshake\WIDTH=s32'00000000000000000000000000010000'.
Parameter \WIDTH = 16
Found cached RTLIL representation for module `$paramod\cdc_handshake\WIDTH=s32'00000000000000000000000000010000'.
Parameter \WIDTH = 16
Found cached RTLIL representation for module `$paramod\cdc_handshake\WIDTH=s32'00000000000000000000000000010000'.
Parameter \WIDTH = 16
Found cached RTLIL representation for module `$paramod\cdc_handshake\WIDTH=s32'00000000000000000000000000010000'.
Parameter \DIV = 10

7.3. Executing AST frontend in derive mode using pre-parsed AST for module `\clk_divider'.
Parameter \DIV = 10
Generating RTLIL representation for module `$paramod\clk_divider\DIV=s32'00000000000000000000000000001010'.
Parameter \DIV = 8

7.4. Executing AST frontend in derive mode using pre-parsed AST for module `\clk_divider'.
Parameter \DIV = 8
Generating RTLIL representation for module `$paramod\clk_divider\DIV=s32'00000000000000000000000000001000'.
Parameter \DIV = 6

7.5. Executing AST frontend in derive mode using pre-parsed AST for module `\clk_divider'.
Parameter \DIV = 6
Generating RTLIL representation for module `$paramod\clk_divider\DIV=s32'00000000000000000000000000000110'.
Parameter \DIV = 4

7.6. Executing AST frontend in derive mode using pre-parsed AST for module `\clk_divider'.
Parameter \DIV = 4
Generating RTLIL representation for module `$paramod\clk_divider\DIV=s32'00000000000000000000000000000100'.
Parameter \DIV = 2

7.7. Executing AST frontend in derive mode using pre-parsed AST for module `\clk_divider'.
Parameter \DIV = 2
Generating RTLIL representation for module `$paramod\clk_divider\DIV=s32'00000000000000000000000000000010'.
Parameter \IQW = 16
Parameter \OUTW = 16
Parameter \CW = 16
Parameter \NTAP = 15
Parameter \H = 240'000000000000000000000000000000000000000000000000000000000000000000000000000000000000000000000000000000000000000001111111111111110000000000000000000000000000000000000000000000000000000000000000000000000000000000000000000000000000000000000000

7.8. Executing AST frontend in derive mode using pre-parsed AST for module `\ddc_fir'.
Parameter \IQW = 16
Parameter \OUTW = 16
Parameter \CW = 16
Parameter \NTAP = 15
Parameter \H = 240'000000000000000000000000000000000000000000000000000000000000000000000000000000000000000000000000000000000000000001111111111111110000000000000000000000000000000000000000000000000000000000000000000000000000000000000000000000000000000000000000
Generating RTLIL representation for module `$paramod$6b2e5777348611c38df4110cba65fe3615d0b62c\ddc_fir'.
Warning: Replacing memory \shift with list of registers. See /mnt/d/tushar/Downloads/RTL.ai/designs/benchmark_flat.v:453
Parameter \IQW = 16
Parameter \STAGES = 4
Parameter \R = 8
Parameter \M = 1

7.9. Executing AST frontend in derive mode using pre-parsed AST for module `\ddc_cic'.
Parameter \IQW = 16
Parameter \STAGES = 4
Parameter \R = 8
Parameter \M = 1
Generating RTLIL representation for module `$paramod$498463d264968bc81db47baec170cc0cc7a42680\ddc_cic'.
Warning: Replacing memory \g_comb[3].dly with list of registers. See /mnt/d/tushar/Downloads/RTL.ai/designs/benchmark_flat.v:332
Warning: Replacing memory \g_comb[2].dly with list of registers. See /mnt/d/tushar/Downloads/RTL.ai/designs/benchmark_flat.v:332
Warning: Replacing memory \g_comb[1].dly with list of registers. See /mnt/d/tushar/Downloads/RTL.ai/designs/benchmark_flat.v:332
Warning: Replacing memory \g_comb[0].dly with list of registers. See /mnt/d/tushar/Downloads/RTL.ai/designs/benchmark_flat.v:332
Parameter \IQW = 16
Parameter \OUTW = 16
Parameter \CW = 16
Parameter \NTAP = 15
Parameter \H = 240'000000000000000000000000000000000000000000000000000000000000000000000000000000000000000000000000000000000000000001111111111111110000000000000000000000000000000000000000000000000000000000000000000000000000000000000000000000000000000000000000
Found cached RTLIL representation for module `$paramod$6b2e5777348611c38df4110cba65fe3615d0b62c\ddc_fir'.
Parameter \IQW = 16
Parameter \STAGES = 4
Parameter \R = 8
Parameter \M = 1
Found cached RTLIL representation for module `$paramod$498463d264968bc81db47baec170cc0cc7a42680\ddc_cic'.
Parameter \DW = 16
Parameter \SW = 16
Parameter \IQW = 16

7.10. Executing AST frontend in derive mode using pre-parsed AST for module `\ddc_mixer'.
Parameter \DW = 16
Parameter \SW = 16
Parameter \IQW = 16
Generating RTLIL representation for module `$paramod$33682cd1d05634ea6014b34575d141b8a856657a\ddc_mixer'.
Parameter \PAW = 24
Parameter \AW = 8
Parameter \SW = 16

7.11. Executing AST frontend in derive mode using pre-parsed AST for module `\ddc_nco'.
Parameter \PAW = 24
Parameter \AW = 8
Parameter \SW = 16
Generating RTLIL representation for module `$paramod$8af8dc0d438d0d364592a69345da95ce450509b0\ddc_nco'.
Reprocessing module ddc because instantiated module ddc_fir has become available.
Generating RTLIL representation for module `\ddc'.

7.12. Analyzing design hierarchy..
Top module:  \benchmark_top
Used module:     $paramod\cdc_handshake\WIDTH=s32'00000000000000000000000000010000
Used module:         \cdc_sync
Used module:     \crc32
Used module:     \ddc
Used module:         \ddc_fir
Used module:         \ddc_cic
Used module:         \ddc_mixer
Used module:         \ddc_nco
Used module:             \ddc_sinrom
Used module:     \sad8x8
Used module:     \sha256
Used module:         \sha256_core
Used module:             \sha256_w_mem
Used module:             \sha256_k_constants
Used module:     \picorv32
Used module:         \picorv32_pcpi_div
Used module:         \picorv32_pcpi_fast_mul
Used module:     $paramod\clk_divider\DIV=s32'00000000000000000000000000001010
Used module:     $paramod\clk_divider\DIV=s32'00000000000000000000000000001000
Used module:     $paramod\clk_divider\DIV=s32'00000000000000000000000000000110
Used module:     $paramod\clk_divider\DIV=s32'00000000000000000000000000000100
Used module:     $paramod\clk_divider\DIV=s32'00000000000000000000000000000010
Used module:     \reset_sync
Parameter \IQW = 16
Parameter \OUTW = 16
Parameter \CW = 16
Parameter \NTAP = 15
Parameter \H = 240'000000000000000000000000000000000000000000000000000000000000000000000000000000000000000000000000000000000000000001111111111111110000000000000000000000000000000000000000000000000000000000000000000000000000000000000000000000000000000000000000
Found cached RTLIL representation for module `$paramod$6b2e5777348611c38df4110cba65fe3615d0b62c\ddc_fir'.
Parameter \IQW = 16
Parameter \STAGES = 4
Parameter \R = 8
Parameter \M = 1
Found cached RTLIL representation for module `$paramod$498463d264968bc81db47baec170cc0cc7a42680\ddc_cic'.
Parameter \IQW = 16
Parameter \OUTW = 16
Parameter \CW = 16
Parameter \NTAP = 15
Parameter \H = 240'000000000000000000000000000000000000000000000000000000000000000000000000000000000000000000000000000000000000000001111111111111110000000000000000000000000000000000000000000000000000000000000000000000000000000000000000000000000000000000000000
Found cached RTLIL representation for module `$paramod$6b2e5777348611c38df4110cba65fe3615d0b62c\ddc_fir'.
Parameter \IQW = 16
Parameter \STAGES = 4
Parameter \R = 8
Parameter \M = 1
Found cached RTLIL representation for module `$paramod$498463d264968bc81db47baec170cc0cc7a42680\ddc_cic'.
Parameter \DW = 16
Parameter \SW = 16
Parameter \IQW = 16
Found cached RTLIL representation for module `$paramod$33682cd1d05634ea6014b34575d141b8a856657a\ddc_mixer'.
Parameter \PAW = 24
Parameter \AW = 8
Parameter \SW = 16
Found cached RTLIL representation for module `$paramod$8af8dc0d438d0d364592a69345da95ce450509b0\ddc_nco'.

7.13. Analyzing design hierarchy..
Top module:  \benchmark_top
Used module:     $paramod\cdc_handshake\WIDTH=s32'00000000000000000000000000010000
Used module:         \cdc_sync
Used module:     \crc32
Used module:     \ddc
Used module:         $paramod$6b2e5777348611c38df4110cba65fe3615d0b62c\ddc_fir
Used module:         $paramod$498463d264968bc81db47baec170cc0cc7a42680\ddc_cic
Used module:         $paramod$33682cd1d05634ea6014b34575d141b8a856657a\ddc_mixer
Used module:         $paramod$8af8dc0d438d0d364592a69345da95ce450509b0\ddc_nco
Used module:             \ddc_sinrom
Used module:     \sad8x8
Used module:     \sha256
Used module:         \sha256_core
Used module:             \sha256_w_mem
Used module:             \sha256_k_constants
Used module:     \picorv32
Used module:         \picorv32_pcpi_div
Used module:         \picorv32_pcpi_fast_mul
Used module:     $paramod\clk_divider\DIV=s32'00000000000000000000000000001010
Used module:     $paramod\clk_divider\DIV=s32'00000000000000000000000000001000
Used module:     $paramod\clk_divider\DIV=s32'00000000000000000000000000000110
Used module:     $paramod\clk_divider\DIV=s32'00000000000000000000000000000100
Used module:     $paramod\clk_divider\DIV=s32'00000000000000000000000000000010
Used module:     \reset_sync

7.14. Analyzing design hierarchy..
Top module:  \benchmark_top
Used module:     $paramod\cdc_handshake\WIDTH=s32'00000000000000000000000000010000
Used module:         \cdc_sync
Used module:     \crc32
Used module:     \ddc
Used module:         $paramod$6b2e5777348611c38df4110cba65fe3615d0b62c\ddc_fir
Used module:         $paramod$498463d264968bc81db47baec170cc0cc7a42680\ddc_cic
Used module:         $paramod$33682cd1d05634ea6014b34575d141b8a856657a\ddc_mixer
Used module:         $paramod$8af8dc0d438d0d364592a69345da95ce450509b0\ddc_nco
Used module:             \ddc_sinrom
Used module:     \sad8x8
Used module:     \sha256
Used module:         \sha256_core
Used module:             \sha256_w_mem
Used module:             \sha256_k_constants
Used module:     \picorv32
Used module:         \picorv32_pcpi_div
Used module:         \picorv32_pcpi_fast_mul
Used module:     $paramod\clk_divider\DIV=s32'00000000000000000000000000001010
Used module:     $paramod\clk_divider\DIV=s32'00000000000000000000000000001000
Used module:     $paramod\clk_divider\DIV=s32'00000000000000000000000000000110
Used module:     $paramod\clk_divider\DIV=s32'00000000000000000000000000000100
Used module:     $paramod\clk_divider\DIV=s32'00000000000000000000000000000010
Used module:     \reset_sync
Removing unused module `\cdc_handshake'.
Removing unused module `\clk_divider'.
Removing unused module `\picorv32_wb'.
Removing unused module `\picorv32_axi_adapter'.
Removing unused module `\picorv32_axi'.
Removing unused module `\picorv32_pcpi_mul'.
Removing unused module `\picorv32_regs'.
Removing unused module `\ddc_nco'.
Removing unused module `\ddc_mixer'.
Removing unused module `\ddc_fir'.
Removing unused module `\ddc_cic'.
Removed 11 unused modules.

8. Executing PROC pass (convert processes to netlists).

8.1. Executing PROC_CLEAN pass (remove empty switches from decision trees).
Found and cleaned up 1 empty switch in `\picorv32.$proc$/mnt/d/tushar/Downloads/RTL.ai/designs/benchmark_flat.v:1080$7884'.
Removing empty process `picorv32.$proc$/mnt/d/tushar/Downloads/RTL.ai/designs/benchmark_flat.v:1080$7884'.
Found and cleaned up 17 empty switches in `\picorv32.$proc$/mnt/d/tushar/Downloads/RTL.ai/designs/benchmark_flat.v:2276$7711'.
Found and cleaned up 1 empty switch in `\picorv32.$proc$/mnt/d/tushar/Downloads/RTL.ai/designs/benchmark_flat.v:2222$7696'.
Found and cleaned up 6 empty switches in `\picorv32.$proc$/mnt/d/tushar/Downloads/RTL.ai/designs/benchmark_flat.v:1420$7332'.
Removing empty process `picorv32.$proc$/mnt/d/tushar/Downloads/RTL.ai/designs/benchmark_flat.v:1420$7332'.
Cleaned up 25 empty switches.

8.2. Executing PROC_RMDEAD pass (remove dead branches from decision trees).
Marked 1 switch rules as full_case in process $proc$/mnt/d/tushar/Downloads/RTL.ai/designs/benchmark_flat.v:5324$8545 in module reset_sync.
Marked 1 switch rules as full_case in process $proc$/mnt/d/tushar/Downloads/RTL.ai/designs/benchmark_flat.v:173$8727 in module ddc.
Marked 1 switch rules as full_case in process $proc$/mnt/d/tushar/Downloads/RTL.ai/designs/benchmark_flat.v:5221$8537 in module cdc_sync.
Marked 1 switch rules as full_case in process $proc$/mnt/d/tushar/Downloads/RTL.ai/designs/benchmark_flat.v:530$8717 in module $paramod$33682cd1d05634ea6014b34575d141b8a856657a\ddc_mixer.
Marked 2 switch rules as full_case in process $proc$/mnt/d/tushar/Downloads/RTL.ai/designs/benchmark_flat.v:5094$8523 in module sha256_w_mem.
Removed 1 dead cases from process $proc$/mnt/d/tushar/Downloads/RTL.ai/designs/benchmark_flat.v:5079$8516 in module sha256_w_mem.
Marked 2 switch rules as full_case in process $proc$/mnt/d/tushar/Downloads/RTL.ai/designs/benchmark_flat.v:5079$8516 in module sha256_w_mem.
Marked 1 switch rules as full_case in process $proc$/mnt/d/tushar/Downloads/RTL.ai/designs/benchmark_flat.v:5038$8514 in module sha256_w_mem.
Removed 1 dead cases from process $proc$/mnt/d/tushar/Downloads/RTL.ai/designs/benchmark_flat.v:4868$8512 in module sha256_k_constants.
Marked 1 switch rules as full_case in process $proc$/mnt/d/tushar/Downloads/RTL.ai/designs/benchmark_flat.v:4868$8512 in module sha256_k_constants.
Marked 4 switch rules as full_case in process $proc$/mnt/d/tushar/Downloads/RTL.ai/designs/benchmark_flat.v:4722$8510 in module sha256_core.
Marked 2 switch rules as full_case in process $proc$/mnt/d/tushar/Downloads/RTL.ai/designs/benchmark_flat.v:4698$8508 in module sha256_core.
Marked 4 switch rules as full_case in process $proc$/mnt/d/tushar/Downloads/RTL.ai/designs/benchmark_flat.v:4624$8505 in module sha256_core.
Marked 3 switch rules as full_case in process $proc$/mnt/d/tushar/Downloads/RTL.ai/designs/benchmark_flat.v:4524$8476 in module sha256_core.
Marked 1 switch rules as full_case in process $proc$/mnt/d/tushar/Downloads/RTL.ai/designs/benchmark_flat.v:4456$8474 in module sha256_core.
Removed 1 dead cases from process $proc$/mnt/d/tushar/Downloads/RTL.ai/designs/benchmark_flat.v:4191$8449 in module sha256.
Marked 8 switch rules as full_case in process $proc$/mnt/d/tushar/Downloads/RTL.ai/designs/benchmark_flat.v:4191$8449 in module sha256.
Marked 3 switch rules as full_case in process $proc$/mnt/d/tushar/Downloads/RTL.ai/designs/benchmark_flat.v:4150$8441 in module sha256.
Marked 1 switch rules as full_case in process $proc$/mnt/d/tushar/Downloads/RTL.ai/designs/benchmark_flat.v:3979$8118 in module sad8x8.
Marked 2 switch rules as full_case in process $proc$/mnt/d/tushar/Downloads/RTL.ai/designs/benchmark_flat.v:329$8686 in module $paramod$498463d264968bc81db47baec170cc0cc7a42680\ddc_cic.
Marked 2 switch rules as full_case in process $proc$/mnt/d/tushar/Downloads/RTL.ai/designs/benchmark_flat.v:329$8685 in module $paramod$498463d264968bc81db47baec170cc0cc7a42680\ddc_cic.
Marked 2 switch rules as full_case in process $proc$/mnt/d/tushar/Downloads/RTL.ai/designs/benchmark_flat.v:329$8684 in module $paramod$498463d264968bc81db47baec170cc0cc7a42680\ddc_cic.
Marked 2 switch rules as full_case in process $proc$/mnt/d/tushar/Downloads/RTL.ai/designs/benchmark_flat.v:329$8683 in module $paramod$498463d264968bc81db47baec170cc0cc7a42680\ddc_cic.
Marked 1 switch rules as full_case in process $proc$/mnt/d/tushar/Downloads/RTL.ai/designs/benchmark_flat.v:284$8681 in module $paramod$498463d264968bc81db47baec170cc0cc7a42680\ddc_cic.
Marked 1 switch rules as full_case in process $proc$/mnt/d/tushar/Downloads/RTL.ai/designs/benchmark_flat.v:284$8679 in module $paramod$498463d264968bc81db47baec170cc0cc7a42680\ddc_cic.
Marked 1 switch rules as full_case in process $proc$/mnt/d/tushar/Downloads/RTL.ai/designs/benchmark_flat.v:284$8677 in module $paramod$498463d264968bc81db47baec170cc0cc7a42680\ddc_cic.
Marked 1 switch rules as full_case in process $proc$/mnt/d/tushar/Downloads/RTL.ai/designs/benchmark_flat.v:284$8675 in module $paramod$498463d264968bc81db47baec170cc0cc7a42680\ddc_cic.
Marked 1 switch rules as full_case in process $proc$/mnt/d/tushar/Downloads/RTL.ai/designs/benchmark_flat.v:349$8674 in module $paramod$498463d264968bc81db47baec170cc0cc7a42680\ddc_cic.
Marked 2 switch rules as full_case in process $proc$/mnt/d/tushar/Downloads/RTL.ai/designs/benchmark_flat.v:298$8670 in module $paramod$498463d264968bc81db47baec170cc0cc7a42680\ddc_cic.
Marked 2 switch rules as full_case in process $proc$/mnt/d/tushar/Downloads/RTL.ai/designs/benchmark_flat.v:450$8607 in module $paramod$6b2e5777348611c38df4110cba65fe3615d0b62c\ddc_fir.
Marked 2 switch rules as full_case in process $proc$/mnt/d/tushar/Downloads/RTL.ai/designs/benchmark_flat.v:5198$8597 in module $paramod\clk_divider\DIV=s32'00000000000000000000000000000010.
Marked 4 switch rules as full_case in process $proc$/mnt/d/tushar/Downloads/RTL.ai/designs/benchmark_flat.v:3338$7991 in module picorv32_pcpi_div.
Marked 3 switch rules as full_case in process $proc$/mnt/d/tushar/Downloads/RTL.ai/designs/benchmark_flat.v:3252$7972 in module picorv32_pcpi_fast_mul.
Marked 2 switch rules as full_case in process $proc$/mnt/d/tushar/Downloads/RTL.ai/designs/benchmark_flat.v:3222$7965 in module picorv32_pcpi_fast_mul.
Marked 2 switch rules as full_case in process $proc$/mnt/d/tushar/Downloads/RTL.ai/designs/benchmark_flat.v:5198$8593 in module $paramod\clk_divider\DIV=s32'00000000000000000000000000000100.
Marked 2 switch rules as full_case in process $proc$/mnt/d/tushar/Downloads/RTL.ai/designs/benchmark_flat.v:5198$8589 in module $paramod\clk_divider\DIV=s32'00000000000000000000000000000110.
Marked 35 switch rules as full_case in process $proc$/mnt/d/tushar/Downloads/RTL.ai/designs/benchmark_flat.v:2276$7711 in module picorv32.
Marked 1 switch rules as full_case in process $proc$/mnt/d/tushar/Downloads/RTL.ai/designs/benchmark_flat.v:2211$7687 in module picorv32.
Marked 2 switch rules as full_case in process $proc$/mnt/d/tushar/Downloads/RTL.ai/designs/benchmark_flat.v:2183$7675 in module picorv32.
Marked 2 switch rules as full_case in process $proc$/mnt/d/tushar/Downloads/RTL.ai/designs/benchmark_flat.v:2169$7670 in module picorv32.
Marked 8 switch rules as full_case in process $proc$/mnt/d/tushar/Downloads/RTL.ai/designs/benchmark_flat.v:2060$7635 in module picorv32.
Marked 3 switch rules as full_case in process $proc$/mnt/d/tushar/Downloads/RTL.ai/designs/benchmark_flat.v:1732$7372 in module picorv32.
Marked 3 switch rules as full_case in process $proc$/mnt/d/tushar/Downloads/RTL.ai/designs/benchmark_flat.v:1683$7370 in module picorv32.
Marked 2 switch rules as full_case in process $proc$/mnt/d/tushar/Downloads/RTL.ai/designs/benchmark_flat.v:1652$7366 in module picorv32.
Marked 48 switch rules as full_case in process $proc$/mnt/d/tushar/Downloads/RTL.ai/designs/benchmark_flat.v:1575$7365 in module picorv32.
Marked 4 switch rules as full_case in process $proc$/mnt/d/tushar/Downloads/RTL.ai/designs/benchmark_flat.v:1439$7341 in module picorv32.
Marked 1 switch rules as full_case in process $proc$/mnt/d/tushar/Downloads/RTL.ai/designs/benchmark_flat.v:1304$7303 in module picorv32.
Removed 2 dead cases from process $proc$/mnt/d/tushar/Downloads/RTL.ai/designs/benchmark_flat.v:1275$7300 in module picorv32.
Marked 2 switch rules as full_case in process $proc$/mnt/d/tushar/Downloads/RTL.ai/designs/benchmark_flat.v:1275$7300 in module picorv32.
Marked 1 switch rules as full_case in process $proc$/mnt/d/tushar/Downloads/RTL.ai/designs/benchmark_flat.v:1264$7295 in module picorv32.
Marked 1 switch rules as full_case in process $proc$/mnt/d/tushar/Downloads/RTL.ai/designs/benchmark_flat.v:1199$7221 in module picorv32.
Removed 1 dead cases from process $proc$/mnt/d/tushar/Downloads/RTL.ai/designs/benchmark_flat.v:613$7206 in module ddc_sinrom.
Marked 1 switch rules as full_case in process $proc$/mnt/d/tushar/Downloads/RTL.ai/designs/benchmark_flat.v:613$7206 in module ddc_sinrom.
Marked 2 switch rules as full_case in process $proc$/mnt/d/tushar/Downloads/RTL.ai/designs/benchmark_flat.v:5198$8585 in module $paramod\clk_divider\DIV=s32'00000000000000000000000000001000.
Marked 2 switch rules as full_case in process $proc$/mnt/d/tushar/Downloads/RTL.ai/designs/benchmark_flat.v:5198$8581 in module $paramod\clk_divider\DIV=s32'00000000000000000000000000001010.
Marked 2 switch rules as full_case in process $proc$/mnt/d/tushar/Downloads/RTL.ai/designs/benchmark_flat.v:5298$8577 in module $paramod\cdc_handshake\WIDTH=s32'00000000000000000000000000010000.
Marked 2 switch rules as full_case in process $proc$/mnt/d/tushar/Downloads/RTL.ai/designs/benchmark_flat.v:5267$8574 in module $paramod\cdc_handshake\WIDTH=s32'00000000000000000000000000010000.
Marked 1 switch rules as full_case in process $proc$/mnt/d/tushar/Downloads/RTL.ai/designs/benchmark_flat.v:5564$8572 in module benchmark_top.
Marked 1 switch rules as full_case in process $proc$/mnt/d/tushar/Downloads/RTL.ai/designs/benchmark_flat.v:5546$8565 in module benchmark_top.
Marked 1 switch rules as full_case in process $proc$/mnt/d/tushar/Downloads/RTL.ai/designs/benchmark_flat.v:5521$8564 in module benchmark_top.
Marked 1 switch rules as full_case in process $proc$/mnt/d/tushar/Downloads/RTL.ai/designs/benchmark_flat.v:5501$8562 in module benchmark_top.
Marked 1 switch rules as full_case in process $proc$/mnt/d/tushar/Downloads/RTL.ai/designs/benchmark_flat.v:5480$8559 in module benchmark_top.
Marked 1 switch rules as full_case in process $proc$/mnt/d/tushar/Downloads/RTL.ai/designs/benchmark_flat.v:5459$8557 in module benchmark_top.
Marked 1 switch rules as full_case in process $proc$/mnt/d/tushar/Downloads/RTL.ai/designs/benchmark_flat.v:589$8719 in module $paramod$8af8dc0d438d0d364592a69345da95ce450509b0\ddc_nco.
Marked 1 switch rules as full_case in process $proc$/mnt/d/tushar/Downloads/RTL.ai/designs/benchmark_flat.v:69$7080 in module crc32.
Marked 1 switch rules as full_case in process $proc$/mnt/d/tushar/Downloads/RTL.ai/designs/benchmark_flat.v:57$6819 in module crc32.
Removed a total of 6 dead cases.

8.3. Executing PROC_PRUNE pass (remove redundant assignments in processes).
Removed 31 redundant assignments.
Promoted 280 assignments to connections.

8.4. Executing PROC_INIT pass (extract init attributes).

8.5. Executing PROC_ARST pass (detect async resets in processes).
Found async reset \rst_async in `\reset_sync.$proc$/mnt/d/tushar/Downloads/RTL.ai/designs/benchmark_flat.v:5324$8545'.
Found async reset \reset_n in `\sha256_w_mem.$proc$/mnt/d/tushar/Downloads/RTL.ai/designs/benchmark_flat.v:5038$8514'.
Found async reset \reset_n in `\sha256_core.$proc$/mnt/d/tushar/Downloads/RTL.ai/designs/benchmark_flat.v:4456$8474'.
Found async reset \reset_n in `\sha256.$proc$/mnt/d/tushar/Downloads/RTL.ai/designs/benchmark_flat.v:4150$8441'.

8.6. Executing PROC_ROM pass (convert switches to ROMs).
Converted 2 switches.
<suppressed ~296 debug messages>

8.7. Executing PROC_MUX pass (convert decision trees to multiplexers).
Creating decoders for process `\reset_sync.$proc$/mnt/d/tushar/Downloads/RTL.ai/designs/benchmark_flat.v:5324$8545'.
     1/2: $0\stable[0:0]
     2/2: $0\meta[0:0]
Creating decoders for process `\ddc.$proc$/mnt/d/tushar/Downloads/RTL.ai/designs/benchmark_flat.v:202$8733'.
Creating decoders for process `\ddc.$proc$/mnt/d/tushar/Downloads/RTL.ai/designs/benchmark_flat.v:201$8732'.
Creating decoders for process `\ddc.$proc$/mnt/d/tushar/Downloads/RTL.ai/designs/benchmark_flat.v:202$8731'.
Creating decoders for process `\ddc.$proc$/mnt/d/tushar/Downloads/RTL.ai/designs/benchmark_flat.v:201$8730'.
Creating decoders for process `\ddc.$proc$/mnt/d/tushar/Downloads/RTL.ai/designs/benchmark_flat.v:185$8729'.
Creating decoders for process `\ddc.$proc$/mnt/d/tushar/Downloads/RTL.ai/designs/benchmark_flat.v:184$8728'.
Creating decoders for process `\ddc.$proc$/mnt/d/tushar/Downloads/RTL.ai/designs/benchmark_flat.v:173$8727'.
     1/2: $0\mix_valid[0:0]
     2/2: $0\mix_valid_d[0:0]
Creating decoders for process `\cdc_sync.$proc$/mnt/d/tushar/Downloads/RTL.ai/designs/benchmark_flat.v:5221$8537'.
     1/2: $0\stable[0:0]
     2/2: $0\meta[0:0]
Creating decoders for process `$paramod$33682cd1d05634ea6014b34575d141b8a856657a\ddc_mixer.$proc$/mnt/d/tushar/Downloads/RTL.ai/designs/benchmark_flat.v:530$8717'.
     1/2: $0\iout[15:0]
     2/2: $0\qout[15:0]
Creating decoders for process `\sha256_w_mem.$proc$/mnt/d/tushar/Downloads/RTL.ai/designs/benchmark_flat.v:5094$8523'.
     1/34: $2\w_mem_we[0:0]
     2/34: $2\w_mem15_new[31:0]
     3/34: $2\w_mem14_new[31:0]
     4/34: $2\w_mem13_new[31:0]
     5/34: $2\w_mem12_new[31:0]
     6/34: $2\w_mem11_new[31:0]
     7/34: $2\w_mem10_new[31:0]
     8/34: $2\w_mem09_new[31:0]
     9/34: $2\w_mem08_new[31:0]
    10/34: $2\w_mem07_new[31:0]
    11/34: $2\w_mem06_new[31:0]
    12/34: $2\w_mem05_new[31:0]
    13/34: $2\w_mem04_new[31:0]
    14/34: $2\w_mem03_new[31:0]
    15/34: $2\w_mem02_new[31:0]
    16/34: $2\w_mem01_new[31:0]
    17/34: $2\w_mem00_new[31:0]
    18/34: $1\w_mem_we[0:0]
    19/34: $1\w_mem15_new[31:0]
    20/34: $1\w_mem14_new[31:0]
    21/34: $1\w_mem13_new[31:0]
    22/34: $1\w_mem12_new[31:0]
    23/34: $1\w_mem11_new[31:0]
    24/34: $1\w_mem10_new[31:0]
    25/34: $1\w_mem09_new[31:0]
    26/34: $1\w_mem08_new[31:0]
    27/34: $1\w_mem07_new[31:0]
    28/34: $1\w_mem06_new[31:0]
    29/34: $1\w_mem05_new[31:0]
    30/34: $1\w_mem04_new[31:0]
    31/34: $1\w_mem03_new[31:0]
    32/34: $1\w_mem02_new[31:0]
    33/34: $1\w_mem01_new[31:0]
    34/34: $1\w_mem00_new[31:0]
Creating decoders for process `\sha256_w_mem.$proc$/mnt/d/tushar/Downloads/RTL.ai/designs/benchmark_flat.v:5079$8516'.
     1/4: $2$mem2reg_rd$\w_mem$/mnt/d/tushar/Downloads/RTL.ai/designs/benchmark_flat.v:5082$8513_DATA[31:0]$8522
     2/4: $1\w_tmp[31:0]
     3/4: $1$mem2reg_rd$\w_mem$/mnt/d/tushar/Downloads/RTL.ai/designs/benchmark_flat.v:5082$8513_DATA[31:0]$8520
     4/4: $1$mem2reg_rd$\w_mem$/mnt/d/tushar/Downloads/RTL.ai/designs/benchmark_flat.v:5082$8513_ADDR[3:0]$8521
Creating decoders for process `\sha256_w_mem.$proc$/mnt/d/tushar/Downloads/RTL.ai/designs/benchmark_flat.v:5038$8514'.
     1/17: $1\reg_update.i[31:0]
     2/17: $0\w_mem[0][31:0]
     3/17: $0\w_mem[1][31:0]
     4/17: $0\w_mem[2][31:0]
     5/17: $0\w_mem[3][31:0]
     6/17: $0\w_mem[4][31:0]
     7/17: $0\w_mem[5][31:0]
     8/17: $0\w_mem[6][31:0]
     9/17: $0\w_mem[7][31:0]
    10/17: $0\w_mem[8][31:0]
    11/17: $0\w_mem[9][31:0]
    12/17: $0\w_mem[10][31:0]
    13/17: $0\w_mem[11][31:0]
    14/17: $0\w_mem[12][31:0]
    15/17: $0\w_mem[13][31:0]
    16/17: $0\w_mem[14][31:0]
    17/17: $0\w_mem[15][31:0]
Creating decoders for process `\sha256_k_constants.$proc$/mnt/d/tushar/Downloads/RTL.ai/designs/benchmark_flat.v:4868$8512'.
     1/1: $1\tmp_K[31:0]
Creating decoders for process `\sha256_core.$proc$/mnt/d/tushar/Downloads/RTL.ai/designs/benchmark_flat.v:4722$8510'.
     1/32: $4\sha256_ctrl_we[0:0]
     2/32: $4\sha256_ctrl_new[1:0]
     3/32: $3\sha256_ctrl_we[0:0]
     4/32: $3\sha256_ctrl_new[1:0]
     5/32: $3\digest_valid_we[0:0]
     6/32: $3\digest_valid_new[0:0]
     7/32: $3\state_init[0:0]
     8/32: $3\w_init[0:0]
     9/32: $3\t_ctr_rst[0:0]
    10/32: $2\sha256_ctrl_we[0:0]
    11/32: $2\sha256_ctrl_new[1:0]
    12/32: $2\digest_valid_we[0:0]
    13/32: $2\digest_valid_new[0:0]
    14/32: $2\t_ctr_rst[0:0]
    15/32: $2\first_block[0:0]
    16/32: $2\state_init[0:0]
    17/32: $2\w_init[0:0]
    18/32: $2\digest_init[0:0]
    19/32: $1\t_ctr_rst[0:0]
    20/32: $1\digest_valid_new[0:0]
    21/32: $1\digest_valid_we[0:0]
    22/32: $1\sha256_ctrl_new[1:0]
    23/32: $1\sha256_ctrl_we[0:0]
    24/32: $1\state_init[0:0]
    25/32: $1\w_init[0:0]
    26/32: $1\digest_init[0:0]
    27/32: $1\first_block[0:0]
    28/32: $1\ready_flag[0:0]
    29/32: $1\t_ctr_inc[0:0]
    30/32: $1\digest_update[0:0]
    31/32: $1\state_update[0:0]
    32/32: $1\w_next[0:0]
Creating decoders for process `\sha256_core.$proc$/mnt/d/tushar/Downloads/RTL.ai/designs/benchmark_flat.v:4698$8508'.
     1/4: $2\t_ctr_we[0:0]
     2/4: $2\t_ctr_new[5:0]
     3/4: $1\t_ctr_we[0:0]
     4/4: $1\t_ctr_new[5:0]
Creating decoders for process `\sha256_core.$proc$/mnt/d/tushar/Downloads/RTL.ai/designs/benchmark_flat.v:4624$8505'.
     1/34: $2\a_h_we[0:0]
     2/34: $4\h_new[31:0]
     3/34: $4\g_new[31:0]
     4/34: $4\f_new[31:0]
     5/34: $4\e_new[31:0]
     6/34: $4\d_new[31:0]
     7/34: $4\c_new[31:0]
     8/34: $4\b_new[31:0]
     9/34: $4\a_new[31:0]
    10/34: $3\h_new[31:0]
    11/34: $3\g_new[31:0]
    12/34: $3\f_new[31:0]
    13/34: $3\e_new[31:0]
    14/34: $3\d_new[31:0]
    15/34: $3\c_new[31:0]
    16/34: $3\b_new[31:0]
    17/34: $3\a_new[31:0]
    18/34: $2\a_new[31:0]
    19/34: $2\b_new[31:0]
    20/34: $2\c_new[31:0]
    21/34: $2\d_new[31:0]
    22/34: $2\e_new[31:0]
    23/34: $2\f_new[31:0]
    24/34: $2\g_new[31:0]
    25/34: $2\h_new[31:0]
    26/34: $1\a_new[31:0]
    27/34: $1\b_new[31:0]
    28/34: $1\c_new[31:0]
    29/34: $1\d_new[31:0]
    30/34: $1\e_new[31:0]
    31/34: $1\f_new[31:0]
    32/34: $1\g_new[31:0]
    33/34: $1\h_new[31:0]
    34/34: $1\a_h_we[0:0]
Creating decoders for process `\sha256_core.$proc$/mnt/d/tushar/Downloads/RTL.ai/designs/benchmark_flat.v:4603$8496'.
Creating decoders for process `\sha256_core.$proc$/mnt/d/tushar/Downloads/RTL.ai/designs/benchmark_flat.v:4583$8485'.
Creating decoders for process `\sha256_core.$proc$/mnt/d/tushar/Downloads/RTL.ai/designs/benchmark_flat.v:4524$8476'.
     1/26: $2\H_we[0:0]
     2/26: $3\H7_new[31:0]
     3/26: $3\H6_new[31:0]
     4/26: $3\H5_new[31:0]
     5/26: $3\H4_new[31:0]
     6/26: $3\H3_new[31:0]
     7/26: $3\H2_new[31:0]
     8/26: $3\H1_new[31:0]
     9/26: $3\H0_new[31:0]
    10/26: $2\H7_new[31:0]
    11/26: $2\H6_new[31:0]
    12/26: $2\H5_new[31:0]
    13/26: $2\H4_new[31:0]
    14/26: $2\H3_new[31:0]
    15/26: $2\H2_new[31:0]
    16/26: $2\H1_new[31:0]
    17/26: $2\H0_new[31:0]
    18/26: $1\H0_new[31:0]
    19/26: $1\H1_new[31:0]
    20/26: $1\H2_new[31:0]
    21/26: $1\H3_new[31:0]
    22/26: $1\H4_new[31:0]
    23/26: $1\H5_new[31:0]
    24/26: $1\H6_new[31:0]
    25/26: $1\H7_new[31:0]
    26/26: $1\H_we[0:0]
Creating decoders for process `\sha256_core.$proc$/mnt/d/tushar/Downloads/RTL.ai/designs/benchmark_flat.v:4456$8474'.
     1/19: $0\digest_valid_reg[0:0]
     2/19: $0\a_reg[31:0]
     3/19: $0\b_reg[31:0]
     4/19: $0\c_reg[31:0]
     5/19: $0\d_reg[31:0]
     6/19: $0\e_reg[31:0]
     7/19: $0\f_reg[31:0]
     8/19: $0\g_reg[31:0]
     9/19: $0\h_reg[31:0]
    10/19: $0\H0_reg[31:0]
    11/19: $0\H1_reg[31:0]
    12/19: $0\H2_reg[31:0]
    13/19: $0\H3_reg[31:0]
    14/19: $0\H4_reg[31:0]
    15/19: $0\H5_reg[31:0]
    16/19: $0\H6_reg[31:0]
    17/19: $0\H7_reg[31:0]
    18/19: $0\t_ctr_reg[5:0]
    19/19: $0\sha256_ctrl_reg[1:0]
Creating decoders for process `\sha256.$proc$/mnt/d/tushar/Downloads/RTL.ai/designs/benchmark_flat.v:4191$8449'.
     1/27: $5\tmp_read_data[31:0]
     2/27: $4\tmp_read_data[31:0]
     3/27: $4$mem2reg_rd$\block_reg$/mnt/d/tushar/Downloads/RTL.ai/designs/benchmark_flat.v:4220$8440_DATA[31:0]$8465
     4/27: $3\tmp_read_data[31:0]
     5/27: $3$mem2reg_rd$\block_reg$/mnt/d/tushar/Downloads/RTL.ai/designs/benchmark_flat.v:4220$8440_DATA[31:0]$8463
     6/27: $3$mem2reg_rd$\block_reg$/mnt/d/tushar/Downloads/RTL.ai/designs/benchmark_flat.v:4220$8440_ADDR[3:0]$8464
     7/27: $3\block_we[0:0]
     8/27: $3\mode_we[0:0]
     9/27: $3\mode_new[0:0]
    10/27: $3\next_new[0:0]
    11/27: $3\init_new[0:0]
    12/27: $2\block_we[0:0]
    13/27: $2\init_new[0:0]
    14/27: $2\next_new[0:0]
    15/27: $2\mode_new[0:0]
    16/27: $2\mode_we[0:0]
    17/27: $2\tmp_read_data[31:0]
    18/27: $2$mem2reg_rd$\block_reg$/mnt/d/tushar/Downloads/RTL.ai/designs/benchmark_flat.v:4220$8440_ADDR[3:0]$8455
    19/27: $2$mem2reg_rd$\block_reg$/mnt/d/tushar/Downloads/RTL.ai/designs/benchmark_flat.v:4220$8440_DATA[31:0]$8454
    20/27: $1\init_new[0:0]
    21/27: $1\next_new[0:0]
    22/27: $1\mode_new[0:0]
    23/27: $1\mode_we[0:0]
    24/27: $1\block_we[0:0]
    25/27: $1\tmp_read_data[31:0]
    26/27: $1$mem2reg_rd$\block_reg$/mnt/d/tushar/Downloads/RTL.ai/designs/benchmark_flat.v:4220$8440_ADDR[3:0]$8453
    27/27: $1$mem2reg_rd$\block_reg$/mnt/d/tushar/Downloads/RTL.ai/designs/benchmark_flat.v:4220$8440_DATA[31:0]$8452
Creating decoders for process `\sha256.$proc$/mnt/d/tushar/Downloads/RTL.ai/designs/benchmark_flat.v:4150$8441'.
     1/27: $2$mem2reg_wr$\block_reg$/mnt/d/tushar/Downloads/RTL.ai/designs/benchmark_flat.v:4180$8439_ADDR[3:0]$8448
     2/27: $2$mem2reg_wr$\block_reg$/mnt/d/tushar/Downloads/RTL.ai/designs/benchmark_flat.v:4180$8439_DATA[31:0]$8447
     3/27: $1$mem2reg_wr$\block_reg$/mnt/d/tushar/Downloads/RTL.ai/designs/benchmark_flat.v:4180$8439_ADDR[3:0]$8446
     4/27: $1$mem2reg_wr$\block_reg$/mnt/d/tushar/Downloads/RTL.ai/designs/benchmark_flat.v:4180$8439_DATA[31:0]$8445
     5/27: $0\next_reg[0:0]
     6/27: $0\init_reg[0:0]
     7/27: $0\digest_valid_reg[0:0]
     8/27: $0\ready_reg[0:0]
     9/27: $1\reg_update.i[31:0]
    10/27: $0\mode_reg[0:0]
    11/27: $0\digest_reg[255:0]
    12/27: $0\block_reg[0][31:0]
    13/27: $0\block_reg[1][31:0]
    14/27: $0\block_reg[2][31:0]
    15/27: $0\block_reg[3][31:0]
    16/27: $0\block_reg[4][31:0]
    17/27: $0\block_reg[5][31:0]
    18/27: $0\block_reg[6][31:0]
    19/27: $0\block_reg[7][31:0]
    20/27: $0\block_reg[8][31:0]
    21/27: $0\block_reg[9][31:0]
    22/27: $0\block_reg[10][31:0]
    23/27: $0\block_reg[11][31:0]
    24/27: $0\block_reg[12][31:0]
    25/27: $0\block_reg[13][31:0]
    26/27: $0\block_reg[14][31:0]
    27/27: $0\block_reg[15][31:0]
Creating decoders for process `\sad8x8.$proc$/mnt/d/tushar/Downloads/RTL.ai/designs/benchmark_flat.v:3966$8434'.
Creating decoders for process `\sad8x8.$proc$/mnt/d/tushar/Downloads/RTL.ai/designs/benchmark_flat.v:3966$8429'.
Creating decoders for process `\sad8x8.$proc$/mnt/d/tushar/Downloads/RTL.ai/designs/benchmark_flat.v:3966$8424'.
Creating decoders for process `\sad8x8.$proc$/mnt/d/tushar/Downloads/RTL.ai/designs/benchmark_flat.v:3966$8419'.
Creating decoders for process `\sad8x8.$proc$/mnt/d/tushar/Downloads/RTL.ai/designs/benchmark_flat.v:3966$8414'.
Creating decoders for process `\sad8x8.$proc$/mnt/d/tushar/Downloads/RTL.ai/designs/benchmark_flat.v:3966$8409'.
Creating decoders for process `\sad8x8.$proc$/mnt/d/tushar/Downloads/RTL.ai/designs/benchmark_flat.v:3966$8404'.
Creating decoders for process `\sad8x8.$proc$/mnt/d/tushar/Downloads/RTL.ai/designs/benchmark_flat.v:3966$8399'.
Creating decoders for process `\sad8x8.$proc$/mnt/d/tushar/Downloads/RTL.ai/designs/benchmark_flat.v:3966$8394'.
Creating decoders for process `\sad8x8.$proc$/mnt/d/tushar/Downloads/RTL.ai/designs/benchmark_flat.v:3966$8389'.
Creating decoders for process `\sad8x8.$proc$/mnt/d/tushar/Downloads/RTL.ai/designs/benchmark_flat.v:3966$8384'.
Creating decoders for process `\sad8x8.$proc$/mnt/d/tushar/Downloads/RTL.ai/designs/benchmark_flat.v:3966$8379'.
Creating decoders for process `\sad8x8.$proc$/mnt/d/tushar/Downloads/RTL.ai/designs/benchmark_flat.v:3966$8374'.
Creating decoders for process `\sad8x8.$proc$/mnt/d/tushar/Downloads/RTL.ai/designs/benchmark_flat.v:3966$8369'.
Creating decoders for process `\sad8x8.$proc$/mnt/d/tushar/Downloads/RTL.ai/designs/benchmark_flat.v:3966$8364'.
Creating decoders for process `\sad8x8.$proc$/mnt/d/tushar/Downloads/RTL.ai/designs/benchmark_flat.v:3966$8359'.
Creating decoders for process `\sad8x8.$proc$/mnt/d/tushar/Downloads/RTL.ai/designs/benchmark_flat.v:3966$8354'.
Creating decoders for process `\sad8x8.$proc$/mnt/d/tushar/Downloads/RTL.ai/designs/benchmark_flat.v:3966$8349'.
Creating decoders for process `\sad8x8.$proc$/mnt/d/tushar/Downloads/RTL.ai/designs/benchmark_flat.v:3966$8344'.
Creating decoders for process `\sad8x8.$proc$/mnt/d/tushar/Downloads/RTL.ai/designs/benchmark_flat.v:3966$8339'.
Creating decoders for process `\sad8x8.$proc$/mnt/d/tushar/Downloads/RTL.ai/designs/benchmark_flat.v:3966$8334'.
Creating decoders for process `\sad8x8.$proc$/mnt/d/tushar/Downloads/RTL.ai/designs/benchmark_flat.v:3966$8329'.
Creating decoders for process `\sad8x8.$proc$/mnt/d/tushar/Downloads/RTL.ai/designs/benchmark_flat.v:3966$8324'.
Creating decoders for process `\sad8x8.$proc$/mnt/d/tushar/Downloads/RTL.ai/designs/benchmark_flat.v:3966$8319'.
Creating decoders for process `\sad8x8.$proc$/mnt/d/tushar/Downloads/RTL.ai/designs/benchmark_flat.v:3966$8314'.
Creating decoders for process `\sad8x8.$proc$/mnt/d/tushar/Downloads/RTL.ai/designs/benchmark_flat.v:3966$8309'.
Creating decoders for process `\sad8x8.$proc$/mnt/d/tushar/Downloads/RTL.ai/designs/benchmark_flat.v:3966$8304'.
Creating decoders for process `\sad8x8.$proc$/mnt/d/tushar/Downloads/RTL.ai/designs/benchmark_flat.v:3966$8299'.
Creating decoders for process `\sad8x8.$proc$/mnt/d/tushar/Downloads/RTL.ai/designs/benchmark_flat.v:3966$8294'.
Creating decoders for process `\sad8x8.$proc$/mnt/d/tushar/Downloads/RTL.ai/designs/benchmark_flat.v:3966$8289'.
Creating decoders for process `\sad8x8.$proc$/mnt/d/tushar/Downloads/RTL.ai/designs/benchmark_flat.v:3966$8284'.
Creating decoders for process `\sad8x8.$proc$/mnt/d/tushar/Downloads/RTL.ai/designs/benchmark_flat.v:3966$8279'.
Creating decoders for process `\sad8x8.$proc$/mnt/d/tushar/Downloads/RTL.ai/designs/benchmark_flat.v:3966$8274'.
Creating decoders for process `\sad8x8.$proc$/mnt/d/tushar/Downloads/RTL.ai/designs/benchmark_flat.v:3966$8269'.
Creating decoders for process `\sad8x8.$proc$/mnt/d/tushar/Downloads/RTL.ai/designs/benchmark_flat.v:3966$8264'.
Creating decoders for process `\sad8x8.$proc$/mnt/d/tushar/Downloads/RTL.ai/designs/benchmark_flat.v:3966$8259'.
Creating decoders for process `\sad8x8.$proc$/mnt/d/tushar/Downloads/RTL.ai/designs/benchmark_flat.v:3966$8254'.
Creating decoders for process `\sad8x8.$proc$/mnt/d/tushar/Downloads/RTL.ai/designs/benchmark_flat.v:3966$8249'.
Creating decoders for process `\sad8x8.$proc$/mnt/d/tushar/Downloads/RTL.ai/designs/benchmark_flat.v:3966$8244'.
Creating decoders for process `\sad8x8.$proc$/mnt/d/tushar/Downloads/RTL.ai/designs/benchmark_flat.v:3966$8239'.
Creating decoders for process `\sad8x8.$proc$/mnt/d/tushar/Downloads/RTL.ai/designs/benchmark_flat.v:3966$8234'.
Creating decoders for process `\sad8x8.$proc$/mnt/d/tushar/Downloads/RTL.ai/designs/benchmark_flat.v:3966$8229'.
Creating decoders for process `\sad8x8.$proc$/mnt/d/tushar/Downloads/RTL.ai/designs/benchmark_flat.v:3966$8224'.
Creating decoders for process `\sad8x8.$proc$/mnt/d/tushar/Downloads/RTL.ai/designs/benchmark_flat.v:3966$8219'.
Creating decoders for process `\sad8x8.$proc$/mnt/d/tushar/Downloads/RTL.ai/designs/benchmark_flat.v:3966$8214'.
Creating decoders for process `\sad8x8.$proc$/mnt/d/tushar/Downloads/RTL.ai/designs/benchmark_flat.v:3966$8209'.
Creating decoders for process `\sad8x8.$proc$/mnt/d/tushar/Downloads/RTL.ai/designs/benchmark_flat.v:3966$8204'.
Creating decoders for process `\sad8x8.$proc$/mnt/d/tushar/Downloads/RTL.ai/designs/benchmark_flat.v:3966$8199'.
Creating decoders for process `\sad8x8.$proc$/mnt/d/tushar/Downloads/RTL.ai/designs/benchmark_flat.v:3966$8194'.
Creating decoders for process `\sad8x8.$proc$/mnt/d/tushar/Downloads/RTL.ai/designs/benchmark_flat.v:3966$8189'.
Creating decoders for process `\sad8x8.$proc$/mnt/d/tushar/Downloads/RTL.ai/designs/benchmark_flat.v:3966$8184'.
Creating decoders for process `\sad8x8.$proc$/mnt/d/tushar/Downloads/RTL.ai/designs/benchmark_flat.v:3966$8179'.
Creating decoders for process `\sad8x8.$proc$/mnt/d/tushar/Downloads/RTL.ai/designs/benchmark_flat.v:3966$8174'.
Creating decoders for process `\sad8x8.$proc$/mnt/d/tushar/Downloads/RTL.ai/designs/benchmark_flat.v:3966$8169'.
Creating decoders for process `\sad8x8.$proc$/mnt/d/tushar/Downloads/RTL.ai/designs/benchmark_flat.v:3966$8164'.
Creating decoders for process `\sad8x8.$proc$/mnt/d/tushar/Downloads/RTL.ai/designs/benchmark_flat.v:3966$8159'.
Creating decoders for process `\sad8x8.$proc$/mnt/d/tushar/Downloads/RTL.ai/designs/benchmark_flat.v:3966$8154'.
Creating decoders for process `\sad8x8.$proc$/mnt/d/tushar/Downloads/RTL.ai/designs/benchmark_flat.v:3966$8149'.
Creating decoders for process `\sad8x8.$proc$/mnt/d/tushar/Downloads/RTL.ai/designs/benchmark_flat.v:3966$8144'.
Creating decoders for process `\sad8x8.$proc$/mnt/d/tushar/Downloads/RTL.ai/designs/benchmark_flat.v:3966$8139'.
Creating decoders for process `\sad8x8.$proc$/mnt/d/tushar/Downloads/RTL.ai/designs/benchmark_flat.v:3966$8134'.
Creating decoders for process `\sad8x8.$proc$/mnt/d/tushar/Downloads/RTL.ai/designs/benchmark_flat.v:3966$8129'.
Creating decoders for process `\sad8x8.$proc$/mnt/d/tushar/Downloads/RTL.ai/designs/benchmark_flat.v:3966$8124'.
Creating decoders for process `\sad8x8.$proc$/mnt/d/tushar/Downloads/RTL.ai/designs/benchmark_flat.v:3966$8119'.
Creating decoders for process `\sad8x8.$proc$/mnt/d/tushar/Downloads/RTL.ai/designs/benchmark_flat.v:3979$8118'.
     1/2: $0\sad[13:0]
     2/2: $0\valid_out[0:0]
Creating decoders for process `\sad8x8.$proc$/mnt/d/tushar/Downloads/RTL.ai/designs/benchmark_flat.v:3973$8053'.
Creating decoders for process `$paramod$498463d264968bc81db47baec170cc0cc7a42680\ddc_cic.$proc$/mnt/d/tushar/Downloads/RTL.ai/designs/benchmark_flat.v:340$8699'.
Creating decoders for process `$paramod$498463d264968bc81db47baec170cc0cc7a42680\ddc_cic.$proc$/mnt/d/tushar/Downloads/RTL.ai/designs/benchmark_flat.v:340$8697'.
Creating decoders for process `$paramod$498463d264968bc81db47baec170cc0cc7a42680\ddc_cic.$proc$/mnt/d/tushar/Downloads/RTL.ai/designs/benchmark_flat.v:340$8695'.
Creating decoders for process `$paramod$498463d264968bc81db47baec170cc0cc7a42680\ddc_cic.$proc$/mnt/d/tushar/Downloads/RTL.ai/designs/benchmark_flat.v:340$8693'.
Creating decoders for process `$paramod$498463d264968bc81db47baec170cc0cc7a42680\ddc_cic.$proc$/mnt/d/tushar/Downloads/RTL.ai/designs/benchmark_flat.v:290$8692'.
Creating decoders for process `$paramod$498463d264968bc81db47baec170cc0cc7a42680\ddc_cic.$proc$/mnt/d/tushar/Downloads/RTL.ai/designs/benchmark_flat.v:290$8691'.
Creating decoders for process `$paramod$498463d264968bc81db47baec170cc0cc7a42680\ddc_cic.$proc$/mnt/d/tushar/Downloads/RTL.ai/designs/benchmark_flat.v:290$8690'.
Creating decoders for process `$paramod$498463d264968bc81db47baec170cc0cc7a42680\ddc_cic.$proc$/mnt/d/tushar/Downloads/RTL.ai/designs/benchmark_flat.v:290$8689'.
Creating decoders for process `$paramod$498463d264968bc81db47baec170cc0cc7a42680\ddc_cic.$proc$/mnt/d/tushar/Downloads/RTL.ai/designs/benchmark_flat.v:319$8688'.
Creating decoders for process `$paramod$498463d264968bc81db47baec170cc0cc7a42680\ddc_cic.$proc$/mnt/d/tushar/Downloads/RTL.ai/designs/benchmark_flat.v:275$8687'.
Creating decoders for process `$paramod$498463d264968bc81db47baec170cc0cc7a42680\ddc_cic.$proc$/mnt/d/tushar/Downloads/RTL.ai/designs/benchmark_flat.v:329$8686'.
     1/3: $2\g_comb[3].k[31:0]
     2/3: $1\g_comb[3].k[31:0]
     3/3: $0\g_comb[3].dly[0][27:0]
Creating decoders for process `$paramod$498463d264968bc81db47baec170cc0cc7a42680\ddc_cic.$proc$/mnt/d/tushar/Downloads/RTL.ai/designs/benchmark_flat.v:329$8685'.
     1/3: $2\g_comb[2].k[31:0]
     2/3: $1\g_comb[2].k[31:0]
     3/3: $0\g_comb[2].dly[0][27:0]
Creating decoders for process `$paramod$498463d264968bc81db47baec170cc0cc7a42680\ddc_cic.$proc$/mnt/d/tushar/Downloads/RTL.ai/designs/benchmark_flat.v:329$8684'.
     1/3: $2\g_comb[1].k[31:0]
     2/3: $1\g_comb[1].k[31:0]
     3/3: $0\g_comb[1].dly[0][27:0]
Creating decoders for process `$paramod$498463d264968bc81db47baec170cc0cc7a42680\ddc_cic.$proc$/mnt/d/tushar/Downloads/RTL.ai/designs/benchmark_flat.v:329$8683'.
     1/3: $2\g_comb[0].k[31:0]
     2/3: $1\g_comb[0].k[31:0]
     3/3: $0\g_comb[0].dly[0][27:0]
Creating decoders for process `$paramod$498463d264968bc81db47baec170cc0cc7a42680\ddc_cic.$proc$/mnt/d/tushar/Downloads/RTL.ai/designs/benchmark_flat.v:284$8681'.
     1/1: $0\g_integ[3].acc[27:0]
Creating decoders for process `$paramod$498463d264968bc81db47baec170cc0cc7a42680\ddc_cic.$proc$/mnt/d/tushar/Downloads/RTL.ai/designs/benchmark_flat.v:284$8679'.
     1/1: $0\g_integ[2].acc[27:0]
Creating decoders for process `$paramod$498463d264968bc81db47baec170cc0cc7a42680\ddc_cic.$proc$/mnt/d/tushar/Downloads/RTL.ai/designs/benchmark_flat.v:284$8677'.
     1/1: $0\g_integ[1].acc[27:0]
Creating decoders for process `$paramod$498463d264968bc81db47baec170cc0cc7a42680\ddc_cic.$proc$/mnt/d/tushar/Downloads/RTL.ai/designs/benchmark_flat.v:284$8675'.
     1/1: $0\g_integ[0].acc[27:0]
Creating decoders for process `$paramod$498463d264968bc81db47baec170cc0cc7a42680\ddc_cic.$proc$/mnt/d/tushar/Downloads/RTL.ai/designs/benchmark_flat.v:349$8674'.
     1/2: $0\out_valid[0:0]
     2/2: $0\out_data[15:0]
Creating decoders for process `$paramod$498463d264968bc81db47baec170cc0cc7a42680\ddc_cic.$proc$/mnt/d/tushar/Downloads/RTL.ai/designs/benchmark_flat.v:298$8670'.
     1/3: $0\cb_en[0:0]
     2/3: $0\cnt[2:0]
     3/3: $0\dec_data[27:0]
Creating decoders for process `$paramod$6b2e5777348611c38df4110cba65fe3615d0b62c\ddc_fir.$proc$/mnt/d/tushar/Downloads/RTL.ai/designs/benchmark_flat.v:434$8667'.
Creating decoders for process `$paramod$6b2e5777348611c38df4110cba65fe3615d0b62c\ddc_fir.$proc$/mnt/d/tushar/Downloads/RTL.ai/designs/benchmark_flat.v:434$8665'.
Creating decoders for process `$paramod$6b2e5777348611c38df4110cba65fe3615d0b62c\ddc_fir.$proc$/mnt/d/tushar/Downloads/RTL.ai/designs/benchmark_flat.v:434$8663'.
Creating decoders for process `$paramod$6b2e5777348611c38df4110cba65fe3615d0b62c\ddc_fir.$proc$/mnt/d/tushar/Downloads/RTL.ai/designs/benchmark_flat.v:434$8661'.
Creating decoders for process `$paramod$6b2e5777348611c38df4110cba65fe3615d0b62c\ddc_fir.$proc$/mnt/d/tushar/Downloads/RTL.ai/designs/benchmark_flat.v:434$8659'.
Creating decoders for process `$paramod$6b2e5777348611c38df4110cba65fe3615d0b62c\ddc_fir.$proc$/mnt/d/tushar/Downloads/RTL.ai/designs/benchmark_flat.v:434$8657'.
Creating decoders for process `$paramod$6b2e5777348611c38df4110cba65fe3615d0b62c\ddc_fir.$proc$/mnt/d/tushar/Downloads/RTL.ai/designs/benchmark_flat.v:434$8655'.
Creating decoders for process `$paramod$6b2e5777348611c38df4110cba65fe3615d0b62c\ddc_fir.$proc$/mnt/d/tushar/Downloads/RTL.ai/designs/benchmark_flat.v:434$8653'.
Creating decoders for process `$paramod$6b2e5777348611c38df4110cba65fe3615d0b62c\ddc_fir.$proc$/mnt/d/tushar/Downloads/RTL.ai/designs/benchmark_flat.v:434$8651'.
Creating decoders for process `$paramod$6b2e5777348611c38df4110cba65fe3615d0b62c\ddc_fir.$proc$/mnt/d/tushar/Downloads/RTL.ai/designs/benchmark_flat.v:434$8649'.
Creating decoders for process `$paramod$6b2e5777348611c38df4110cba65fe3615d0b62c\ddc_fir.$proc$/mnt/d/tushar/Downloads/RTL.ai/designs/benchmark_flat.v:434$8647'.
Creating decoders for process `$paramod$6b2e5777348611c38df4110cba65fe3615d0b62c\ddc_fir.$proc$/mnt/d/tushar/Downloads/RTL.ai/designs/benchmark_flat.v:434$8645'.
Creating decoders for process `$paramod$6b2e5777348611c38df4110cba65fe3615d0b62c\ddc_fir.$proc$/mnt/d/tushar/Downloads/RTL.ai/designs/benchmark_flat.v:434$8643'.
Creating decoders for process `$paramod$6b2e5777348611c38df4110cba65fe3615d0b62c\ddc_fir.$proc$/mnt/d/tushar/Downloads/RTL.ai/designs/benchmark_flat.v:434$8641'.
Creating decoders for process `$paramod$6b2e5777348611c38df4110cba65fe3615d0b62c\ddc_fir.$proc$/mnt/d/tushar/Downloads/RTL.ai/designs/benchmark_flat.v:434$8639'.
Creating decoders for process `$paramod$6b2e5777348611c38df4110cba65fe3615d0b62c\ddc_fir.$proc$/mnt/d/tushar/Downloads/RTL.ai/designs/benchmark_flat.v:424$8637'.
Creating decoders for process `$paramod$6b2e5777348611c38df4110cba65fe3615d0b62c\ddc_fir.$proc$/mnt/d/tushar/Downloads/RTL.ai/designs/benchmark_flat.v:424$8635'.
Creating decoders for process `$paramod$6b2e5777348611c38df4110cba65fe3615d0b62c\ddc_fir.$proc$/mnt/d/tushar/Downloads/RTL.ai/designs/benchmark_flat.v:424$8633'.
Creating decoders for process `$paramod$6b2e5777348611c38df4110cba65fe3615d0b62c\ddc_fir.$proc$/mnt/d/tushar/Downloads/RTL.ai/designs/benchmark_flat.v:424$8631'.
Creating decoders for process `$paramod$6b2e5777348611c38df4110cba65fe3615d0b62c\ddc_fir.$proc$/mnt/d/tushar/Downloads/RTL.ai/designs/benchmark_flat.v:424$8629'.
Creating decoders for process `$paramod$6b2e5777348611c38df4110cba65fe3615d0b62c\ddc_fir.$proc$/mnt/d/tushar/Downloads/RTL.ai/designs/benchmark_flat.v:424$8627'.
Creating decoders for process `$paramod$6b2e5777348611c38df4110cba65fe3615d0b62c\ddc_fir.$proc$/mnt/d/tushar/Downloads/RTL.ai/designs/benchmark_flat.v:424$8625'.
Creating decoders for process `$paramod$6b2e5777348611c38df4110cba65fe3615d0b62c\ddc_fir.$proc$/mnt/d/tushar/Downloads/RTL.ai/designs/benchmark_flat.v:424$8623'.
Creating decoders for process `$paramod$6b2e5777348611c38df4110cba65fe3615d0b62c\ddc_fir.$proc$/mnt/d/tushar/Downloads/RTL.ai/designs/benchmark_flat.v:424$8621'.
Creating decoders for process `$paramod$6b2e5777348611c38df4110cba65fe3615d0b62c\ddc_fir.$proc$/mnt/d/tushar/Downloads/RTL.ai/designs/benchmark_flat.v:424$8619'.
Creating decoders for process `$paramod$6b2e5777348611c38df4110cba65fe3615d0b62c\ddc_fir.$proc$/mnt/d/tushar/Downloads/RTL.ai/designs/benchmark_flat.v:424$8617'.
Creating decoders for process `$paramod$6b2e5777348611c38df4110cba65fe3615d0b62c\ddc_fir.$proc$/mnt/d/tushar/Downloads/RTL.ai/designs/benchmark_flat.v:424$8615'.
Creating decoders for process `$paramod$6b2e5777348611c38df4110cba65fe3615d0b62c\ddc_fir.$proc$/mnt/d/tushar/Downloads/RTL.ai/designs/benchmark_flat.v:424$8613'.
Creating decoders for process `$paramod$6b2e5777348611c38df4110cba65fe3615d0b62c\ddc_fir.$proc$/mnt/d/tushar/Downloads/RTL.ai/designs/benchmark_flat.v:424$8611'.
Creating decoders for process `$paramod$6b2e5777348611c38df4110cba65fe3615d0b62c\ddc_fir.$proc$/mnt/d/tushar/Downloads/RTL.ai/designs/benchmark_flat.v:424$8609'.
Creating decoders for process `$paramod$6b2e5777348611c38df4110cba65fe3615d0b62c\ddc_fir.$proc$/mnt/d/tushar/Downloads/RTL.ai/designs/benchmark_flat.v:430$8608'.
Creating decoders for process `$paramod$6b2e5777348611c38df4110cba65fe3615d0b62c\ddc_fir.$proc$/mnt/d/tushar/Downloads/RTL.ai/designs/benchmark_flat.v:450$8607'.
     1/19: $2\j[31:0]
     2/19: $0\out_valid[0:0]
     3/19: $1\j[31:0]
     4/19: $0\out_data[15:0]
     5/19: $0\shift[0][15:0]
     6/19: $0\shift[1][15:0]
     7/19: $0\shift[2][15:0]
     8/19: $0\shift[3][15:0]
     9/19: $0\shift[4][15:0]
    10/19: $0\shift[5][15:0]
    11/19: $0\shift[6][15:0]
    12/19: $0\shift[7][15:0]
    13/19: $0\shift[8][15:0]
    14/19: $0\shift[9][15:0]
    15/19: $0\shift[10][15:0]
    16/19: $0\shift[11][15:0]
    17/19: $0\shift[12][15:0]
    18/19: $0\shift[13][15:0]
    19/19: $0\shift[14][15:0]
Creating decoders for process `$paramod\clk_divider\DIV=s32'00000000000000000000000000000010.$proc$/mnt/d/tushar/Downloads/RTL.ai/designs/benchmark_flat.v:5198$8597'.
     1/2: $0\count[7:0]
     2/2: $0\clk_out[0:0]
Creating decoders for process `\picorv32_pcpi_div.$proc$/mnt/d/tushar/Downloads/RTL.ai/designs/benchmark_flat.v:3338$7991'.
     1/9: $0\pcpi_rd[31:0]
     2/9: $0\pcpi_wr[0:0]
     3/9: $0\pcpi_ready[0:0]
     4/9: $0\dividend[31:0]
     5/9: $0\divisor[62:0]
     6/9: $0\quotient[31:0]
     7/9: $0\quotient_msk[31:0]
     8/9: $0\running[0:0]
     9/9: $0\outsign[0:0]
Creating decoders for process `\picorv32_pcpi_div.$proc$/mnt/d/tushar/Downloads/RTL.ai/designs/benchmark_flat.v:3312$7981'.
     1/4: $0\instr_remu[0:0]
     2/4: $0\instr_rem[0:0]
     3/4: $0\instr_divu[0:0]
     4/4: $0\instr_div[0:0]
Creating decoders for process `\picorv32_pcpi_fast_mul.$proc$/mnt/d/tushar/Downloads/RTL.ai/designs/benchmark_flat.v:3252$7972'.
     1/4: $0\active[3:0] [3:1]
     2/4: $0\active[3:0] [0]
     3/4: $0\rs1[32:0]
     4/4: $0\rs2[32:0]
Creating decoders for process `\picorv32_pcpi_fast_mul.$proc$/mnt/d/tushar/Downloads/RTL.ai/designs/benchmark_flat.v:3238$7967'.
     1/4: $0\rd[63:0]
     2/4: $0\rs1_q[32:0]
     3/4: $0\rs2_q[32:0]
     4/4: $0\rd_q[63:0]
Creating decoders for process `\picorv32_pcpi_fast_mul.$proc$/mnt/d/tushar/Downloads/RTL.ai/designs/benchmark_flat.v:3222$7965'.
     1/8: $2\instr_mul[0:0]
     2/8: $2\instr_mulh[0:0]
     3/8: $2\instr_mulhsu[0:0]
     4/8: $2\instr_mulhu[0:0]
     5/8: $1\instr_mul[0:0]
     6/8: $1\instr_mulh[0:0]
     7/8: $1\instr_mulhsu[0:0]
     8/8: $1\instr_mulhu[0:0]
Creating decoders for process `$paramod\clk_divider\DIV=s32'00000000000000000000000000000100.$proc$/mnt/d/tushar/Downloads/RTL.ai/designs/benchmark_flat.v:5198$8593'.
     1/2: $0\count[7:0]
     2/2: $0\clk_out[0:0]
Creating decoders for process `$paramod\clk_divider\DIV=s32'00000000000000000000000000000110.$proc$/mnt/d/tushar/Downloads/RTL.ai/designs/benchmark_flat.v:5198$8589'.
     1/2: $0\count[7:0]
     2/2: $0\clk_out[0:0]
Creating decoders for process `\picorv32.$proc$/mnt/d/tushar/Downloads/RTL.ai/designs/benchmark_flat.v:2276$7711'.
     1/83: $0\reg_next_pc[31:0] [0]
     2/83: $0\reg_pc[31:0] [0]
     3/83: $17\next_irq_pending[2:2]
     4/83: $16\next_irq_pending[2:2]
     5/83: $15\next_irq_pending[2:2]
     6/83: $14\next_irq_pending[2:2]
     7/83: $13\next_irq_pending[2:2]
     8/83: $12\next_irq_pending[2:2]
     9/83: $11\next_irq_pending[2:2]
    10/83: $10\next_irq_pending[0:0]
    11/83: $9\next_irq_pending[0:0]
    12/83: $8\next_irq_pending[31:0] [0]
    13/83: $8\next_irq_pending[31:0] [31:1]
    14/83: $2\next_irq_pending[31:0] [31:2]
    15/83: $3\set_mem_do_rdata[0:0]
    16/83: $2\next_irq_pending[31:0] [1]
    17/83: $3\set_mem_do_wdata[0:0]
    18/83: $2\next_irq_pending[31:0] [0]
    19/83: $4\set_mem_do_rinst[0:0]
    20/83: $3\set_mem_do_rinst[0:0]
    21/83: $4\set_mem_do_wdata[0:0]
    22/83: $6\next_irq_pending[1:1]
    23/83: $5\next_irq_pending[1:1]
    24/83: $4\next_irq_pending[1:1]
    25/83: $4\set_mem_do_rdata[0:0]
    26/83: $5\set_mem_do_rinst[0:0]
    27/83: $7\next_irq_pending[1:1]
    28/83: $0\count_instr[63:0] [31:0]
    29/83: $3\next_irq_pending[31:0]
    30/83: $2\set_mem_do_rinst[0:0]
    31/83: $2\set_mem_do_rdata[0:0]
    32/83: $2\set_mem_do_wdata[0:0]
    33/83: $2\current_pc[31:0]
    34/83: $0\count_instr[63:0] [63:32]
    35/83: $1\next_irq_pending[31:0]
    36/83: $1\set_mem_do_rinst[0:0]
    37/83: $1\set_mem_do_rdata[0:0]
    38/83: $1\set_mem_do_wdata[0:0]
    39/83: $1\current_pc[31:0]
    40/83: $0\trace_data[35:0]
    41/83: $0\count_cycle[63:0] [63:32]
    42/83: $0\count_cycle[63:0] [31:0]
    43/83: $0\trace_valid[0:0]
    44/83: $0\do_waitirq[0:0]
    45/83: $0\decoder_pseudo_trigger[0:0]
    46/83: $0\decoder_trigger[0:0]
    47/83: $0\alu_wait_2[0:0]
    48/83: $0\alu_wait[0:0]
    49/83: $0\reg_out[31:0]
    50/83: $0\reg_sh[4:0]
    51/83: $0\trap[0:0]
    52/83: $0\pcpi_valid[0:0]
    53/83: $0\eoi[31:0]
    54/83: $3\current_pc[31:0]
    55/83: $0\reg_pc[31:0] [31:1]
    56/83: $0\reg_next_pc[31:0] [31:1]
    57/83: $0\reg_op1[31:0]
    58/83: $0\reg_op2[31:0]
    59/83: $0\irq_delay[0:0]
    60/83: $0\irq_active[0:0]
    61/83: $0\irq_mask[31:0]
    62/83: $0\timer[31:0]
    63/83: $0\mem_wordsize[1:0]
    64/83: $0\mem_do_prefetch[0:0]
    65/83: $0\mem_do_rinst[0:0]
    66/83: $0\mem_do_rdata[0:0]
    67/83: $0\mem_do_wdata[0:0]
    68/83: $0\dbg_rs1val[31:0]
    69/83: $0\dbg_rs2val[31:0]
    70/83: $0\dbg_rs1val_valid[0:0]
    71/83: $0\dbg_rs2val_valid[0:0]
    72/83: $0\cpu_state[7:0]
    73/83: $0\irq_state[1:0]
    74/83: $0\latched_store[0:0]
    75/83: $0\latched_stalu[0:0]
    76/83: $0\latched_branch[0:0]
    77/83: $0\latched_compr[0:0]
    78/83: $0\latched_trace[0:0]
    79/83: $0\latched_is_lu[0:0]
    80/83: $0\latched_is_lh[0:0]
    81/83: $0\latched_is_lb[0:0]
    82/83: $0\latched_rd[4:0]
    83/83: $0\pcpi_timeout[0:0]
Creating decoders for process `\picorv32.$proc$/mnt/d/tushar/Downloads/RTL.ai/designs/benchmark_flat.v:2222$7696'.
Creating decoders for process `\picorv32.$proc$/mnt/d/tushar/Downloads/RTL.ai/designs/benchmark_flat.v:2211$7687'.
     1/3: $1$memwr$\cpuregs$/mnt/d/tushar/Downloads/RTL.ai/designs/benchmark_flat.v:2218$7220_EN[31:0]$7693
     2/3: $1$memwr$\cpuregs$/mnt/d/tushar/Downloads/RTL.ai/designs/benchmark_flat.v:2218$7220_DATA[31:0]$7694
     3/3: $1$memwr$\cpuregs$/mnt/d/tushar/Downloads/RTL.ai/designs/benchmark_flat.v:2218$7220_ADDR[4:0]$7695
Creating decoders for process `\picorv32.$proc$/mnt/d/tushar/Downloads/RTL.ai/designs/benchmark_flat.v:2183$7675'.
     1/4: $2\cpuregs_write[0:0]
     2/4: $2\cpuregs_wrdata[31:0]
     3/4: $1\cpuregs_write[0:0]
     4/4: $1\cpuregs_wrdata[31:0]
Creating decoders for process `\picorv32.$proc$/mnt/d/tushar/Downloads/RTL.ai/designs/benchmark_flat.v:2169$7670'.
     1/2: $2\clear_prefetched_high_word[0:0]
     2/2: $1\clear_prefetched_high_word[0:0]
Creating decoders for process `\picorv32.$proc$/mnt/d/tushar/Downloads/RTL.ai/designs/benchmark_flat.v:2167$7669'.
Creating decoders for process `\picorv32.$proc$/mnt/d/tushar/Downloads/RTL.ai/designs/benchmark_flat.v:2123$7647'.
     1/2: $1\alu_out[31:0]
     2/2: $1\alu_out_0[0:0]
Creating decoders for process `\picorv32.$proc$/mnt/d/tushar/Downloads/RTL.ai/designs/benchmark_flat.v:2060$7635'.
     1/8: $8\dbg_ascii_state[127:0]
     2/8: $7\dbg_ascii_state[127:0]
     3/8: $6\dbg_ascii_state[127:0]
     4/8: $5\dbg_ascii_state[127:0]
     5/8: $4\dbg_ascii_state[127:0]
     6/8: $3\dbg_ascii_state[127:0]
     7/8: $2\dbg_ascii_state[127:0]
     8/8: $1\dbg_ascii_state[127:0]
Creating decoders for process `\picorv32.$proc$/mnt/d/tushar/Downloads/RTL.ai/designs/benchmark_flat.v:1732$7372'.
     1/77: $0\decoded_rs1[4:0] [4]
     2/77: $0\decoded_imm_j[31:0] [10]
     3/77: $0\decoded_imm_j[31:0] [7]
     4/77: $0\decoded_imm_j[31:0] [6]
     5/77: $0\decoded_imm_j[31:0] [3:1]
     6/77: $0\decoded_imm_j[31:0] [5]
     7/77: $0\decoded_imm_j[31:0] [9:8]
     8/77: $0\decoded_imm_j[31:0] [31:20]
     9/77: $0\decoded_imm_j[31:0] [4]
    10/77: $0\decoded_imm_j[31:0] [11]
    11/77: $0\decoded_imm_j[31:0] [0]
    12/77: $0\decoded_rs1[4:0] [3:0]
    13/77: $0\is_lui_auipc_jal_jalr_addi_add_sub[0:0]
    14/77: $0\pcpi_insn[31:0]
    15/77: $0\instr_lui[0:0]
    16/77: $0\instr_auipc[0:0]
    17/77: $0\instr_jal[0:0]
    18/77: $0\instr_jalr[0:0]
    19/77: $0\instr_beq[0:0]
    20/77: $0\instr_bne[0:0]
    21/77: $0\instr_blt[0:0]
    22/77: $0\instr_bge[0:0]
    23/77: $0\instr_bltu[0:0]
    24/77: $0\instr_bgeu[0:0]
    25/77: $0\instr_lb[0:0]
    26/77: $0\instr_lh[0:0]
    27/77: $0\instr_lw[0:0]
    28/77: $0\instr_lbu[0:0]
    29/77: $0\instr_lhu[0:0]
    30/77: $0\instr_sb[0:0]
    31/77: $0\instr_sh[0:0]
    32/77: $0\instr_sw[0:0]
    33/77: $0\instr_addi[0:0]
    34/77: $0\instr_slti[0:0]
    35/77: $0\instr_sltiu[0:0]
    36/77: $0\instr_xori[0:0]
    37/77: $0\instr_ori[0:0]
    38/77: $0\instr_andi[0:0]
    39/77: $0\instr_slli[0:0]
    40/77: $0\instr_srli[0:0]
    41/77: $0\instr_srai[0:0]
    42/77: $0\instr_add[0:0]
    43/77: $0\instr_sub[0:0]
    44/77: $0\instr_sll[0:0]
    45/77: $0\instr_slt[0:0]
    46/77: $0\instr_sltu[0:0]
    47/77: $0\instr_xor[0:0]
    48/77: $0\instr_srl[0:0]
    49/77: $0\instr_sra[0:0]
    50/77: $0\instr_or[0:0]
    51/77: $0\instr_and[0:0]
    52/77: $0\instr_rdcycle[0:0]
    53/77: $0\instr_rdcycleh[0:0]
    54/77: $0\instr_rdinstr[0:0]
    55/77: $0\instr_rdinstrh[0:0]
    56/77: $0\instr_ecall_ebreak[0:0]
    57/77: $0\instr_fence[0:0]
    58/77: $0\instr_getq[0:0]
    59/77: $0\instr_setq[0:0]
    60/77: $0\instr_retirq[0:0]
    61/77: $0\instr_maskirq[0:0]
    62/77: $0\instr_waitirq[0:0]
    63/77: $0\instr_timer[0:0]
    64/77: $0\decoded_rd[4:0]
    65/77: $0\decoded_imm_j[31:0] [19:12]
    66/77: $0\decoded_rs2[4:0]
    67/77: $0\decoded_imm[31:0]
    68/77: $0\is_compare[0:0]
    69/77: $0\compressed_instr[0:0]
    70/77: $0\is_lb_lh_lw_lbu_lhu[0:0]
    71/77: $0\is_slli_srli_srai[0:0]
    72/77: $0\is_jalr_addi_slti_sltiu_xori_ori_andi[0:0]
    73/77: $0\is_sb_sh_sw[0:0]
    74/77: $0\is_sll_srl_sra[0:0]
    75/77: $0\is_beq_bne_blt_bge_bltu_bgeu[0:0]
    76/77: $0\is_alu_reg_imm[0:0]
    77/77: $0\is_alu_reg_reg[0:0]
Creating decoders for process `\picorv32.$proc$/mnt/d/tushar/Downloads/RTL.ai/designs/benchmark_flat.v:1683$7370'.
     1/13: $3\dbg_insn_opcode[31:0]
     2/13: $2\dbg_insn_rd[4:0]
     3/13: $2\dbg_insn_rs2[4:0]
     4/13: $2\dbg_insn_rs1[4:0]
     5/13: $2\dbg_insn_opcode[31:0]
     6/13: $2\dbg_insn_imm[31:0]
     7/13: $2\dbg_ascii_instr[63:0]
     8/13: $1\dbg_insn_opcode[31:0]
     9/13: $1\dbg_ascii_instr[63:0]
    10/13: $1\dbg_insn_imm[31:0]
    11/13: $1\dbg_insn_rs1[4:0]
    12/13: $1\dbg_insn_rs2[4:0]
    13/13: $1\dbg_insn_rd[4:0]
Creating decoders for process `\picorv32.$proc$/mnt/d/tushar/Downloads/RTL.ai/designs/benchmark_flat.v:1652$7366'.
     1/8: $0\dbg_insn_addr[31:0]
     2/8: $0\dbg_valid_insn[0:0]
     3/8: $0\cached_ascii_instr[63:0]
     4/8: $0\cached_insn_imm[31:0]
     5/8: $0\cached_insn_opcode[31:0]
     6/8: $0\cached_insn_rs1[4:0]
     7/8: $0\cached_insn_rs2[4:0]
     8/8: $0\cached_insn_rd[4:0]
Creating decoders for process `\picorv32.$proc$/mnt/d/tushar/Downloads/RTL.ai/designs/benchmark_flat.v:1575$7365'.
     1/48: $48\new_ascii_instr[63:0]
     2/48: $47\new_ascii_instr[63:0]
     3/48: $46\new_ascii_instr[63:0]
     4/48: $45\new_ascii_instr[63:0]
     5/48: $44\new_ascii_instr[63:0]
     6/48: $43\new_ascii_instr[63:0]
     7/48: $42\new_ascii_instr[63:0]
     8/48: $41\new_ascii_instr[63:0]
     9/48: $40\new_ascii_instr[63:0]
    10/48: $39\new_ascii_instr[63:0]
    11/48: $38\new_ascii_instr[63:0]
    12/48: $37\new_ascii_instr[63:0]
    13/48: $36\new_ascii_instr[63:0]
    14/48: $35\new_ascii_instr[63:0]
    15/48: $34\new_ascii_instr[63:0]
    16/48: $33\new_ascii_instr[63:0]
    17/48: $32\new_ascii_instr[63:0]
    18/48: $31\new_ascii_instr[63:0]
    19/48: $30\new_ascii_instr[63:0]
    20/48: $29\new_ascii_instr[63:0]
    21/48: $28\new_ascii_instr[63:0]
    22/48: $27\new_ascii_instr[63:0]
    23/48: $26\new_ascii_instr[63:0]
    24/48: $25\new_ascii_instr[63:0]
    25/48: $24\new_ascii_instr[63:0]
    26/48: $23\new_ascii_instr[63:0]
    27/48: $22\new_ascii_instr[63:0]
    28/48: $21\new_ascii_instr[63:0]
    29/48: $20\new_ascii_instr[63:0]
    30/48: $19\new_ascii_instr[63:0]
    31/48: $18\new_ascii_instr[63:0]
    32/48: $17\new_ascii_instr[63:0]
    33/48: $16\new_ascii_instr[63:0]
    34/48: $15\new_ascii_instr[63:0]
    35/48: $14\new_ascii_instr[63:0]
    36/48: $13\new_ascii_instr[63:0]
    37/48: $12\new_ascii_instr[63:0]
    38/48: $11\new_ascii_instr[63:0]
    39/48: $10\new_ascii_instr[63:0]
    40/48: $9\new_ascii_instr[63:0]
    41/48: $8\new_ascii_instr[63:0]
    42/48: $7\new_ascii_instr[63:0]
    43/48: $6\new_ascii_instr[63:0]
    44/48: $5\new_ascii_instr[63:0]
    45/48: $4\new_ascii_instr[63:0]
    46/48: $3\new_ascii_instr[63:0]
    47/48: $2\new_ascii_instr[63:0]
    48/48: $1\new_ascii_instr[63:0]
Creating decoders for process `\picorv32.$proc$/mnt/d/tushar/Downloads/RTL.ai/designs/benchmark_flat.v:1439$7341'.
     1/9: $0\mem_valid[0:0]
     2/9: $0\mem_instr[0:0]
     3/9: $0\mem_addr[31:0]
     4/9: $0\mem_wdata[31:0]
     5/9: $0\mem_wstrb[3:0]
     6/9: $0\mem_state[1:0]
     7/9: $0\mem_la_secondword[0:0]
     8/9: $0\prefetched_high_word[0:0]
     9/9: $0\mem_16bit_buffer[15:0]
Creating decoders for process `\picorv32.$proc$/mnt/d/tushar/Downloads/RTL.ai/designs/benchmark_flat.v:2113$7873'.
Creating decoders for process `\picorv32.$proc$/mnt/d/tushar/Downloads/RTL.ai/designs/benchmark_flat.v:1304$7303'.
     1/9: $0\mem_rdata_q[31:0] [31]
     2/9: $0\mem_rdata_q[31:0] [7]
     3/9: $0\mem_rdata_q[31:0] [24:20]
     4/9: $0\mem_rdata_q[31:0] [19:15]
     5/9: $0\mem_rdata_q[31:0] [6:0]
     6/9: $0\mem_rdata_q[31:0] [14:12]
     7/9: $0\mem_rdata_q[31:0] [11:8]
     8/9: $0\mem_rdata_q[31:0] [30:25]
     9/9: $0\next_insn_opcode[31:0]
Creating decoders for process `\picorv32.$proc$/mnt/d/tushar/Downloads/RTL.ai/designs/benchmark_flat.v:1275$7300'.
     1/5: $3\mem_rdata_word[31:0]
     2/5: $2\mem_rdata_word[31:0]
     3/5: $1\mem_rdata_word[31:0]
     4/5: $1\mem_la_wstrb[3:0]
     5/5: $1\mem_la_wdata[31:0]
Creating decoders for process `\picorv32.$proc$/mnt/d/tushar/Downloads/RTL.ai/designs/benchmark_flat.v:1264$7295'.
     1/2: $0\last_mem_valid[0:0]
     2/2: $0\mem_la_firstword_reg[0:0]
Creating decoders for process `\picorv32.$proc$/mnt/d/tushar/Downloads/RTL.ai/designs/benchmark_flat.v:1199$7221'.
     1/2: $1\pcpi_int_rd[31:0]
     2/2: $1\pcpi_int_wr[0:0]
Creating decoders for process `\ddc_sinrom.$proc$/mnt/d/tushar/Downloads/RTL.ai/designs/benchmark_flat.v:613$7206'.
     1/1: $1\val[15:0]
Creating decoders for process `$paramod\clk_divider\DIV=s32'00000000000000000000000000001000.$proc$/mnt/d/tushar/Downloads/RTL.ai/designs/benchmark_flat.v:5198$8585'.
     1/2: $0\count[7:0]
     2/2: $0\clk_out[0:0]
Creating decoders for process `$paramod\clk_divider\DIV=s32'00000000000000000000000000001010.$proc$/mnt/d/tushar/Downloads/RTL.ai/designs/benchmark_flat.v:5198$8581'.
     1/2: $0\count[7:0]
     2/2: $0\clk_out[0:0]
Creating decoders for process `$paramod\cdc_handshake\WIDTH=s32'00000000000000000000000000010000.$proc$/mnt/d/tushar/Downloads/RTL.ai/designs/benchmark_flat.v:5298$8577'.
     1/3: $0\data_out[15:0]
     2/3: $0\data_valid[0:0]
     3/3: $0\ack[0:0]
Creating decoders for process `$paramod\cdc_handshake\WIDTH=s32'00000000000000000000000000010000.$proc$/mnt/d/tushar/Downloads/RTL.ai/designs/benchmark_flat.v:5267$8574'.
     1/3: $0\busy[0:0]
     2/3: $0\req[0:0]
     3/3: $0\data_hold[15:0]
Creating decoders for process `\benchmark_top.$proc$/mnt/d/tushar/Downloads/RTL.ai/designs/benchmark_flat.v:5564$8572'.
     1/1: $0\cap_e[15:0]
Creating decoders for process `\benchmark_top.$proc$/mnt/d/tushar/Downloads/RTL.ai/designs/benchmark_flat.v:5546$8565'.
     1/1: $0\crc_cnt[3:0]
Creating decoders for process `\benchmark_top.$proc$/mnt/d/tushar/Downloads/RTL.ai/designs/benchmark_flat.v:5521$8564'.
     1/1: $0\cap_d[15:0]
Creating decoders for process `\benchmark_top.$proc$/mnt/d/tushar/Downloads/RTL.ai/designs/benchmark_flat.v:5501$8562'.
     1/1: $0\cap_c[15:0]
Creating decoders for process `\benchmark_top.$proc$/mnt/d/tushar/Downloads/RTL.ai/designs/benchmark_flat.v:5480$8559'.
     1/1: $0\cap_b[15:0]
Creating decoders for process `\benchmark_top.$proc$/mnt/d/tushar/Downloads/RTL.ai/designs/benchmark_flat.v:5459$8557'.
     1/1: $0\cap_a[15:0]
Creating decoders for process `$paramod$8af8dc0d438d0d364592a69345da95ce450509b0\ddc_nco.$proc$/mnt/d/tushar/Downloads/RTL.ai/designs/benchmark_flat.v:589$8719'.
     1/3: $0\cosout[15:0]
     2/3: $0\sinout[15:0]
     3/3: $0\phase[23:0]
Creating decoders for process `\crc32.$proc$/mnt/d/tushar/Downloads/RTL.ai/designs/benchmark_flat.v:69$7080'.
     1/4: $0\out_valid[0:0]
     2/4: $0\out_crc[31:0]
     3/4: $0\crc[31:0]
     4/4: $0\active[0:0]
Creating decoders for process `\crc32.$proc$/mnt/d/tushar/Downloads/RTL.ai/designs/benchmark_flat.v:57$6819'.
     1/1: $1$mem2reg_rd$\c_tap$/mnt/d/tushar/Downloads/RTL.ai/designs/benchmark_flat.v:66$6817_DATA[31:0]$7078

8.8. Executing PROC_DLATCH pass (convert process syncs to latches).
No latch inferred for signal `\ddc.\lane_out[1]' from process `\ddc.$proc$/mnt/d/tushar/Downloads/RTL.ai/designs/benchmark_flat.v:202$8733'.
No latch inferred for signal `\ddc.\lane_ov[1]' from process `\ddc.$proc$/mnt/d/tushar/Downloads/RTL.ai/designs/benchmark_flat.v:201$8732'.
No latch inferred for signal `\ddc.\lane_out[0]' from process `\ddc.$proc$/mnt/d/tushar/Downloads/RTL.ai/designs/benchmark_flat.v:202$8731'.
No latch inferred for signal `\ddc.\lane_ov[0]' from process `\ddc.$proc$/mnt/d/tushar/Downloads/RTL.ai/designs/benchmark_flat.v:201$8730'.
No latch inferred for signal `\ddc.\lane_in[1]' from process `\ddc.$proc$/mnt/d/tushar/Downloads/RTL.ai/designs/benchmark_flat.v:185$8729'.
No latch inferred for signal `\ddc.\lane_in[0]' from process `\ddc.$proc$/mnt/d/tushar/Downloads/RTL.ai/designs/benchmark_flat.v:184$8728'.
No latch inferred for signal `\sha256_w_mem.\w_mem_update_logic.d1' from process `\sha256_w_mem.$proc$/mnt/d/tushar/Downloads/RTL.ai/designs/benchmark_flat.v:5094$8523'.
No latch inferred for signal `\sha256_w_mem.\w_mem_update_logic.d0' from process `\sha256_w_mem.$proc$/mnt/d/tushar/Downloads/RTL.ai/designs/benchmark_flat.v:5094$8523'.
No latch inferred for signal `\sha256_w_mem.\w_mem_update_logic.w_14' from process `\sha256_w_mem.$proc$/mnt/d/tushar/Downloads/RTL.ai/designs/benchmark_flat.v:5094$8523'.
No latch inferred for signal `\sha256_w_mem.\w_mem_update_logic.w_9' from process `\sha256_w_mem.$proc$/mnt/d/tushar/Downloads/RTL.ai/designs/benchmark_flat.v:5094$8523'.
No latch inferred for signal `\sha256_w_mem.\w_mem_update_logic.w_1' from process `\sha256_w_mem.$proc$/mnt/d/tushar/Downloads/RTL.ai/designs/benchmark_flat.v:5094$8523'.
No latch inferred for signal `\sha256_w_mem.\w_mem_update_logic.w_0' from process `\sha256_w_mem.$proc$/mnt/d/tushar/Downloads/RTL.ai/designs/benchmark_flat.v:5094$8523'.
No latch inferred for signal `\sha256_w_mem.\w_new' from process `\sha256_w_mem.$proc$/mnt/d/tushar/Downloads/RTL.ai/designs/benchmark_flat.v:5094$8523'.
No latch inferred for signal `\sha256_w_mem.\w_mem_we' from process `\sha256_w_mem.$proc$/mnt/d/tushar/Downloads/RTL.ai/designs/benchmark_flat.v:5094$8523'.
No latch inferred for signal `\sha256_w_mem.\w_mem15_new' from process `\sha256_w_mem.$proc$/mnt/d/tushar/Downloads/RTL.ai/designs/benchmark_flat.v:5094$8523'.
No latch inferred for signal `\sha256_w_mem.\w_mem14_new' from process `\sha256_w_mem.$proc$/mnt/d/tushar/Downloads/RTL.ai/designs/benchmark_flat.v:5094$8523'.
No latch inferred for signal `\sha256_w_mem.\w_mem13_new' from process `\sha256_w_mem.$proc$/mnt/d/tushar/Downloads/RTL.ai/designs/benchmark_flat.v:5094$8523'.
No latch inferred for signal `\sha256_w_mem.\w_mem12_new' from process `\sha256_w_mem.$proc$/mnt/d/tushar/Downloads/RTL.ai/designs/benchmark_flat.v:5094$8523'.
No latch inferred for signal `\sha256_w_mem.\w_mem11_new' from process `\sha256_w_mem.$proc$/mnt/d/tushar/Downloads/RTL.ai/designs/benchmark_flat.v:5094$8523'.
No latch inferred for signal `\sha256_w_mem.\w_mem10_new' from process `\sha256_w_mem.$proc$/mnt/d/tushar/Downloads/RTL.ai/designs/benchmark_flat.v:5094$8523'.
No latch inferred for signal `\sha256_w_mem.\w_mem09_new' from process `\sha256_w_mem.$proc$/mnt/d/tushar/Downloads/RTL.ai/designs/benchmark_flat.v:5094$8523'.
No latch inferred for signal `\sha256_w_mem.\w_mem08_new' from process `\sha256_w_mem.$proc$/mnt/d/tushar/Downloads/RTL.ai/designs/benchmark_flat.v:5094$8523'.
No latch inferred for signal `\sha256_w_mem.\w_mem07_new' from process `\sha256_w_mem.$proc$/mnt/d/tushar/Downloads/RTL.ai/designs/benchmark_flat.v:5094$8523'.
No latch inferred for signal `\sha256_w_mem.\w_mem06_new' from process `\sha256_w_mem.$proc$/mnt/d/tushar/Downloads/RTL.ai/designs/benchmark_flat.v:5094$8523'.
No latch inferred for signal `\sha256_w_mem.\w_mem05_new' from process `\sha256_w_mem.$proc$/mnt/d/tushar/Downloads/RTL.ai/designs/benchmark_flat.v:5094$8523'.
No latch inferred for signal `\sha256_w_mem.\w_mem04_new' from process `\sha256_w_mem.$proc$/mnt/d/tushar/Downloads/RTL.ai/designs/benchmark_flat.v:5094$8523'.
No latch inferred for signal `\sha256_w_mem.\w_mem03_new' from process `\sha256_w_mem.$proc$/mnt/d/tushar/Downloads/RTL.ai/designs/benchmark_flat.v:5094$8523'.
No latch inferred for signal `\sha256_w_mem.\w_mem02_new' from process `\sha256_w_mem.$proc$/mnt/d/tushar/Downloads/RTL.ai/designs/benchmark_flat.v:5094$8523'.
No latch inferred for signal `\sha256_w_mem.\w_mem01_new' from process `\sha256_w_mem.$proc$/mnt/d/tushar/Downloads/RTL.ai/designs/benchmark_flat.v:5094$8523'.
No latch inferred for signal `\sha256_w_mem.\w_mem00_new' from process `\sha256_w_mem.$proc$/mnt/d/tushar/Downloads/RTL.ai/designs/benchmark_flat.v:5094$8523'.
No latch inferred for signal `\sha256_w_mem.\w_tmp' from process `\sha256_w_mem.$proc$/mnt/d/tushar/Downloads/RTL.ai/designs/benchmark_flat.v:5079$8516'.
No latch inferred for signal `\sha256_k_constants.\tmp_K' from process `\sha256_k_constants.$proc$/mnt/d/tushar/Downloads/RTL.ai/designs/benchmark_flat.v:4868$8512'.
No latch inferred for signal `\sha256_core.\w_next' from process `\sha256_core.$proc$/mnt/d/tushar/Downloads/RTL.ai/designs/benchmark_flat.v:4722$8510'.
No latch inferred for signal `\sha256_core.\w_init' from process `\sha256_core.$proc$/mnt/d/tushar/Downloads/RTL.ai/designs/benchmark_flat.v:4722$8510'.
No latch inferred for signal `\sha256_core.\ready_flag' from process `\sha256_core.$proc$/mnt/d/tushar/Downloads/RTL.ai/designs/benchmark_flat.v:4722$8510'.
No latch inferred for signal `\sha256_core.\first_block' from process `\sha256_core.$proc$/mnt/d/tushar/Downloads/RTL.ai/designs/benchmark_flat.v:4722$8510'.
No latch inferred for signal `\sha256_core.\state_update' from process `\sha256_core.$proc$/mnt/d/tushar/Downloads/RTL.ai/designs/benchmark_flat.v:4722$8510'.
No latch inferred for signal `\sha256_core.\state_init' from process `\sha256_core.$proc$/mnt/d/tushar/Downloads/RTL.ai/designs/benchmark_flat.v:4722$8510'.
No latch inferred for signal `\sha256_core.\digest_update' from process `\sha256_core.$proc$/mnt/d/tushar/Downloads/RTL.ai/designs/benchmark_flat.v:4722$8510'.
No latch inferred for signal `\sha256_core.\digest_init' from process `\sha256_core.$proc$/mnt/d/tushar/Downloads/RTL.ai/designs/benchmark_flat.v:4722$8510'.
No latch inferred for signal `\sha256_core.\sha256_ctrl_we' from process `\sha256_core.$proc$/mnt/d/tushar/Downloads/RTL.ai/designs/benchmark_flat.v:4722$8510'.
No latch inferred for signal `\sha256_core.\sha256_ctrl_new' from process `\sha256_core.$proc$/mnt/d/tushar/Downloads/RTL.ai/designs/benchmark_flat.v:4722$8510'.
No latch inferred for signal `\sha256_core.\digest_valid_we' from process `\sha256_core.$proc$/mnt/d/tushar/Downloads/RTL.ai/designs/benchmark_flat.v:4722$8510'.
No latch inferred for signal `\sha256_core.\digest_valid_new' from process `\sha256_core.$proc$/mnt/d/tushar/Downloads/RTL.ai/designs/benchmark_flat.v:4722$8510'.
No latch inferred for signal `\sha256_core.\t_ctr_rst' from process `\sha256_core.$proc$/mnt/d/tushar/Downloads/RTL.ai/designs/benchmark_flat.v:4722$8510'.
No latch inferred for signal `\sha256_core.\t_ctr_inc' from process `\sha256_core.$proc$/mnt/d/tushar/Downloads/RTL.ai/designs/benchmark_flat.v:4722$8510'.
No latch inferred for signal `\sha256_core.\t_ctr_we' from process `\sha256_core.$proc$/mnt/d/tushar/Downloads/RTL.ai/designs/benchmark_flat.v:4698$8508'.
No latch inferred for signal `\sha256_core.\t_ctr_new' from process `\sha256_core.$proc$/mnt/d/tushar/Downloads/RTL.ai/designs/benchmark_flat.v:4698$8508'.
No latch inferred for signal `\sha256_core.\a_h_we' from process `\sha256_core.$proc$/mnt/d/tushar/Downloads/RTL.ai/designs/benchmark_flat.v:4624$8505'.
No latch inferred for signal `\sha256_core.\h_new' from process `\sha256_core.$proc$/mnt/d/tushar/Downloads/RTL.ai/designs/benchmark_flat.v:4624$8505'.
No latch inferred for signal `\sha256_core.\g_new' from process `\sha256_core.$proc$/mnt/d/tushar/Downloads/RTL.ai/designs/benchmark_flat.v:4624$8505'.
No latch inferred for signal `\sha256_core.\f_new' from process `\sha256_core.$proc$/mnt/d/tushar/Downloads/RTL.ai/designs/benchmark_flat.v:4624$8505'.
No latch inferred for signal `\sha256_core.\e_new' from process `\sha256_core.$proc$/mnt/d/tushar/Downloads/RTL.ai/designs/benchmark_flat.v:4624$8505'.
No latch inferred for signal `\sha256_core.\d_new' from process `\sha256_core.$proc$/mnt/d/tushar/Downloads/RTL.ai/designs/benchmark_flat.v:4624$8505'.
No latch inferred for signal `\sha256_core.\c_new' from process `\sha256_core.$proc$/mnt/d/tushar/Downloads/RTL.ai/designs/benchmark_flat.v:4624$8505'.
No latch inferred for signal `\sha256_core.\b_new' from process `\sha256_core.$proc$/mnt/d/tushar/Downloads/RTL.ai/designs/benchmark_flat.v:4624$8505'.
No latch inferred for signal `\sha256_core.\a_new' from process `\sha256_core.$proc$/mnt/d/tushar/Downloads/RTL.ai/designs/benchmark_flat.v:4624$8505'.
No latch inferred for signal `\sha256_core.\t2_logic.maj' from process `\sha256_core.$proc$/mnt/d/tushar/Downloads/RTL.ai/designs/benchmark_flat.v:4603$8496'.
No latch inferred for signal `\sha256_core.\t2_logic.sum0' from process `\sha256_core.$proc$/mnt/d/tushar/Downloads/RTL.ai/designs/benchmark_flat.v:4603$8496'.
No latch inferred for signal `\sha256_core.\t2' from process `\sha256_core.$proc$/mnt/d/tushar/Downloads/RTL.ai/designs/benchmark_flat.v:4603$8496'.
No latch inferred for signal `\sha256_core.\t1_logic.ch' from process `\sha256_core.$proc$/mnt/d/tushar/Downloads/RTL.ai/designs/benchmark_flat.v:4583$8485'.
No latch inferred for signal `\sha256_core.\t1_logic.sum1' from process `\sha256_core.$proc$/mnt/d/tushar/Downloads/RTL.ai/designs/benchmark_flat.v:4583$8485'.
No latch inferred for signal `\sha256_core.\t1' from process `\sha256_core.$proc$/mnt/d/tushar/Downloads/RTL.ai/designs/benchmark_flat.v:4583$8485'.
No latch inferred for signal `\sha256_core.\H_we' from process `\sha256_core.$proc$/mnt/d/tushar/Downloads/RTL.ai/designs/benchmark_flat.v:4524$8476'.
No latch inferred for signal `\sha256_core.\H7_new' from process `\sha256_core.$proc$/mnt/d/tushar/Downloads/RTL.ai/designs/benchmark_flat.v:4524$8476'.
No latch inferred for signal `\sha256_core.\H6_new' from process `\sha256_core.$proc$/mnt/d/tushar/Downloads/RTL.ai/designs/benchmark_flat.v:4524$8476'.
No latch inferred for signal `\sha256_core.\H5_new' from process `\sha256_core.$proc$/mnt/d/tushar/Downloads/RTL.ai/designs/benchmark_flat.v:4524$8476'.
No latch inferred for signal `\sha256_core.\H4_new' from process `\sha256_core.$proc$/mnt/d/tushar/Downloads/RTL.ai/designs/benchmark_flat.v:4524$8476'.
No latch inferred for signal `\sha256_core.\H3_new' from process `\sha256_core.$proc$/mnt/d/tushar/Downloads/RTL.ai/designs/benchmark_flat.v:4524$8476'.
No latch inferred for signal `\sha256_core.\H2_new' from process `\sha256_core.$proc$/mnt/d/tushar/Downloads/RTL.ai/designs/benchmark_flat.v:4524$8476'.
No latch inferred for signal `\sha256_core.\H1_new' from process `\sha256_core.$proc$/mnt/d/tushar/Downloads/RTL.ai/designs/benchmark_flat.v:4524$8476'.
No latch inferred for signal `\sha256_core.\H0_new' from process `\sha256_core.$proc$/mnt/d/tushar/Downloads/RTL.ai/designs/benchmark_flat.v:4524$8476'.
No latch inferred for signal `\sha256.\tmp_error' from process `\sha256.$proc$/mnt/d/tushar/Downloads/RTL.ai/designs/benchmark_flat.v:4191$8449'.
No latch inferred for signal `\sha256.\tmp_read_data' from process `\sha256.$proc$/mnt/d/tushar/Downloads/RTL.ai/designs/benchmark_flat.v:4191$8449'.
No latch inferred for signal `\sha256.\block_we' from process `\sha256.$proc$/mnt/d/tushar/Downloads/RTL.ai/designs/benchmark_flat.v:4191$8449'.
No latch inferred for signal `\sha256.\mode_we' from process `\sha256.$proc$/mnt/d/tushar/Downloads/RTL.ai/designs/benchmark_flat.v:4191$8449'.
No latch inferred for signal `\sha256.\mode_new' from process `\sha256.$proc$/mnt/d/tushar/Downloads/RTL.ai/designs/benchmark_flat.v:4191$8449'.
No latch inferred for signal `\sha256.\next_new' from process `\sha256.$proc$/mnt/d/tushar/Downloads/RTL.ai/designs/benchmark_flat.v:4191$8449'.
No latch inferred for signal `\sha256.\init_new' from process `\sha256.$proc$/mnt/d/tushar/Downloads/RTL.ai/designs/benchmark_flat.v:4191$8449'.
No latch inferred for signal `\sad8x8.\ad[63]' from process `\sad8x8.$proc$/mnt/d/tushar/Downloads/RTL.ai/designs/benchmark_flat.v:3966$8434'.
No latch inferred for signal `\sad8x8.\ad[62]' from process `\sad8x8.$proc$/mnt/d/tushar/Downloads/RTL.ai/designs/benchmark_flat.v:3966$8429'.
No latch inferred for signal `\sad8x8.\ad[61]' from process `\sad8x8.$proc$/mnt/d/tushar/Downloads/RTL.ai/designs/benchmark_flat.v:3966$8424'.
No latch inferred for signal `\sad8x8.\ad[60]' from process `\sad8x8.$proc$/mnt/d/tushar/Downloads/RTL.ai/designs/benchmark_flat.v:3966$8419'.
No latch inferred for signal `\sad8x8.\ad[59]' from process `\sad8x8.$proc$/mnt/d/tushar/Downloads/RTL.ai/designs/benchmark_flat.v:3966$8414'.
No latch inferred for signal `\sad8x8.\ad[58]' from process `\sad8x8.$proc$/mnt/d/tushar/Downloads/RTL.ai/designs/benchmark_flat.v:3966$8409'.
No latch inferred for signal `\sad8x8.\ad[57]' from process `\sad8x8.$proc$/mnt/d/tushar/Downloads/RTL.ai/designs/benchmark_flat.v:3966$8404'.
No latch inferred for signal `\sad8x8.\ad[56]' from process `\sad8x8.$proc$/mnt/d/tushar/Downloads/RTL.ai/designs/benchmark_flat.v:3966$8399'.
No latch inferred for signal `\sad8x8.\ad[55]' from process `\sad8x8.$proc$/mnt/d/tushar/Downloads/RTL.ai/designs/benchmark_flat.v:3966$8394'.
No latch inferred for signal `\sad8x8.\ad[54]' from process `\sad8x8.$proc$/mnt/d/tushar/Downloads/RTL.ai/designs/benchmark_flat.v:3966$8389'.
No latch inferred for signal `\sad8x8.\ad[53]' from process `\sad8x8.$proc$/mnt/d/tushar/Downloads/RTL.ai/designs/benchmark_flat.v:3966$8384'.
No latch inferred for signal `\sad8x8.\ad[52]' from process `\sad8x8.$proc$/mnt/d/tushar/Downloads/RTL.ai/designs/benchmark_flat.v:3966$8379'.
No latch inferred for signal `\sad8x8.\ad[51]' from process `\sad8x8.$proc$/mnt/d/tushar/Downloads/RTL.ai/designs/benchmark_flat.v:3966$8374'.
No latch inferred for signal `\sad8x8.\ad[50]' from process `\sad8x8.$proc$/mnt/d/tushar/Downloads/RTL.ai/designs/benchmark_flat.v:3966$8369'.
No latch inferred for signal `\sad8x8.\ad[49]' from process `\sad8x8.$proc$/mnt/d/tushar/Downloads/RTL.ai/designs/benchmark_flat.v:3966$8364'.
No latch inferred for signal `\sad8x8.\ad[48]' from process `\sad8x8.$proc$/mnt/d/tushar/Downloads/RTL.ai/designs/benchmark_flat.v:3966$8359'.
No latch inferred for signal `\sad8x8.\ad[47]' from process `\sad8x8.$proc$/mnt/d/tushar/Downloads/RTL.ai/designs/benchmark_flat.v:3966$8354'.
No latch inferred for signal `\sad8x8.\ad[46]' from process `\sad8x8.$proc$/mnt/d/tushar/Downloads/RTL.ai/designs/benchmark_flat.v:3966$8349'.
No latch inferred for signal `\sad8x8.\ad[45]' from process `\sad8x8.$proc$/mnt/d/tushar/Downloads/RTL.ai/designs/benchmark_flat.v:3966$8344'.
No latch inferred for signal `\sad8x8.\ad[44]' from process `\sad8x8.$proc$/mnt/d/tushar/Downloads/RTL.ai/designs/benchmark_flat.v:3966$8339'.
No latch inferred for signal `\sad8x8.\ad[43]' from process `\sad8x8.$proc$/mnt/d/tushar/Downloads/RTL.ai/designs/benchmark_flat.v:3966$8334'.
No latch inferred for signal `\sad8x8.\ad[42]' from process `\sad8x8.$proc$/mnt/d/tushar/Downloads/RTL.ai/designs/benchmark_flat.v:3966$8329'.
No latch inferred for signal `\sad8x8.\ad[41]' from process `\sad8x8.$proc$/mnt/d/tushar/Downloads/RTL.ai/designs/benchmark_flat.v:3966$8324'.
No latch inferred for signal `\sad8x8.\ad[40]' from process `\sad8x8.$proc$/mnt/d/tushar/Downloads/RTL.ai/designs/benchmark_flat.v:3966$8319'.
No latch inferred for signal `\sad8x8.\ad[39]' from process `\sad8x8.$proc$/mnt/d/tushar/Downloads/RTL.ai/designs/benchmark_flat.v:3966$8314'.
No latch inferred for signal `\sad8x8.\ad[38]' from process `\sad8x8.$proc$/mnt/d/tushar/Downloads/RTL.ai/designs/benchmark_flat.v:3966$8309'.
No latch inferred for signal `\sad8x8.\ad[37]' from process `\sad8x8.$proc$/mnt/d/tushar/Downloads/RTL.ai/designs/benchmark_flat.v:3966$8304'.
No latch inferred for signal `\sad8x8.\ad[36]' from process `\sad8x8.$proc$/mnt/d/tushar/Downloads/RTL.ai/designs/benchmark_flat.v:3966$8299'.
No latch inferred for signal `\sad8x8.\ad[35]' from process `\sad8x8.$proc$/mnt/d/tushar/Downloads/RTL.ai/designs/benchmark_flat.v:3966$8294'.
No latch inferred for signal `\sad8x8.\ad[34]' from process `\sad8x8.$proc$/mnt/d/tushar/Downloads/RTL.ai/designs/benchmark_flat.v:3966$8289'.
No latch inferred for signal `\sad8x8.\ad[33]' from process `\sad8x8.$proc$/mnt/d/tushar/Downloads/RTL.ai/designs/benchmark_flat.v:3966$8284'.
No latch inferred for signal `\sad8x8.\ad[32]' from process `\sad8x8.$proc$/mnt/d/tushar/Downloads/RTL.ai/designs/benchmark_flat.v:3966$8279'.
No latch inferred for signal `\sad8x8.\ad[31]' from process `\sad8x8.$proc$/mnt/d/tushar/Downloads/RTL.ai/designs/benchmark_flat.v:3966$8274'.
No latch inferred for signal `\sad8x8.\ad[30]' from process `\sad8x8.$proc$/mnt/d/tushar/Downloads/RTL.ai/designs/benchmark_flat.v:3966$8269'.
No latch inferred for signal `\sad8x8.\ad[29]' from process `\sad8x8.$proc$/mnt/d/tushar/Downloads/RTL.ai/designs/benchmark_flat.v:3966$8264'.
No latch inferred for signal `\sad8x8.\ad[28]' from process `\sad8x8.$proc$/mnt/d/tushar/Downloads/RTL.ai/designs/benchmark_flat.v:3966$8259'.
No latch inferred for signal `\sad8x8.\ad[27]' from process `\sad8x8.$proc$/mnt/d/tushar/Downloads/RTL.ai/designs/benchmark_flat.v:3966$8254'.
No latch inferred for signal `\sad8x8.\ad[26]' from process `\sad8x8.$proc$/mnt/d/tushar/Downloads/RTL.ai/designs/benchmark_flat.v:3966$8249'.
No latch inferred for signal `\sad8x8.\ad[25]' from process `\sad8x8.$proc$/mnt/d/tushar/Downloads/RTL.ai/designs/benchmark_flat.v:3966$8244'.
No latch inferred for signal `\sad8x8.\ad[24]' from process `\sad8x8.$proc$/mnt/d/tushar/Downloads/RTL.ai/designs/benchmark_flat.v:3966$8239'.
No latch inferred for signal `\sad8x8.\ad[23]' from process `\sad8x8.$proc$/mnt/d/tushar/Downloads/RTL.ai/designs/benchmark_flat.v:3966$8234'.
No latch inferred for signal `\sad8x8.\ad[22]' from process `\sad8x8.$proc$/mnt/d/tushar/Downloads/RTL.ai/designs/benchmark_flat.v:3966$8229'.
No latch inferred for signal `\sad8x8.\ad[21]' from process `\sad8x8.$proc$/mnt/d/tushar/Downloads/RTL.ai/designs/benchmark_flat.v:3966$8224'.
No latch inferred for signal `\sad8x8.\ad[20]' from process `\sad8x8.$proc$/mnt/d/tushar/Downloads/RTL.ai/designs/benchmark_flat.v:3966$8219'.
No latch inferred for signal `\sad8x8.\ad[19]' from process `\sad8x8.$proc$/mnt/d/tushar/Downloads/RTL.ai/designs/benchmark_flat.v:3966$8214'.
No latch inferred for signal `\sad8x8.\ad[18]' from process `\sad8x8.$proc$/mnt/d/tushar/Downloads/RTL.ai/designs/benchmark_flat.v:3966$8209'.
No latch inferred for signal `\sad8x8.\ad[17]' from process `\sad8x8.$proc$/mnt/d/tushar/Downloads/RTL.ai/designs/benchmark_flat.v:3966$8204'.
No latch inferred for signal `\sad8x8.\ad[16]' from process `\sad8x8.$proc$/mnt/d/tushar/Downloads/RTL.ai/designs/benchmark_flat.v:3966$8199'.
No latch inferred for signal `\sad8x8.\ad[15]' from process `\sad8x8.$proc$/mnt/d/tushar/Downloads/RTL.ai/designs/benchmark_flat.v:3966$8194'.
No latch inferred for signal `\sad8x8.\ad[14]' from process `\sad8x8.$proc$/mnt/d/tushar/Downloads/RTL.ai/designs/benchmark_flat.v:3966$8189'.
No latch inferred for signal `\sad8x8.\ad[13]' from process `\sad8x8.$proc$/mnt/d/tushar/Downloads/RTL.ai/designs/benchmark_flat.v:3966$8184'.
No latch inferred for signal `\sad8x8.\ad[12]' from process `\sad8x8.$proc$/mnt/d/tushar/Downloads/RTL.ai/designs/benchmark_flat.v:3966$8179'.
No latch inferred for signal `\sad8x8.\ad[11]' from process `\sad8x8.$proc$/mnt/d/tushar/Downloads/RTL.ai/designs/benchmark_flat.v:3966$8174'.
No latch inferred for signal `\sad8x8.\ad[10]' from process `\sad8x8.$proc$/mnt/d/tushar/Downloads/RTL.ai/designs/benchmark_flat.v:3966$8169'.
No latch inferred for signal `\sad8x8.\ad[9]' from process `\sad8x8.$proc$/mnt/d/tushar/Downloads/RTL.ai/designs/benchmark_flat.v:3966$8164'.
No latch inferred for signal `\sad8x8.\ad[8]' from process `\sad8x8.$proc$/mnt/d/tushar/Downloads/RTL.ai/designs/benchmark_flat.v:3966$8159'.
No latch inferred for signal `\sad8x8.\ad[7]' from process `\sad8x8.$proc$/mnt/d/tushar/Downloads/RTL.ai/designs/benchmark_flat.v:3966$8154'.
No latch inferred for signal `\sad8x8.\ad[6]' from process `\sad8x8.$proc$/mnt/d/tushar/Downloads/RTL.ai/designs/benchmark_flat.v:3966$8149'.
No latch inferred for signal `\sad8x8.\ad[5]' from process `\sad8x8.$proc$/mnt/d/tushar/Downloads/RTL.ai/designs/benchmark_flat.v:3966$8144'.
No latch inferred for signal `\sad8x8.\ad[4]' from process `\sad8x8.$proc$/mnt/d/tushar/Downloads/RTL.ai/designs/benchmark_flat.v:3966$8139'.
No latch inferred for signal `\sad8x8.\ad[3]' from process `\sad8x8.$proc$/mnt/d/tushar/Downloads/RTL.ai/designs/benchmark_flat.v:3966$8134'.
No latch inferred for signal `\sad8x8.\ad[2]' from process `\sad8x8.$proc$/mnt/d/tushar/Downloads/RTL.ai/designs/benchmark_flat.v:3966$8129'.
No latch inferred for signal `\sad8x8.\ad[1]' from process `\sad8x8.$proc$/mnt/d/tushar/Downloads/RTL.ai/designs/benchmark_flat.v:3966$8124'.
No latch inferred for signal `\sad8x8.\ad[0]' from process `\sad8x8.$proc$/mnt/d/tushar/Downloads/RTL.ai/designs/benchmark_flat.v:3966$8119'.
No latch inferred for signal `\sad8x8.\k' from process `\sad8x8.$proc$/mnt/d/tushar/Downloads/RTL.ai/designs/benchmark_flat.v:3973$8053'.
No latch inferred for signal `\sad8x8.\acc' from process `\sad8x8.$proc$/mnt/d/tushar/Downloads/RTL.ai/designs/benchmark_flat.v:3973$8053'.
No latch inferred for signal `$paramod$498463d264968bc81db47baec170cc0cc7a42680\ddc_cic.\cb_out[4]' from process `$paramod$498463d264968bc81db47baec170cc0cc7a42680\ddc_cic.$proc$/mnt/d/tushar/Downloads/RTL.ai/designs/benchmark_flat.v:340$8699'.
No latch inferred for signal `$paramod$498463d264968bc81db47baec170cc0cc7a42680\ddc_cic.\cb_out[3]' from process `$paramod$498463d264968bc81db47baec170cc0cc7a42680\ddc_cic.$proc$/mnt/d/tushar/Downloads/RTL.ai/designs/benchmark_flat.v:340$8697'.
No latch inferred for signal `$paramod$498463d264968bc81db47baec170cc0cc7a42680\ddc_cic.\cb_out[2]' from process `$paramod$498463d264968bc81db47baec170cc0cc7a42680\ddc_cic.$proc$/mnt/d/tushar/Downloads/RTL.ai/designs/benchmark_flat.v:340$8695'.
No latch inferred for signal `$paramod$498463d264968bc81db47baec170cc0cc7a42680\ddc_cic.\cb_out[1]' from process `$paramod$498463d264968bc81db47baec170cc0cc7a42680\ddc_cic.$proc$/mnt/d/tushar/Downloads/RTL.ai/designs/benchmark_flat.v:340$8693'.
No latch inferred for signal `$paramod$498463d264968bc81db47baec170cc0cc7a42680\ddc_cic.\ig_in[4]' from process `$paramod$498463d264968bc81db47baec170cc0cc7a42680\ddc_cic.$proc$/mnt/d/tushar/Downloads/RTL.ai/designs/benchmark_flat.v:290$8692'.
No latch inferred for signal `$paramod$498463d264968bc81db47baec170cc0cc7a42680\ddc_cic.\ig_in[3]' from process `$paramod$498463d264968bc81db47baec170cc0cc7a42680\ddc_cic.$proc$/mnt/d/tushar/Downloads/RTL.ai/designs/benchmark_flat.v:290$8691'.
No latch inferred for signal `$paramod$498463d264968bc81db47baec170cc0cc7a42680\ddc_cic.\ig_in[2]' from process `$paramod$498463d264968bc81db47baec170cc0cc7a42680\ddc_cic.$proc$/mnt/d/tushar/Downloads/RTL.ai/designs/benchmark_flat.v:290$8690'.
No latch inferred for signal `$paramod$498463d264968bc81db47baec170cc0cc7a42680\ddc_cic.\ig_in[1]' from process `$paramod$498463d264968bc81db47baec170cc0cc7a42680\ddc_cic.$proc$/mnt/d/tushar/Downloads/RTL.ai/designs/benchmark_flat.v:290$8689'.
No latch inferred for signal `$paramod$498463d264968bc81db47baec170cc0cc7a42680\ddc_cic.\cb_out[0]' from process `$paramod$498463d264968bc81db47baec170cc0cc7a42680\ddc_cic.$proc$/mnt/d/tushar/Downloads/RTL.ai/designs/benchmark_flat.v:319$8688'.
No latch inferred for signal `$paramod$498463d264968bc81db47baec170cc0cc7a42680\ddc_cic.\ig_in[0]' from process `$paramod$498463d264968bc81db47baec170cc0cc7a42680\ddc_cic.$proc$/mnt/d/tushar/Downloads/RTL.ai/designs/benchmark_flat.v:275$8687'.
No latch inferred for signal `$paramod$6b2e5777348611c38df4110cba65fe3615d0b62c\ddc_fir.\psum[15]' from process `$paramod$6b2e5777348611c38df4110cba65fe3615d0b62c\ddc_fir.$proc$/mnt/d/tushar/Downloads/RTL.ai/designs/benchmark_flat.v:434$8667'.
No latch inferred for signal `$paramod$6b2e5777348611c38df4110cba65fe3615d0b62c\ddc_fir.\psum[14]' from process `$paramod$6b2e5777348611c38df4110cba65fe3615d0b62c\ddc_fir.$proc$/mnt/d/tushar/Downloads/RTL.ai/designs/benchmark_flat.v:434$8665'.
No latch inferred for signal `$paramod$6b2e5777348611c38df4110cba65fe3615d0b62c\ddc_fir.\psum[13]' from process `$paramod$6b2e5777348611c38df4110cba65fe3615d0b62c\ddc_fir.$proc$/mnt/d/tushar/Downloads/RTL.ai/designs/benchmark_flat.v:434$8663'.
No latch inferred for signal `$paramod$6b2e5777348611c38df4110cba65fe3615d0b62c\ddc_fir.\psum[12]' from process `$paramod$6b2e5777348611c38df4110cba65fe3615d0b62c\ddc_fir.$proc$/mnt/d/tushar/Downloads/RTL.ai/designs/benchmark_flat.v:434$8661'.
No latch inferred for signal `$paramod$6b2e5777348611c38df4110cba65fe3615d0b62c\ddc_fir.\psum[11]' from process `$paramod$6b2e5777348611c38df4110cba65fe3615d0b62c\ddc_fir.$proc$/mnt/d/tushar/Downloads/RTL.ai/designs/benchmark_flat.v:434$8659'.
No latch inferred for signal `$paramod$6b2e5777348611c38df4110cba65fe3615d0b62c\ddc_fir.\psum[10]' from process `$paramod$6b2e5777348611c38df4110cba65fe3615d0b62c\ddc_fir.$proc$/mnt/d/tushar/Downloads/RTL.ai/designs/benchmark_flat.v:434$8657'.
No latch inferred for signal `$paramod$6b2e5777348611c38df4110cba65fe3615d0b62c\ddc_fir.\psum[9]' from process `$paramod$6b2e5777348611c38df4110cba65fe3615d0b62c\ddc_fir.$proc$/mnt/d/tushar/Downloads/RTL.ai/designs/benchmark_flat.v:434$8655'.
No latch inferred for signal `$paramod$6b2e5777348611c38df4110cba65fe3615d0b62c\ddc_fir.\psum[8]' from process `$paramod$6b2e5777348611c38df4110cba65fe3615d0b62c\ddc_fir.$proc$/mnt/d/tushar/Downloads/RTL.ai/designs/benchmark_flat.v:434$8653'.
No latch inferred for signal `$paramod$6b2e5777348611c38df4110cba65fe3615d0b62c\ddc_fir.\psum[7]' from process `$paramod$6b2e5777348611c38df4110cba65fe3615d0b62c\ddc_fir.$proc$/mnt/d/tushar/Downloads/RTL.ai/designs/benchmark_flat.v:434$8651'.
No latch inferred for signal `$paramod$6b2e5777348611c38df4110cba65fe3615d0b62c\ddc_fir.\psum[6]' from process `$paramod$6b2e5777348611c38df4110cba65fe3615d0b62c\ddc_fir.$proc$/mnt/d/tushar/Downloads/RTL.ai/designs/benchmark_flat.v:434$8649'.
No latch inferred for signal `$paramod$6b2e5777348611c38df4110cba65fe3615d0b62c\ddc_fir.\psum[5]' from process `$paramod$6b2e5777348611c38df4110cba65fe3615d0b62c\ddc_fir.$proc$/mnt/d/tushar/Downloads/RTL.ai/designs/benchmark_flat.v:434$8647'.
No latch inferred for signal `$paramod$6b2e5777348611c38df4110cba65fe3615d0b62c\ddc_fir.\psum[4]' from process `$paramod$6b2e5777348611c38df4110cba65fe3615d0b62c\ddc_fir.$proc$/mnt/d/tushar/Downloads/RTL.ai/designs/benchmark_flat.v:434$8645'.
No latch inferred for signal `$paramod$6b2e5777348611c38df4110cba65fe3615d0b62c\ddc_fir.\psum[3]' from process `$paramod$6b2e5777348611c38df4110cba65fe3615d0b62c\ddc_fir.$proc$/mnt/d/tushar/Downloads/RTL.ai/designs/benchmark_flat.v:434$8643'.
No latch inferred for signal `$paramod$6b2e5777348611c38df4110cba65fe3615d0b62c\ddc_fir.\psum[2]' from process `$paramod$6b2e5777348611c38df4110cba65fe3615d0b62c\ddc_fir.$proc$/mnt/d/tushar/Downloads/RTL.ai/designs/benchmark_flat.v:434$8641'.
No latch inferred for signal `$paramod$6b2e5777348611c38df4110cba65fe3615d0b62c\ddc_fir.\psum[1]' from process `$paramod$6b2e5777348611c38df4110cba65fe3615d0b62c\ddc_fir.$proc$/mnt/d/tushar/Downloads/RTL.ai/designs/benchmark_flat.v:434$8639'.
No latch inferred for signal `$paramod$6b2e5777348611c38df4110cba65fe3615d0b62c\ddc_fir.\prod[14]' from process `$paramod$6b2e5777348611c38df4110cba65fe3615d0b62c\ddc_fir.$proc$/mnt/d/tushar/Downloads/RTL.ai/designs/benchmark_flat.v:424$8637'.
No latch inferred for signal `$paramod$6b2e5777348611c38df4110cba65fe3615d0b62c\ddc_fir.\prod[13]' from process `$paramod$6b2e5777348611c38df4110cba65fe3615d0b62c\ddc_fir.$proc$/mnt/d/tushar/Downloads/RTL.ai/designs/benchmark_flat.v:424$8635'.
No latch inferred for signal `$paramod$6b2e5777348611c38df4110cba65fe3615d0b62c\ddc_fir.\prod[12]' from process `$paramod$6b2e5777348611c38df4110cba65fe3615d0b62c\ddc_fir.$proc$/mnt/d/tushar/Downloads/RTL.ai/designs/benchmark_flat.v:424$8633'.
No latch inferred for signal `$paramod$6b2e5777348611c38df4110cba65fe3615d0b62c\ddc_fir.\prod[11]' from process `$paramod$6b2e5777348611c38df4110cba65fe3615d0b62c\ddc_fir.$proc$/mnt/d/tushar/Downloads/RTL.ai/designs/benchmark_flat.v:424$8631'.
No latch inferred for signal `$paramod$6b2e5777348611c38df4110cba65fe3615d0b62c\ddc_fir.\prod[10]' from process `$paramod$6b2e5777348611c38df4110cba65fe3615d0b62c\ddc_fir.$proc$/mnt/d/tushar/Downloads/RTL.ai/designs/benchmark_flat.v:424$8629'.
No latch inferred for signal `$paramod$6b2e5777348611c38df4110cba65fe3615d0b62c\ddc_fir.\prod[9]' from process `$paramod$6b2e5777348611c38df4110cba65fe3615d0b62c\ddc_fir.$proc$/mnt/d/tushar/Downloads/RTL.ai/designs/benchmark_flat.v:424$8627'.
No latch inferred for signal `$paramod$6b2e5777348611c38df4110cba65fe3615d0b62c\ddc_fir.\prod[8]' from process `$paramod$6b2e5777348611c38df4110cba65fe3615d0b62c\ddc_fir.$proc$/mnt/d/tushar/Downloads/RTL.ai/designs/benchmark_flat.v:424$8625'.
No latch inferred for signal `$paramod$6b2e5777348611c38df4110cba65fe3615d0b62c\ddc_fir.\prod[7]' from process `$paramod$6b2e5777348611c38df4110cba65fe3615d0b62c\ddc_fir.$proc$/mnt/d/tushar/Downloads/RTL.ai/designs/benchmark_flat.v:424$8623'.
No latch inferred for signal `$paramod$6b2e5777348611c38df4110cba65fe3615d0b62c\ddc_fir.\prod[6]' from process `$paramod$6b2e5777348611c38df4110cba65fe3615d0b62c\ddc_fir.$proc$/mnt/d/tushar/Downloads/RTL.ai/designs/benchmark_flat.v:424$8621'.
No latch inferred for signal `$paramod$6b2e5777348611c38df4110cba65fe3615d0b62c\ddc_fir.\prod[5]' from process `$paramod$6b2e5777348611c38df4110cba65fe3615d0b62c\ddc_fir.$proc$/mnt/d/tushar/Downloads/RTL.ai/designs/benchmark_flat.v:424$8619'.
No latch inferred for signal `$paramod$6b2e5777348611c38df4110cba65fe3615d0b62c\ddc_fir.\prod[4]' from process `$paramod$6b2e5777348611c38df4110cba65fe3615d0b62c\ddc_fir.$proc$/mnt/d/tushar/Downloads/RTL.ai/designs/benchmark_flat.v:424$8617'.
No latch inferred for signal `$paramod$6b2e5777348611c38df4110cba65fe3615d0b62c\ddc_fir.\prod[3]' from process `$paramod$6b2e5777348611c38df4110cba65fe3615d0b62c\ddc_fir.$proc$/mnt/d/tushar/Downloads/RTL.ai/designs/benchmark_flat.v:424$8615'.
No latch inferred for signal `$paramod$6b2e5777348611c38df4110cba65fe3615d0b62c\ddc_fir.\prod[2]' from process `$paramod$6b2e5777348611c38df4110cba65fe3615d0b62c\ddc_fir.$proc$/mnt/d/tushar/Downloads/RTL.ai/designs/benchmark_flat.v:424$8613'.
No latch inferred for signal `$paramod$6b2e5777348611c38df4110cba65fe3615d0b62c\ddc_fir.\prod[1]' from process `$paramod$6b2e5777348611c38df4110cba65fe3615d0b62c\ddc_fir.$proc$/mnt/d/tushar/Downloads/RTL.ai/designs/benchmark_flat.v:424$8611'.
No latch inferred for signal `$paramod$6b2e5777348611c38df4110cba65fe3615d0b62c\ddc_fir.\prod[0]' from process `$paramod$6b2e5777348611c38df4110cba65fe3615d0b62c\ddc_fir.$proc$/mnt/d/tushar/Downloads/RTL.ai/designs/benchmark_flat.v:424$8609'.
No latch inferred for signal `$paramod$6b2e5777348611c38df4110cba65fe3615d0b62c\ddc_fir.\psum[0]' from process `$paramod$6b2e5777348611c38df4110cba65fe3615d0b62c\ddc_fir.$proc$/mnt/d/tushar/Downloads/RTL.ai/designs/benchmark_flat.v:430$8608'.
No latch inferred for signal `\picorv32_pcpi_fast_mul.\instr_mulhu' from process `\picorv32_pcpi_fast_mul.$proc$/mnt/d/tushar/Downloads/RTL.ai/designs/benchmark_flat.v:3222$7965'.
No latch inferred for signal `\picorv32_pcpi_fast_mul.\instr_mulhsu' from process `\picorv32_pcpi_fast_mul.$proc$/mnt/d/tushar/Downloads/RTL.ai/designs/benchmark_flat.v:3222$7965'.
No latch inferred for signal `\picorv32_pcpi_fast_mul.\instr_mulh' from process `\picorv32_pcpi_fast_mul.$proc$/mnt/d/tushar/Downloads/RTL.ai/designs/benchmark_flat.v:3222$7965'.
No latch inferred for signal `\picorv32_pcpi_fast_mul.\instr_mul' from process `\picorv32_pcpi_fast_mul.$proc$/mnt/d/tushar/Downloads/RTL.ai/designs/benchmark_flat.v:3222$7965'.
No latch inferred for signal `\picorv32.\decoded_rs' from process `\picorv32.$proc$/mnt/d/tushar/Downloads/RTL.ai/designs/benchmark_flat.v:2222$7696'.
No latch inferred for signal `\picorv32.\cpuregs_rs2' from process `\picorv32.$proc$/mnt/d/tushar/Downloads/RTL.ai/designs/benchmark_flat.v:2222$7696'.
No latch inferred for signal `\picorv32.\cpuregs_rs1' from process `\picorv32.$proc$/mnt/d/tushar/Downloads/RTL.ai/designs/benchmark_flat.v:2222$7696'.
No latch inferred for signal `\picorv32.\cpuregs_wrdata' from process `\picorv32.$proc$/mnt/d/tushar/Downloads/RTL.ai/designs/benchmark_flat.v:2183$7675'.
No latch inferred for signal `\picorv32.\cpuregs_write' from process `\picorv32.$proc$/mnt/d/tushar/Downloads/RTL.ai/designs/benchmark_flat.v:2183$7675'.
No latch inferred for signal `\picorv32.\clear_prefetched_high_word' from process `\picorv32.$proc$/mnt/d/tushar/Downloads/RTL.ai/designs/benchmark_flat.v:2169$7670'.
No latch inferred for signal `\picorv32.\alu_out_0' from process `\picorv32.$proc$/mnt/d/tushar/Downloads/RTL.ai/designs/benchmark_flat.v:2123$7647'.
No latch inferred for signal `\picorv32.\alu_out' from process `\picorv32.$proc$/mnt/d/tushar/Downloads/RTL.ai/designs/benchmark_flat.v:2123$7647'.
No latch inferred for signal `\picorv32.\dbg_ascii_state' from process `\picorv32.$proc$/mnt/d/tushar/Downloads/RTL.ai/designs/benchmark_flat.v:2060$7635'.
No latch inferred for signal `\picorv32.\dbg_insn_rd' from process `\picorv32.$proc$/mnt/d/tushar/Downloads/RTL.ai/designs/benchmark_flat.v:1683$7370'.
No latch inferred for signal `\picorv32.\dbg_insn_rs2' from process `\picorv32.$proc$/mnt/d/tushar/Downloads/RTL.ai/designs/benchmark_flat.v:1683$7370'.
No latch inferred for signal `\picorv32.\dbg_insn_rs1' from process `\picorv32.$proc$/mnt/d/tushar/Downloads/RTL.ai/designs/benchmark_flat.v:1683$7370'.
No latch inferred for signal `\picorv32.\dbg_insn_imm' from process `\picorv32.$proc$/mnt/d/tushar/Downloads/RTL.ai/designs/benchmark_flat.v:1683$7370'.
No latch inferred for signal `\picorv32.\dbg_ascii_instr' from process `\picorv32.$proc$/mnt/d/tushar/Downloads/RTL.ai/designs/benchmark_flat.v:1683$7370'.
No latch inferred for signal `\picorv32.\dbg_insn_opcode' from process `\picorv32.$proc$/mnt/d/tushar/Downloads/RTL.ai/designs/benchmark_flat.v:1683$7370'.
No latch inferred for signal `\picorv32.\new_ascii_instr' from process `\picorv32.$proc$/mnt/d/tushar/Downloads/RTL.ai/designs/benchmark_flat.v:1575$7365'.
No latch inferred for signal `\picorv32.\alu_lts' from process `\picorv32.$proc$/mnt/d/tushar/Downloads/RTL.ai/designs/benchmark_flat.v:2113$7873'.
No latch inferred for signal `\picorv32.\alu_ltu' from process `\picorv32.$proc$/mnt/d/tushar/Downloads/RTL.ai/designs/benchmark_flat.v:2113$7873'.
No latch inferred for signal `\picorv32.\alu_eq' from process `\picorv32.$proc$/mnt/d/tushar/Downloads/RTL.ai/designs/benchmark_flat.v:2113$7873'.
No latch inferred for signal `\picorv32.\alu_shr' from process `\picorv32.$proc$/mnt/d/tushar/Downloads/RTL.ai/designs/benchmark_flat.v:2113$7873'.
No latch inferred for signal `\picorv32.\alu_shl' from process `\picorv32.$proc$/mnt/d/tushar/Downloads/RTL.ai/designs/benchmark_flat.v:2113$7873'.
No latch inferred for signal `\picorv32.\alu_add_sub' from process `\picorv32.$proc$/mnt/d/tushar/Downloads/RTL.ai/designs/benchmark_flat.v:2113$7873'.
No latch inferred for signal `\picorv32.\mem_rdata_word' from process `\picorv32.$proc$/mnt/d/tushar/Downloads/RTL.ai/designs/benchmark_flat.v:1275$7300'.
No latch inferred for signal `\picorv32.\mem_la_wstrb' from process `\picorv32.$proc$/mnt/d/tushar/Downloads/RTL.ai/designs/benchmark_flat.v:1275$7300'.
No latch inferred for signal `\picorv32.\mem_la_wdata' from process `\picorv32.$proc$/mnt/d/tushar/Downloads/RTL.ai/designs/benchmark_flat.v:1275$7300'.
No latch inferred for signal `\picorv32.\pcpi_int_ready' from process `\picorv32.$proc$/mnt/d/tushar/Downloads/RTL.ai/designs/benchmark_flat.v:1199$7221'.
No latch inferred for signal `\picorv32.\pcpi_int_wait' from process `\picorv32.$proc$/mnt/d/tushar/Downloads/RTL.ai/designs/benchmark_flat.v:1199$7221'.
No latch inferred for signal `\picorv32.\pcpi_int_rd' from process `\picorv32.$proc$/mnt/d/tushar/Downloads/RTL.ai/designs/benchmark_flat.v:1199$7221'.
No latch inferred for signal `\picorv32.\pcpi_int_wr' from process `\picorv32.$proc$/mnt/d/tushar/Downloads/RTL.ai/designs/benchmark_flat.v:1199$7221'.
No latch inferred for signal `\ddc_sinrom.\val' from process `\ddc_sinrom.$proc$/mnt/d/tushar/Downloads/RTL.ai/designs/benchmark_flat.v:613$7206'.
No latch inferred for signal `\crc32.\b' from process `\crc32.$proc$/mnt/d/tushar/Downloads/RTL.ai/designs/benchmark_flat.v:57$6819'.
No latch inferred for signal `\crc32.\i' from process `\crc32.$proc$/mnt/d/tushar/Downloads/RTL.ai/designs/benchmark_flat.v:57$6819'.
No latch inferred for signal `\crc32.\c_tap[8]' from process `\crc32.$proc$/mnt/d/tushar/Downloads/RTL.ai/designs/benchmark_flat.v:57$6819'.
No latch inferred for signal `\crc32.\c_tap[7]' from process `\crc32.$proc$/mnt/d/tushar/Downloads/RTL.ai/designs/benchmark_flat.v:57$6819'.
No latch inferred for signal `\crc32.\c_tap[6]' from process `\crc32.$proc$/mnt/d/tushar/Downloads/RTL.ai/designs/benchmark_flat.v:57$6819'.
No latch inferred for signal `\crc32.\c_tap[5]' from process `\crc32.$proc$/mnt/d/tushar/Downloads/RTL.ai/designs/benchmark_flat.v:57$6819'.
No latch inferred for signal `\crc32.\c_tap[4]' from process `\crc32.$proc$/mnt/d/tushar/Downloads/RTL.ai/designs/benchmark_flat.v:57$6819'.
No latch inferred for signal `\crc32.\c_tap[3]' from process `\crc32.$proc$/mnt/d/tushar/Downloads/RTL.ai/designs/benchmark_flat.v:57$6819'.
No latch inferred for signal `\crc32.\c_tap[2]' from process `\crc32.$proc$/mnt/d/tushar/Downloads/RTL.ai/designs/benchmark_flat.v:57$6819'.
No latch inferred for signal `\crc32.\c_tap[1]' from process `\crc32.$proc$/mnt/d/tushar/Downloads/RTL.ai/designs/benchmark_flat.v:57$6819'.
No latch inferred for signal `\crc32.\c_tap[0]' from process `\crc32.$proc$/mnt/d/tushar/Downloads/RTL.ai/designs/benchmark_flat.v:57$6819'.
No latch inferred for signal `\crc32.\cnext' from process `\crc32.$proc$/mnt/d/tushar/Downloads/RTL.ai/designs/benchmark_flat.v:57$6819'.

8.9. Executing PROC_DFF pass (convert process syncs to FFs).
Creating register for signal `\reset_sync.\stable' using process `\reset_sync.$proc$/mnt/d/tushar/Downloads/RTL.ai/designs/benchmark_flat.v:5324$8545'.
  created $adff cell `$procdff$13010' with positive edge clock and positive level reset.
Creating register for signal `\reset_sync.\meta' using process `\reset_sync.$proc$/mnt/d/tushar/Downloads/RTL.ai/designs/benchmark_flat.v:5324$8545'.
  created $adff cell `$procdff$13013' with positive edge clock and positive level reset.
Creating register for signal `\ddc.\mix_valid_d' using process `\ddc.$proc$/mnt/d/tushar/Downloads/RTL.ai/designs/benchmark_flat.v:173$8727'.
  created $dff cell `$procdff$13014' with positive edge clock.
Creating register for signal `\ddc.\mix_valid' using process `\ddc.$proc$/mnt/d/tushar/Downloads/RTL.ai/designs/benchmark_flat.v:173$8727'.
  created $dff cell `$procdff$13015' with positive edge clock.
Creating register for signal `\cdc_sync.\stable' using process `\cdc_sync.$proc$/mnt/d/tushar/Downloads/RTL.ai/designs/benchmark_flat.v:5221$8537'.
  created $dff cell `$procdff$13016' with positive edge clock.
Creating register for signal `\cdc_sync.\meta' using process `\cdc_sync.$proc$/mnt/d/tushar/Downloads/RTL.ai/designs/benchmark_flat.v:5221$8537'.
  created $dff cell `$procdff$13017' with positive edge clock.
Creating register for signal `$paramod$33682cd1d05634ea6014b34575d141b8a856657a\ddc_mixer.\qout' using process `$paramod$33682cd1d05634ea6014b34575d141b8a856657a\ddc_mixer.$proc$/mnt/d/tushar/Downloads/RTL.ai/designs/benchmark_flat.v:530$8717'.
  created $dff cell `$procdff$13018' with positive edge clock.
Creating register for signal `$paramod$33682cd1d05634ea6014b34575d141b8a856657a\ddc_mixer.\iout' using process `$paramod$33682cd1d05634ea6014b34575d141b8a856657a\ddc_mixer.$proc$/mnt/d/tushar/Downloads/RTL.ai/designs/benchmark_flat.v:530$8717'.
  created $dff cell `$procdff$13019' with positive edge clock.
Creating register for signal `\sha256_w_mem.\w_mem[15]' using process `\sha256_w_mem.$proc$/mnt/d/tushar/Downloads/RTL.ai/designs/benchmark_flat.v:5038$8514'.
  created $adff cell `$procdff$13024' with positive edge clock and positive level reset.
Creating register for signal `\sha256_w_mem.\w_mem[14]' using process `\sha256_w_mem.$proc$/mnt/d/tushar/Downloads/RTL.ai/designs/benchmark_flat.v:5038$8514'.
  created $adff cell `$procdff$13029' with positive edge clock and positive level reset.
Creating register for signal `\sha256_w_mem.\w_mem[13]' using process `\sha256_w_mem.$proc$/mnt/d/tushar/Downloads/RTL.ai/designs/benchmark_flat.v:5038$8514'.
  created $adff cell `$procdff$13034' with positive edge clock and positive level reset.
Creating register for signal `\sha256_w_mem.\w_mem[12]' using process `\sha256_w_mem.$proc$/mnt/d/tushar/Downloads/RTL.ai/designs/benchmark_flat.v:5038$8514'.
  created $adff cell `$procdff$13039' with positive edge clock and positive level reset.
Creating register for signal `\sha256_w_mem.\w_mem[11]' using process `\sha256_w_mem.$proc$/mnt/d/tushar/Downloads/RTL.ai/designs/benchmark_flat.v:5038$8514'.
  created $adff cell `$procdff$13044' with positive edge clock and positive level reset.
Creating register for signal `\sha256_w_mem.\w_mem[10]' using process `\sha256_w_mem.$proc$/mnt/d/tushar/Downloads/RTL.ai/designs/benchmark_flat.v:5038$8514'.
  created $adff cell `$procdff$13049' with positive edge clock and positive level reset.
Creating register for signal `\sha256_w_mem.\w_mem[9]' using process `\sha256_w_mem.$proc$/mnt/d/tushar/Downloads/RTL.ai/designs/benchmark_flat.v:5038$8514'.
  created $adff cell `$procdff$13054' with positive edge clock and positive level reset.
Creating register for signal `\sha256_w_mem.\w_mem[8]' using process `\sha256_w_mem.$proc$/mnt/d/tushar/Downloads/RTL.ai/designs/benchmark_flat.v:5038$8514'.
  created $adff cell `$procdff$13059' with positive edge clock and positive level reset.
Creating register for signal `\sha256_w_mem.\w_mem[7]' using process `\sha256_w_mem.$proc$/mnt/d/tushar/Downloads/RTL.ai/designs/benchmark_flat.v:5038$8514'.
  created $adff cell `$procdff$13064' with positive edge clock and positive level reset.
Creating register for signal `\sha256_w_mem.\w_mem[6]' using process `\sha256_w_mem.$proc$/mnt/d/tushar/Downloads/RTL.ai/designs/benchmark_flat.v:5038$8514'.
  created $adff cell `$procdff$13069' with positive edge clock and positive level reset.
Creating register for signal `\sha256_w_mem.\w_mem[5]' using process `\sha256_w_mem.$proc$/mnt/d/tushar/Downloads/RTL.ai/designs/benchmark_flat.v:5038$8514'.
  created $adff cell `$procdff$13074' with positive edge clock and positive level reset.
Creating register for signal `\sha256_w_mem.\w_mem[4]' using process `\sha256_w_mem.$proc$/mnt/d/tushar/Downloads/RTL.ai/designs/benchmark_flat.v:5038$8514'.
  created $adff cell `$procdff$13079' with positive edge clock and positive level reset.
Creating register for signal `\sha256_w_mem.\w_mem[3]' using process `\sha256_w_mem.$proc$/mnt/d/tushar/Downloads/RTL.ai/designs/benchmark_flat.v:5038$8514'.
  created $adff cell `$procdff$13084' with positive edge clock and positive level reset.
Creating register for signal `\sha256_w_mem.\w_mem[2]' using process `\sha256_w_mem.$proc$/mnt/d/tushar/Downloads/RTL.ai/designs/benchmark_flat.v:5038$8514'.
  created $adff cell `$procdff$13089' with positive edge clock and positive level reset.
Creating register for signal `\sha256_w_mem.\w_mem[1]' using process `\sha256_w_mem.$proc$/mnt/d/tushar/Downloads/RTL.ai/designs/benchmark_flat.v:5038$8514'.
  created $adff cell `$procdff$13094' with positive edge clock and positive level reset.
Creating register for signal `\sha256_w_mem.\w_mem[0]' using process `\sha256_w_mem.$proc$/mnt/d/tushar/Downloads/RTL.ai/designs/benchmark_flat.v:5038$8514'.
  created $adff cell `$procdff$13099' with positive edge clock and positive level reset.
Creating register for signal `\sha256_w_mem.\reg_update.i' using process `\sha256_w_mem.$proc$/mnt/d/tushar/Downloads/RTL.ai/designs/benchmark_flat.v:5038$8514'.
  created $adff cell `$procdff$13104' with positive edge clock and positive level reset.
Creating register for signal `\sha256_core.\sha256_ctrl_reg' using process `\sha256_core.$proc$/mnt/d/tushar/Downloads/RTL.ai/designs/benchmark_flat.v:4456$8474'.
  created $adff cell `$procdff$13109' with positive edge clock and positive level reset.
Creating register for signal `\sha256_core.\t_ctr_reg' using process `\sha256_core.$proc$/mnt/d/tushar/Downloads/RTL.ai/designs/benchmark_flat.v:4456$8474'.
  created $adff cell `$procdff$13114' with positive edge clock and positive level reset.
Creating register for signal `\sha256_core.\H7_reg' using process `\sha256_core.$proc$/mnt/d/tushar/Downloads/RTL.ai/designs/benchmark_flat.v:4456$8474'.
  created $adff cell `$procdff$13119' with positive edge clock and positive level reset.
Creating register for signal `\sha256_core.\H6_reg' using process `\sha256_core.$proc$/mnt/d/tushar/Downloads/RTL.ai/designs/benchmark_flat.v:4456$8474'.
  created $adff cell `$procdff$13124' with positive edge clock and positive level reset.
Creating register for signal `\sha256_core.\H5_reg' using process `\sha256_core.$proc$/mnt/d/tushar/Downloads/RTL.ai/designs/benchmark_flat.v:4456$8474'.
  created $adff cell `$procdff$13129' with positive edge clock and positive level reset.
Creating register for signal `\sha256_core.\H4_reg' using process `\sha256_core.$proc$/mnt/d/tushar/Downloads/RTL.ai/designs/benchmark_flat.v:4456$8474'.
  created $adff cell `$procdff$13134' with positive edge clock and positive level reset.
Creating register for signal `\sha256_core.\H3_reg' using process `\sha256_core.$proc$/mnt/d/tushar/Downloads/RTL.ai/designs/benchmark_flat.v:4456$8474'.
  created $adff cell `$procdff$13139' with positive edge clock and positive level reset.
Creating register for signal `\sha256_core.\H2_reg' using process `\sha256_core.$proc$/mnt/d/tushar/Downloads/RTL.ai/designs/benchmark_flat.v:4456$8474'.
  created $adff cell `$procdff$13144' with positive edge clock and positive level reset.
Creating register for signal `\sha256_core.\H1_reg' using process `\sha256_core.$proc$/mnt/d/tushar/Downloads/RTL.ai/designs/benchmark_flat.v:4456$8474'.
  created $adff cell `$procdff$13149' with positive edge clock and positive level reset.
Creating register for signal `\sha256_core.\H0_reg' using process `\sha256_core.$proc$/mnt/d/tushar/Downloads/RTL.ai/designs/benchmark_flat.v:4456$8474'.
  created $adff cell `$procdff$13154' with positive edge clock and positive level reset.
Creating register for signal `\sha256_core.\h_reg' using process `\sha256_core.$proc$/mnt/d/tushar/Downloads/RTL.ai/designs/benchmark_flat.v:4456$8474'.
  created $adff cell `$procdff$13159' with positive edge clock and positive level reset.
Creating register for signal `\sha256_core.\g_reg' using process `\sha256_core.$proc$/mnt/d/tushar/Downloads/RTL.ai/designs/benchmark_flat.v:4456$8474'.
  created $adff cell `$procdff$13164' with positive edge clock and positive level reset.
Creating register for signal `\sha256_core.\f_reg' using process `\sha256_core.$proc$/mnt/d/tushar/Downloads/RTL.ai/designs/benchmark_flat.v:4456$8474'.
  created $adff cell `$procdff$13169' with positive edge clock and positive level reset.
Creating register for signal `\sha256_core.\e_reg' using process `\sha256_core.$proc$/mnt/d/tushar/Downloads/RTL.ai/designs/benchmark_flat.v:4456$8474'.
  created $adff cell `$procdff$13174' with positive edge clock and positive level reset.
Creating register for signal `\sha256_core.\d_reg' using process `\sha256_core.$proc$/mnt/d/tushar/Downloads/RTL.ai/designs/benchmark_flat.v:4456$8474'.
  created $adff cell `$procdff$13179' with positive edge clock and positive level reset.
Creating register for signal `\sha256_core.\c_reg' using process `\sha256_core.$proc$/mnt/d/tushar/Downloads/RTL.ai/designs/benchmark_flat.v:4456$8474'.
  created $adff cell `$procdff$13184' with positive edge clock and positive level reset.
Creating register for signal `\sha256_core.\b_reg' using process `\sha256_core.$proc$/mnt/d/tushar/Downloads/RTL.ai/designs/benchmark_flat.v:4456$8474'.
  created $adff cell `$procdff$13189' with positive edge clock and positive level reset.
Creating register for signal `\sha256_core.\a_reg' using process `\sha256_core.$proc$/mnt/d/tushar/Downloads/RTL.ai/designs/benchmark_flat.v:4456$8474'.
  created $adff cell `$procdff$13194' with positive edge clock and positive level reset.
Creating register for signal `\sha256_core.\digest_valid_reg' using process `\sha256_core.$proc$/mnt/d/tushar/Downloads/RTL.ai/designs/benchmark_flat.v:4456$8474'.
  created $adff cell `$procdff$13199' with positive edge clock and positive level reset.
Creating register for signal `\sha256.$mem2reg_wr$\block_reg$/mnt/d/tushar/Downloads/RTL.ai/designs/benchmark_flat.v:4180$8439_DATA' using process `\sha256.$proc$/mnt/d/tushar/Downloads/RTL.ai/designs/benchmark_flat.v:4150$8441'.
  created $adff cell `$procdff$13204' with positive edge clock and positive level reset.
Creating register for signal `\sha256.$mem2reg_wr$\block_reg$/mnt/d/tushar/Downloads/RTL.ai/designs/benchmark_flat.v:4180$8439_ADDR' using process `\sha256.$proc$/mnt/d/tushar/Downloads/RTL.ai/designs/benchmark_flat.v:4150$8441'.
  created $adff cell `$procdff$13209' with positive edge clock and positive level reset.
Creating register for signal `\sha256.\block_reg[15]' using process `\sha256.$proc$/mnt/d/tushar/Downloads/RTL.ai/designs/benchmark_flat.v:4150$8441'.
  created $adff cell `$procdff$13214' with positive edge clock and positive level reset.
Creating register for signal `\sha256.\block_reg[14]' using process `\sha256.$proc$/mnt/d/tushar/Downloads/RTL.ai/designs/benchmark_flat.v:4150$8441'.
  created $adff cell `$procdff$13219' with positive edge clock and positive level reset.
Creating register for signal `\sha256.\block_reg[13]' using process `\sha256.$proc$/mnt/d/tushar/Downloads/RTL.ai/designs/benchmark_flat.v:4150$8441'.
  created $adff cell `$procdff$13224' with positive edge clock and positive level reset.
Creating register for signal `\sha256.\block_reg[12]' using process `\sha256.$proc$/mnt/d/tushar/Downloads/RTL.ai/designs/benchmark_flat.v:4150$8441'.
  created $adff cell `$procdff$13229' with positive edge clock and positive level reset.
Creating register for signal `\sha256.\block_reg[11]' using process `\sha256.$proc$/mnt/d/tushar/Downloads/RTL.ai/designs/benchmark_flat.v:4150$8441'.
  created $adff cell `$procdff$13234' with positive edge clock and positive level reset.
Creating register for signal `\sha256.\block_reg[10]' using process `\sha256.$proc$/mnt/d/tushar/Downloads/RTL.ai/designs/benchmark_flat.v:4150$8441'.
  created $adff cell `$procdff$13239' with positive edge clock and positive level reset.
Creating register for signal `\sha256.\block_reg[9]' using process `\sha256.$proc$/mnt/d/tushar/Downloads/RTL.ai/designs/benchmark_flat.v:4150$8441'.
  created $adff cell `$procdff$13244' with positive edge clock and positive level reset.
Creating register for signal `\sha256.\block_reg[8]' using process `\sha256.$proc$/mnt/d/tushar/Downloads/RTL.ai/designs/benchmark_flat.v:4150$8441'.
  created $adff cell `$procdff$13249' with positive edge clock and positive level reset.
Creating register for signal `\sha256.\block_reg[7]' using process `\sha256.$proc$/mnt/d/tushar/Downloads/RTL.ai/designs/benchmark_flat.v:4150$8441'.
  created $adff cell `$procdff$13254' with positive edge clock and positive level reset.
Creating register for signal `\sha256.\block_reg[6]' using process `\sha256.$proc$/mnt/d/tushar/Downloads/RTL.ai/designs/benchmark_flat.v:4150$8441'.
  created $adff cell `$procdff$13259' with positive edge clock and positive level reset.
Creating register for signal `\sha256.\block_reg[5]' using process `\sha256.$proc$/mnt/d/tushar/Downloads/RTL.ai/designs/benchmark_flat.v:4150$8441'.
  created $adff cell `$procdff$13264' with positive edge clock and positive level reset.
Creating register for signal `\sha256.\block_reg[4]' using process `\sha256.$proc$/mnt/d/tushar/Downloads/RTL.ai/designs/benchmark_flat.v:4150$8441'.
  created $adff cell `$procdff$13269' with positive edge clock and positive level reset.
Creating register for signal `\sha256.\block_reg[3]' using process `\sha256.$proc$/mnt/d/tushar/Downloads/RTL.ai/designs/benchmark_flat.v:4150$8441'.
  created $adff cell `$procdff$13274' with positive edge clock and positive level reset.
Creating register for signal `\sha256.\block_reg[2]' using process `\sha256.$proc$/mnt/d/tushar/Downloads/RTL.ai/designs/benchmark_flat.v:4150$8441'.
  created $adff cell `$procdff$13279' with positive edge clock and positive level reset.
Creating register for signal `\sha256.\block_reg[1]' using process `\sha256.$proc$/mnt/d/tushar/Downloads/RTL.ai/designs/benchmark_flat.v:4150$8441'.
  created $adff cell `$procdff$13284' with positive edge clock and positive level reset.
Creating register for signal `\sha256.\block_reg[0]' using process `\sha256.$proc$/mnt/d/tushar/Downloads/RTL.ai/designs/benchmark_flat.v:4150$8441'.
  created $adff cell `$procdff$13289' with positive edge clock and positive level reset.
Creating register for signal `\sha256.\reg_update.i' using process `\sha256.$proc$/mnt/d/tushar/Downloads/RTL.ai/designs/benchmark_flat.v:4150$8441'.
  created $adff cell `$procdff$13294' with positive edge clock and positive level reset.
Creating register for signal `\sha256.\digest_valid_reg' using process `\sha256.$proc$/mnt/d/tushar/Downloads/RTL.ai/designs/benchmark_flat.v:4150$8441'.
  created $adff cell `$procdff$13299' with positive edge clock and positive level reset.
Creating register for signal `\sha256.\digest_reg' using process `\sha256.$proc$/mnt/d/tushar/Downloads/RTL.ai/designs/benchmark_flat.v:4150$8441'.
  created $adff cell `$procdff$13304' with positive edge clock and positive level reset.
Creating register for signal `\sha256.\ready_reg' using process `\sha256.$proc$/mnt/d/tushar/Downloads/RTL.ai/designs/benchmark_flat.v:4150$8441'.
  created $adff cell `$procdff$13309' with positive edge clock and positive level reset.
Creating register for signal `\sha256.\mode_reg' using process `\sha256.$proc$/mnt/d/tushar/Downloads/RTL.ai/designs/benchmark_flat.v:4150$8441'.
  created $adff cell `$procdff$13314' with positive edge clock and positive level reset.
Creating register for signal `\sha256.\next_reg' using process `\sha256.$proc$/mnt/d/tushar/Downloads/RTL.ai/designs/benchmark_flat.v:4150$8441'.
  created $adff cell `$procdff$13319' with positive edge clock and positive level reset.
Creating register for signal `\sha256.\init_reg' using process `\sha256.$proc$/mnt/d/tushar/Downloads/RTL.ai/designs/benchmark_flat.v:4150$8441'.
  created $adff cell `$procdff$13324' with positive edge clock and positive level reset.
Creating register for signal `\sad8x8.\sad' using process `\sad8x8.$proc$/mnt/d/tushar/Downloads/RTL.ai/designs/benchmark_flat.v:3979$8118'.
  created $dff cell `$procdff$13325' with positive edge clock.
Creating register for signal `\sad8x8.\valid_out' using process `\sad8x8.$proc$/mnt/d/tushar/Downloads/RTL.ai/designs/benchmark_flat.v:3979$8118'.
  created $dff cell `$procdff$13326' with positive edge clock.
Creating register for signal `$paramod$498463d264968bc81db47baec170cc0cc7a42680\ddc_cic.\g_comb[3].dly[0]' using process `$paramod$498463d264968bc81db47baec170cc0cc7a42680\ddc_cic.$proc$/mnt/d/tushar/Downloads/RTL.ai/designs/benchmark_flat.v:329$8686'.
  created $dff cell `$procdff$13327' with positive edge clock.
Creating register for signal `$paramod$498463d264968bc81db47baec170cc0cc7a42680\ddc_cic.\g_comb[3].k' using process `$paramod$498463d264968bc81db47baec170cc0cc7a42680\ddc_cic.$proc$/mnt/d/tushar/Downloads/RTL.ai/designs/benchmark_flat.v:329$8686'.
  created $dff cell `$procdff$13328' with positive edge clock.
Creating register for signal `$paramod$498463d264968bc81db47baec170cc0cc7a42680\ddc_cic.\g_comb[2].dly[0]' using process `$paramod$498463d264968bc81db47baec170cc0cc7a42680\ddc_cic.$proc$/mnt/d/tushar/Downloads/RTL.ai/designs/benchmark_flat.v:329$8685'.
  created $dff cell `$procdff$13329' with positive edge clock.
Creating register for signal `$paramod$498463d264968bc81db47baec170cc0cc7a42680\ddc_cic.\g_comb[2].k' using process `$paramod$498463d264968bc81db47baec170cc0cc7a42680\ddc_cic.$proc$/mnt/d/tushar/Downloads/RTL.ai/designs/benchmark_flat.v:329$8685'.
  created $dff cell `$procdff$13330' with positive edge clock.
Creating register for signal `$paramod$498463d264968bc81db47baec170cc0cc7a42680\ddc_cic.\g_comb[1].dly[0]' using process `$paramod$498463d264968bc81db47baec170cc0cc7a42680\ddc_cic.$proc$/mnt/d/tushar/Downloads/RTL.ai/designs/benchmark_flat.v:329$8684'.
  created $dff cell `$procdff$13331' with positive edge clock.
Creating register for signal `$paramod$498463d264968bc81db47baec170cc0cc7a42680\ddc_cic.\g_comb[1].k' using process `$paramod$498463d264968bc81db47baec170cc0cc7a42680\ddc_cic.$proc$/mnt/d/tushar/Downloads/RTL.ai/designs/benchmark_flat.v:329$8684'.
  created $dff cell `$procdff$13332' with positive edge clock.
Creating register for signal `$paramod$498463d264968bc81db47baec170cc0cc7a42680\ddc_cic.\g_comb[0].dly[0]' using process `$paramod$498463d264968bc81db47baec170cc0cc7a42680\ddc_cic.$proc$/mnt/d/tushar/Downloads/RTL.ai/designs/benchmark_flat.v:329$8683'.
  created $dff cell `$procdff$13333' with positive edge clock.
Creating register for signal `$paramod$498463d264968bc81db47baec170cc0cc7a42680\ddc_cic.\g_comb[0].k' using process `$paramod$498463d264968bc81db47baec170cc0cc7a42680\ddc_cic.$proc$/mnt/d/tushar/Downloads/RTL.ai/designs/benchmark_flat.v:329$8683'.
  created $dff cell `$procdff$13334' with positive edge clock.
Creating register for signal `$paramod$498463d264968bc81db47baec170cc0cc7a42680\ddc_cic.\g_integ[3].acc' using process `$paramod$498463d264968bc81db47baec170cc0cc7a42680\ddc_cic.$proc$/mnt/d/tushar/Downloads/RTL.ai/designs/benchmark_flat.v:284$8681'.
  created $dff cell `$procdff$13335' with positive edge clock.
Creating register for signal `$paramod$498463d264968bc81db47baec170cc0cc7a42680\ddc_cic.\g_integ[2].acc' using process `$paramod$498463d264968bc81db47baec170cc0cc7a42680\ddc_cic.$proc$/mnt/d/tushar/Downloads/RTL.ai/designs/benchmark_flat.v:284$8679'.
  created $dff cell `$procdff$13336' with positive edge clock.
Creating register for signal `$paramod$498463d264968bc81db47baec170cc0cc7a42680\ddc_cic.\g_integ[1].acc' using process `$paramod$498463d264968bc81db47baec170cc0cc7a42680\ddc_cic.$proc$/mnt/d/tushar/Downloads/RTL.ai/designs/benchmark_flat.v:284$8677'.
  created $dff cell `$procdff$13337' with positive edge clock.
Creating register for signal `$paramod$498463d264968bc81db47baec170cc0cc7a42680\ddc_cic.\g_integ[0].acc' using process `$paramod$498463d264968bc81db47baec170cc0cc7a42680\ddc_cic.$proc$/mnt/d/tushar/Downloads/RTL.ai/designs/benchmark_flat.v:284$8675'.
  created $dff cell `$procdff$13338' with positive edge clock.
Creating register for signal `$paramod$498463d264968bc81db47baec170cc0cc7a42680\ddc_cic.\out_data' using process `$paramod$498463d264968bc81db47baec170cc0cc7a42680\ddc_cic.$proc$/mnt/d/tushar/Downloads/RTL.ai/designs/benchmark_flat.v:349$8674'.
  created $dff cell `$procdff$13339' with positive edge clock.
Creating register for signal `$paramod$498463d264968bc81db47baec170cc0cc7a42680\ddc_cic.\out_valid' using process `$paramod$498463d264968bc81db47baec170cc0cc7a42680\ddc_cic.$proc$/mnt/d/tushar/Downloads/RTL.ai/designs/benchmark_flat.v:349$8674'.
  created $dff cell `$procdff$13340' with positive edge clock.
Creating register for signal `$paramod$498463d264968bc81db47baec170cc0cc7a42680\ddc_cic.\dec_data' using process `$paramod$498463d264968bc81db47baec170cc0cc7a42680\ddc_cic.$proc$/mnt/d/tushar/Downloads/RTL.ai/designs/benchmark_flat.v:298$8670'.
  created $dff cell `$procdff$13341' with positive edge clock.
Creating register for signal `$paramod$498463d264968bc81db47baec170cc0cc7a42680\ddc_cic.\cb_en' using process `$paramod$498463d264968bc81db47baec170cc0cc7a42680\ddc_cic.$proc$/mnt/d/tushar/Downloads/RTL.ai/designs/benchmark_flat.v:298$8670'.
  created $dff cell `$procdff$13342' with positive edge clock.
Creating register for signal `$paramod$498463d264968bc81db47baec170cc0cc7a42680\ddc_cic.\cnt' using process `$paramod$498463d264968bc81db47baec170cc0cc7a42680\ddc_cic.$proc$/mnt/d/tushar/Downloads/RTL.ai/designs/benchmark_flat.v:298$8670'.
  created $dff cell `$procdff$13343' with positive edge clock.
Creating register for signal `$paramod$6b2e5777348611c38df4110cba65fe3615d0b62c\ddc_fir.\shift[14]' using process `$paramod$6b2e5777348611c38df4110cba65fe3615d0b62c\ddc_fir.$proc$/mnt/d/tushar/Downloads/RTL.ai/designs/benchmark_flat.v:450$8607'.
  created $dff cell `$procdff$13344' with positive edge clock.
Creating register for signal `$paramod$6b2e5777348611c38df4110cba65fe3615d0b62c\ddc_fir.\shift[13]' using process `$paramod$6b2e5777348611c38df4110cba65fe3615d0b62c\ddc_fir.$proc$/mnt/d/tushar/Downloads/RTL.ai/designs/benchmark_flat.v:450$8607'.
  created $dff cell `$procdff$13345' with positive edge clock.
Creating register for signal `$paramod$6b2e5777348611c38df4110cba65fe3615d0b62c\ddc_fir.\shift[12]' using process `$paramod$6b2e5777348611c38df4110cba65fe3615d0b62c\ddc_fir.$proc$/mnt/d/tushar/Downloads/RTL.ai/designs/benchmark_flat.v:450$8607'.
  created $dff cell `$procdff$13346' with positive edge clock.
Creating register for signal `$paramod$6b2e5777348611c38df4110cba65fe3615d0b62c\ddc_fir.\shift[11]' using process `$paramod$6b2e5777348611c38df4110cba65fe3615d0b62c\ddc_fir.$proc$/mnt/d/tushar/Downloads/RTL.ai/designs/benchmark_flat.v:450$8607'.
  created $dff cell `$procdff$13347' with positive edge clock.
Creating register for signal `$paramod$6b2e5777348611c38df4110cba65fe3615d0b62c\ddc_fir.\shift[10]' using process `$paramod$6b2e5777348611c38df4110cba65fe3615d0b62c\ddc_fir.$proc$/mnt/d/tushar/Downloads/RTL.ai/designs/benchmark_flat.v:450$8607'.
  created $dff cell `$procdff$13348' with positive edge clock.
Creating register for signal `$paramod$6b2e5777348611c38df4110cba65fe3615d0b62c\ddc_fir.\shift[9]' using process `$paramod$6b2e5777348611c38df4110cba65fe3615d0b62c\ddc_fir.$proc$/mnt/d/tushar/Downloads/RTL.ai/designs/benchmark_flat.v:450$8607'.
  created $dff cell `$procdff$13349' with positive edge clock.
Creating register for signal `$paramod$6b2e5777348611c38df4110cba65fe3615d0b62c\ddc_fir.\shift[8]' using process `$paramod$6b2e5777348611c38df4110cba65fe3615d0b62c\ddc_fir.$proc$/mnt/d/tushar/Downloads/RTL.ai/designs/benchmark_flat.v:450$8607'.
  created $dff cell `$procdff$13350' with positive edge clock.
Creating register for signal `$paramod$6b2e5777348611c38df4110cba65fe3615d0b62c\ddc_fir.\shift[7]' using process `$paramod$6b2e5777348611c38df4110cba65fe3615d0b62c\ddc_fir.$proc$/mnt/d/tushar/Downloads/RTL.ai/designs/benchmark_flat.v:450$8607'.
  created $dff cell `$procdff$13351' with positive edge clock.
Creating register for signal `$paramod$6b2e5777348611c38df4110cba65fe3615d0b62c\ddc_fir.\shift[6]' using process `$paramod$6b2e5777348611c38df4110cba65fe3615d0b62c\ddc_fir.$proc$/mnt/d/tushar/Downloads/RTL.ai/designs/benchmark_flat.v:450$8607'.
  created $dff cell `$procdff$13352' with positive edge clock.
Creating register for signal `$paramod$6b2e5777348611c38df4110cba65fe3615d0b62c\ddc_fir.\shift[5]' using process `$paramod$6b2e5777348611c38df4110cba65fe3615d0b62c\ddc_fir.$proc$/mnt/d/tushar/Downloads/RTL.ai/designs/benchmark_flat.v:450$8607'.
  created $dff cell `$procdff$13353' with positive edge clock.
Creating register for signal `$paramod$6b2e5777348611c38df4110cba65fe3615d0b62c\ddc_fir.\shift[4]' using process `$paramod$6b2e5777348611c38df4110cba65fe3615d0b62c\ddc_fir.$proc$/mnt/d/tushar/Downloads/RTL.ai/designs/benchmark_flat.v:450$8607'.
  created $dff cell `$procdff$13354' with positive edge clock.
Creating register for signal `$paramod$6b2e5777348611c38df4110cba65fe3615d0b62c\ddc_fir.\shift[3]' using process `$paramod$6b2e5777348611c38df4110cba65fe3615d0b62c\ddc_fir.$proc$/mnt/d/tushar/Downloads/RTL.ai/designs/benchmark_flat.v:450$8607'.
  created $dff cell `$procdff$13355' with positive edge clock.
Creating register for signal `$paramod$6b2e5777348611c38df4110cba65fe3615d0b62c\ddc_fir.\shift[2]' using process `$paramod$6b2e5777348611c38df4110cba65fe3615d0b62c\ddc_fir.$proc$/mnt/d/tushar/Downloads/RTL.ai/designs/benchmark_flat.v:450$8607'.
  created $dff cell `$procdff$13356' with positive edge clock.
Creating register for signal `$paramod$6b2e5777348611c38df4110cba65fe3615d0b62c\ddc_fir.\shift[1]' using process `$paramod$6b2e5777348611c38df4110cba65fe3615d0b62c\ddc_fir.$proc$/mnt/d/tushar/Downloads/RTL.ai/designs/benchmark_flat.v:450$8607'.
  created $dff cell `$procdff$13357' with positive edge clock.
Creating register for signal `$paramod$6b2e5777348611c38df4110cba65fe3615d0b62c\ddc_fir.\shift[0]' using process `$paramod$6b2e5777348611c38df4110cba65fe3615d0b62c\ddc_fir.$proc$/mnt/d/tushar/Downloads/RTL.ai/designs/benchmark_flat.v:450$8607'.
  created $dff cell `$procdff$13358' with positive edge clock.
Creating register for signal `$paramod$6b2e5777348611c38df4110cba65fe3615d0b62c\ddc_fir.\j' using process `$paramod$6b2e5777348611c38df4110cba65fe3615d0b62c\ddc_fir.$proc$/mnt/d/tushar/Downloads/RTL.ai/designs/benchmark_flat.v:450$8607'.
  created $dff cell `$procdff$13359' with positive edge clock.
Creating register for signal `$paramod$6b2e5777348611c38df4110cba65fe3615d0b62c\ddc_fir.\out_data' using process `$paramod$6b2e5777348611c38df4110cba65fe3615d0b62c\ddc_fir.$proc$/mnt/d/tushar/Downloads/RTL.ai/designs/benchmark_flat.v:450$8607'.
  created $dff cell `$procdff$13360' with positive edge clock.
Creating register for signal `$paramod$6b2e5777348611c38df4110cba65fe3615d0b62c\ddc_fir.\out_valid' using process `$paramod$6b2e5777348611c38df4110cba65fe3615d0b62c\ddc_fir.$proc$/mnt/d/tushar/Downloads/RTL.ai/designs/benchmark_flat.v:450$8607'.
  created $dff cell `$procdff$13361' with positive edge clock.
Creating register for signal `$paramod\clk_divider\DIV=s32'00000000000000000000000000000010.\count' using process `$paramod\clk_divider\DIV=s32'00000000000000000000000000000010.$proc$/mnt/d/tushar/Downloads/RTL.ai/designs/benchmark_flat.v:5198$8597'.
  created $dff cell `$procdff$13362' with positive edge clock.
Creating register for signal `$paramod\clk_divider\DIV=s32'00000000000000000000000000000010.\clk_out' using process `$paramod\clk_divider\DIV=s32'00000000000000000000000000000010.$proc$/mnt/d/tushar/Downloads/RTL.ai/designs/benchmark_flat.v:5198$8597'.
  created $dff cell `$procdff$13363' with positive edge clock.
Creating register for signal `\picorv32_pcpi_div.\outsign' using process `\picorv32_pcpi_div.$proc$/mnt/d/tushar/Downloads/RTL.ai/designs/benchmark_flat.v:3338$7991'.
  created $dff cell `$procdff$13364' with positive edge clock.
Creating register for signal `\picorv32_pcpi_div.\running' using process `\picorv32_pcpi_div.$proc$/mnt/d/tushar/Downloads/RTL.ai/designs/benchmark_flat.v:3338$7991'.
  created $dff cell `$procdff$13365' with positive edge clock.
Creating register for signal `\picorv32_pcpi_div.\quotient_msk' using process `\picorv32_pcpi_div.$proc$/mnt/d/tushar/Downloads/RTL.ai/designs/benchmark_flat.v:3338$7991'.
  created $dff cell `$procdff$13366' with positive edge clock.
Creating register for signal `\picorv32_pcpi_div.\quotient' using process `\picorv32_pcpi_div.$proc$/mnt/d/tushar/Downloads/RTL.ai/designs/benchmark_flat.v:3338$7991'.
  created $dff cell `$procdff$13367' with positive edge clock.
Creating register for signal `\picorv32_pcpi_div.\divisor' using process `\picorv32_pcpi_div.$proc$/mnt/d/tushar/Downloads/RTL.ai/designs/benchmark_flat.v:3338$7991'.
  created $dff cell `$procdff$13368' with positive edge clock.
Creating register for signal `\picorv32_pcpi_div.\dividend' using process `\picorv32_pcpi_div.$proc$/mnt/d/tushar/Downloads/RTL.ai/designs/benchmark_flat.v:3338$7991'.
  created $dff cell `$procdff$13369' with positive edge clock.
Creating register for signal `\picorv32_pcpi_div.\pcpi_ready' using process `\picorv32_pcpi_div.$proc$/mnt/d/tushar/Downloads/RTL.ai/designs/benchmark_flat.v:3338$7991'.
  created $dff cell `$procdff$13370' with positive edge clock.
Creating register for signal `\picorv32_pcpi_div.\pcpi_rd' using process `\picorv32_pcpi_div.$proc$/mnt/d/tushar/Downloads/RTL.ai/designs/benchmark_flat.v:3338$7991'.
  created $dff cell `$procdff$13371' with positive edge clock.
Creating register for signal `\picorv32_pcpi_div.\pcpi_wr' using process `\picorv32_pcpi_div.$proc$/mnt/d/tushar/Downloads/RTL.ai/designs/benchmark_flat.v:3338$7991'.
  created $dff cell `$procdff$13372' with positive edge clock.
Creating register for signal `\picorv32_pcpi_div.\instr_remu' using process `\picorv32_pcpi_div.$proc$/mnt/d/tushar/Downloads/RTL.ai/designs/benchmark_flat.v:3312$7981'.
  created $dff cell `$procdff$13373' with positive edge clock.
Creating register for signal `\picorv32_pcpi_div.\instr_rem' using process `\picorv32_pcpi_div.$proc$/mnt/d/tushar/Downloads/RTL.ai/designs/benchmark_flat.v:3312$7981'.
  created $dff cell `$procdff$13374' with positive edge clock.
Creating register for signal `\picorv32_pcpi_div.\instr_divu' using process `\picorv32_pcpi_div.$proc$/mnt/d/tushar/Downloads/RTL.ai/designs/benchmark_flat.v:3312$7981'.
  created $dff cell `$procdff$13375' with positive edge clock.
Creating register for signal `\picorv32_pcpi_div.\instr_div' using process `\picorv32_pcpi_div.$proc$/mnt/d/tushar/Downloads/RTL.ai/designs/benchmark_flat.v:3312$7981'.
  created $dff cell `$procdff$13376' with positive edge clock.
Creating register for signal `\picorv32_pcpi_div.\pcpi_wait_q' using process `\picorv32_pcpi_div.$proc$/mnt/d/tushar/Downloads/RTL.ai/designs/benchmark_flat.v:3312$7981'.
  created $dff cell `$procdff$13377' with positive edge clock.
Creating register for signal `\picorv32_pcpi_div.\pcpi_wait' using process `\picorv32_pcpi_div.$proc$/mnt/d/tushar/Downloads/RTL.ai/designs/benchmark_flat.v:3312$7981'.
  created $dff cell `$procdff$13378' with positive edge clock.
Creating register for signal `\picorv32_pcpi_fast_mul.\shift_out' using process `\picorv32_pcpi_fast_mul.$proc$/mnt/d/tushar/Downloads/RTL.ai/designs/benchmark_flat.v:3252$7972'.
  created $dff cell `$procdff$13379' with positive edge clock.
Creating register for signal `\picorv32_pcpi_fast_mul.\rs2' using process `\picorv32_pcpi_fast_mul.$proc$/mnt/d/tushar/Downloads/RTL.ai/designs/benchmark_flat.v:3252$7972'.
  created $dff cell `$procdff$13380' with positive edge clock.
Creating register for signal `\picorv32_pcpi_fast_mul.\rs1' using process `\picorv32_pcpi_fast_mul.$proc$/mnt/d/tushar/Downloads/RTL.ai/designs/benchmark_flat.v:3252$7972'.
  created $dff cell `$procdff$13381' with positive edge clock.
Creating register for signal `\picorv32_pcpi_fast_mul.\active' using process `\picorv32_pcpi_fast_mul.$proc$/mnt/d/tushar/Downloads/RTL.ai/designs/benchmark_flat.v:3252$7972'.
  created $dff cell `$procdff$13382' with positive edge clock.
Creating register for signal `\picorv32_pcpi_fast_mul.\pcpi_insn_valid_q' using process `\picorv32_pcpi_fast_mul.$proc$/mnt/d/tushar/Downloads/RTL.ai/designs/benchmark_flat.v:3238$7967'.
  created $dff cell `$procdff$13383' with positive edge clock.
Creating register for signal `\picorv32_pcpi_fast_mul.\rd_q' using process `\picorv32_pcpi_fast_mul.$proc$/mnt/d/tushar/Downloads/RTL.ai/designs/benchmark_flat.v:3238$7967'.
  created $dff cell `$procdff$13384' with positive edge clock.
Creating register for signal `\picorv32_pcpi_fast_mul.\rs2_q' using process `\picorv32_pcpi_fast_mul.$proc$/mnt/d/tushar/Downloads/RTL.ai/designs/benchmark_flat.v:3238$7967'.
  created $dff cell `$procdff$13385' with positive edge clock.
Creating register for signal `\picorv32_pcpi_fast_mul.\rs1_q' using process `\picorv32_pcpi_fast_mul.$proc$/mnt/d/tushar/Downloads/RTL.ai/designs/benchmark_flat.v:3238$7967'.
  created $dff cell `$procdff$13386' with positive edge clock.
Creating register for signal `\picorv32_pcpi_fast_mul.\rd' using process `\picorv32_pcpi_fast_mul.$proc$/mnt/d/tushar/Downloads/RTL.ai/designs/benchmark_flat.v:3238$7967'.
  created $dff cell `$procdff$13387' with positive edge clock.
Creating register for signal `$paramod\clk_divider\DIV=s32'00000000000000000000000000000100.\count' using process `$paramod\clk_divider\DIV=s32'00000000000000000000000000000100.$proc$/mnt/d/tushar/Downloads/RTL.ai/designs/benchmark_flat.v:5198$8593'.
  created $dff cell `$procdff$13388' with positive edge clock.
Creating register for signal `$paramod\clk_divider\DIV=s32'00000000000000000000000000000100.\clk_out' using process `$paramod\clk_divider\DIV=s32'00000000000000000000000000000100.$proc$/mnt/d/tushar/Downloads/RTL.ai/designs/benchmark_flat.v:5198$8593'.
  created $dff cell `$procdff$13389' with positive edge clock.
Creating register for signal `$paramod\clk_divider\DIV=s32'00000000000000000000000000000110.\count' using process `$paramod\clk_divider\DIV=s32'00000000000000000000000000000110.$proc$/mnt/d/tushar/Downloads/RTL.ai/designs/benchmark_flat.v:5198$8589'.
  created $dff cell `$procdff$13390' with positive edge clock.
Creating register for signal `$paramod\clk_divider\DIV=s32'00000000000000000000000000000110.\clk_out' using process `$paramod\clk_divider\DIV=s32'00000000000000000000000000000110.$proc$/mnt/d/tushar/Downloads/RTL.ai/designs/benchmark_flat.v:5198$8589'.
  created $dff cell `$procdff$13391' with positive edge clock.
Creating register for signal `\picorv32.\alu_wait_2' using process `\picorv32.$proc$/mnt/d/tushar/Downloads/RTL.ai/designs/benchmark_flat.v:2276$7711'.
  created $dff cell `$procdff$13392' with positive edge clock.
Creating register for signal `\picorv32.\alu_wait' using process `\picorv32.$proc$/mnt/d/tushar/Downloads/RTL.ai/designs/benchmark_flat.v:2276$7711'.
  created $dff cell `$procdff$13393' with positive edge clock.
Creating register for signal `\picorv32.\alu_out_0_q' using process `\picorv32.$proc$/mnt/d/tushar/Downloads/RTL.ai/designs/benchmark_flat.v:2276$7711'.
  created $dff cell `$procdff$13394' with positive edge clock.
Creating register for signal `\picorv32.\alu_out_q' using process `\picorv32.$proc$/mnt/d/tushar/Downloads/RTL.ai/designs/benchmark_flat.v:2276$7711'.
  created $dff cell `$procdff$13395' with positive edge clock.
Creating register for signal `\picorv32.\do_waitirq' using process `\picorv32.$proc$/mnt/d/tushar/Downloads/RTL.ai/designs/benchmark_flat.v:2276$7711'.
  created $dff cell `$procdff$13396' with positive edge clock.
Creating register for signal `\picorv32.\next_irq_pending' using process `\picorv32.$proc$/mnt/d/tushar/Downloads/RTL.ai/designs/benchmark_flat.v:2276$7711'.
  created $dff cell `$procdff$13397' with positive edge clock.
Creating register for signal `\picorv32.\pcpi_timeout' using process `\picorv32.$proc$/mnt/d/tushar/Downloads/RTL.ai/designs/benchmark_flat.v:2276$7711'.
  created $dff cell `$procdff$13398' with positive edge clock.
Creating register for signal `\picorv32.\current_pc' using process `\picorv32.$proc$/mnt/d/tushar/Downloads/RTL.ai/designs/benchmark_flat.v:2276$7711'.
  created $dff cell `$procdff$13399' with positive edge clock.
Creating register for signal `\picorv32.\latched_rd' using process `\picorv32.$proc$/mnt/d/tushar/Downloads/RTL.ai/designs/benchmark_flat.v:2276$7711'.
  created $dff cell `$procdff$13400' with positive edge clock.
Creating register for signal `\picorv32.\latched_is_lb' using process `\picorv32.$proc$/mnt/d/tushar/Downloads/RTL.ai/designs/benchmark_flat.v:2276$7711'.
  created $dff cell `$procdff$13401' with positive edge clock.
Creating register for signal `\picorv32.\latched_is_lh' using process `\picorv32.$proc$/mnt/d/tushar/Downloads/RTL.ai/designs/benchmark_flat.v:2276$7711'.
  created $dff cell `$procdff$13402' with positive edge clock.
Creating register for signal `\picorv32.\latched_is_lu' using process `\picorv32.$proc$/mnt/d/tushar/Downloads/RTL.ai/designs/benchmark_flat.v:2276$7711'.
  created $dff cell `$procdff$13403' with positive edge clock.
Creating register for signal `\picorv32.\latched_trace' using process `\picorv32.$proc$/mnt/d/tushar/Downloads/RTL.ai/designs/benchmark_flat.v:2276$7711'.
  created $dff cell `$procdff$13404' with positive edge clock.
Creating register for signal `\picorv32.\latched_compr' using process `\picorv32.$proc$/mnt/d/tushar/Downloads/RTL.ai/designs/benchmark_flat.v:2276$7711'.
  created $dff cell `$procdff$13405' with positive edge clock.
Creating register for signal `\picorv32.\latched_branch' using process `\picorv32.$proc$/mnt/d/tushar/Downloads/RTL.ai/designs/benchmark_flat.v:2276$7711'.
  created $dff cell `$procdff$13406' with positive edge clock.
Creating register for signal `\picorv32.\latched_stalu' using process `\picorv32.$proc$/mnt/d/tushar/Downloads/RTL.ai/designs/benchmark_flat.v:2276$7711'.
  created $dff cell `$procdff$13407' with positive edge clock.
Creating register for signal `\picorv32.\latched_store' using process `\picorv32.$proc$/mnt/d/tushar/Downloads/RTL.ai/designs/benchmark_flat.v:2276$7711'.
  created $dff cell `$procdff$13408' with positive edge clock.
Creating register for signal `\picorv32.\set_mem_do_wdata' using process `\picorv32.$proc$/mnt/d/tushar/Downloads/RTL.ai/designs/benchmark_flat.v:2276$7711'.
  created $dff cell `$procdff$13409' with positive edge clock.
Creating register for signal `\picorv32.\set_mem_do_rdata' using process `\picorv32.$proc$/mnt/d/tushar/Downloads/RTL.ai/designs/benchmark_flat.v:2276$7711'.
  created $dff cell `$procdff$13410' with positive edge clock.
Creating register for signal `\picorv32.\set_mem_do_rinst' using process `\picorv32.$proc$/mnt/d/tushar/Downloads/RTL.ai/designs/benchmark_flat.v:2276$7711'.
  created $dff cell `$procdff$13411' with positive edge clock.
Creating register for signal `\picorv32.\irq_state' using process `\picorv32.$proc$/mnt/d/tushar/Downloads/RTL.ai/designs/benchmark_flat.v:2276$7711'.
  created $dff cell `$procdff$13412' with positive edge clock.
Creating register for signal `\picorv32.\cpu_state' using process `\picorv32.$proc$/mnt/d/tushar/Downloads/RTL.ai/designs/benchmark_flat.v:2276$7711'.
  created $dff cell `$procdff$13413' with positive edge clock.
Creating register for signal `\picorv32.\dbg_rs2val_valid' using process `\picorv32.$proc$/mnt/d/tushar/Downloads/RTL.ai/designs/benchmark_flat.v:2276$7711'.
  created $dff cell `$procdff$13414' with positive edge clock.
Creating register for signal `\picorv32.\dbg_rs1val_valid' using process `\picorv32.$proc$/mnt/d/tushar/Downloads/RTL.ai/designs/benchmark_flat.v:2276$7711'.
  created $dff cell `$procdff$13415' with positive edge clock.
Creating register for signal `\picorv32.\dbg_rs2val' using process `\picorv32.$proc$/mnt/d/tushar/Downloads/RTL.ai/designs/benchmark_flat.v:2276$7711'.
  created $dff cell `$procdff$13416' with positive edge clock.
Creating register for signal `\picorv32.\dbg_rs1val' using process `\picorv32.$proc$/mnt/d/tushar/Downloads/RTL.ai/designs/benchmark_flat.v:2276$7711'.
  created $dff cell `$procdff$13417' with positive edge clock.
Creating register for signal `\picorv32.\decoder_pseudo_trigger_q' using process `\picorv32.$proc$/mnt/d/tushar/Downloads/RTL.ai/designs/benchmark_flat.v:2276$7711'.
  created $dff cell `$procdff$13418' with positive edge clock.
Creating register for signal `\picorv32.\decoder_pseudo_trigger' using process `\picorv32.$proc$/mnt/d/tushar/Downloads/RTL.ai/designs/benchmark_flat.v:2276$7711'.
  created $dff cell `$procdff$13419' with positive edge clock.
Creating register for signal `\picorv32.\decoder_trigger_q' using process `\picorv32.$proc$/mnt/d/tushar/Downloads/RTL.ai/designs/benchmark_flat.v:2276$7711'.
  created $dff cell `$procdff$13420' with positive edge clock.
Creating register for signal `\picorv32.\decoder_trigger' using process `\picorv32.$proc$/mnt/d/tushar/Downloads/RTL.ai/designs/benchmark_flat.v:2276$7711'.
  created $dff cell `$procdff$13421' with positive edge clock.
Creating register for signal `\picorv32.\mem_do_wdata' using process `\picorv32.$proc$/mnt/d/tushar/Downloads/RTL.ai/designs/benchmark_flat.v:2276$7711'.
  created $dff cell `$procdff$13422' with positive edge clock.
Creating register for signal `\picorv32.\mem_do_rdata' using process `\picorv32.$proc$/mnt/d/tushar/Downloads/RTL.ai/designs/benchmark_flat.v:2276$7711'.
  created $dff cell `$procdff$13423' with positive edge clock.
Creating register for signal `\picorv32.\mem_do_rinst' using process `\picorv32.$proc$/mnt/d/tushar/Downloads/RTL.ai/designs/benchmark_flat.v:2276$7711'.
  created $dff cell `$procdff$13424' with positive edge clock.
Creating register for signal `\picorv32.\mem_do_prefetch' using process `\picorv32.$proc$/mnt/d/tushar/Downloads/RTL.ai/designs/benchmark_flat.v:2276$7711'.
  created $dff cell `$procdff$13425' with positive edge clock.
Creating register for signal `\picorv32.\mem_wordsize' using process `\picorv32.$proc$/mnt/d/tushar/Downloads/RTL.ai/designs/benchmark_flat.v:2276$7711'.
  created $dff cell `$procdff$13426' with positive edge clock.
Creating register for signal `\picorv32.\timer' using process `\picorv32.$proc$/mnt/d/tushar/Downloads/RTL.ai/designs/benchmark_flat.v:2276$7711'.
  created $dff cell `$procdff$13427' with positive edge clock.
Creating register for signal `\picorv32.\irq_pending' using process `\picorv32.$proc$/mnt/d/tushar/Downloads/RTL.ai/designs/benchmark_flat.v:2276$7711'.
  created $dff cell `$procdff$13428' with positive edge clock.
Creating register for signal `\picorv32.\irq_mask' using process `\picorv32.$proc$/mnt/d/tushar/Downloads/RTL.ai/designs/benchmark_flat.v:2276$7711'.
  created $dff cell `$procdff$13429' with positive edge clock.
Creating register for signal `\picorv32.\irq_active' using process `\picorv32.$proc$/mnt/d/tushar/Downloads/RTL.ai/designs/benchmark_flat.v:2276$7711'.
  created $dff cell `$procdff$13430' with positive edge clock.
Creating register for signal `\picorv32.\irq_delay' using process `\picorv32.$proc$/mnt/d/tushar/Downloads/RTL.ai/designs/benchmark_flat.v:2276$7711'.
  created $dff cell `$procdff$13431' with positive edge clock.
Creating register for signal `\picorv32.\reg_sh' using process `\picorv32.$proc$/mnt/d/tushar/Downloads/RTL.ai/designs/benchmark_flat.v:2276$7711'.
  created $dff cell `$procdff$13432' with positive edge clock.
Creating register for signal `\picorv32.\reg_out' using process `\picorv32.$proc$/mnt/d/tushar/Downloads/RTL.ai/designs/benchmark_flat.v:2276$7711'.
  created $dff cell `$procdff$13433' with positive edge clock.
Creating register for signal `\picorv32.\reg_op2' using process `\picorv32.$proc$/mnt/d/tushar/Downloads/RTL.ai/designs/benchmark_flat.v:2276$7711'.
  created $dff cell `$procdff$13434' with positive edge clock.
Creating register for signal `\picorv32.\reg_op1' using process `\picorv32.$proc$/mnt/d/tushar/Downloads/RTL.ai/designs/benchmark_flat.v:2276$7711'.
  created $dff cell `$procdff$13435' with positive edge clock.
Creating register for signal `\picorv32.\reg_next_pc' using process `\picorv32.$proc$/mnt/d/tushar/Downloads/RTL.ai/designs/benchmark_flat.v:2276$7711'.
  created $dff cell `$procdff$13436' with positive edge clock.
Creating register for signal `\picorv32.\reg_pc' using process `\picorv32.$proc$/mnt/d/tushar/Downloads/RTL.ai/designs/benchmark_flat.v:2276$7711'.
  created $dff cell `$procdff$13437' with positive edge clock.
Creating register for signal `\picorv32.\count_instr' using process `\picorv32.$proc$/mnt/d/tushar/Downloads/RTL.ai/designs/benchmark_flat.v:2276$7711'.
  created $dff cell `$procdff$13438' with positive edge clock.
Creating register for signal `\picorv32.\count_cycle' using process `\picorv32.$proc$/mnt/d/tushar/Downloads/RTL.ai/designs/benchmark_flat.v:2276$7711'.
  created $dff cell `$procdff$13439' with positive edge clock.
Creating register for signal `\picorv32.\trace_data' using process `\picorv32.$proc$/mnt/d/tushar/Downloads/RTL.ai/designs/benchmark_flat.v:2276$7711'.
  created $dff cell `$procdff$13440' with positive edge clock.
Creating register for signal `\picorv32.\trace_valid' using process `\picorv32.$proc$/mnt/d/tushar/Downloads/RTL.ai/designs/benchmark_flat.v:2276$7711'.
  created $dff cell `$procdff$13441' with positive edge clock.
Creating register for signal `\picorv32.\eoi' using process `\picorv32.$proc$/mnt/d/tushar/Downloads/RTL.ai/designs/benchmark_flat.v:2276$7711'.
  created $dff cell `$procdff$13442' with positive edge clock.
Creating register for signal `\picorv32.\pcpi_valid' using process `\picorv32.$proc$/mnt/d/tushar/Downloads/RTL.ai/designs/benchmark_flat.v:2276$7711'.
  created $dff cell `$procdff$13443' with positive edge clock.
Creating register for signal `\picorv32.\trap' using process `\picorv32.$proc$/mnt/d/tushar/Downloads/RTL.ai/designs/benchmark_flat.v:2276$7711'.
  created $dff cell `$procdff$13444' with positive edge clock.
Creating register for signal `\picorv32.$memwr$\cpuregs$/mnt/d/tushar/Downloads/RTL.ai/designs/benchmark_flat.v:2218$7220_EN' using process `\picorv32.$proc$/mnt/d/tushar/Downloads/RTL.ai/designs/benchmark_flat.v:2211$7687'.
  created $dff cell `$procdff$13445' with positive edge clock.
Creating register for signal `\picorv32.$memwr$\cpuregs$/mnt/d/tushar/Downloads/RTL.ai/designs/benchmark_flat.v:2218$7220_DATA' using process `\picorv32.$proc$/mnt/d/tushar/Downloads/RTL.ai/designs/benchmark_flat.v:2211$7687'.
  created $dff cell `$procdff$13446' with positive edge clock.
Creating register for signal `\picorv32.$memwr$\cpuregs$/mnt/d/tushar/Downloads/RTL.ai/designs/benchmark_flat.v:2218$7220_ADDR' using process `\picorv32.$proc$/mnt/d/tushar/Downloads/RTL.ai/designs/benchmark_flat.v:2211$7687'.
  created $dff cell `$procdff$13447' with positive edge clock.
Creating register for signal `\picorv32.\clear_prefetched_high_word_q' using process `\picorv32.$proc$/mnt/d/tushar/Downloads/RTL.ai/designs/benchmark_flat.v:2167$7669'.
  created $dff cell `$procdff$13448' with positive edge clock.
Creating register for signal `\picorv32.\is_compare' using process `\picorv32.$proc$/mnt/d/tushar/Downloads/RTL.ai/designs/benchmark_flat.v:1732$7372'.
  created $dff cell `$procdff$13449' with positive edge clock.
Creating register for signal `\picorv32.\is_alu_reg_reg' using process `\picorv32.$proc$/mnt/d/tushar/Downloads/RTL.ai/designs/benchmark_flat.v:1732$7372'.
  created $dff cell `$procdff$13450' with positive edge clock.
Creating register for signal `\picorv32.\is_alu_reg_imm' using process `\picorv32.$proc$/mnt/d/tushar/Downloads/RTL.ai/designs/benchmark_flat.v:1732$7372'.
  created $dff cell `$procdff$13451' with positive edge clock.
Creating register for signal `\picorv32.\is_lbu_lhu_lw' using process `\picorv32.$proc$/mnt/d/tushar/Downloads/RTL.ai/designs/benchmark_flat.v:1732$7372'.
  created $dff cell `$procdff$13452' with positive edge clock.
Creating register for signal `\picorv32.\is_beq_bne_blt_bge_bltu_bgeu' using process `\picorv32.$proc$/mnt/d/tushar/Downloads/RTL.ai/designs/benchmark_flat.v:1732$7372'.
  created $dff cell `$procdff$13453' with positive edge clock.
Creating register for signal `\picorv32.\is_sltiu_bltu_sltu' using process `\picorv32.$proc$/mnt/d/tushar/Downloads/RTL.ai/designs/benchmark_flat.v:1732$7372'.
  created $dff cell `$procdff$13454' with positive edge clock.
Creating register for signal `\picorv32.\is_slti_blt_slt' using process `\picorv32.$proc$/mnt/d/tushar/Downloads/RTL.ai/designs/benchmark_flat.v:1732$7372'.
  created $dff cell `$procdff$13455' with positive edge clock.
Creating register for signal `\picorv32.\is_lui_auipc_jal_jalr_addi_add_sub' using process `\picorv32.$proc$/mnt/d/tushar/Downloads/RTL.ai/designs/benchmark_flat.v:1732$7372'.
  created $dff cell `$procdff$13456' with positive edge clock.
Creating register for signal `\picorv32.\is_sll_srl_sra' using process `\picorv32.$proc$/mnt/d/tushar/Downloads/RTL.ai/designs/benchmark_flat.v:1732$7372'.
  created $dff cell `$procdff$13457' with positive edge clock.
Creating register for signal `\picorv32.\is_sb_sh_sw' using process `\picorv32.$proc$/mnt/d/tushar/Downloads/RTL.ai/designs/benchmark_flat.v:1732$7372'.
  created $dff cell `$procdff$13458' with positive edge clock.
Creating register for signal `\picorv32.\is_jalr_addi_slti_sltiu_xori_ori_andi' using process `\picorv32.$proc$/mnt/d/tushar/Downloads/RTL.ai/designs/benchmark_flat.v:1732$7372'.
  created $dff cell `$procdff$13459' with positive edge clock.
Creating register for signal `\picorv32.\is_slli_srli_srai' using process `\picorv32.$proc$/mnt/d/tushar/Downloads/RTL.ai/designs/benchmark_flat.v:1732$7372'.
  created $dff cell `$procdff$13460' with positive edge clock.
Creating register for signal `\picorv32.\is_lb_lh_lw_lbu_lhu' using process `\picorv32.$proc$/mnt/d/tushar/Downloads/RTL.ai/designs/benchmark_flat.v:1732$7372'.
  created $dff cell `$procdff$13461' with positive edge clock.
Creating register for signal `\picorv32.\is_lui_auipc_jal' using process `\picorv32.$proc$/mnt/d/tushar/Downloads/RTL.ai/designs/benchmark_flat.v:1732$7372'.
  created $dff cell `$procdff$13462' with positive edge clock.
Creating register for signal `\picorv32.\compressed_instr' using process `\picorv32.$proc$/mnt/d/tushar/Downloads/RTL.ai/designs/benchmark_flat.v:1732$7372'.
  created $dff cell `$procdff$13463' with positive edge clock.
Creating register for signal `\picorv32.\decoded_imm_j' using process `\picorv32.$proc$/mnt/d/tushar/Downloads/RTL.ai/designs/benchmark_flat.v:1732$7372'.
  created $dff cell `$procdff$13464' with positive edge clock.
Creating register for signal `\picorv32.\decoded_imm' using process `\picorv32.$proc$/mnt/d/tushar/Downloads/RTL.ai/designs/benchmark_flat.v:1732$7372'.
  created $dff cell `$procdff$13465' with positive edge clock.
Creating register for signal `\picorv32.\decoded_rs2' using process `\picorv32.$proc$/mnt/d/tushar/Downloads/RTL.ai/designs/benchmark_flat.v:1732$7372'.
  created $dff cell `$procdff$13466' with positive edge clock.
Creating register for signal `\picorv32.\decoded_rs1' using process `\picorv32.$proc$/mnt/d/tushar/Downloads/RTL.ai/designs/benchmark_flat.v:1732$7372'.
  created $dff cell `$procdff$13467' with positive edge clock.
Creating register for signal `\picorv32.\decoded_rd' using process `\picorv32.$proc$/mnt/d/tushar/Downloads/RTL.ai/designs/benchmark_flat.v:1732$7372'.
  created $dff cell `$procdff$13468' with positive edge clock.
Creating register for signal `\picorv32.\instr_timer' using process `\picorv32.$proc$/mnt/d/tushar/Downloads/RTL.ai/designs/benchmark_flat.v:1732$7372'.
  created $dff cell `$procdff$13469' with positive edge clock.
Creating register for signal `\picorv32.\instr_waitirq' using process `\picorv32.$proc$/mnt/d/tushar/Downloads/RTL.ai/designs/benchmark_flat.v:1732$7372'.
  created $dff cell `$procdff$13470' with positive edge clock.
Creating register for signal `\picorv32.\instr_maskirq' using process `\picorv32.$proc$/mnt/d/tushar/Downloads/RTL.ai/designs/benchmark_flat.v:1732$7372'.
  created $dff cell `$procdff$13471' with positive edge clock.
Creating register for signal `\picorv32.\instr_retirq' using process `\picorv32.$proc$/mnt/d/tushar/Downloads/RTL.ai/designs/benchmark_flat.v:1732$7372'.
  created $dff cell `$procdff$13472' with positive edge clock.
Creating register for signal `\picorv32.\instr_setq' using process `\picorv32.$proc$/mnt/d/tushar/Downloads/RTL.ai/designs/benchmark_flat.v:1732$7372'.
  created $dff cell `$procdff$13473' with positive edge clock.
Creating register for signal `\picorv32.\instr_getq' using process `\picorv32.$proc$/mnt/d/tushar/Downloads/RTL.ai/designs/benchmark_flat.v:1732$7372'.
  created $dff cell `$procdff$13474' with positive edge clock.
Creating register for signal `\picorv32.\instr_fence' using process `\picorv32.$proc$/mnt/d/tushar/Downloads/RTL.ai/designs/benchmark_flat.v:1732$7372'.
  created $dff cell `$procdff$13475' with positive edge clock.
Creating register for signal `\picorv32.\instr_ecall_ebreak' using process `\picorv32.$proc$/mnt/d/tushar/Downloads/RTL.ai/designs/benchmark_flat.v:1732$7372'.
  created $dff cell `$procdff$13476' with positive edge clock.
Creating register for signal `\picorv32.\instr_rdinstrh' using process `\picorv32.$proc$/mnt/d/tushar/Downloads/RTL.ai/designs/benchmark_flat.v:1732$7372'.
  created $dff cell `$procdff$13477' with positive edge clock.
Creating register for signal `\picorv32.\instr_rdinstr' using process `\picorv32.$proc$/mnt/d/tushar/Downloads/RTL.ai/designs/benchmark_flat.v:1732$7372'.
  created $dff cell `$procdff$13478' with positive edge clock.
Creating register for signal `\picorv32.\instr_rdcycleh' using process `\picorv32.$proc$/mnt/d/tushar/Downloads/RTL.ai/designs/benchmark_flat.v:1732$7372'.
  created $dff cell `$procdff$13479' with positive edge clock.
Creating register for signal `\picorv32.\instr_rdcycle' using process `\picorv32.$proc$/mnt/d/tushar/Downloads/RTL.ai/designs/benchmark_flat.v:1732$7372'.
  created $dff cell `$procdff$13480' with positive edge clock.
Creating register for signal `\picorv32.\instr_and' using process `\picorv32.$proc$/mnt/d/tushar/Downloads/RTL.ai/designs/benchmark_flat.v:1732$7372'.
  created $dff cell `$procdff$13481' with positive edge clock.
Creating register for signal `\picorv32.\instr_or' using process `\picorv32.$proc$/mnt/d/tushar/Downloads/RTL.ai/designs/benchmark_flat.v:1732$7372'.
  created $dff cell `$procdff$13482' with positive edge clock.
Creating register for signal `\picorv32.\instr_sra' using process `\picorv32.$proc$/mnt/d/tushar/Downloads/RTL.ai/designs/benchmark_flat.v:1732$7372'.
  created $dff cell `$procdff$13483' with positive edge clock.
Creating register for signal `\picorv32.\instr_srl' using process `\picorv32.$proc$/mnt/d/tushar/Downloads/RTL.ai/designs/benchmark_flat.v:1732$7372'.
  created $dff cell `$procdff$13484' with positive edge clock.
Creating register for signal `\picorv32.\instr_xor' using process `\picorv32.$proc$/mnt/d/tushar/Downloads/RTL.ai/designs/benchmark_flat.v:1732$7372'.
  created $dff cell `$procdff$13485' with positive edge clock.
Creating register for signal `\picorv32.\instr_sltu' using process `\picorv32.$proc$/mnt/d/tushar/Downloads/RTL.ai/designs/benchmark_flat.v:1732$7372'.
  created $dff cell `$procdff$13486' with positive edge clock.
Creating register for signal `\picorv32.\instr_slt' using process `\picorv32.$proc$/mnt/d/tushar/Downloads/RTL.ai/designs/benchmark_flat.v:1732$7372'.
  created $dff cell `$procdff$13487' with positive edge clock.
Creating register for signal `\picorv32.\instr_sll' using process `\picorv32.$proc$/mnt/d/tushar/Downloads/RTL.ai/designs/benchmark_flat.v:1732$7372'.
  created $dff cell `$procdff$13488' with positive edge clock.
Creating register for signal `\picorv32.\instr_sub' using process `\picorv32.$proc$/mnt/d/tushar/Downloads/RTL.ai/designs/benchmark_flat.v:1732$7372'.
  created $dff cell `$procdff$13489' with positive edge clock.
Creating register for signal `\picorv32.\instr_add' using process `\picorv32.$proc$/mnt/d/tushar/Downloads/RTL.ai/designs/benchmark_flat.v:1732$7372'.
  created $dff cell `$procdff$13490' with positive edge clock.
Creating register for signal `\picorv32.\instr_srai' using process `\picorv32.$proc$/mnt/d/tushar/Downloads/RTL.ai/designs/benchmark_flat.v:1732$7372'.
  created $dff cell `$procdff$13491' with positive edge clock.
Creating register for signal `\picorv32.\instr_srli' using process `\picorv32.$proc$/mnt/d/tushar/Downloads/RTL.ai/designs/benchmark_flat.v:1732$7372'.
  created $dff cell `$procdff$13492' with positive edge clock.
Creating register for signal `\picorv32.\instr_slli' using process `\picorv32.$proc$/mnt/d/tushar/Downloads/RTL.ai/designs/benchmark_flat.v:1732$7372'.
  created $dff cell `$procdff$13493' with positive edge clock.
Creating register for signal `\picorv32.\instr_andi' using process `\picorv32.$proc$/mnt/d/tushar/Downloads/RTL.ai/designs/benchmark_flat.v:1732$7372'.
  created $dff cell `$procdff$13494' with positive edge clock.
Creating register for signal `\picorv32.\instr_ori' using process `\picorv32.$proc$/mnt/d/tushar/Downloads/RTL.ai/designs/benchmark_flat.v:1732$7372'.
  created $dff cell `$procdff$13495' with positive edge clock.
Creating register for signal `\picorv32.\instr_xori' using process `\picorv32.$proc$/mnt/d/tushar/Downloads/RTL.ai/designs/benchmark_flat.v:1732$7372'.
  created $dff cell `$procdff$13496' with positive edge clock.
Creating register for signal `\picorv32.\instr_sltiu' using process `\picorv32.$proc$/mnt/d/tushar/Downloads/RTL.ai/designs/benchmark_flat.v:1732$7372'.
  created $dff cell `$procdff$13497' with positive edge clock.
Creating register for signal `\picorv32.\instr_slti' using process `\picorv32.$proc$/mnt/d/tushar/Downloads/RTL.ai/designs/benchmark_flat.v:1732$7372'.
  created $dff cell `$procdff$13498' with positive edge clock.
Creating register for signal `\picorv32.\instr_addi' using process `\picorv32.$proc$/mnt/d/tushar/Downloads/RTL.ai/designs/benchmark_flat.v:1732$7372'.
  created $dff cell `$procdff$13499' with positive edge clock.
Creating register for signal `\picorv32.\instr_sw' using process `\picorv32.$proc$/mnt/d/tushar/Downloads/RTL.ai/designs/benchmark_flat.v:1732$7372'.
  created $dff cell `$procdff$13500' with positive edge clock.
Creating register for signal `\picorv32.\instr_sh' using process `\picorv32.$proc$/mnt/d/tushar/Downloads/RTL.ai/designs/benchmark_flat.v:1732$7372'.
  created $dff cell `$procdff$13501' with positive edge clock.
Creating register for signal `\picorv32.\instr_sb' using process `\picorv32.$proc$/mnt/d/tushar/Downloads/RTL.ai/designs/benchmark_flat.v:1732$7372'.
  created $dff cell `$procdff$13502' with positive edge clock.
Creating register for signal `\picorv32.\instr_lhu' using process `\picorv32.$proc$/mnt/d/tushar/Downloads/RTL.ai/designs/benchmark_flat.v:1732$7372'.
  created $dff cell `$procdff$13503' with positive edge clock.
Creating register for signal `\picorv32.\instr_lbu' using process `\picorv32.$proc$/mnt/d/tushar/Downloads/RTL.ai/designs/benchmark_flat.v:1732$7372'.
  created $dff cell `$procdff$13504' with positive edge clock.
Creating register for signal `\picorv32.\instr_lw' using process `\picorv32.$proc$/mnt/d/tushar/Downloads/RTL.ai/designs/benchmark_flat.v:1732$7372'.
  created $dff cell `$procdff$13505' with positive edge clock.
Creating register for signal `\picorv32.\instr_lh' using process `\picorv32.$proc$/mnt/d/tushar/Downloads/RTL.ai/designs/benchmark_flat.v:1732$7372'.
  created $dff cell `$procdff$13506' with positive edge clock.
Creating register for signal `\picorv32.\instr_lb' using process `\picorv32.$proc$/mnt/d/tushar/Downloads/RTL.ai/designs/benchmark_flat.v:1732$7372'.
  created $dff cell `$procdff$13507' with positive edge clock.
Creating register for signal `\picorv32.\instr_bgeu' using process `\picorv32.$proc$/mnt/d/tushar/Downloads/RTL.ai/designs/benchmark_flat.v:1732$7372'.
  created $dff cell `$procdff$13508' with positive edge clock.
Creating register for signal `\picorv32.\instr_bltu' using process `\picorv32.$proc$/mnt/d/tushar/Downloads/RTL.ai/designs/benchmark_flat.v:1732$7372'.
  created $dff cell `$procdff$13509' with positive edge clock.
Creating register for signal `\picorv32.\instr_bge' using process `\picorv32.$proc$/mnt/d/tushar/Downloads/RTL.ai/designs/benchmark_flat.v:1732$7372'.
  created $dff cell `$procdff$13510' with positive edge clock.
Creating register for signal `\picorv32.\instr_blt' using process `\picorv32.$proc$/mnt/d/tushar/Downloads/RTL.ai/designs/benchmark_flat.v:1732$7372'.
  created $dff cell `$procdff$13511' with positive edge clock.
Creating register for signal `\picorv32.\instr_bne' using process `\picorv32.$proc$/mnt/d/tushar/Downloads/RTL.ai/designs/benchmark_flat.v:1732$7372'.
  created $dff cell `$procdff$13512' with positive edge clock.
Creating register for signal `\picorv32.\instr_beq' using process `\picorv32.$proc$/mnt/d/tushar/Downloads/RTL.ai/designs/benchmark_flat.v:1732$7372'.
  created $dff cell `$procdff$13513' with positive edge clock.
Creating register for signal `\picorv32.\instr_jalr' using process `\picorv32.$proc$/mnt/d/tushar/Downloads/RTL.ai/designs/benchmark_flat.v:1732$7372'.
  created $dff cell `$procdff$13514' with positive edge clock.
Creating register for signal `\picorv32.\instr_jal' using process `\picorv32.$proc$/mnt/d/tushar/Downloads/RTL.ai/designs/benchmark_flat.v:1732$7372'.
  created $dff cell `$procdff$13515' with positive edge clock.
Creating register for signal `\picorv32.\instr_auipc' using process `\picorv32.$proc$/mnt/d/tushar/Downloads/RTL.ai/designs/benchmark_flat.v:1732$7372'.
  created $dff cell `$procdff$13516' with positive edge clock.
Creating register for signal `\picorv32.\instr_lui' using process `\picorv32.$proc$/mnt/d/tushar/Downloads/RTL.ai/designs/benchmark_flat.v:1732$7372'.
  created $dff cell `$procdff$13517' with positive edge clock.
Creating register for signal `\picorv32.\pcpi_insn' using process `\picorv32.$proc$/mnt/d/tushar/Downloads/RTL.ai/designs/benchmark_flat.v:1732$7372'.
  created $dff cell `$procdff$13518' with positive edge clock.
Creating register for signal `\picorv32.\cached_insn_rd' using process `\picorv32.$proc$/mnt/d/tushar/Downloads/RTL.ai/designs/benchmark_flat.v:1652$7366'.
  created $dff cell `$procdff$13519' with positive edge clock.
Creating register for signal `\picorv32.\cached_insn_rs2' using process `\picorv32.$proc$/mnt/d/tushar/Downloads/RTL.ai/designs/benchmark_flat.v:1652$7366'.
  created $dff cell `$procdff$13520' with positive edge clock.
Creating register for signal `\picorv32.\cached_insn_rs1' using process `\picorv32.$proc$/mnt/d/tushar/Downloads/RTL.ai/designs/benchmark_flat.v:1652$7366'.
  created $dff cell `$procdff$13521' with positive edge clock.
Creating register for signal `\picorv32.\cached_insn_opcode' using process `\picorv32.$proc$/mnt/d/tushar/Downloads/RTL.ai/designs/benchmark_flat.v:1652$7366'.
  created $dff cell `$procdff$13522' with positive edge clock.
Creating register for signal `\picorv32.\cached_insn_imm' using process `\picorv32.$proc$/mnt/d/tushar/Downloads/RTL.ai/designs/benchmark_flat.v:1652$7366'.
  created $dff cell `$procdff$13523' with positive edge clock.
Creating register for signal `\picorv32.\cached_ascii_instr' using process `\picorv32.$proc$/mnt/d/tushar/Downloads/RTL.ai/designs/benchmark_flat.v:1652$7366'.
  created $dff cell `$procdff$13524' with positive edge clock.
Creating register for signal `\picorv32.\dbg_valid_insn' using process `\picorv32.$proc$/mnt/d/tushar/Downloads/RTL.ai/designs/benchmark_flat.v:1652$7366'.
  created $dff cell `$procdff$13525' with positive edge clock.
Creating register for signal `\picorv32.\dbg_next' using process `\picorv32.$proc$/mnt/d/tushar/Downloads/RTL.ai/designs/benchmark_flat.v:1652$7366'.
  created $dff cell `$procdff$13526' with positive edge clock.
Creating register for signal `\picorv32.\q_insn_rd' using process `\picorv32.$proc$/mnt/d/tushar/Downloads/RTL.ai/designs/benchmark_flat.v:1652$7366'.
  created $dff cell `$procdff$13527' with positive edge clock.
Creating register for signal `\picorv32.\q_insn_rs2' using process `\picorv32.$proc$/mnt/d/tushar/Downloads/RTL.ai/designs/benchmark_flat.v:1652$7366'.
  created $dff cell `$procdff$13528' with positive edge clock.
Creating register for signal `\picorv32.\q_insn_rs1' using process `\picorv32.$proc$/mnt/d/tushar/Downloads/RTL.ai/designs/benchmark_flat.v:1652$7366'.
  created $dff cell `$procdff$13529' with positive edge clock.
Creating register for signal `\picorv32.\q_insn_opcode' using process `\picorv32.$proc$/mnt/d/tushar/Downloads/RTL.ai/designs/benchmark_flat.v:1652$7366'.
  created $dff cell `$procdff$13530' with positive edge clock.
Creating register for signal `\picorv32.\q_insn_imm' using process `\picorv32.$proc$/mnt/d/tushar/Downloads/RTL.ai/designs/benchmark_flat.v:1652$7366'.
  created $dff cell `$procdff$13531' with positive edge clock.
Creating register for signal `\picorv32.\q_ascii_instr' using process `\picorv32.$proc$/mnt/d/tushar/Downloads/RTL.ai/designs/benchmark_flat.v:1652$7366'.
  created $dff cell `$procdff$13532' with positive edge clock.
Creating register for signal `\picorv32.\dbg_insn_addr' using process `\picorv32.$proc$/mnt/d/tushar/Downloads/RTL.ai/designs/benchmark_flat.v:1652$7366'.
  created $dff cell `$procdff$13533' with positive edge clock.
Creating register for signal `\picorv32.\mem_16bit_buffer' using process `\picorv32.$proc$/mnt/d/tushar/Downloads/RTL.ai/designs/benchmark_flat.v:1439$7341'.
  created $dff cell `$procdff$13534' with positive edge clock.
Creating register for signal `\picorv32.\prefetched_high_word' using process `\picorv32.$proc$/mnt/d/tushar/Downloads/RTL.ai/designs/benchmark_flat.v:1439$7341'.
  created $dff cell `$procdff$13535' with positive edge clock.
Creating register for signal `\picorv32.\mem_la_secondword' using process `\picorv32.$proc$/mnt/d/tushar/Downloads/RTL.ai/designs/benchmark_flat.v:1439$7341'.
  created $dff cell `$procdff$13536' with positive edge clock.
Creating register for signal `\picorv32.\mem_state' using process `\picorv32.$proc$/mnt/d/tushar/Downloads/RTL.ai/designs/benchmark_flat.v:1439$7341'.
  created $dff cell `$procdff$13537' with positive edge clock.
Creating register for signal `\picorv32.\mem_wstrb' using process `\picorv32.$proc$/mnt/d/tushar/Downloads/RTL.ai/designs/benchmark_flat.v:1439$7341'.
  created $dff cell `$procdff$13538' with positive edge clock.
Creating register for signal `\picorv32.\mem_wdata' using process `\picorv32.$proc$/mnt/d/tushar/Downloads/RTL.ai/designs/benchmark_flat.v:1439$7341'.
  created $dff cell `$procdff$13539' with positive edge clock.
Creating register for signal `\picorv32.\mem_addr' using process `\picorv32.$proc$/mnt/d/tushar/Downloads/RTL.ai/designs/benchmark_flat.v:1439$7341'.
  created $dff cell `$procdff$13540' with positive edge clock.
Creating register for signal `\picorv32.\mem_instr' using process `\picorv32.$proc$/mnt/d/tushar/Downloads/RTL.ai/designs/benchmark_flat.v:1439$7341'.
  created $dff cell `$procdff$13541' with positive edge clock.
Creating register for signal `\picorv32.\mem_valid' using process `\picorv32.$proc$/mnt/d/tushar/Downloads/RTL.ai/designs/benchmark_flat.v:1439$7341'.
  created $dff cell `$procdff$13542' with positive edge clock.
Creating register for signal `\picorv32.\mem_rdata_q' using process `\picorv32.$proc$/mnt/d/tushar/Downloads/RTL.ai/designs/benchmark_flat.v:1304$7303'.
  created $dff cell `$procdff$13543' with positive edge clock.
Creating register for signal `\picorv32.\next_insn_opcode' using process `\picorv32.$proc$/mnt/d/tushar/Downloads/RTL.ai/designs/benchmark_flat.v:1304$7303'.
  created $dff cell `$procdff$13544' with positive edge clock.
Creating register for signal `\picorv32.\last_mem_valid' using process `\picorv32.$proc$/mnt/d/tushar/Downloads/RTL.ai/designs/benchmark_flat.v:1264$7295'.
  created $dff cell `$procdff$13545' with positive edge clock.
Creating register for signal `\picorv32.\mem_la_firstword_reg' using process `\picorv32.$proc$/mnt/d/tushar/Downloads/RTL.ai/designs/benchmark_flat.v:1264$7295'.
  created $dff cell `$procdff$13546' with positive edge clock.
Creating register for signal `$paramod\clk_divider\DIV=s32'00000000000000000000000000001000.\count' using process `$paramod\clk_divider\DIV=s32'00000000000000000000000000001000.$proc$/mnt/d/tushar/Downloads/RTL.ai/designs/benchmark_flat.v:5198$8585'.
  created $dff cell `$procdff$13547' with positive edge clock.
Creating register for signal `$paramod\clk_divider\DIV=s32'00000000000000000000000000001000.\clk_out' using process `$paramod\clk_divider\DIV=s32'00000000000000000000000000001000.$proc$/mnt/d/tushar/Downloads/RTL.ai/designs/benchmark_flat.v:5198$8585'.
  created $dff cell `$procdff$13548' with positive edge clock.
Creating register for signal `$paramod\clk_divider\DIV=s32'00000000000000000000000000001010.\count' using process `$paramod\clk_divider\DIV=s32'00000000000000000000000000001010.$proc$/mnt/d/tushar/Downloads/RTL.ai/designs/benchmark_flat.v:5198$8581'.
  created $dff cell `$procdff$13549' with positive edge clock.
Creating register for signal `$paramod\clk_divider\DIV=s32'00000000000000000000000000001010.\clk_out' using process `$paramod\clk_divider\DIV=s32'00000000000000000000000000001010.$proc$/mnt/d/tushar/Downloads/RTL.ai/designs/benchmark_flat.v:5198$8581'.
  created $dff cell `$procdff$13550' with positive edge clock.
Creating register for signal `$paramod\cdc_handshake\WIDTH=s32'00000000000000000000000000010000.\ack' using process `$paramod\cdc_handshake\WIDTH=s32'00000000000000000000000000010000.$proc$/mnt/d/tushar/Downloads/RTL.ai/designs/benchmark_flat.v:5298$8577'.
  created $dff cell `$procdff$13551' with positive edge clock.
Creating register for signal `$paramod\cdc_handshake\WIDTH=s32'00000000000000000000000000010000.\data_valid' using process `$paramod\cdc_handshake\WIDTH=s32'00000000000000000000000000010000.$proc$/mnt/d/tushar/Downloads/RTL.ai/designs/benchmark_flat.v:5298$8577'.
  created $dff cell `$procdff$13552' with positive edge clock.
Creating register for signal `$paramod\cdc_handshake\WIDTH=s32'00000000000000000000000000010000.\data_out' using process `$paramod\cdc_handshake\WIDTH=s32'00000000000000000000000000010000.$proc$/mnt/d/tushar/Downloads/RTL.ai/designs/benchmark_flat.v:5298$8577'.
  created $dff cell `$procdff$13553' with positive edge clock.
Creating register for signal `$paramod\cdc_handshake\WIDTH=s32'00000000000000000000000000010000.\data_hold' using process `$paramod\cdc_handshake\WIDTH=s32'00000000000000000000000000010000.$proc$/mnt/d/tushar/Downloads/RTL.ai/designs/benchmark_flat.v:5267$8574'.
  created $dff cell `$procdff$13554' with positive edge clock.
Creating register for signal `$paramod\cdc_handshake\WIDTH=s32'00000000000000000000000000010000.\req' using process `$paramod\cdc_handshake\WIDTH=s32'00000000000000000000000000010000.$proc$/mnt/d/tushar/Downloads/RTL.ai/designs/benchmark_flat.v:5267$8574'.
  created $dff cell `$procdff$13555' with positive edge clock.
Creating register for signal `$paramod\cdc_handshake\WIDTH=s32'00000000000000000000000000010000.\busy' using process `$paramod\cdc_handshake\WIDTH=s32'00000000000000000000000000010000.$proc$/mnt/d/tushar/Downloads/RTL.ai/designs/benchmark_flat.v:5267$8574'.
  created $dff cell `$procdff$13556' with positive edge clock.
Creating register for signal `\benchmark_top.\cap_e' using process `\benchmark_top.$proc$/mnt/d/tushar/Downloads/RTL.ai/designs/benchmark_flat.v:5564$8572'.
  created $dff cell `$procdff$13557' with positive edge clock.
Creating register for signal `\benchmark_top.\crc_cnt' using process `\benchmark_top.$proc$/mnt/d/tushar/Downloads/RTL.ai/designs/benchmark_flat.v:5546$8565'.
  created $dff cell `$procdff$13558' with positive edge clock.
Creating register for signal `\benchmark_top.\cap_d' using process `\benchmark_top.$proc$/mnt/d/tushar/Downloads/RTL.ai/designs/benchmark_flat.v:5521$8564'.
  created $dff cell `$procdff$13559' with positive edge clock.
Creating register for signal `\benchmark_top.\cap_c' using process `\benchmark_top.$proc$/mnt/d/tushar/Downloads/RTL.ai/designs/benchmark_flat.v:5501$8562'.
  created $dff cell `$procdff$13560' with positive edge clock.
Creating register for signal `\benchmark_top.\cap_b' using process `\benchmark_top.$proc$/mnt/d/tushar/Downloads/RTL.ai/designs/benchmark_flat.v:5480$8559'.
  created $dff cell `$procdff$13561' with positive edge clock.
Creating register for signal `\benchmark_top.\cap_a' using process `\benchmark_top.$proc$/mnt/d/tushar/Downloads/RTL.ai/designs/benchmark_flat.v:5459$8557'.
  created $dff cell `$procdff$13562' with positive edge clock.
Creating register for signal `$paramod$8af8dc0d438d0d364592a69345da95ce450509b0\ddc_nco.\phase' using process `$paramod$8af8dc0d438d0d364592a69345da95ce450509b0\ddc_nco.$proc$/mnt/d/tushar/Downloads/RTL.ai/designs/benchmark_flat.v:589$8719'.
  created $dff cell `$procdff$13563' with positive edge clock.
Creating register for signal `$paramod$8af8dc0d438d0d364592a69345da95ce450509b0\ddc_nco.\sinout' using process `$paramod$8af8dc0d438d0d364592a69345da95ce450509b0\ddc_nco.$proc$/mnt/d/tushar/Downloads/RTL.ai/designs/benchmark_flat.v:589$8719'.
  created $dff cell `$procdff$13564' with positive edge clock.
Creating register for signal `$paramod$8af8dc0d438d0d364592a69345da95ce450509b0\ddc_nco.\cosout' using process `$paramod$8af8dc0d438d0d364592a69345da95ce450509b0\ddc_nco.$proc$/mnt/d/tushar/Downloads/RTL.ai/designs/benchmark_flat.v:589$8719'.
  created $dff cell `$procdff$13565' with positive edge clock.
Creating register for signal `\crc32.\active' using process `\crc32.$proc$/mnt/d/tushar/Downloads/RTL.ai/designs/benchmark_flat.v:69$7080'.
  created $dff cell `$procdff$13566' with positive edge clock.
Creating register for signal `\crc32.\crc' using process `\crc32.$proc$/mnt/d/tushar/Downloads/RTL.ai/designs/benchmark_flat.v:69$7080'.
  created $dff cell `$procdff$13567' with positive edge clock.
Creating register for signal `\crc32.\out_crc' using process `\crc32.$proc$/mnt/d/tushar/Downloads/RTL.ai/designs/benchmark_flat.v:69$7080'.
  created $dff cell `$procdff$13568' with positive edge clock.
Creating register for signal `\crc32.\out_valid' using process `\crc32.$proc$/mnt/d/tushar/Downloads/RTL.ai/designs/benchmark_flat.v:69$7080'.
  created $dff cell `$procdff$13569' with positive edge clock.

8.10. Executing PROC_MEMWR pass (convert process memory writes to cells).

8.11. Executing PROC_CLEAN pass (remove empty switches from decision trees).
Removing empty process `reset_sync.$proc$/mnt/d/tushar/Downloads/RTL.ai/designs/benchmark_flat.v:5324$8545'.
Removing empty process `ddc.$proc$/mnt/d/tushar/Downloads/RTL.ai/designs/benchmark_flat.v:202$8733'.
Removing empty process `ddc.$proc$/mnt/d/tushar/Downloads/RTL.ai/designs/benchmark_flat.v:201$8732'.
Removing empty process `ddc.$proc$/mnt/d/tushar/Downloads/RTL.ai/designs/benchmark_flat.v:202$8731'.
Removing empty process `ddc.$proc$/mnt/d/tushar/Downloads/RTL.ai/designs/benchmark_flat.v:201$8730'.
Removing empty process `ddc.$proc$/mnt/d/tushar/Downloads/RTL.ai/designs/benchmark_flat.v:185$8729'.
Removing empty process `ddc.$proc$/mnt/d/tushar/Downloads/RTL.ai/designs/benchmark_flat.v:184$8728'.
Found and cleaned up 1 empty switch in `\ddc.$proc$/mnt/d/tushar/Downloads/RTL.ai/designs/benchmark_flat.v:173$8727'.
Removing empty process `ddc.$proc$/mnt/d/tushar/Downloads/RTL.ai/designs/benchmark_flat.v:173$8727'.
Found and cleaned up 1 empty switch in `\cdc_sync.$proc$/mnt/d/tushar/Downloads/RTL.ai/designs/benchmark_flat.v:5221$8537'.
Removing empty process `cdc_sync.$proc$/mnt/d/tushar/Downloads/RTL.ai/designs/benchmark_flat.v:5221$8537'.
Found and cleaned up 2 empty switches in `$paramod$33682cd1d05634ea6014b34575d141b8a856657a\ddc_mixer.$proc$/mnt/d/tushar/Downloads/RTL.ai/designs/benchmark_flat.v:530$8717'.
Removing empty process `$paramod$33682cd1d05634ea6014b34575d141b8a856657a\ddc_mixer.$proc$/mnt/d/tushar/Downloads/RTL.ai/designs/benchmark_flat.v:530$8717'.
Found and cleaned up 2 empty switches in `\sha256_w_mem.$proc$/mnt/d/tushar/Downloads/RTL.ai/designs/benchmark_flat.v:5094$8523'.
Removing empty process `sha256_w_mem.$proc$/mnt/d/tushar/Downloads/RTL.ai/designs/benchmark_flat.v:5094$8523'.
Found and cleaned up 2 empty switches in `\sha256_w_mem.$proc$/mnt/d/tushar/Downloads/RTL.ai/designs/benchmark_flat.v:5079$8516'.
Removing empty process `sha256_w_mem.$proc$/mnt/d/tushar/Downloads/RTL.ai/designs/benchmark_flat.v:5079$8516'.
Found and cleaned up 1 empty switch in `\sha256_w_mem.$proc$/mnt/d/tushar/Downloads/RTL.ai/designs/benchmark_flat.v:5038$8514'.
Removing empty process `sha256_w_mem.$proc$/mnt/d/tushar/Downloads/RTL.ai/designs/benchmark_flat.v:5038$8514'.
Found and cleaned up 1 empty switch in `\sha256_k_constants.$proc$/mnt/d/tushar/Downloads/RTL.ai/designs/benchmark_flat.v:4868$8512'.
Removing empty process `sha256_k_constants.$proc$/mnt/d/tushar/Downloads/RTL.ai/designs/benchmark_flat.v:4868$8512'.
Found and cleaned up 4 empty switches in `\sha256_core.$proc$/mnt/d/tushar/Downloads/RTL.ai/designs/benchmark_flat.v:4722$8510'.
Removing empty process `sha256_core.$proc$/mnt/d/tushar/Downloads/RTL.ai/designs/benchmark_flat.v:4722$8510'.
Found and cleaned up 2 empty switches in `\sha256_core.$proc$/mnt/d/tushar/Downloads/RTL.ai/designs/benchmark_flat.v:4698$8508'.
Removing empty process `sha256_core.$proc$/mnt/d/tushar/Downloads/RTL.ai/designs/benchmark_flat.v:4698$8508'.
Found and cleaned up 4 empty switches in `\sha256_core.$proc$/mnt/d/tushar/Downloads/RTL.ai/designs/benchmark_flat.v:4624$8505'.
Removing empty process `sha256_core.$proc$/mnt/d/tushar/Downloads/RTL.ai/designs/benchmark_flat.v:4624$8505'.
Removing empty process `sha256_core.$proc$/mnt/d/tushar/Downloads/RTL.ai/designs/benchmark_flat.v:4603$8496'.
Removing empty process `sha256_core.$proc$/mnt/d/tushar/Downloads/RTL.ai/designs/benchmark_flat.v:4583$8485'.
Found and cleaned up 3 empty switches in `\sha256_core.$proc$/mnt/d/tushar/Downloads/RTL.ai/designs/benchmark_flat.v:4524$8476'.
Removing empty process `sha256_core.$proc$/mnt/d/tushar/Downloads/RTL.ai/designs/benchmark_flat.v:4524$8476'.
Found and cleaned up 5 empty switches in `\sha256_core.$proc$/mnt/d/tushar/Downloads/RTL.ai/designs/benchmark_flat.v:4456$8474'.
Removing empty process `sha256_core.$proc$/mnt/d/tushar/Downloads/RTL.ai/designs/benchmark_flat.v:4456$8474'.
Found and cleaned up 8 empty switches in `\sha256.$proc$/mnt/d/tushar/Downloads/RTL.ai/designs/benchmark_flat.v:4191$8449'.
Removing empty process `sha256.$proc$/mnt/d/tushar/Downloads/RTL.ai/designs/benchmark_flat.v:4191$8449'.
Found and cleaned up 4 empty switches in `\sha256.$proc$/mnt/d/tushar/Downloads/RTL.ai/designs/benchmark_flat.v:4150$8441'.
Removing empty process `sha256.$proc$/mnt/d/tushar/Downloads/RTL.ai/designs/benchmark_flat.v:4150$8441'.
Removing empty process `sad8x8.$proc$/mnt/d/tushar/Downloads/RTL.ai/designs/benchmark_flat.v:3966$8434'.
Removing empty process `sad8x8.$proc$/mnt/d/tushar/Downloads/RTL.ai/designs/benchmark_flat.v:3966$8429'.
Removing empty process `sad8x8.$proc$/mnt/d/tushar/Downloads/RTL.ai/designs/benchmark_flat.v:3966$8424'.
Removing empty process `sad8x8.$proc$/mnt/d/tushar/Downloads/RTL.ai/designs/benchmark_flat.v:3966$8419'.
Removing empty process `sad8x8.$proc$/mnt/d/tushar/Downloads/RTL.ai/designs/benchmark_flat.v:3966$8414'.
Removing empty process `sad8x8.$proc$/mnt/d/tushar/Downloads/RTL.ai/designs/benchmark_flat.v:3966$8409'.
Removing empty process `sad8x8.$proc$/mnt/d/tushar/Downloads/RTL.ai/designs/benchmark_flat.v:3966$8404'.
Removing empty process `sad8x8.$proc$/mnt/d/tushar/Downloads/RTL.ai/designs/benchmark_flat.v:3966$8399'.
Removing empty process `sad8x8.$proc$/mnt/d/tushar/Downloads/RTL.ai/designs/benchmark_flat.v:3966$8394'.
Removing empty process `sad8x8.$proc$/mnt/d/tushar/Downloads/RTL.ai/designs/benchmark_flat.v:3966$8389'.
Removing empty process `sad8x8.$proc$/mnt/d/tushar/Downloads/RTL.ai/designs/benchmark_flat.v:3966$8384'.
Removing empty process `sad8x8.$proc$/mnt/d/tushar/Downloads/RTL.ai/designs/benchmark_flat.v:3966$8379'.
Removing empty process `sad8x8.$proc$/mnt/d/tushar/Downloads/RTL.ai/designs/benchmark_flat.v:3966$8374'.
Removing empty process `sad8x8.$proc$/mnt/d/tushar/Downloads/RTL.ai/designs/benchmark_flat.v:3966$8369'.
Removing empty process `sad8x8.$proc$/mnt/d/tushar/Downloads/RTL.ai/designs/benchmark_flat.v:3966$8364'.
Removing empty process `sad8x8.$proc$/mnt/d/tushar/Downloads/RTL.ai/designs/benchmark_flat.v:3966$8359'.
Removing empty process `sad8x8.$proc$/mnt/d/tushar/Downloads/RTL.ai/designs/benchmark_flat.v:3966$8354'.
Removing empty process `sad8x8.$proc$/mnt/d/tushar/Downloads/RTL.ai/designs/benchmark_flat.v:3966$8349'.
Removing empty process `sad8x8.$proc$/mnt/d/tushar/Downloads/RTL.ai/designs/benchmark_flat.v:3966$8344'.
Removing empty process `sad8x8.$proc$/mnt/d/tushar/Downloads/RTL.ai/designs/benchmark_flat.v:3966$8339'.
Removing empty process `sad8x8.$proc$/mnt/d/tushar/Downloads/RTL.ai/designs/benchmark_flat.v:3966$8334'.
Removing empty process `sad8x8.$proc$/mnt/d/tushar/Downloads/RTL.ai/designs/benchmark_flat.v:3966$8329'.
Removing empty process `sad8x8.$proc$/mnt/d/tushar/Downloads/RTL.ai/designs/benchmark_flat.v:3966$8324'.
Removing empty process `sad8x8.$proc$/mnt/d/tushar/Downloads/RTL.ai/designs/benchmark_flat.v:3966$8319'.
Removing empty process `sad8x8.$proc$/mnt/d/tushar/Downloads/RTL.ai/designs/benchmark_flat.v:3966$8314'.
Removing empty process `sad8x8.$proc$/mnt/d/tushar/Downloads/RTL.ai/designs/benchmark_flat.v:3966$8309'.
Removing empty process `sad8x8.$proc$/mnt/d/tushar/Downloads/RTL.ai/designs/benchmark_flat.v:3966$8304'.
Removing empty process `sad8x8.$proc$/mnt/d/tushar/Downloads/RTL.ai/designs/benchmark_flat.v:3966$8299'.
Removing empty process `sad8x8.$proc$/mnt/d/tushar/Downloads/RTL.ai/designs/benchmark_flat.v:3966$8294'.
Removing empty process `sad8x8.$proc$/mnt/d/tushar/Downloads/RTL.ai/designs/benchmark_flat.v:3966$8289'.
Removing empty process `sad8x8.$proc$/mnt/d/tushar/Downloads/RTL.ai/designs/benchmark_flat.v:3966$8284'.
Removing empty process `sad8x8.$proc$/mnt/d/tushar/Downloads/RTL.ai/designs/benchmark_flat.v:3966$8279'.
Removing empty process `sad8x8.$proc$/mnt/d/tushar/Downloads/RTL.ai/designs/benchmark_flat.v:3966$8274'.
Removing empty process `sad8x8.$proc$/mnt/d/tushar/Downloads/RTL.ai/designs/benchmark_flat.v:3966$8269'.
Removing empty process `sad8x8.$proc$/mnt/d/tushar/Downloads/RTL.ai/designs/benchmark_flat.v:3966$8264'.
Removing empty process `sad8x8.$proc$/mnt/d/tushar/Downloads/RTL.ai/designs/benchmark_flat.v:3966$8259'.
Removing empty process `sad8x8.$proc$/mnt/d/tushar/Downloads/RTL.ai/designs/benchmark_flat.v:3966$8254'.
Removing empty process `sad8x8.$proc$/mnt/d/tushar/Downloads/RTL.ai/designs/benchmark_flat.v:3966$8249'.
Removing empty process `sad8x8.$proc$/mnt/d/tushar/Downloads/RTL.ai/designs/benchmark_flat.v:3966$8244'.
Removing empty process `sad8x8.$proc$/mnt/d/tushar/Downloads/RTL.ai/designs/benchmark_flat.v:3966$8239'.
Removing empty process `sad8x8.$proc$/mnt/d/tushar/Downloads/RTL.ai/designs/benchmark_flat.v:3966$8234'.
Removing empty process `sad8x8.$proc$/mnt/d/tushar/Downloads/RTL.ai/designs/benchmark_flat.v:3966$8229'.
Removing empty process `sad8x8.$proc$/mnt/d/tushar/Downloads/RTL.ai/designs/benchmark_flat.v:3966$8224'.
Removing empty process `sad8x8.$proc$/mnt/d/tushar/Downloads/RTL.ai/designs/benchmark_flat.v:3966$8219'.
Removing empty process `sad8x8.$proc$/mnt/d/tushar/Downloads/RTL.ai/designs/benchmark_flat.v:3966$8214'.
Removing empty process `sad8x8.$proc$/mnt/d/tushar/Downloads/RTL.ai/designs/benchmark_flat.v:3966$8209'.
Removing empty process `sad8x8.$proc$/mnt/d/tushar/Downloads/RTL.ai/designs/benchmark_flat.v:3966$8204'.
Removing empty process `sad8x8.$proc$/mnt/d/tushar/Downloads/RTL.ai/designs/benchmark_flat.v:3966$8199'.
Removing empty process `sad8x8.$proc$/mnt/d/tushar/Downloads/RTL.ai/designs/benchmark_flat.v:3966$8194'.
Removing empty process `sad8x8.$proc$/mnt/d/tushar/Downloads/RTL.ai/designs/benchmark_flat.v:3966$8189'.
Removing empty process `sad8x8.$proc$/mnt/d/tushar/Downloads/RTL.ai/designs/benchmark_flat.v:3966$8184'.
Removing empty process `sad8x8.$proc$/mnt/d/tushar/Downloads/RTL.ai/designs/benchmark_flat.v:3966$8179'.
Removing empty process `sad8x8.$proc$/mnt/d/tushar/Downloads/RTL.ai/designs/benchmark_flat.v:3966$8174'.
Removing empty process `sad8x8.$proc$/mnt/d/tushar/Downloads/RTL.ai/designs/benchmark_flat.v:3966$8169'.
Removing empty process `sad8x8.$proc$/mnt/d/tushar/Downloads/RTL.ai/designs/benchmark_flat.v:3966$8164'.
Removing empty process `sad8x8.$proc$/mnt/d/tushar/Downloads/RTL.ai/designs/benchmark_flat.v:3966$8159'.
Removing empty process `sad8x8.$proc$/mnt/d/tushar/Downloads/RTL.ai/designs/benchmark_flat.v:3966$8154'.
Removing empty process `sad8x8.$proc$/mnt/d/tushar/Downloads/RTL.ai/designs/benchmark_flat.v:3966$8149'.
Removing empty process `sad8x8.$proc$/mnt/d/tushar/Downloads/RTL.ai/designs/benchmark_flat.v:3966$8144'.
Removing empty process `sad8x8.$proc$/mnt/d/tushar/Downloads/RTL.ai/designs/benchmark_flat.v:3966$8139'.
Removing empty process `sad8x8.$proc$/mnt/d/tushar/Downloads/RTL.ai/designs/benchmark_flat.v:3966$8134'.
Removing empty process `sad8x8.$proc$/mnt/d/tushar/Downloads/RTL.ai/designs/benchmark_flat.v:3966$8129'.
Removing empty process `sad8x8.$proc$/mnt/d/tushar/Downloads/RTL.ai/designs/benchmark_flat.v:3966$8124'.
Removing empty process `sad8x8.$proc$/mnt/d/tushar/Downloads/RTL.ai/designs/benchmark_flat.v:3966$8119'.
Found and cleaned up 1 empty switch in `\sad8x8.$proc$/mnt/d/tushar/Downloads/RTL.ai/designs/benchmark_flat.v:3979$8118'.
Removing empty process `sad8x8.$proc$/mnt/d/tushar/Downloads/RTL.ai/designs/benchmark_flat.v:3979$8118'.
Removing empty process `sad8x8.$proc$/mnt/d/tushar/Downloads/RTL.ai/designs/benchmark_flat.v:3973$8053'.
Removing empty process `$paramod$498463d264968bc81db47baec170cc0cc7a42680\ddc_cic.$proc$/mnt/d/tushar/Downloads/RTL.ai/designs/benchmark_flat.v:340$8699'.
Removing empty process `$paramod$498463d264968bc81db47baec170cc0cc7a42680\ddc_cic.$proc$/mnt/d/tushar/Downloads/RTL.ai/designs/benchmark_flat.v:340$8697'.
Removing empty process `$paramod$498463d264968bc81db47baec170cc0cc7a42680\ddc_cic.$proc$/mnt/d/tushar/Downloads/RTL.ai/designs/benchmark_flat.v:340$8695'.
Removing empty process `$paramod$498463d264968bc81db47baec170cc0cc7a42680\ddc_cic.$proc$/mnt/d/tushar/Downloads/RTL.ai/designs/benchmark_flat.v:340$8693'.
Removing empty process `$paramod$498463d264968bc81db47baec170cc0cc7a42680\ddc_cic.$proc$/mnt/d/tushar/Downloads/RTL.ai/designs/benchmark_flat.v:290$8692'.
Removing empty process `$paramod$498463d264968bc81db47baec170cc0cc7a42680\ddc_cic.$proc$/mnt/d/tushar/Downloads/RTL.ai/designs/benchmark_flat.v:290$8691'.
Removing empty process `$paramod$498463d264968bc81db47baec170cc0cc7a42680\ddc_cic.$proc$/mnt/d/tushar/Downloads/RTL.ai/designs/benchmark_flat.v:290$8690'.
Removing empty process `$paramod$498463d264968bc81db47baec170cc0cc7a42680\ddc_cic.$proc$/mnt/d/tushar/Downloads/RTL.ai/designs/benchmark_flat.v:290$8689'.
Removing empty process `$paramod$498463d264968bc81db47baec170cc0cc7a42680\ddc_cic.$proc$/mnt/d/tushar/Downloads/RTL.ai/designs/benchmark_flat.v:319$8688'.
Removing empty process `$paramod$498463d264968bc81db47baec170cc0cc7a42680\ddc_cic.$proc$/mnt/d/tushar/Downloads/RTL.ai/designs/benchmark_flat.v:275$8687'.
Found and cleaned up 2 empty switches in `$paramod$498463d264968bc81db47baec170cc0cc7a42680\ddc_cic.$proc$/mnt/d/tushar/Downloads/RTL.ai/designs/benchmark_flat.v:329$8686'.
Removing empty process `$paramod$498463d264968bc81db47baec170cc0cc7a42680\ddc_cic.$proc$/mnt/d/tushar/Downloads/RTL.ai/designs/benchmark_flat.v:329$8686'.
Found and cleaned up 2 empty switches in `$paramod$498463d264968bc81db47baec170cc0cc7a42680\ddc_cic.$proc$/mnt/d/tushar/Downloads/RTL.ai/designs/benchmark_flat.v:329$8685'.
Removing empty process `$paramod$498463d264968bc81db47baec170cc0cc7a42680\ddc_cic.$proc$/mnt/d/tushar/Downloads/RTL.ai/designs/benchmark_flat.v:329$8685'.
Found and cleaned up 2 empty switches in `$paramod$498463d264968bc81db47baec170cc0cc7a42680\ddc_cic.$proc$/mnt/d/tushar/Downloads/RTL.ai/designs/benchmark_flat.v:329$8684'.
Removing empty process `$paramod$498463d264968bc81db47baec170cc0cc7a42680\ddc_cic.$proc$/mnt/d/tushar/Downloads/RTL.ai/designs/benchmark_flat.v:329$8684'.
Found and cleaned up 2 empty switches in `$paramod$498463d264968bc81db47baec170cc0cc7a42680\ddc_cic.$proc$/mnt/d/tushar/Downloads/RTL.ai/designs/benchmark_flat.v:329$8683'.
Removing empty process `$paramod$498463d264968bc81db47baec170cc0cc7a42680\ddc_cic.$proc$/mnt/d/tushar/Downloads/RTL.ai/designs/benchmark_flat.v:329$8683'.
Found and cleaned up 2 empty switches in `$paramod$498463d264968bc81db47baec170cc0cc7a42680\ddc_cic.$proc$/mnt/d/tushar/Downloads/RTL.ai/designs/benchmark_flat.v:284$8681'.
Removing empty process `$paramod$498463d264968bc81db47baec170cc0cc7a42680\ddc_cic.$proc$/mnt/d/tushar/Downloads/RTL.ai/designs/benchmark_flat.v:284$8681'.
Found and cleaned up 2 empty switches in `$paramod$498463d264968bc81db47baec170cc0cc7a42680\ddc_cic.$proc$/mnt/d/tushar/Downloads/RTL.ai/designs/benchmark_flat.v:284$8679'.
Removing empty process `$paramod$498463d264968bc81db47baec170cc0cc7a42680\ddc_cic.$proc$/mnt/d/tushar/Downloads/RTL.ai/designs/benchmark_flat.v:284$8679'.
Found and cleaned up 2 empty switches in `$paramod$498463d264968bc81db47baec170cc0cc7a42680\ddc_cic.$proc$/mnt/d/tushar/Downloads/RTL.ai/designs/benchmark_flat.v:284$8677'.
Removing empty process `$paramod$498463d264968bc81db47baec170cc0cc7a42680\ddc_cic.$proc$/mnt/d/tushar/Downloads/RTL.ai/designs/benchmark_flat.v:284$8677'.
Found and cleaned up 2 empty switches in `$paramod$498463d264968bc81db47baec170cc0cc7a42680\ddc_cic.$proc$/mnt/d/tushar/Downloads/RTL.ai/designs/benchmark_flat.v:284$8675'.
Removing empty process `$paramod$498463d264968bc81db47baec170cc0cc7a42680\ddc_cic.$proc$/mnt/d/tushar/Downloads/RTL.ai/designs/benchmark_flat.v:284$8675'.
Found and cleaned up 2 empty switches in `$paramod$498463d264968bc81db47baec170cc0cc7a42680\ddc_cic.$proc$/mnt/d/tushar/Downloads/RTL.ai/designs/benchmark_flat.v:349$8674'.
Removing empty process `$paramod$498463d264968bc81db47baec170cc0cc7a42680\ddc_cic.$proc$/mnt/d/tushar/Downloads/RTL.ai/designs/benchmark_flat.v:349$8674'.
Found and cleaned up 4 empty switches in `$paramod$498463d264968bc81db47baec170cc0cc7a42680\ddc_cic.$proc$/mnt/d/tushar/Downloads/RTL.ai/designs/benchmark_flat.v:298$8670'.
Removing empty process `$paramod$498463d264968bc81db47baec170cc0cc7a42680\ddc_cic.$proc$/mnt/d/tushar/Downloads/RTL.ai/designs/benchmark_flat.v:298$8670'.
Removing empty process `$paramod$6b2e5777348611c38df4110cba65fe3615d0b62c\ddc_fir.$proc$/mnt/d/tushar/Downloads/RTL.ai/designs/benchmark_flat.v:434$8667'.
Removing empty process `$paramod$6b2e5777348611c38df4110cba65fe3615d0b62c\ddc_fir.$proc$/mnt/d/tushar/Downloads/RTL.ai/designs/benchmark_flat.v:434$8665'.
Removing empty process `$paramod$6b2e5777348611c38df4110cba65fe3615d0b62c\ddc_fir.$proc$/mnt/d/tushar/Downloads/RTL.ai/designs/benchmark_flat.v:434$8663'.
Removing empty process `$paramod$6b2e5777348611c38df4110cba65fe3615d0b62c\ddc_fir.$proc$/mnt/d/tushar/Downloads/RTL.ai/designs/benchmark_flat.v:434$8661'.
Removing empty process `$paramod$6b2e5777348611c38df4110cba65fe3615d0b62c\ddc_fir.$proc$/mnt/d/tushar/Downloads/RTL.ai/designs/benchmark_flat.v:434$8659'.
Removing empty process `$paramod$6b2e5777348611c38df4110cba65fe3615d0b62c\ddc_fir.$proc$/mnt/d/tushar/Downloads/RTL.ai/designs/benchmark_flat.v:434$8657'.
Removing empty process `$paramod$6b2e5777348611c38df4110cba65fe3615d0b62c\ddc_fir.$proc$/mnt/d/tushar/Downloads/RTL.ai/designs/benchmark_flat.v:434$8655'.
Removing empty process `$paramod$6b2e5777348611c38df4110cba65fe3615d0b62c\ddc_fir.$proc$/mnt/d/tushar/Downloads/RTL.ai/designs/benchmark_flat.v:434$8653'.
Removing empty process `$paramod$6b2e5777348611c38df4110cba65fe3615d0b62c\ddc_fir.$proc$/mnt/d/tushar/Downloads/RTL.ai/designs/benchmark_flat.v:434$8651'.
Removing empty process `$paramod$6b2e5777348611c38df4110cba65fe3615d0b62c\ddc_fir.$proc$/mnt/d/tushar/Downloads/RTL.ai/designs/benchmark_flat.v:434$8649'.
Removing empty process `$paramod$6b2e5777348611c38df4110cba65fe3615d0b62c\ddc_fir.$proc$/mnt/d/tushar/Downloads/RTL.ai/designs/benchmark_flat.v:434$8647'.
Removing empty process `$paramod$6b2e5777348611c38df4110cba65fe3615d0b62c\ddc_fir.$proc$/mnt/d/tushar/Downloads/RTL.ai/designs/benchmark_flat.v:434$8645'.
Removing empty process `$paramod$6b2e5777348611c38df4110cba65fe3615d0b62c\ddc_fir.$proc$/mnt/d/tushar/Downloads/RTL.ai/designs/benchmark_flat.v:434$8643'.
Removing empty process `$paramod$6b2e5777348611c38df4110cba65fe3615d0b62c\ddc_fir.$proc$/mnt/d/tushar/Downloads/RTL.ai/designs/benchmark_flat.v:434$8641'.
Removing empty process `$paramod$6b2e5777348611c38df4110cba65fe3615d0b62c\ddc_fir.$proc$/mnt/d/tushar/Downloads/RTL.ai/designs/benchmark_flat.v:434$8639'.
Removing empty process `$paramod$6b2e5777348611c38df4110cba65fe3615d0b62c\ddc_fir.$proc$/mnt/d/tushar/Downloads/RTL.ai/designs/benchmark_flat.v:424$8637'.
Removing empty process `$paramod$6b2e5777348611c38df4110cba65fe3615d0b62c\ddc_fir.$proc$/mnt/d/tushar/Downloads/RTL.ai/designs/benchmark_flat.v:424$8635'.
Removing empty process `$paramod$6b2e5777348611c38df4110cba65fe3615d0b62c\ddc_fir.$proc$/mnt/d/tushar/Downloads/RTL.ai/designs/benchmark_flat.v:424$8633'.
Removing empty process `$paramod$6b2e5777348611c38df4110cba65fe3615d0b62c\ddc_fir.$proc$/mnt/d/tushar/Downloads/RTL.ai/designs/benchmark_flat.v:424$8631'.
Removing empty process `$paramod$6b2e5777348611c38df4110cba65fe3615d0b62c\ddc_fir.$proc$/mnt/d/tushar/Downloads/RTL.ai/designs/benchmark_flat.v:424$8629'.
Removing empty process `$paramod$6b2e5777348611c38df4110cba65fe3615d0b62c\ddc_fir.$proc$/mnt/d/tushar/Downloads/RTL.ai/designs/benchmark_flat.v:424$8627'.
Removing empty process `$paramod$6b2e5777348611c38df4110cba65fe3615d0b62c\ddc_fir.$proc$/mnt/d/tushar/Downloads/RTL.ai/designs/benchmark_flat.v:424$8625'.
Removing empty process `$paramod$6b2e5777348611c38df4110cba65fe3615d0b62c\ddc_fir.$proc$/mnt/d/tushar/Downloads/RTL.ai/designs/benchmark_flat.v:424$8623'.
Removing empty process `$paramod$6b2e5777348611c38df4110cba65fe3615d0b62c\ddc_fir.$proc$/mnt/d/tushar/Downloads/RTL.ai/designs/benchmark_flat.v:424$8621'.
Removing empty process `$paramod$6b2e5777348611c38df4110cba65fe3615d0b62c\ddc_fir.$proc$/mnt/d/tushar/Downloads/RTL.ai/designs/benchmark_flat.v:424$8619'.
Removing empty process `$paramod$6b2e5777348611c38df4110cba65fe3615d0b62c\ddc_fir.$proc$/mnt/d/tushar/Downloads/RTL.ai/designs/benchmark_flat.v:424$8617'.
Removing empty process `$paramod$6b2e5777348611c38df4110cba65fe3615d0b62c\ddc_fir.$proc$/mnt/d/tushar/Downloads/RTL.ai/designs/benchmark_flat.v:424$8615'.
Removing empty process `$paramod$6b2e5777348611c38df4110cba65fe3615d0b62c\ddc_fir.$proc$/mnt/d/tushar/Downloads/RTL.ai/designs/benchmark_flat.v:424$8613'.
Removing empty process `$paramod$6b2e5777348611c38df4110cba65fe3615d0b62c\ddc_fir.$proc$/mnt/d/tushar/Downloads/RTL.ai/designs/benchmark_flat.v:424$8611'.
Removing empty process `$paramod$6b2e5777348611c38df4110cba65fe3615d0b62c\ddc_fir.$proc$/mnt/d/tushar/Downloads/RTL.ai/designs/benchmark_flat.v:424$8609'.
Removing empty process `$paramod$6b2e5777348611c38df4110cba65fe3615d0b62c\ddc_fir.$proc$/mnt/d/tushar/Downloads/RTL.ai/designs/benchmark_flat.v:430$8608'.
Found and cleaned up 2 empty switches in `$paramod$6b2e5777348611c38df4110cba65fe3615d0b62c\ddc_fir.$proc$/mnt/d/tushar/Downloads/RTL.ai/designs/benchmark_flat.v:450$8607'.
Removing empty process `$paramod$6b2e5777348611c38df4110cba65fe3615d0b62c\ddc_fir.$proc$/mnt/d/tushar/Downloads/RTL.ai/designs/benchmark_flat.v:450$8607'.
Found and cleaned up 2 empty switches in `$paramod\clk_divider\DIV=s32'00000000000000000000000000000010.$proc$/mnt/d/tushar/Downloads/RTL.ai/designs/benchmark_flat.v:5198$8597'.
Removing empty process `$paramod\clk_divider\DIV=s32'00000000000000000000000000000010.$proc$/mnt/d/tushar/Downloads/RTL.ai/designs/benchmark_flat.v:5198$8597'.
Found and cleaned up 5 empty switches in `\picorv32_pcpi_div.$proc$/mnt/d/tushar/Downloads/RTL.ai/designs/benchmark_flat.v:3338$7991'.
Removing empty process `picorv32_pcpi_div.$proc$/mnt/d/tushar/Downloads/RTL.ai/designs/benchmark_flat.v:3338$7991'.
Found and cleaned up 2 empty switches in `\picorv32_pcpi_div.$proc$/mnt/d/tushar/Downloads/RTL.ai/designs/benchmark_flat.v:3312$7981'.
Removing empty process `picorv32_pcpi_div.$proc$/mnt/d/tushar/Downloads/RTL.ai/designs/benchmark_flat.v:3312$7981'.
Found and cleaned up 4 empty switches in `\picorv32_pcpi_fast_mul.$proc$/mnt/d/tushar/Downloads/RTL.ai/designs/benchmark_flat.v:3252$7972'.
Removing empty process `picorv32_pcpi_fast_mul.$proc$/mnt/d/tushar/Downloads/RTL.ai/designs/benchmark_flat.v:3252$7972'.
Found and cleaned up 3 empty switches in `\picorv32_pcpi_fast_mul.$proc$/mnt/d/tushar/Downloads/RTL.ai/designs/benchmark_flat.v:3238$7967'.
Removing empty process `picorv32_pcpi_fast_mul.$proc$/mnt/d/tushar/Downloads/RTL.ai/designs/benchmark_flat.v:3238$7967'.
Found and cleaned up 2 empty switches in `\picorv32_pcpi_fast_mul.$proc$/mnt/d/tushar/Downloads/RTL.ai/designs/benchmark_flat.v:3222$7965'.
Removing empty process `picorv32_pcpi_fast_mul.$proc$/mnt/d/tushar/Downloads/RTL.ai/designs/benchmark_flat.v:3222$7965'.
Found and cleaned up 2 empty switches in `$paramod\clk_divider\DIV=s32'00000000000000000000000000000100.$proc$/mnt/d/tushar/Downloads/RTL.ai/designs/benchmark_flat.v:5198$8593'.
Removing empty process `$paramod\clk_divider\DIV=s32'00000000000000000000000000000100.$proc$/mnt/d/tushar/Downloads/RTL.ai/designs/benchmark_flat.v:5198$8593'.
Found and cleaned up 2 empty switches in `$paramod\clk_divider\DIV=s32'00000000000000000000000000000110.$proc$/mnt/d/tushar/Downloads/RTL.ai/designs/benchmark_flat.v:5198$8589'.
Removing empty process `$paramod\clk_divider\DIV=s32'00000000000000000000000000000110.$proc$/mnt/d/tushar/Downloads/RTL.ai/designs/benchmark_flat.v:5198$8589'.
Found and cleaned up 54 empty switches in `\picorv32.$proc$/mnt/d/tushar/Downloads/RTL.ai/designs/benchmark_flat.v:2276$7711'.
Removing empty process `picorv32.$proc$/mnt/d/tushar/Downloads/RTL.ai/designs/benchmark_flat.v:2276$7711'.
Removing empty process `picorv32.$proc$/mnt/d/tushar/Downloads/RTL.ai/designs/benchmark_flat.v:2222$7696'.
Found and cleaned up 1 empty switch in `\picorv32.$proc$/mnt/d/tushar/Downloads/RTL.ai/designs/benchmark_flat.v:2211$7687'.
Removing empty process `picorv32.$proc$/mnt/d/tushar/Downloads/RTL.ai/designs/benchmark_flat.v:2211$7687'.
Found and cleaned up 2 empty switches in `\picorv32.$proc$/mnt/d/tushar/Downloads/RTL.ai/designs/benchmark_flat.v:2183$7675'.
Removing empty process `picorv32.$proc$/mnt/d/tushar/Downloads/RTL.ai/designs/benchmark_flat.v:2183$7675'.
Found and cleaned up 2 empty switches in `\picorv32.$proc$/mnt/d/tushar/Downloads/RTL.ai/designs/benchmark_flat.v:2169$7670'.
Removing empty process `picorv32.$proc$/mnt/d/tushar/Downloads/RTL.ai/designs/benchmark_flat.v:2169$7670'.
Removing empty process `picorv32.$proc$/mnt/d/tushar/Downloads/RTL.ai/designs/benchmark_flat.v:2167$7669'.
Found and cleaned up 2 empty switches in `\picorv32.$proc$/mnt/d/tushar/Downloads/RTL.ai/designs/benchmark_flat.v:2123$7647'.
Removing empty process `picorv32.$proc$/mnt/d/tushar/Downloads/RTL.ai/designs/benchmark_flat.v:2123$7647'.
Found and cleaned up 8 empty switches in `\picorv32.$proc$/mnt/d/tushar/Downloads/RTL.ai/designs/benchmark_flat.v:2060$7635'.
Removing empty process `picorv32.$proc$/mnt/d/tushar/Downloads/RTL.ai/designs/benchmark_flat.v:2060$7635'.
Found and cleaned up 22 empty switches in `\picorv32.$proc$/mnt/d/tushar/Downloads/RTL.ai/designs/benchmark_flat.v:1732$7372'.
Removing empty process `picorv32.$proc$/mnt/d/tushar/Downloads/RTL.ai/designs/benchmark_flat.v:1732$7372'.
Found and cleaned up 3 empty switches in `\picorv32.$proc$/mnt/d/tushar/Downloads/RTL.ai/designs/benchmark_flat.v:1683$7370'.
Removing empty process `picorv32.$proc$/mnt/d/tushar/Downloads/RTL.ai/designs/benchmark_flat.v:1683$7370'.
Found and cleaned up 5 empty switches in `\picorv32.$proc$/mnt/d/tushar/Downloads/RTL.ai/designs/benchmark_flat.v:1652$7366'.
Removing empty process `picorv32.$proc$/mnt/d/tushar/Downloads/RTL.ai/designs/benchmark_flat.v:1652$7366'.
Found and cleaned up 48 empty switches in `\picorv32.$proc$/mnt/d/tushar/Downloads/RTL.ai/designs/benchmark_flat.v:1575$7365'.
Removing empty process `picorv32.$proc$/mnt/d/tushar/Downloads/RTL.ai/designs/benchmark_flat.v:1575$7365'.
Found and cleaned up 16 empty switches in `\picorv32.$proc$/mnt/d/tushar/Downloads/RTL.ai/designs/benchmark_flat.v:1439$7341'.
Removing empty process `picorv32.$proc$/mnt/d/tushar/Downloads/RTL.ai/designs/benchmark_flat.v:1439$7341'.
Removing empty process `picorv32.$proc$/mnt/d/tushar/Downloads/RTL.ai/designs/benchmark_flat.v:2113$7873'.
Found and cleaned up 19 empty switches in `\picorv32.$proc$/mnt/d/tushar/Downloads/RTL.ai/designs/benchmark_flat.v:1304$7303'.
Removing empty process `picorv32.$proc$/mnt/d/tushar/Downloads/RTL.ai/designs/benchmark_flat.v:1304$7303'.
Found and cleaned up 3 empty switches in `\picorv32.$proc$/mnt/d/tushar/Downloads/RTL.ai/designs/benchmark_flat.v:1275$7300'.
Removing empty process `picorv32.$proc$/mnt/d/tushar/Downloads/RTL.ai/designs/benchmark_flat.v:1275$7300'.
Found and cleaned up 2 empty switches in `\picorv32.$proc$/mnt/d/tushar/Downloads/RTL.ai/designs/benchmark_flat.v:1264$7295'.
Removing empty process `picorv32.$proc$/mnt/d/tushar/Downloads/RTL.ai/designs/benchmark_flat.v:1264$7295'.
Found and cleaned up 1 empty switch in `\picorv32.$proc$/mnt/d/tushar/Downloads/RTL.ai/designs/benchmark_flat.v:1199$7221'.
Removing empty process `picorv32.$proc$/mnt/d/tushar/Downloads/RTL.ai/designs/benchmark_flat.v:1199$7221'.
Found and cleaned up 1 empty switch in `\ddc_sinrom.$proc$/mnt/d/tushar/Downloads/RTL.ai/designs/benchmark_flat.v:613$7206'.
Removing empty process `ddc_sinrom.$proc$/mnt/d/tushar/Downloads/RTL.ai/designs/benchmark_flat.v:613$7206'.
Found and cleaned up 2 empty switches in `$paramod\clk_divider\DIV=s32'00000000000000000000000000001000.$proc$/mnt/d/tushar/Downloads/RTL.ai/designs/benchmark_flat.v:5198$8585'.
Removing empty process `$paramod\clk_divider\DIV=s32'00000000000000000000000000001000.$proc$/mnt/d/tushar/Downloads/RTL.ai/designs/benchmark_flat.v:5198$8585'.
Found and cleaned up 2 empty switches in `$paramod\clk_divider\DIV=s32'00000000000000000000000000001010.$proc$/mnt/d/tushar/Downloads/RTL.ai/designs/benchmark_flat.v:5198$8581'.
Removing empty process `$paramod\clk_divider\DIV=s32'00000000000000000000000000001010.$proc$/mnt/d/tushar/Downloads/RTL.ai/designs/benchmark_flat.v:5198$8581'.
Found and cleaned up 3 empty switches in `$paramod\cdc_handshake\WIDTH=s32'00000000000000000000000000010000.$proc$/mnt/d/tushar/Downloads/RTL.ai/designs/benchmark_flat.v:5298$8577'.
Removing empty process `$paramod\cdc_handshake\WIDTH=s32'00000000000000000000000000010000.$proc$/mnt/d/tushar/Downloads/RTL.ai/designs/benchmark_flat.v:5298$8577'.
Found and cleaned up 3 empty switches in `$paramod\cdc_handshake\WIDTH=s32'00000000000000000000000000010000.$proc$/mnt/d/tushar/Downloads/RTL.ai/designs/benchmark_flat.v:5267$8574'.
Removing empty process `$paramod\cdc_handshake\WIDTH=s32'00000000000000000000000000010000.$proc$/mnt/d/tushar/Downloads/RTL.ai/designs/benchmark_flat.v:5267$8574'.
Found and cleaned up 1 empty switch in `\benchmark_top.$proc$/mnt/d/tushar/Downloads/RTL.ai/designs/benchmark_flat.v:5564$8572'.
Removing empty process `benchmark_top.$proc$/mnt/d/tushar/Downloads/RTL.ai/designs/benchmark_flat.v:5564$8572'.
Found and cleaned up 1 empty switch in `\benchmark_top.$proc$/mnt/d/tushar/Downloads/RTL.ai/designs/benchmark_flat.v:5546$8565'.
Removing empty process `benchmark_top.$proc$/mnt/d/tushar/Downloads/RTL.ai/designs/benchmark_flat.v:5546$8565'.
Found and cleaned up 1 empty switch in `\benchmark_top.$proc$/mnt/d/tushar/Downloads/RTL.ai/designs/benchmark_flat.v:5521$8564'.
Removing empty process `benchmark_top.$proc$/mnt/d/tushar/Downloads/RTL.ai/designs/benchmark_flat.v:5521$8564'.
Found and cleaned up 1 empty switch in `\benchmark_top.$proc$/mnt/d/tushar/Downloads/RTL.ai/designs/benchmark_flat.v:5501$8562'.
Removing empty process `benchmark_top.$proc$/mnt/d/tushar/Downloads/RTL.ai/designs/benchmark_flat.v:5501$8562'.
Found and cleaned up 1 empty switch in `\benchmark_top.$proc$/mnt/d/tushar/Downloads/RTL.ai/designs/benchmark_flat.v:5480$8559'.
Removing empty process `benchmark_top.$proc$/mnt/d/tushar/Downloads/RTL.ai/designs/benchmark_flat.v:5480$8559'.
Found and cleaned up 1 empty switch in `\benchmark_top.$proc$/mnt/d/tushar/Downloads/RTL.ai/designs/benchmark_flat.v:5459$8557'.
Removing empty process `benchmark_top.$proc$/mnt/d/tushar/Downloads/RTL.ai/designs/benchmark_flat.v:5459$8557'.
Found and cleaned up 2 empty switches in `$paramod$8af8dc0d438d0d364592a69345da95ce450509b0\ddc_nco.$proc$/mnt/d/tushar/Downloads/RTL.ai/designs/benchmark_flat.v:589$8719'.
Removing empty process `$paramod$8af8dc0d438d0d364592a69345da95ce450509b0\ddc_nco.$proc$/mnt/d/tushar/Downloads/RTL.ai/designs/benchmark_flat.v:589$8719'.
Found and cleaned up 3 empty switches in `\crc32.$proc$/mnt/d/tushar/Downloads/RTL.ai/designs/benchmark_flat.v:69$7080'.
Removing empty process `crc32.$proc$/mnt/d/tushar/Downloads/RTL.ai/designs/benchmark_flat.v:69$7080'.
Found and cleaned up 1 empty switch in `\crc32.$proc$/mnt/d/tushar/Downloads/RTL.ai/designs/benchmark_flat.v:57$6819'.
Removing empty process `crc32.$proc$/mnt/d/tushar/Downloads/RTL.ai/designs/benchmark_flat.v:57$6819'.
Cleaned up 298 empty switches.

8.12. Executing OPT_EXPR pass (perform const folding).
Optimizing module reset_sync.
<suppressed ~2 debug messages>
Optimizing module ddc.
Optimizing module cdc_sync.
Optimizing module $paramod$33682cd1d05634ea6014b34575d141b8a856657a\ddc_mixer.
<suppressed ~2 debug messages>
Optimizing module sha256_w_mem.
<suppressed ~35 debug messages>
Optimizing module sha256_k_constants.
Optimizing module sha256_core.
<suppressed ~64 debug messages>
Optimizing module sha256.
<suppressed ~53 debug messages>
Optimizing module sad8x8.
Optimizing module $paramod$498463d264968bc81db47baec170cc0cc7a42680\ddc_cic.
<suppressed ~2 debug messages>
Optimizing module $paramod$6b2e5777348611c38df4110cba65fe3615d0b62c\ddc_fir.
<suppressed ~1 debug messages>
Optimizing module $paramod\clk_divider\DIV=s32'00000000000000000000000000000010.
<suppressed ~1 debug messages>
Optimizing module picorv32_pcpi_div.
<suppressed ~12 debug messages>
Optimizing module picorv32_pcpi_fast_mul.
<suppressed ~12 debug messages>
Optimizing module $paramod\clk_divider\DIV=s32'00000000000000000000000000000100.
Optimizing module $paramod\clk_divider\DIV=s32'00000000000000000000000000000110.
Optimizing module picorv32.
<suppressed ~510 debug messages>
Optimizing module ddc_sinrom.
Optimizing module $paramod\clk_divider\DIV=s32'00000000000000000000000000001000.
Optimizing module $paramod\clk_divider\DIV=s32'00000000000000000000000000001010.
Optimizing module $paramod\cdc_handshake\WIDTH=s32'00000000000000000000000000010000.
<suppressed ~2 debug messages>
Optimizing module benchmark_top.
Optimizing module $paramod$8af8dc0d438d0d364592a69345da95ce450509b0\ddc_nco.
Optimizing module crc32.
<suppressed ~130 debug messages>

9. Executing FLATTEN pass (flatten design).
Deleting now unused module reset_sync.
Deleting now unused module ddc.
Deleting now unused module cdc_sync.
Deleting now unused module $paramod$33682cd1d05634ea6014b34575d141b8a856657a\ddc_mixer.
Deleting now unused module sha256_w_mem.
Deleting now unused module sha256_k_constants.
Deleting now unused module sha256_core.
Deleting now unused module sha256.
Deleting now unused module sad8x8.
Deleting now unused module $paramod$498463d264968bc81db47baec170cc0cc7a42680\ddc_cic.
Deleting now unused module $paramod$6b2e5777348611c38df4110cba65fe3615d0b62c\ddc_fir.
Deleting now unused module $paramod\clk_divider\DIV=s32'00000000000000000000000000000010.
Deleting now unused module picorv32_pcpi_div.
Deleting now unused module picorv32_pcpi_fast_mul.
Deleting now unused module $paramod\clk_divider\DIV=s32'00000000000000000000000000000100.
Deleting now unused module $paramod\clk_divider\DIV=s32'00000000000000000000000000000110.
Deleting now unused module picorv32.
Deleting now unused module ddc_sinrom.
Deleting now unused module $paramod\clk_divider\DIV=s32'00000000000000000000000000001000.
Deleting now unused module $paramod\clk_divider\DIV=s32'00000000000000000000000000001010.
Deleting now unused module $paramod\cdc_handshake\WIDTH=s32'00000000000000000000000000010000.
Deleting now unused module $paramod$8af8dc0d438d0d364592a69345da95ce450509b0\ddc_nco.
Deleting now unused module crc32.
<suppressed ~36 debug messages>

10. Executing OPT_CLEAN pass (remove unused cells and wires).
Finding unused cells or wires in module \benchmark_top..
Removed 498 unused cells and 3931 unused wires.
<suppressed ~595 debug messages>
Renaming module \benchmark_top to \gate.

11. Executing HIERARCHY pass (managing design hierarchy).
Attribute `top' found on module `gate'. Setting top module to gate.
Attribute `top' found on module `gold'. Setting top module to gold.

11.1. Analyzing design hierarchy..
Top module:  \gold

11.2. Analyzing design hierarchy..
Top module:  \gold
Removing unused module `\gate'.
Removed 1 unused modules.

12. Executing Verilog backend.

12.1. Executing BMUXMAP pass.

12.2. Executing DEMUXMAP pass.
Dumping module `\gold'.

13. Executing JSON backend.

Warnings: 8 unique messages, 26 total
End of script. Logfile hash: a6861f2d6c, time: 1.03s, user: 0.77s, system: 0.04s, MEM: 131.13 MB peak
Yosys 0.68+195 (git sha1 435977e97-dirty, Release, Clang /usr/bin/clang++ 21.1.8)
Time spent: 35% 4x read_verilog (0 sec), 23% 2x opt_clean (0 sec), ...
