
 /----------------------------------------------------------------------------\
 |  yosys -- Yosys Open SYnthesis Suite                                       |
 |  Copyright (C) 2012 - 2026  Claire Xenia Wolf <claire@yosyshq.com>         |
 |  Distributed under an ISC-like license, type "license" to see terms        |
 \----------------------------------------------------------------------------/
 Yosys 0.68+195 (git sha1 435977e97-dirty, Release, Clang /usr/bin/clang++ 21.1.8)

-- Executing script file `partition.ys' --

1. Executing RTLIL frontend.
Input filename: combined.il

2. Executing INSBUF pass (insert buffer cells for connected wires).
Add gate.bm_fir6/$auto$insbuf.cc:97:execute$105: \p0 [13] -> \p0 [14]
Add gate.bm_fir6/$auto$insbuf.cc:97:execute$106: \p0 [14] -> \p0 [15]
Add gate.bm_fir6/$auto$insbuf.cc:97:execute$107: \p0 [15] -> \p0 [16]
Add gate.bm_fir6/$auto$insbuf.cc:97:execute$108: \p0 [16] -> \p0 [17]
Add gate.bm_fir6/$auto$insbuf.cc:97:execute$109: \p0 [17] -> \p0 [18]
Add gate.bm_fir6/$auto$insbuf.cc:97:execute$110: \p1 [14] -> \p1 [15]
Add gate.bm_fir6/$auto$insbuf.cc:97:execute$111: \p1 [15] -> \p1 [16]
Add gate.bm_fir6/$auto$insbuf.cc:97:execute$112: \p1 [16] -> \p1 [17]
Add gate.bm_fir6/$auto$insbuf.cc:97:execute$113: \p1 [17] -> \p1 [18]
Add gate.bm_fir6/$auto$insbuf.cc:97:execute$114: \p2 [15] -> \p2 [16]
Add gate.bm_fir6/$auto$insbuf.cc:97:execute$115: \p2 [16] -> \p2 [17]
Add gate.bm_fir6/$auto$insbuf.cc:97:execute$116: \p2 [17] -> \p2 [18]
Add gate.bm_fir6/$auto$insbuf.cc:97:execute$117: \p3 [15] -> \p3 [16]
Add gate.bm_fir6/$auto$insbuf.cc:97:execute$118: \p3 [16] -> \p3 [17]
Add gate.bm_fir6/$auto$insbuf.cc:97:execute$119: \p3 [17] -> \p3 [18]
Add gate.bm_fir6/$auto$insbuf.cc:97:execute$120: \p4 [14] -> \p4 [15]
Add gate.bm_fir6/$auto$insbuf.cc:97:execute$121: \p4 [15] -> \p4 [16]
Add gate.bm_fir6/$auto$insbuf.cc:97:execute$122: \p4 [16] -> \p4 [17]
Add gate.bm_fir6/$auto$insbuf.cc:97:execute$123: \p4 [17] -> \p4 [18]
Add gate.bm_fir6/$auto$insbuf.cc:97:execute$124: \p5 [13] -> \p5 [14]
Add gate.bm_fir6/$auto$insbuf.cc:97:execute$125: \p5 [14] -> \p5 [15]
Add gate.bm_fir6/$auto$insbuf.cc:97:execute$126: \p5 [15] -> \p5 [16]
Add gate.bm_fir6/$auto$insbuf.cc:97:execute$127: \p5 [16] -> \p5 [17]
Add gate.bm_fir6/$auto$insbuf.cc:97:execute$128: \p5 [17] -> \p5 [18]
Add gate.bm_fir6/$auto$insbuf.cc:97:execute$129: \s1 [15] -> \s1 [16]
Add gate.bm_fir6/$auto$insbuf.cc:97:execute$130: \s1 [16] -> \s1 [17]
Add gate.bm_fir6/$auto$insbuf.cc:97:execute$131: \s1 [17] -> \s1 [18]
Add gate.bm_fir6/$auto$insbuf.cc:97:execute$132: \s2 [16] -> \s2 [17]
Add gate.bm_fir6/$auto$insbuf.cc:97:execute$133: \s2 [17] -> \s2 [18]
Add gate.bm_fir6/$auto$insbuf.cc:97:execute$134: \s3 [15] -> \s3 [16]
Add gate.bm_fir6/$auto$insbuf.cc:97:execute$135: \s3 [16] -> \s3 [17]
Add gate.bm_fir6/$auto$insbuf.cc:97:execute$136: \s3 [17] -> \s3 [18]
Add gate.bm_fir6/$auto$insbuf.cc:97:execute$137: \s4 [17] -> \s4 [18]
Rewrite gate.bm_fir6/$add$/mnt/d/tushar/Downloads/RTL.ai/runs/web_f6e793600ee7_optimize_20260915T134737Z/round_3/attempt_1/candidate_1/design/bm_fir6.v:51$13/A: \p0 [13:0] -> { \p0 [18] \p0 [12:0] }
Rewrite gate.bm_fir6/$add$/mnt/d/tushar/Downloads/RTL.ai/runs/web_f6e793600ee7_optimize_20260915T134737Z/round_3/attempt_1/candidate_1/design/bm_fir6.v:51$13/B: \p1 [14:0] -> { \p1 [18] \p1 [13:0] }
Rewrite gate.bm_fir6/$add$/mnt/d/tushar/Downloads/RTL.ai/runs/web_f6e793600ee7_optimize_20260915T134737Z/round_3/attempt_1/candidate_1/design/bm_fir6.v:52$14/A: \p2 [15:0] -> { \p2 [18] \p2 [14:0] }
Rewrite gate.bm_fir6/$add$/mnt/d/tushar/Downloads/RTL.ai/runs/web_f6e793600ee7_optimize_20260915T134737Z/round_3/attempt_1/candidate_1/design/bm_fir6.v:52$14/B: \p3 [15:0] -> { \p3 [18] \p3 [14:0] }
Rewrite gate.bm_fir6/$add$/mnt/d/tushar/Downloads/RTL.ai/runs/web_f6e793600ee7_optimize_20260915T134737Z/round_3/attempt_1/candidate_1/design/bm_fir6.v:53$15/A: \p4 [14:0] -> { \p4 [18] \p4 [13:0] }
Rewrite gate.bm_fir6/$add$/mnt/d/tushar/Downloads/RTL.ai/runs/web_f6e793600ee7_optimize_20260915T134737Z/round_3/attempt_1/candidate_1/design/bm_fir6.v:53$15/B: \p5 [13:0] -> { \p5 [18] \p5 [12:0] }
Rewrite gate.bm_fir6/$add$/mnt/d/tushar/Downloads/RTL.ai/runs/web_f6e793600ee7_optimize_20260915T134737Z/round_3/attempt_1/candidate_1/design/bm_fir6.v:56$16/A: \s1 [15:0] -> { \s1 [18] \s1 [14:0] }
Rewrite gate.bm_fir6/$add$/mnt/d/tushar/Downloads/RTL.ai/runs/web_f6e793600ee7_optimize_20260915T134737Z/round_3/attempt_1/candidate_1/design/bm_fir6.v:56$16/B: \s2 [16:0] -> { \s2 [18] \s2 [15:0] }
Rewrite gate.bm_fir6/$add$/mnt/d/tushar/Downloads/RTL.ai/runs/web_f6e793600ee7_optimize_20260915T134737Z/round_3/attempt_1/candidate_1/design/bm_fir6.v:59$17/A: \s4 [17:0] -> { \s4 [18] \s4 [16:0] }
Rewrite gate.bm_fir6/$add$/mnt/d/tushar/Downloads/RTL.ai/runs/web_f6e793600ee7_optimize_20260915T134737Z/round_3/attempt_1/candidate_1/design/bm_fir6.v:59$17/B: \s3 [15:0] -> { \s3 [18] \s3 [14:0] }
Add gold.bm_fir6/$auto$insbuf.cc:97:execute$138: \p0 [13] -> \p0 [14]
Add gold.bm_fir6/$auto$insbuf.cc:97:execute$139: \p0 [14] -> \p0 [15]
Add gold.bm_fir6/$auto$insbuf.cc:97:execute$140: \p0 [15] -> \p0 [16]
Add gold.bm_fir6/$auto$insbuf.cc:97:execute$141: \p0 [16] -> \p0 [17]
Add gold.bm_fir6/$auto$insbuf.cc:97:execute$142: \p0 [17] -> \p0 [18]
Add gold.bm_fir6/$auto$insbuf.cc:97:execute$143: \p1 [14] -> \p1 [15]
Add gold.bm_fir6/$auto$insbuf.cc:97:execute$144: \p1 [15] -> \p1 [16]
Add gold.bm_fir6/$auto$insbuf.cc:97:execute$145: \p1 [16] -> \p1 [17]
Add gold.bm_fir6/$auto$insbuf.cc:97:execute$146: \p1 [17] -> \p1 [18]
Add gold.bm_fir6/$auto$insbuf.cc:97:execute$147: \p2 [15] -> \p2 [16]
Add gold.bm_fir6/$auto$insbuf.cc:97:execute$148: \p2 [16] -> \p2 [17]
Add gold.bm_fir6/$auto$insbuf.cc:97:execute$149: \p2 [17] -> \p2 [18]
Add gold.bm_fir6/$auto$insbuf.cc:97:execute$150: \p3 [15] -> \p3 [16]
Add gold.bm_fir6/$auto$insbuf.cc:97:execute$151: \p3 [16] -> \p3 [17]
Add gold.bm_fir6/$auto$insbuf.cc:97:execute$152: \p3 [17] -> \p3 [18]
Add gold.bm_fir6/$auto$insbuf.cc:97:execute$153: \p4 [14] -> \p4 [15]
Add gold.bm_fir6/$auto$insbuf.cc:97:execute$154: \p4 [15] -> \p4 [16]
Add gold.bm_fir6/$auto$insbuf.cc:97:execute$155: \p4 [16] -> \p4 [17]
Add gold.bm_fir6/$auto$insbuf.cc:97:execute$156: \p4 [17] -> \p4 [18]
Add gold.bm_fir6/$auto$insbuf.cc:97:execute$157: \p5 [13] -> \p5 [14]
Add gold.bm_fir6/$auto$insbuf.cc:97:execute$158: \p5 [14] -> \p5 [15]
Add gold.bm_fir6/$auto$insbuf.cc:97:execute$159: \p5 [15] -> \p5 [16]
Add gold.bm_fir6/$auto$insbuf.cc:97:execute$160: \p5 [16] -> \p5 [17]
Add gold.bm_fir6/$auto$insbuf.cc:97:execute$161: \p5 [17] -> \p5 [18]
Add gold.bm_fir6/$auto$insbuf.cc:97:execute$162: \s1 [15] -> \s1 [16]
Add gold.bm_fir6/$auto$insbuf.cc:97:execute$163: \s1 [16] -> \s1 [17]
Add gold.bm_fir6/$auto$insbuf.cc:97:execute$164: \s1 [17] -> \s1 [18]
Add gold.bm_fir6/$auto$insbuf.cc:97:execute$165: \s2 [16] -> \s2 [17]
Add gold.bm_fir6/$auto$insbuf.cc:97:execute$166: \s2 [17] -> \s2 [18]
Add gold.bm_fir6/$auto$insbuf.cc:97:execute$167: \s3 [17] -> \s3 [18]
Rewrite gold.bm_fir6/$add$/mnt/d/tushar/Downloads/RTL.ai/runs/web_f6e793600ee7_optimize_20260915T134737Z/round_2/optimized/bm_fir6.v:48$13/A: \p0 [13:0] -> { \p0 [18] \p0 [12:0] }
Rewrite gold.bm_fir6/$add$/mnt/d/tushar/Downloads/RTL.ai/runs/web_f6e793600ee7_optimize_20260915T134737Z/round_2/optimized/bm_fir6.v:48$13/B: \p1 [14:0] -> { \p1 [18] \p1 [13:0] }
Rewrite gold.bm_fir6/$add$/mnt/d/tushar/Downloads/RTL.ai/runs/web_f6e793600ee7_optimize_20260915T134737Z/round_2/optimized/bm_fir6.v:49$14/A: \s1 [15:0] -> { \s1 [18] \s1 [14:0] }
Rewrite gold.bm_fir6/$add$/mnt/d/tushar/Downloads/RTL.ai/runs/web_f6e793600ee7_optimize_20260915T134737Z/round_2/optimized/bm_fir6.v:49$14/B: \p2 [15:0] -> { \p2 [18] \p2 [14:0] }
Rewrite gold.bm_fir6/$add$/mnt/d/tushar/Downloads/RTL.ai/runs/web_f6e793600ee7_optimize_20260915T134737Z/round_2/optimized/bm_fir6.v:50$15/A: \s2 [16:0] -> { \s2 [18] \s2 [15:0] }
Rewrite gold.bm_fir6/$add$/mnt/d/tushar/Downloads/RTL.ai/runs/web_f6e793600ee7_optimize_20260915T134737Z/round_2/optimized/bm_fir6.v:50$15/B: \p3 [15:0] -> { \p3 [18] \p3 [14:0] }
Rewrite gold.bm_fir6/$add$/mnt/d/tushar/Downloads/RTL.ai/runs/web_f6e793600ee7_optimize_20260915T134737Z/round_2/optimized/bm_fir6.v:51$16/A: \s3 [17:0] -> { \s3 [18] \s3 [16:0] }
Rewrite gold.bm_fir6/$add$/mnt/d/tushar/Downloads/RTL.ai/runs/web_f6e793600ee7_optimize_20260915T134737Z/round_2/optimized/bm_fir6.v:51$16/B: \p4 [14:0] -> { \p4 [18] \p4 [13:0] }
Rewrite gold.bm_fir6/$add$/mnt/d/tushar/Downloads/RTL.ai/runs/web_f6e793600ee7_optimize_20260915T134737Z/round_2/optimized/bm_fir6.v:52$17/B: \p5 [13:0] -> { \p5 [18] \p5 [12:0] }

3. Executing EQY PARTITION task.

3.1. Processing module pair gold.bm_fir6 / gate.bm_fir6.

3.1.1. Processing matched IDs for module bm_fir6.

3.1.2. Create fragment partitions for module bm_fir6.
Adding output bit \vld to partition 0.
Adding output bit \t5 [7] to partition 1.
Adding output bit \t5 [6] to partition 1.
Adding output bit \t5 [5] to partition 1.
Adding output bit \t5 [4] to partition 1.
Adding output bit \t5 [3] to partition 1.
Adding output bit \t5 [2] to partition 1.
Adding output bit \t5 [1] to partition 1.
Adding output bit \t5 [0] to partition 1.
Adding output bit \t4 [7] to partition 2.
Adding output bit \t4 [6] to partition 2.
Adding output bit \t4 [5] to partition 2.
Adding output bit \t4 [4] to partition 2.
Adding output bit \t4 [3] to partition 2.
Adding output bit \t4 [2] to partition 2.
Adding output bit \t4 [1] to partition 2.
Adding output bit \t4 [0] to partition 2.
Adding output bit \t3 [7] to partition 3.
Adding output bit \t3 [6] to partition 3.
Adding output bit \t3 [5] to partition 3.
Adding output bit \t3 [4] to partition 3.
Adding output bit \t3 [3] to partition 3.
Adding output bit \t3 [2] to partition 3.
Adding output bit \t3 [1] to partition 3.
Adding output bit \t3 [0] to partition 3.
Adding output bit \t2 [7] to partition 4.
Adding output bit \t2 [6] to partition 4.
Adding output bit \t2 [5] to partition 4.
Adding output bit \t2 [4] to partition 4.
Adding output bit \t2 [3] to partition 4.
Adding output bit \t2 [2] to partition 4.
Adding output bit \t2 [1] to partition 4.
Adding output bit \t2 [0] to partition 4.
Adding output bit \t1 [7] to partition 5.
Adding output bit \t1 [6] to partition 5.
Adding output bit \t1 [5] to partition 5.
Adding output bit \t1 [4] to partition 5.
Adding output bit \t1 [3] to partition 5.
Adding output bit \t1 [2] to partition 5.
Adding output bit \t1 [1] to partition 5.
Adding output bit \t1 [0] to partition 5.
Adding output bit \t0 [7] to partition 6.
Adding output bit \t0 [6] to partition 6.
Adding output bit \t0 [5] to partition 6.
Adding output bit \t0 [4] to partition 6.
Adding output bit \t0 [3] to partition 6.
Adding output bit \t0 [2] to partition 6.
Adding output bit \t0 [1] to partition 6.
Adding output bit \t0 [0] to partition 6.
Adding output bit \s5 [18] to partition 7.
Adding output bit \s5 [17] to partition 7.
Adding output bit \s5 [16] to partition 7.
Adding output bit \s5 [15] to partition 7.
Adding output bit \s5 [14] to partition 7.
Adding output bit \s5 [13] to partition 7.
Adding output bit \s5 [12] to partition 7.
Adding output bit \s5 [11] to partition 7.
Adding output bit \s5 [10] to partition 7.
Adding output bit \s5 [9] to partition 7.
Adding output bit \s5 [8] to partition 7.
Adding output bit \s5 [7] to partition 7.
Adding output bit \s5 [6] to partition 7.
Adding output bit \s5 [5] to partition 7.
Adding output bit \s5 [4] to partition 7.
Adding output bit \s5 [3] to partition 7.
Adding output bit \s5 [2] to partition 7.
Adding output bit \s5 [1] to partition 7.
Adding output bit \s5 [0] to partition 7.
Adding output bit \s4 [18] to partition 8.
Adding output bit \s4 [17] to partition 8.
Adding output bit \s4 [16] to partition 8.
Adding output bit \s4 [15] to partition 8.
Adding output bit \s4 [14] to partition 8.
Adding output bit \s4 [13] to partition 8.
Adding output bit \s4 [12] to partition 8.
Adding output bit \s4 [11] to partition 8.
Adding output bit \s4 [10] to partition 8.
Adding output bit \s4 [9] to partition 8.
Adding output bit \s4 [8] to partition 8.
Adding output bit \s4 [7] to partition 8.
Adding output bit \s4 [6] to partition 8.
Adding output bit \s4 [5] to partition 8.
Adding output bit \s4 [4] to partition 8.
Adding output bit \s4 [3] to partition 8.
Adding output bit \s4 [2] to partition 8.
Adding output bit \s4 [1] to partition 8.
Adding output bit \s4 [0] to partition 8.
Adding output bit \s3 [18] to partition 9.
Adding output bit \s3 [17] to partition 10.
Adding output bit \s3 [16] to partition 10.
Adding output bit \s3 [15] to partition 10.
Adding output bit \s3 [14] to partition 10.
Adding output bit \s3 [13] to partition 10.
Adding output bit \s3 [12] to partition 10.
Adding output bit \s3 [11] to partition 10.
Adding output bit \s3 [10] to partition 10.
Adding output bit \s3 [9] to partition 10.
Adding output bit \s3 [8] to partition 10.
Adding output bit \s3 [7] to partition 10.
Adding output bit \s3 [6] to partition 10.
Adding output bit \s3 [5] to partition 10.
Adding output bit \s3 [4] to partition 10.
Adding output bit \s3 [3] to partition 10.
Adding output bit \s3 [2] to partition 10.
Adding output bit \s3 [1] to partition 10.
Adding output bit \s3 [0] to partition 10.
Adding output bit \s2 [18] to partition 11.
Adding output bit \s2 [17] to partition 12.
Adding output bit \s2 [16] to partition 13.
Adding output bit \s2 [15] to partition 13.
Adding output bit \s2 [14] to partition 13.
Adding output bit \s2 [13] to partition 13.
Adding output bit \s2 [12] to partition 13.
Adding output bit \s2 [11] to partition 13.
Adding output bit \s2 [10] to partition 13.
Adding output bit \s2 [9] to partition 13.
Adding output bit \s2 [8] to partition 13.
Adding output bit \s2 [7] to partition 13.
Adding output bit \s2 [6] to partition 13.
Adding output bit \s2 [5] to partition 13.
Adding output bit \s2 [4] to partition 13.
Adding output bit \s2 [3] to partition 13.
Adding output bit \s2 [2] to partition 13.
Adding output bit \s2 [1] to partition 13.
Adding output bit \s2 [0] to partition 13.
Adding output bit \s1 [18] to partition 14.
Adding output bit \s1 [17] to partition 15.
Adding output bit \s1 [16] to partition 16.
Adding output bit \s1 [15] to partition 17.
Adding output bit \s1 [14] to partition 17.
Adding output bit \s1 [13] to partition 17.
Adding output bit \s1 [12] to partition 17.
Adding output bit \s1 [11] to partition 17.
Adding output bit \s1 [10] to partition 17.
Adding output bit \s1 [9] to partition 17.
Adding output bit \s1 [8] to partition 17.
Adding output bit \s1 [7] to partition 17.
Adding output bit \s1 [6] to partition 17.
Adding output bit \s1 [5] to partition 17.
Adding output bit \s1 [4] to partition 17.
Adding output bit \s1 [3] to partition 17.
Adding output bit \s1 [2] to partition 17.
Adding output bit \s1 [1] to partition 17.
Adding output bit \s1 [0] to partition 17.
Adding output bit \p5 [18] to partition 18.
Adding output bit \p5 [17] to partition 19.
Adding output bit \p5 [16] to partition 20.
Adding output bit \p5 [15] to partition 21.
Adding output bit \p5 [14] to partition 22.
Adding output bit \p5 [13] to partition 23.
Adding output bit \p5 [12] to partition 23.
Adding output bit \p5 [11] to partition 23.
Adding output bit \p5 [10] to partition 23.
Adding output bit \p5 [9] to partition 23.
Adding output bit \p5 [8] to partition 23.
Adding output bit \p5 [7] to partition 23.
Adding output bit \p5 [6] to partition 23.
Adding output bit \p5 [5] to partition 23.
Adding output bit \p5 [4] to partition 23.
Adding output bit \p5 [3] to partition 23.
Adding output bit \p5 [2] to partition 23.
Adding output bit \p5 [1] to partition 23.
Adding output bit \p5 [0] to partition 23.
Adding output bit \p4 [18] to partition 24.
Adding output bit \p4 [17] to partition 25.
Adding output bit \p4 [16] to partition 26.
Adding output bit \p4 [15] to partition 27.
Adding output bit \p4 [14] to partition 28.
Adding output bit \p4 [13] to partition 28.
Adding output bit \p4 [12] to partition 28.
Adding output bit \p4 [11] to partition 28.
Adding output bit \p4 [10] to partition 28.
Adding output bit \p4 [9] to partition 28.
Adding output bit \p4 [8] to partition 28.
Adding output bit \p4 [7] to partition 28.
Adding output bit \p4 [6] to partition 28.
Adding output bit \p4 [5] to partition 28.
Adding output bit \p4 [4] to partition 28.
Adding output bit \p4 [3] to partition 28.
Adding output bit \p4 [2] to partition 28.
Adding output bit \p4 [1] to partition 28.
Adding output bit \p4 [0] to partition 28.
Adding output bit \p3 [18] to partition 29.
Adding output bit \p3 [17] to partition 30.
Adding output bit \p3 [16] to partition 31.
Adding output bit \p3 [15] to partition 32.
Adding output bit \p3 [14] to partition 32.
Adding output bit \p3 [13] to partition 32.
Adding output bit \p3 [12] to partition 32.
Adding output bit \p3 [11] to partition 32.
Adding output bit \p3 [10] to partition 32.
Adding output bit \p3 [9] to partition 32.
Adding output bit \p3 [8] to partition 32.
Adding output bit \p3 [7] to partition 32.
Adding output bit \p3 [6] to partition 32.
Adding output bit \p3 [5] to partition 32.
Adding output bit \p3 [4] to partition 32.
Adding output bit \p3 [3] to partition 32.
Adding output bit \p3 [2] to partition 32.
Adding output bit \p3 [1] to partition 32.
Adding output bit \p3 [0] to partition 32.
Adding output bit \p2 [18] to partition 33.
Adding output bit \p2 [17] to partition 34.
Adding output bit \p2 [16] to partition 35.
Adding output bit \p2 [15] to partition 36.
Adding output bit \p2 [14] to partition 36.
Adding output bit \p2 [13] to partition 36.
Adding output bit \p2 [12] to partition 36.
Adding output bit \p2 [11] to partition 36.
Adding output bit \p2 [10] to partition 36.
Adding output bit \p2 [9] to partition 36.
Adding output bit \p2 [8] to partition 36.
Adding output bit \p2 [7] to partition 36.
Adding output bit \p2 [6] to partition 36.
Adding output bit \p2 [5] to partition 36.
Adding output bit \p2 [4] to partition 36.
Adding output bit \p2 [3] to partition 36.
Adding output bit \p2 [2] to partition 36.
Adding output bit \p2 [1] to partition 36.
Adding output bit \p2 [0] to partition 36.
Adding output bit \p1 [18] to partition 37.
Adding output bit \p1 [17] to partition 38.
Adding output bit \p1 [16] to partition 39.
Adding output bit \p1 [15] to partition 40.
Adding output bit \p1 [14] to partition 41.
Adding output bit \p1 [13] to partition 41.
Adding output bit \p1 [12] to partition 41.
Adding output bit \p1 [11] to partition 41.
Adding output bit \p1 [10] to partition 41.
Adding output bit \p1 [9] to partition 41.
Adding output bit \p1 [8] to partition 41.
Adding output bit \p1 [7] to partition 41.
Adding output bit \p1 [6] to partition 41.
Adding output bit \p1 [5] to partition 41.
Adding output bit \p1 [4] to partition 41.
Adding output bit \p1 [3] to partition 41.
Adding output bit \p1 [2] to partition 41.
Adding output bit \p1 [1] to partition 41.
Adding output bit \p1 [0] to partition 41.
Adding output bit \p0 [18] to partition 42.
Adding output bit \p0 [17] to partition 43.
Adding output bit \p0 [16] to partition 44.
Adding output bit \p0 [15] to partition 45.
Adding output bit \p0 [14] to partition 46.
Adding output bit \p0 [13] to partition 47.
Adding output bit \p0 [12] to partition 47.
Adding output bit \p0 [11] to partition 47.
Adding output bit \p0 [10] to partition 47.
Adding output bit \p0 [9] to partition 47.
Adding output bit \p0 [8] to partition 47.
Adding output bit \p0 [7] to partition 47.
Adding output bit \p0 [6] to partition 47.
Adding output bit \p0 [5] to partition 47.
Adding output bit \p0 [4] to partition 47.
Adding output bit \p0 [3] to partition 47.
Adding output bit \p0 [2] to partition 47.
Adding output bit \p0 [1] to partition 47.
Adding output bit \p0 [0] to partition 47.
Adding output bit \out_valid to partition 48.
Adding output bit \out_data [18] to partition 49.
Adding output bit \out_data [17] to partition 49.
Adding output bit \out_data [16] to partition 49.
Adding output bit \out_data [15] to partition 49.
Adding output bit \out_data [14] to partition 49.
Adding output bit \out_data [13] to partition 49.
Adding output bit \out_data [12] to partition 49.
Adding output bit \out_data [11] to partition 49.
Adding output bit \out_data [10] to partition 49.
Adding output bit \out_data [9] to partition 49.
Adding output bit \out_data [8] to partition 49.
Adding output bit \out_data [7] to partition 49.
Adding output bit \out_data [6] to partition 49.
Adding output bit \out_data [5] to partition 49.
Adding output bit \out_data [4] to partition 49.
Adding output bit \out_data [3] to partition 49.
Adding output bit \out_data [2] to partition 49.
Adding output bit \out_data [1] to partition 49.
Adding output bit \out_data [0] to partition 49.

Final list of fragment partitions:
  0 \vld <= \rst \in_valid \clk
  1 \t5 [0] \t5 [1] \t5 [2] \t5 [3] \t5 [4] \t5 [5] \t5 [6] \t5 [7] <= \t4 [2] \t4 [1] \t4 [0] \rst \in_valid \t4 [7] \t4 [6] \t4 [5] \t4 [4] \t4 [3] \clk
  2 \t4 [0] \t4 [1] \t4 [2] \t4 [3] \t4 [4] \t4 [5] \t4 [6] \t4 [7] <= \t3 [2] \t3 [1] \t3 [0] \rst \in_valid \t3 [7] \t3 [6] \t3 [5] \t3 [4] \t3 [3] \clk
  3 \t3 [0] \t3 [1] \t3 [2] \t3 [3] \t3 [4] \t3 [5] \t3 [6] \t3 [7] <= \t2 [2] \t2 [1] \t2 [0] \rst \in_valid \t2 [7] \t2 [6] \t2 [5] \t2 [4] \t2 [3] \clk
  4 \t2 [0] \t2 [1] \t2 [2] \t2 [3] \t2 [4] \t2 [5] \t2 [6] \t2 [7] <= \t1 [2] \t1 [1] \t1 [0] \rst \in_valid \t1 [7] \t1 [6] \t1 [5] \t1 [4] \t1 [3] \clk
  5 \t1 [0] \t1 [1] \t1 [2] \t1 [3] \t1 [4] \t1 [5] \t1 [6] \t1 [7] <= \t0 [2] \t0 [1] \t0 [0] \rst \in_valid \t0 [7] \t0 [6] \t0 [5] \t0 [4] \t0 [3] \clk
  6 \t0 [0] \t0 [1] \t0 [2] \t0 [3] \t0 [4] \t0 [5] \t0 [6] \t0 [7] <= \in_data [2] \in_data [1] \in_data [0] \rst \in_valid \in_data [7] \in_data [6] \in_data [5] \in_data [4] \in_data [3] \clk
  7 \s5 [0] \s5 [1] \s5 [2] \s5 [3] \s5 [4] \s5 [5] \s5 [6] \s5 [7] \s5 [8] \s5 [9] \s5 [10] \s5 [11] \s5 [12] \s5 [13] \s5 [14] \s5 [15] \s5 [16] \s5 [17] \s5 [18] <= \p5 [18] \p5 [12] \p5 [11] \p5 [10] \p5 [9] \p5 [8] \p5 [7] \p5 [6] \p5 [5] \p5 [4] \p5 [3] \p5 [2] \p5 [1] \p5 [0] \s4 [17] \s3 [18] \s3 [14] \s3 [13] \s3 [12] \s3 [11] \s3 [10] \s3 [9] \s3 [8] \s3 [7] \s3 [6] \s3 [5] \s3 [4] \s3 [3] \s3 [2] \s3 [1] \s3 [0] \s4 [18] \s4 [16] \s4 [15] \s4 [14] \s4 [13] \s4 [12] \s4 [11] \s4 [10] \s4 [9] \s4 [8] \s4 [7] \s4 [6] \s4 [5] \s4 [4] \s4 [3] \s4 [2] \s4 [1] \s4 [0]
  8 \s4 [0] \s4 [1] \s4 [2] \s4 [3] \s4 [4] \s4 [5] \s4 [6] \s4 [7] \s4 [8] \s4 [9] \s4 [10] \s4 [11] \s4 [12] \s4 [13] \s4 [14] \s4 [15] \s4 [16] \s4 [17] \s4 [18] <= \s2 [18] \s2 [15] \s2 [14] \s2 [13] \s2 [12] \s2 [11] \s2 [10] \s2 [9] \s2 [8] \s2 [7] \s2 [6] \s2 [5] \s2 [4] \s2 [3] \s2 [2] \s2 [1] \s2 [0] \s1 [18] \s1 [14] \s1 [13] \s1 [12] \s1 [11] \s1 [10] \s1 [9] \s1 [8] \s1 [7] \s1 [6] \s1 [5] \s1 [4] \s1 [3] \s1 [2] \s1 [1] \s1 [0] \p4 [13] \p4 [12] \p4 [11] \p4 [10] \p4 [9] \p4 [8] \p4 [7] \p4 [6] \p4 [5] \p4 [4] \p4 [3] \p4 [2] \p4 [1] \p4 [0] \s3 [18] \s3 [16] \s3 [15] \s3 [14] \s3 [13] \s3 [12] \s3 [11] \s3 [10] \s3 [9] \s3 [8] \s3 [7] \s3 [6] \s3 [5] \s3 [4] \s3 [3] \s3 [2] \s3 [1] \s3 [0] \p4 [18]
  9 \s3 [18] <= \s3 [17]
  10 \s3 [0] \s3 [1] \s3 [2] \s3 [3] \s3 [4] \s3 [5] \s3 [6] \s3 [7] \s3 [8] \s3 [9] \s3 [10] \s3 [11] \s3 [12] \s3 [13] \s3 [14] \s3 [15] \s3 [16] \s3 [17] <= \p5 [18] \p5 [12] \p5 [11] \p5 [10] \p5 [9] \p5 [8] \p5 [7] \p5 [6] \p5 [5] \p5 [4] \p5 [3] \p5 [2] \p5 [1] \p5 [0] \p4 [18] \p4 [13] \p4 [12] \p4 [11] \p4 [10] \p4 [9] \p4 [8] \p4 [7] \p4 [6] \p4 [5] \p4 [4] \p4 [3] \p4 [2] \p4 [1] \p4 [0] \p3 [14] \p3 [13] \p3 [12] \p3 [11] \p3 [10] \p3 [9] \p3 [8] \p3 [7] \p3 [6] \p3 [5] \p3 [4] \p3 [3] \p3 [2] \p3 [1] \p3 [0] \s2 [18] \s2 [15] \s2 [14] \s2 [13] \s2 [12] \s2 [11] \s2 [10] \s2 [9] \s2 [8] \s2 [7] \s2 [6] \s2 [5] \s2 [4] \s2 [3] \s2 [2] \s2 [1] \s2 [0] \p3 [18]
  11 \s2 [18] <= \s2 [17]
  12 \s2 [17] <= \s2 [16]
  13 \s2 [0] \s2 [1] \s2 [2] \s2 [3] \s2 [4] \s2 [5] \s2 [6] \s2 [7] \s2 [8] \s2 [9] \s2 [10] \s2 [11] \s2 [12] \s2 [13] \s2 [14] \s2 [15] \s2 [16] <= \s1 [18] \s1 [14] \s1 [13] \s1 [12] \s1 [11] \s1 [10] \s1 [9] \s1 [8] \s1 [7] \s1 [6] \s1 [5] \s1 [4] \s1 [3] \s1 [2] \s1 [1] \s1 [0] \p3 [18] \p3 [14] \p3 [13] \p3 [12] \p3 [11] \p3 [10] \p3 [9] \p3 [8] \p3 [7] \p3 [6] \p3 [5] \p3 [4] \p3 [3] \p3 [2] \p3 [1] \p3 [0] \p2 [18] \p2 [14] \p2 [13] \p2 [12] \p2 [11] \p2 [10] \p2 [9] \p2 [8] \p2 [7] \p2 [6] \p2 [5] \p2 [4] \p2 [3] \p2 [2] \p2 [1] \p2 [0]
  14 \s1 [18] <= \s1 [17]
  15 \s1 [17] <= \s1 [16]
  16 \s1 [16] <= \s1 [15]
  17 \s1 [0] \s1 [1] \s1 [2] \s1 [3] \s1 [4] \s1 [5] \s1 [6] \s1 [7] \s1 [8] \s1 [9] \s1 [10] \s1 [11] \s1 [12] \s1 [13] \s1 [14] \s1 [15] <= \p1 [18] \p1 [13] \p1 [12] \p1 [11] \p1 [10] \p1 [9] \p1 [8] \p1 [7] \p1 [6] \p1 [5] \p1 [4] \p1 [3] \p1 [2] \p1 [1] \p1 [0] \p0 [18] \p0 [12] \p0 [11] \p0 [10] \p0 [9] \p0 [8] \p0 [7] \p0 [6] \p0 [5] \p0 [4] \p0 [3] \p0 [2] \p0 [1] \p0 [0]
  18 \p5 [18] <= \p5 [17]
  19 \p5 [17] <= \p5 [16]
  20 \p5 [16] <= \p5 [15]
  21 \p5 [15] <= \p5 [14]
  22 \p5 [14] <= \p5 [13]
  23 \p5 [0] \p5 [1] \p5 [2] \p5 [3] \p5 [4] \p5 [5] \p5 [6] \p5 [7] \p5 [8] \p5 [9] \p5 [10] \p5 [11] \p5 [12] \p5 [13] <= \t5 [7] \t5 [6] \t5 [5] \t5 [4] \t5 [3] \t5 [2] \t5 [1] \t5 [0]
  24 \p4 [18] <= \p4 [17]
  25 \p4 [17] <= \p4 [16]
  26 \p4 [16] <= \p4 [15]
  27 \p4 [15] <= \p4 [14]
  28 \p4 [0] \p4 [1] \p4 [2] \p4 [3] \p4 [4] \p4 [5] \p4 [6] \p4 [7] \p4 [8] \p4 [9] \p4 [10] \p4 [11] \p4 [12] \p4 [13] \p4 [14] <= \t4 [7] \t4 [6] \t4 [5] \t4 [4] \t4 [3] \t4 [2] \t4 [1] \t4 [0]
  29 \p3 [18] <= \p3 [17]
  30 \p3 [17] <= \p3 [16]
  31 \p3 [16] <= \p3 [15]
  32 \p3 [0] \p3 [1] \p3 [2] \p3 [3] \p3 [4] \p3 [5] \p3 [6] \p3 [7] \p3 [8] \p3 [9] \p3 [10] \p3 [11] \p3 [12] \p3 [13] \p3 [14] \p3 [15] <= \t3 [7] \t3 [6] \t3 [5] \t3 [4] \t3 [3] \t3 [2] \t3 [1] \t3 [0]
  33 \p2 [18] <= \p2 [17]
  34 \p2 [17] <= \p2 [16]
  35 \p2 [16] <= \p2 [15]
  36 \p2 [0] \p2 [1] \p2 [2] \p2 [3] \p2 [4] \p2 [5] \p2 [6] \p2 [7] \p2 [8] \p2 [9] \p2 [10] \p2 [11] \p2 [12] \p2 [13] \p2 [14] \p2 [15] <= \t2 [7] \t2 [6] \t2 [5] \t2 [4] \t2 [3] \t2 [2] \t2 [1] \t2 [0]
  37 \p1 [18] <= \p1 [17]
  38 \p1 [17] <= \p1 [16]
  39 \p1 [16] <= \p1 [15]
  40 \p1 [15] <= \p1 [14]
  41 \p1 [0] \p1 [1] \p1 [2] \p1 [3] \p1 [4] \p1 [5] \p1 [6] \p1 [7] \p1 [8] \p1 [9] \p1 [10] \p1 [11] \p1 [12] \p1 [13] \p1 [14] <= \t1 [7] \t1 [6] \t1 [5] \t1 [4] \t1 [3] \t1 [2] \t1 [1] \t1 [0]
  42 \p0 [18] <= \p0 [17]
  43 \p0 [17] <= \p0 [16]
  44 \p0 [16] <= \p0 [15]
  45 \p0 [15] <= \p0 [14]
  46 \p0 [14] <= \p0 [13]
  47 \p0 [0] \p0 [1] \p0 [2] \p0 [3] \p0 [4] \p0 [5] \p0 [6] \p0 [7] \p0 [8] \p0 [9] \p0 [10] \p0 [11] \p0 [12] \p0 [13] <= \t0 [7] \t0 [6] \t0 [5] \t0 [4] \t0 [3] \t0 [2] \t0 [1] \t0 [0]
  48 \out_valid <= \rst \vld \clk
  49 \out_data [0] \out_data [1] \out_data [2] \out_data [3] \out_data [4] \out_data [5] \out_data [6] \out_data [7] \out_data [8] \out_data [9] \out_data [10] \out_data [11] \out_data [12] \out_data [13] \out_data [14] \out_data [15] \out_data [16] \out_data [17] \out_data [18] <= \rst \s5 [18] \s5 [17] \s5 [16] \s5 [15] \s5 [14] \s5 [13] \s5 [12] \s5 [11] \s5 [10] \s5 [9] \s5 [8] \s5 [7] \s5 [6] \s5 [5] \s5 [4] \s5 [3] \s5 [2] \s5 [1] \s5 [0] \clk

3.1.3. Execute partitioning commands for module bm_fir6.

Amending partitions:
Execute queued amend rules.
Find automatic amend rules.
  Checking partition 0:
    Found 0 po matches and 0 auto/pi matches.
  Checking partition 1:
    Found 1 po matches and 0 auto/pi matches.
  Checking partition 2:
    Found 1 po matches and 0 auto/pi matches.
  Checking partition 3:
    Found 1 po matches and 0 auto/pi matches.
  Checking partition 4:
    Found 1 po matches and 0 auto/pi matches.
  Checking partition 5:
    Found 1 po matches and 0 auto/pi matches.
  Checking partition 6:
    Found 0 po matches and 0 auto/pi matches.
  Checking partition 7:
    Found 5 po matches and 0 auto/pi matches.
  Checking partition 8:
    Found 8 po matches and 0 auto/pi matches.
  Checking partition 9:
    Found 1 po matches and 0 auto/pi matches.
  Checking partition 10:
    Found 8 po matches and 0 auto/pi matches.
  Checking partition 11:
    Found 1 po matches and 0 auto/pi matches.
  Checking partition 12:
    Found 1 po matches and 0 auto/pi matches.
  Checking partition 13:
    Found 6 po matches and 0 auto/pi matches.
  Checking partition 14:
    Found 1 po matches and 0 auto/pi matches.
  Checking partition 15:
    Found 1 po matches and 0 auto/pi matches.
  Checking partition 16:
    Found 1 po matches and 0 auto/pi matches.
  Checking partition 17:
    Found 4 po matches and 0 auto/pi matches.
  Checking partition 18:
    Found 1 po matches and 0 auto/pi matches.
  Checking partition 19:
    Found 1 po matches and 0 auto/pi matches.
  Checking partition 20:
    Found 1 po matches and 0 auto/pi matches.
  Checking partition 21:
    Found 1 po matches and 0 auto/pi matches.
  Checking partition 22:
    Found 1 po matches and 0 auto/pi matches.
  Checking partition 23:
    Found 1 po matches and 0 auto/pi matches.
  Checking partition 24:
    Found 1 po matches and 0 auto/pi matches.
  Checking partition 25:
    Found 1 po matches and 0 auto/pi matches.
  Checking partition 26:
    Found 1 po matches and 0 auto/pi matches.
  Checking partition 27:
    Found 1 po matches and 0 auto/pi matches.
  Checking partition 28:
    Found 1 po matches and 0 auto/pi matches.
  Checking partition 29:
    Found 1 po matches and 0 auto/pi matches.
  Checking partition 30:
    Found 1 po matches and 0 auto/pi matches.
  Checking partition 31:
    Found 1 po matches and 0 auto/pi matches.
  Checking partition 32:
    Found 1 po matches and 0 auto/pi matches.
  Checking partition 33:
    Found 1 po matches and 0 auto/pi matches.
  Checking partition 34:
    Found 1 po matches and 0 auto/pi matches.
  Checking partition 35:
    Found 1 po matches and 0 auto/pi matches.
  Checking partition 36:
    Found 1 po matches and 0 auto/pi matches.
  Checking partition 37:
    Found 1 po matches and 0 auto/pi matches.
  Checking partition 38:
    Found 1 po matches and 0 auto/pi matches.
  Checking partition 39:
    Found 1 po matches and 0 auto/pi matches.
  Checking partition 40:
    Found 1 po matches and 0 auto/pi matches.
  Checking partition 41:
    Found 1 po matches and 0 auto/pi matches.
  Checking partition 42:
    Found 1 po matches and 0 auto/pi matches.
  Checking partition 43:
    Found 1 po matches and 0 auto/pi matches.
  Checking partition 44:
    Found 1 po matches and 0 auto/pi matches.
  Checking partition 45:
    Found 1 po matches and 0 auto/pi matches.
  Checking partition 46:
    Found 1 po matches and 0 auto/pi matches.
  Checking partition 47:
    Found 1 po matches and 0 auto/pi matches.
  Checking partition 48:
    Found 1 po matches and 0 auto/pi matches.
  Checking partition 49:
    Found 1 po matches and 0 auto/pi matches.

Assigning partition names:
Automatically naming partition 0 'vld' using a PO name: vld
Automatically naming partition 1 't5' using a PO name: t5
Automatically naming partition 2 't4' using a PO name: t4
Automatically naming partition 3 't3' using a PO name: t3
Automatically naming partition 4 't2' using a PO name: t2
Automatically naming partition 5 't1' using a PO name: t1
Automatically naming partition 6 't0' using a PO name: t0
Automatically naming partition 7 's5' using a PO name: s5
Automatically naming partition 8 's4' using a PO name: s4
Automatically naming partition 9 's3.18' using a PO name: s3[18]
Automatically naming partition 10 's3' using a PO name: s3
Automatically naming partition 11 's2.18' using a PO name: s2[18]
Automatically naming partition 12 's2.17' using a PO name: s2[17]
Automatically naming partition 13 's2' using a PO name: s2
Automatically naming partition 14 's1.18' using a PO name: s1[18]
Automatically naming partition 15 's1.17' using a PO name: s1[17]
Automatically naming partition 16 's1.16' using a PO name: s1[16]
Automatically naming partition 17 's1' using a PO name: s1
Automatically naming partition 18 'p5.18' using a PO name: p5[18]
Automatically naming partition 19 'p5.17' using a PO name: p5[17]
Automatically naming partition 20 'p5.16' using a PO name: p5[16]
Automatically naming partition 21 'p5.15' using a PO name: p5[15]
Automatically naming partition 22 'p5.14' using a PO name: p5[14]
Automatically naming partition 23 'p5' using a PO name: p5
Automatically naming partition 24 'p4.18' using a PO name: p4[18]
Automatically naming partition 25 'p4.17' using a PO name: p4[17]
Automatically naming partition 26 'p4.16' using a PO name: p4[16]
Automatically naming partition 27 'p4.15' using a PO name: p4[15]
Automatically naming partition 28 'p4' using a PO name: p4
Automatically naming partition 29 'p3.18' using a PO name: p3[18]
Automatically naming partition 30 'p3.17' using a PO name: p3[17]
Automatically naming partition 31 'p3.16' using a PO name: p3[16]
Automatically naming partition 32 'p3' using a PO name: p3
Automatically naming partition 33 'p2.18' using a PO name: p2[18]
Automatically naming partition 34 'p2.17' using a PO name: p2[17]
Automatically naming partition 35 'p2.16' using a PO name: p2[16]
Automatically naming partition 36 'p2' using a PO name: p2
Automatically naming partition 37 'p1.18' using a PO name: p1[18]
Automatically naming partition 38 'p1.17' using a PO name: p1[17]
Automatically naming partition 39 'p1.16' using a PO name: p1[16]
Automatically naming partition 40 'p1.15' using a PO name: p1[15]
Automatically naming partition 41 'p1' using a PO name: p1
Automatically naming partition 42 'p0.18' using a PO name: p0[18]
Automatically naming partition 43 'p0.17' using a PO name: p0[17]
Automatically naming partition 44 'p0.16' using a PO name: p0[16]
Automatically naming partition 45 'p0.15' using a PO name: p0[15]
Automatically naming partition 46 'p0.14' using a PO name: p0[14]
Automatically naming partition 47 'p0' using a PO name: p0
Automatically naming partition 48 'out_valid' using a PO name: out_valid
Automatically naming partition 49 'out_data' using a PO name: out_data

Partition Summary:
  Fragments:
       0: \vld
       1: \t5
       2: \t4
       3: \t3
       4: \t2
       5: \t1
       6: \t0
       7: \s5
       8: \s4
       9: \s3 [18]
      10: \s3 [17:0]
      11: \s2 [18]
      12: \s2 [17]
      13: \s2 [16:0]
      14: \s1 [18]
      15: \s1 [17]
      16: \s1 [16]
      17: \s1 [15:0]
      18: \p5 [18]
      19: \p5 [17]
      20: \p5 [16]
      21: \p5 [15]
      22: \p5 [14]
      23: \p5 [13:0]
      24: \p4 [18]
      25: \p4 [17]
      26: \p4 [16]
      27: \p4 [15]
      28: \p4 [14:0]
      29: \p3 [18]
      30: \p3 [17]
      31: \p3 [16]
      32: \p3 [15:0]
      33: \p2 [18]
      34: \p2 [17]
      35: \p2 [16]
      36: \p2 [15:0]
      37: \p1 [18]
      38: \p1 [17]
      39: \p1 [16]
      40: \p1 [15]
      41: \p1 [14:0]
      42: \p0 [18]
      43: \p0 [17]
      44: \p0 [16]
      45: \p0 [15]
      46: \p0 [14]
      47: \p0 [13:0]
      48: \out_valid
      49: \out_data
  Partitions:
       0: vld
       1: t5
       2: t4
       3: t3
       4: t2
       5: t1
       6: t0
       7: s5
       8: s4
       9: s3.18
      10: s3
      11: s2.18
      12: s2.17
      13: s2
      14: s1.18
      15: s1.17
      16: s1.16
      17: s1
      18: p5.18
      19: p5.17
      20: p5.16
      21: p5.15
      22: p5.14
      23: p5
      24: p4.18
      25: p4.17
      26: p4.16
      27: p4.15
      28: p4
      29: p3.18
      30: p3.17
      31: p3.16
      32: p3
      33: p2.18
      34: p2.17
      35: p2.16
      36: p2
      37: p1.18
      38: p1.17
      39: p1.16
      40: p1.15
      41: p1
      42: p0.18
      43: p0.17
      44: p0.16
      45: p0.15
      46: p0.14
      47: p0
      48: out_valid
      49: out_data
  Fragment-Partition-Matrix:
           0           1           2           3           4          
           01234 56789 01234 56789 01234 56789 01234 56789 01234 56789
       0   #.... ..... ..... ..... ..... ..... ..... ..... ..... .....  vld
       1   .#=.. ..... ..... ..... ..... ..... ..... ..... ..... .....  t5
       2   ..#=. ..... ..... ..... ..... ..... ..... ..... ..... .....  t4
       3   ...#= ..... ..... ..... ..... ..... ..... ..... ..... .....  t3
       4   ....# =.... ..... ..... ..... ..... ..... ..... ..... .....  t2
       5   ..... #=... ..... ..... ..... ..... ..... ..... ..... .....  t1
       6   ..... .#... ..... ..... ..... ..... ..... ..... ..... .....  t0
       7   ..... ..#== =.... ...=. ...=. ..... ..... ..... ..... .....  s5
       8   ..... ...#= ==.== ..=.. ....= ...=. ..... ..... ..... .....  s4
       9   ..... ....# =.... ..... ..... ..... ..... ..... ..... .....  s3.18
      10   ..... ..... #=.=. ...=. ...== ...== ..=.. ..... ..... .....  s3
      11   ..... ..... .#=.. ..... ..... ..... ..... ..... ..... .....  s2.18
      12   ..... ..... ..#=. ..... ..... ..... ..... ..... ..... .....  s2.17
      13   ..... ..... ...#= ..=.. ..... ....= ..==. .=... ..... .....  s2
      14   ..... ..... ....# =.... ..... ..... ..... ..... ..... .....  s1.18
      15   ..... ..... ..... #=... ..... ..... ..... ..... ..... .....  s1.17
      16   ..... ..... ..... .#=.. ..... ..... ..... ..... ..... .....  s1.16
      17   ..... ..... ..... ..#.. ..... ..... ..... ..=.. .==.. ..=..  s1
      18   ..... ..... ..... ...#= ..... ..... ..... ..... ..... .....  p5.18
      19   ..... ..... ..... ....# =.... ..... ..... ..... ..... .....  p5.17
      20   ..... ..... ..... ..... #=... ..... ..... ..... ..... .....  p5.16
      21   ..... ..... ..... ..... .#=.. ..... ..... ..... ..... .....  p5.15
      22   ..... ..... ..... ..... ..#=. ..... ..... ..... ..... .....  p5.14
      23   .=... ..... ..... ..... ...#. ..... ..... ..... ..... .....  p5
      24   ..... ..... ..... ..... ....# =.... ..... ..... ..... .....  p4.18
      25   ..... ..... ..... ..... ..... #=... ..... ..... ..... .....  p4.17
      26   ..... ..... ..... ..... ..... .#=.. ..... ..... ..... .....  p4.16
      27   ..... ..... ..... ..... ..... ..#=. ..... ..... ..... .....  p4.15
      28   ..=.. ..... ..... ..... ..... ...#. ..... ..... ..... .....  p4
      29   ..... ..... ..... ..... ..... ....# =.... ..... ..... .....  p3.18
      30   ..... ..... ..... ..... ..... ..... #=... ..... ..... .....  p3.17
      31   ..... ..... ..... ..... ..... ..... .#=.. ..... ..... .....  p3.16
      32   ...=. ..... ..... ..... ..... ..... ..#.. ..... ..... .....  p3
      33   ..... ..... ..... ..... ..... ..... ...#= ..... ..... .....  p2.18
      34   ..... ..... ..... ..... ..... ..... ....# =.... ..... .....  p2.17
      35   ..... ..... ..... ..... ..... ..... ..... #=... ..... .....  p2.16
      36   ....= ..... ..... ..... ..... ..... ..... .#... ..... .....  p2
      37   ..... ..... ..... ..... ..... ..... ..... ..#=. ..... .....  p1.18
      38   ..... ..... ..... ..... ..... ..... ..... ...#= ..... .....  p1.17
      39   ..... ..... ..... ..... ..... ..... ..... ....# =.... .....  p1.16
      40   ..... ..... ..... ..... ..... ..... ..... ..... #=... .....  p1.15
      41   ..... =.... ..... ..... ..... ..... ..... ..... .#... .....  p1
      42   ..... ..... ..... ..... ..... ..... ..... ..... ..#=. .....  p0.18
      43   ..... ..... ..... ..... ..... ..... ..... ..... ...#= .....  p0.17
      44   ..... ..... ..... ..... ..... ..... ..... ..... ....# =....  p0.16
      45   ..... ..... ..... ..... ..... ..... ..... ..... ..... #=...  p0.15
      46   ..... ..... ..... ..... ..... ..... ..... ..... ..... .#=..  p0.14
      47   ..... .=... ..... ..... ..... ..... ..... ..... ..... ..#..  p0
      48   =.... ..... ..... ..... ..... ..... ..... ..... ..... ...#.  out_valid
      49   ..... ..=.. ..... ..... ..... ..... ..... ..... ..... ....#  out_data
  Legend for Fragment-Partition-Matrix:
      #  .... partition is this single fragment
      *  .... fragments merged into single partition
      +  .... fragments amended to the partition
      =  .... fragment is driving a partition input
      -  .... fragment is driving an amended fragment
      .  .... no relationship between fragment and partition
      ,  .... unused fragment index (as result of grouping)

3.1.4. Write partitions for module bm_fir6.
Adding non-output bit \vld to partition 50.
Adding non-output bit \t5 [7] to partition 50.
Adding non-output bit \t5 [6] to partition 50.
Adding non-output bit \t5 [5] to partition 50.
Adding non-output bit \t5 [4] to partition 50.
Adding non-output bit \t5 [3] to partition 50.
Adding non-output bit \t5 [2] to partition 50.
Adding non-output bit \t5 [1] to partition 50.
Adding non-output bit \t5 [0] to partition 50.
Adding non-output bit \t4 [7] to partition 50.
Adding non-output bit \t4 [6] to partition 50.
Adding non-output bit \t4 [5] to partition 50.
Adding non-output bit \t4 [4] to partition 50.
Adding non-output bit \t4 [3] to partition 50.
Adding non-output bit \t4 [2] to partition 50.
Adding non-output bit \t4 [1] to partition 50.
Adding non-output bit \t4 [0] to partition 50.
Adding non-output bit \t3 [7] to partition 50.
Adding non-output bit \t3 [6] to partition 50.
Adding non-output bit \t3 [5] to partition 50.
Adding non-output bit \t3 [4] to partition 50.
Adding non-output bit \t3 [3] to partition 50.
Adding non-output bit \t3 [2] to partition 50.
Adding non-output bit \t3 [1] to partition 50.
Adding non-output bit \t3 [0] to partition 50.
Adding non-output bit \t2 [7] to partition 50.
Adding non-output bit \t2 [6] to partition 50.
Adding non-output bit \t2 [5] to partition 50.
Adding non-output bit \t2 [4] to partition 50.
Adding non-output bit \t2 [3] to partition 50.
Adding non-output bit \t2 [2] to partition 50.
Adding non-output bit \t2 [1] to partition 50.
Adding non-output bit \t2 [0] to partition 50.
Adding non-output bit \t1 [7] to partition 50.
Adding non-output bit \t1 [6] to partition 50.
Adding non-output bit \t1 [5] to partition 50.
Adding non-output bit \t1 [4] to partition 50.
Adding non-output bit \t1 [3] to partition 50.
Adding non-output bit \t1 [2] to partition 50.
Adding non-output bit \t1 [1] to partition 50.
Adding non-output bit \t1 [0] to partition 50.
Adding non-output bit \t0 [7] to partition 50.
Adding non-output bit \t0 [6] to partition 50.
Adding non-output bit \t0 [5] to partition 50.
Adding non-output bit \t0 [4] to partition 50.
Adding non-output bit \t0 [3] to partition 50.
Adding non-output bit \t0 [2] to partition 50.
Adding non-output bit \t0 [1] to partition 50.
Adding non-output bit \t0 [0] to partition 50.
Adding non-output bit \s5 [18] to partition 50.
Adding non-output bit \s5 [17] to partition 50.
Adding non-output bit \s5 [16] to partition 50.
Adding non-output bit \s5 [15] to partition 50.
Adding non-output bit \s5 [14] to partition 50.
Adding non-output bit \s5 [13] to partition 50.
Adding non-output bit \s5 [12] to partition 50.
Adding non-output bit \s5 [11] to partition 50.
Adding non-output bit \s5 [10] to partition 50.
Adding non-output bit \s5 [9] to partition 50.
Adding non-output bit \s5 [8] to partition 50.
Adding non-output bit \s5 [7] to partition 50.
Adding non-output bit \s5 [6] to partition 50.
Adding non-output bit \s5 [5] to partition 50.
Adding non-output bit \s5 [4] to partition 50.
Adding non-output bit \s5 [3] to partition 50.
Adding non-output bit \s5 [2] to partition 50.
Adding non-output bit \s5 [1] to partition 50.
Adding non-output bit \s5 [0] to partition 50.
Adding non-output bit \s4 [18] to partition 50.
Adding non-output bit \s4 [17] to partition 50.
Adding non-output bit \s4 [16] to partition 50.
Adding non-output bit \s4 [15] to partition 50.
Adding non-output bit \s4 [14] to partition 50.
Adding non-output bit \s4 [13] to partition 50.
Adding non-output bit \s4 [12] to partition 50.
Adding non-output bit \s4 [11] to partition 50.
Adding non-output bit \s4 [10] to partition 50.
Adding non-output bit \s4 [9] to partition 50.
Adding non-output bit \s4 [8] to partition 50.
Adding non-output bit \s4 [7] to partition 50.
Adding non-output bit \s4 [6] to partition 50.
Adding non-output bit \s4 [5] to partition 50.
Adding non-output bit \s4 [4] to partition 50.
Adding non-output bit \s4 [3] to partition 50.
Adding non-output bit \s4 [2] to partition 50.
Adding non-output bit \s4 [1] to partition 50.
Adding non-output bit \s4 [0] to partition 50.
Adding non-output bit \s3 [18] to partition 50.
Adding non-output bit \s3 [17] to partition 50.
Adding non-output bit \s3 [16] to partition 50.
Adding non-output bit \s3 [15] to partition 50.
Adding non-output bit \s3 [14] to partition 50.
Adding non-output bit \s3 [13] to partition 50.
Adding non-output bit \s3 [12] to partition 50.
Adding non-output bit \s3 [11] to partition 50.
Adding non-output bit \s3 [10] to partition 50.
Adding non-output bit \s3 [9] to partition 50.
Adding non-output bit \s3 [8] to partition 50.
Adding non-output bit \s3 [7] to partition 50.
Adding non-output bit \s3 [6] to partition 50.
Adding non-output bit \s3 [5] to partition 50.
Adding non-output bit \s3 [4] to partition 50.
Adding non-output bit \s3 [3] to partition 50.
Adding non-output bit \s3 [2] to partition 50.
Adding non-output bit \s3 [1] to partition 50.
Adding non-output bit \s3 [0] to partition 50.
Adding non-output bit \s2 [18] to partition 50.
Adding non-output bit \s2 [17] to partition 50.
Adding non-output bit \s2 [16] to partition 50.
Adding non-output bit \s2 [15] to partition 50.
Adding non-output bit \s2 [14] to partition 50.
Adding non-output bit \s2 [13] to partition 50.
Adding non-output bit \s2 [12] to partition 50.
Adding non-output bit \s2 [11] to partition 50.
Adding non-output bit \s2 [10] to partition 50.
Adding non-output bit \s2 [9] to partition 50.
Adding non-output bit \s2 [8] to partition 50.
Adding non-output bit \s2 [7] to partition 50.
Adding non-output bit \s2 [6] to partition 50.
Adding non-output bit \s2 [5] to partition 50.
Adding non-output bit \s2 [4] to partition 50.
Adding non-output bit \s2 [3] to partition 50.
Adding non-output bit \s2 [2] to partition 50.
Adding non-output bit \s2 [1] to partition 50.
Adding non-output bit \s2 [0] to partition 50.
Adding non-output bit \s1 [18] to partition 50.
Adding non-output bit \s1 [17] to partition 50.
Adding non-output bit \s1 [16] to partition 50.
Adding non-output bit \s1 [15] to partition 50.
Adding non-output bit \s1 [14] to partition 50.
Adding non-output bit \s1 [13] to partition 50.
Adding non-output bit \s1 [12] to partition 50.
Adding non-output bit \s1 [11] to partition 50.
Adding non-output bit \s1 [10] to partition 50.
Adding non-output bit \s1 [9] to partition 50.
Adding non-output bit \s1 [8] to partition 50.
Adding non-output bit \s1 [7] to partition 50.
Adding non-output bit \s1 [6] to partition 50.
Adding non-output bit \s1 [5] to partition 50.
Adding non-output bit \s1 [4] to partition 50.
Adding non-output bit \s1 [3] to partition 50.
Adding non-output bit \s1 [2] to partition 50.
Adding non-output bit \s1 [1] to partition 50.
Adding non-output bit \s1 [0] to partition 50.
Adding non-output bit \rst to partition 50.
Adding non-output bit \p5 [18] to partition 50.
Adding non-output bit \p5 [17] to partition 50.
Adding non-output bit \p5 [16] to partition 50.
Adding non-output bit \p5 [15] to partition 50.
Adding non-output bit \p5 [14] to partition 50.
Adding non-output bit \p5 [13] to partition 50.
Adding non-output bit \p5 [12] to partition 50.
Adding non-output bit \p5 [11] to partition 50.
Adding non-output bit \p5 [10] to partition 50.
Adding non-output bit \p5 [9] to partition 50.
Adding non-output bit \p5 [8] to partition 50.
Adding non-output bit \p5 [7] to partition 50.
Adding non-output bit \p5 [6] to partition 50.
Adding non-output bit \p5 [5] to partition 50.
Adding non-output bit \p5 [4] to partition 50.
Adding non-output bit \p5 [3] to partition 50.
Adding non-output bit \p5 [2] to partition 50.
Adding non-output bit \p5 [1] to partition 50.
Adding non-output bit \p5 [0] to partition 50.
Adding non-output bit \p4 [18] to partition 50.
Adding non-output bit \p4 [17] to partition 50.
Adding non-output bit \p4 [16] to partition 50.
Adding non-output bit \p4 [15] to partition 50.
Adding non-output bit \p4 [14] to partition 50.
Adding non-output bit \p4 [13] to partition 50.
Adding non-output bit \p4 [12] to partition 50.
Adding non-output bit \p4 [11] to partition 50.
Adding non-output bit \p4 [10] to partition 50.
Adding non-output bit \p4 [9] to partition 50.
Adding non-output bit \p4 [8] to partition 50.
Adding non-output bit \p4 [7] to partition 50.
Adding non-output bit \p4 [6] to partition 50.
Adding non-output bit \p4 [5] to partition 50.
Adding non-output bit \p4 [4] to partition 50.
Adding non-output bit \p4 [3] to partition 50.
Adding non-output bit \p4 [2] to partition 50.
Adding non-output bit \p4 [1] to partition 50.
Adding non-output bit \p4 [0] to partition 50.
Adding non-output bit \p3 [18] to partition 50.
Adding non-output bit \p3 [17] to partition 50.
Adding non-output bit \p3 [16] to partition 50.
Adding non-output bit \p3 [15] to partition 50.
Adding non-output bit \p3 [14] to partition 50.
Adding non-output bit \p3 [13] to partition 50.
Adding non-output bit \p3 [12] to partition 50.
Adding non-output bit \p3 [11] to partition 50.
Adding non-output bit \p3 [10] to partition 50.
Adding non-output bit \p3 [9] to partition 50.
Adding non-output bit \p3 [8] to partition 50.
Adding non-output bit \p3 [7] to partition 50.
Adding non-output bit \p3 [6] to partition 50.
Adding non-output bit \p3 [5] to partition 50.
Adding non-output bit \p3 [4] to partition 50.
Adding non-output bit \p3 [3] to partition 50.
Adding non-output bit \p3 [2] to partition 50.
Adding non-output bit \p3 [1] to partition 50.
Adding non-output bit \p3 [0] to partition 50.
Adding non-output bit \p2 [18] to partition 50.
Adding non-output bit \p2 [17] to partition 50.
Adding non-output bit \p2 [16] to partition 50.
Adding non-output bit \p2 [15] to partition 50.
Adding non-output bit \p2 [14] to partition 50.
Adding non-output bit \p2 [13] to partition 50.
Adding non-output bit \p2 [12] to partition 50.
Adding non-output bit \p2 [11] to partition 50.
Adding non-output bit \p2 [10] to partition 50.
Adding non-output bit \p2 [9] to partition 50.
Adding non-output bit \p2 [8] to partition 50.
Adding non-output bit \p2 [7] to partition 50.
Adding non-output bit \p2 [6] to partition 50.
Adding non-output bit \p2 [5] to partition 50.
Adding non-output bit \p2 [4] to partition 50.
Adding non-output bit \p2 [3] to partition 50.
Adding non-output bit \p2 [2] to partition 50.
Adding non-output bit \p2 [1] to partition 50.
Adding non-output bit \p2 [0] to partition 50.
Adding non-output bit \p1 [18] to partition 50.
Adding non-output bit \p1 [17] to partition 50.
Adding non-output bit \p1 [16] to partition 50.
Adding non-output bit \p1 [15] to partition 50.
Adding non-output bit \p1 [14] to partition 50.
Adding non-output bit \p1 [13] to partition 50.
Adding non-output bit \p1 [12] to partition 50.
Adding non-output bit \p1 [11] to partition 50.
Adding non-output bit \p1 [10] to partition 50.
Adding non-output bit \p1 [9] to partition 50.
Adding non-output bit \p1 [8] to partition 50.
Adding non-output bit \p1 [7] to partition 50.
Adding non-output bit \p1 [6] to partition 50.
Adding non-output bit \p1 [5] to partition 50.
Adding non-output bit \p1 [4] to partition 50.
Adding non-output bit \p1 [3] to partition 50.
Adding non-output bit \p1 [2] to partition 50.
Adding non-output bit \p1 [1] to partition 50.
Adding non-output bit \p1 [0] to partition 50.
Adding non-output bit \p0 [18] to partition 50.
Adding non-output bit \p0 [17] to partition 50.
Adding non-output bit \p0 [16] to partition 50.
Adding non-output bit \p0 [15] to partition 50.
Adding non-output bit \p0 [14] to partition 50.
Adding non-output bit \p0 [13] to partition 50.
Adding non-output bit \p0 [12] to partition 50.
Adding non-output bit \p0 [11] to partition 50.
Adding non-output bit \p0 [10] to partition 50.
Adding non-output bit \p0 [9] to partition 50.
Adding non-output bit \p0 [8] to partition 50.
Adding non-output bit \p0 [7] to partition 50.
Adding non-output bit \p0 [6] to partition 50.
Adding non-output bit \p0 [5] to partition 50.
Adding non-output bit \p0 [4] to partition 50.
Adding non-output bit \p0 [3] to partition 50.
Adding non-output bit \p0 [2] to partition 50.
Adding non-output bit \p0 [1] to partition 50.
Adding non-output bit \p0 [0] to partition 50.
Adding output bit \out_valid to partition 50.
Adding output bit \out_data [18] to partition 50.
Adding output bit \out_data [17] to partition 50.
Adding output bit \out_data [16] to partition 50.
Adding output bit \out_data [15] to partition 50.
Adding output bit \out_data [14] to partition 50.
Adding output bit \out_data [13] to partition 50.
Adding output bit \out_data [12] to partition 50.
Adding output bit \out_data [11] to partition 50.
Adding output bit \out_data [10] to partition 50.
Adding output bit \out_data [9] to partition 50.
Adding output bit \out_data [8] to partition 50.
Adding output bit \out_data [7] to partition 50.
Adding output bit \out_data [6] to partition 50.
Adding output bit \out_data [5] to partition 50.
Adding output bit \out_data [4] to partition 50.
Adding output bit \out_data [3] to partition 50.
Adding output bit \out_data [2] to partition 50.
Adding output bit \out_data [1] to partition 50.
Adding output bit \out_data [0] to partition 50.
Adding non-output bit \in_valid to partition 50.
Adding non-output bit \in_data [7] to partition 50.
Adding non-output bit \in_data [6] to partition 50.
Adding non-output bit \in_data [5] to partition 50.
Adding non-output bit \in_data [4] to partition 50.
Adding non-output bit \in_data [3] to partition 50.
Adding non-output bit \in_data [2] to partition 50.
Adding non-output bit \in_data [1] to partition 50.
Adding non-output bit \in_data [0] to partition 50.
Adding non-output bit \clk to partition 50.
Writing partition 0 as bm_fir6.vld.
  partition pi bit 0: \rst <-> \rst
  partition pi bit 1: \in_valid <-> \in_valid
  partition pi bit 2: \clk <-> \clk
  partition po bit 0: \vld <-> \vld

3.1.5. Executing RTLIL backend.
Output filename: partitions/bm_fir6.vld.il
<suppressed ~5958 debug messages>

3.1.6. Executing CHECK pass (checking for obvious problems).
Checking module gate.bm_fir6.vld...
Checking module gold.bm_fir6.vld...
Found and reported 0 problems.

Writing partition 1 as bm_fir6.t5.
  partition pi bit 0: \t4 [2] <-> \t4 [2]
  partition pi bit 1: \t4 [1] <-> \t4 [1]
  partition pi bit 2: \t4 [0] <-> \t4 [0]
  partition pi bit 3: \rst <-> \rst
  partition pi bit 4: \in_valid <-> \in_valid
  partition pi bit 5: \t4 [7] <-> \t4 [7]
  partition pi bit 6: \t4 [6] <-> \t4 [6]
  partition pi bit 7: \t4 [5] <-> \t4 [5]
  partition pi bit 8: \t4 [4] <-> \t4 [4]
  partition pi bit 9: \t4 [3] <-> \t4 [3]
  partition pi bit 10: \clk <-> \clk
  partition po bit 0: \t5 [0] <-> \t5 [0]
  partition po bit 1: \t5 [1] <-> \t5 [1]
  partition po bit 2: \t5 [2] <-> \t5 [2]
  partition po bit 3: \t5 [3] <-> \t5 [3]
  partition po bit 4: \t5 [4] <-> \t5 [4]
  partition po bit 5: \t5 [5] <-> \t5 [5]
  partition po bit 6: \t5 [6] <-> \t5 [6]
  partition po bit 7: \t5 [7] <-> \t5 [7]

3.1.7. Executing RTLIL backend.
Output filename: partitions/bm_fir6.t5.il
<suppressed ~112 debug messages>

3.1.8. Executing CHECK pass (checking for obvious problems).
Checking module gate.bm_fir6.t5...
Checking module gold.bm_fir6.t5...
Found and reported 0 problems.

Writing partition 2 as bm_fir6.t4.
  partition pi bit 0: \t3 [2] <-> \t3 [2]
  partition pi bit 1: \t3 [1] <-> \t3 [1]
  partition pi bit 2: \t3 [0] <-> \t3 [0]
  partition pi bit 3: \rst <-> \rst
  partition pi bit 4: \in_valid <-> \in_valid
  partition pi bit 5: \t3 [7] <-> \t3 [7]
  partition pi bit 6: \t3 [6] <-> \t3 [6]
  partition pi bit 7: \t3 [5] <-> \t3 [5]
  partition pi bit 8: \t3 [4] <-> \t3 [4]
  partition pi bit 9: \t3 [3] <-> \t3 [3]
  partition pi bit 10: \clk <-> \clk
  partition po bit 0: \t4 [0] <-> \t4 [0]
  partition po bit 1: \t4 [1] <-> \t4 [1]
  partition po bit 2: \t4 [2] <-> \t4 [2]
  partition po bit 3: \t4 [3] <-> \t4 [3]
  partition po bit 4: \t4 [4] <-> \t4 [4]
  partition po bit 5: \t4 [5] <-> \t4 [5]
  partition po bit 6: \t4 [6] <-> \t4 [6]
  partition po bit 7: \t4 [7] <-> \t4 [7]

3.1.9. Executing RTLIL backend.
Output filename: partitions/bm_fir6.t4.il
<suppressed ~112 debug messages>

3.1.10. Executing CHECK pass (checking for obvious problems).
Checking module gate.bm_fir6.t4...
Checking module gold.bm_fir6.t4...
Found and reported 0 problems.

Writing partition 3 as bm_fir6.t3.
  partition pi bit 0: \t2 [2] <-> \t2 [2]
  partition pi bit 1: \t2 [1] <-> \t2 [1]
  partition pi bit 2: \t2 [0] <-> \t2 [0]
  partition pi bit 3: \rst <-> \rst
  partition pi bit 4: \in_valid <-> \in_valid
  partition pi bit 5: \t2 [7] <-> \t2 [7]
  partition pi bit 6: \t2 [6] <-> \t2 [6]
  partition pi bit 7: \t2 [5] <-> \t2 [5]
  partition pi bit 8: \t2 [4] <-> \t2 [4]
  partition pi bit 9: \t2 [3] <-> \t2 [3]
  partition pi bit 10: \clk <-> \clk
  partition po bit 0: \t3 [0] <-> \t3 [0]
  partition po bit 1: \t3 [1] <-> \t3 [1]
  partition po bit 2: \t3 [2] <-> \t3 [2]
  partition po bit 3: \t3 [3] <-> \t3 [3]
  partition po bit 4: \t3 [4] <-> \t3 [4]
  partition po bit 5: \t3 [5] <-> \t3 [5]
  partition po bit 6: \t3 [6] <-> \t3 [6]
  partition po bit 7: \t3 [7] <-> \t3 [7]

3.1.11. Executing RTLIL backend.
Output filename: partitions/bm_fir6.t3.il
<suppressed ~112 debug messages>

3.1.12. Executing CHECK pass (checking for obvious problems).
Checking module gate.bm_fir6.t3...
Checking module gold.bm_fir6.t3...
Found and reported 0 problems.

Writing partition 4 as bm_fir6.t2.
  partition pi bit 0: \t1 [2] <-> \t1 [2]
  partition pi bit 1: \t1 [1] <-> \t1 [1]
  partition pi bit 2: \t1 [0] <-> \t1 [0]
  partition pi bit 3: \rst <-> \rst
  partition pi bit 4: \in_valid <-> \in_valid
  partition pi bit 5: \t1 [7] <-> \t1 [7]
  partition pi bit 6: \t1 [6] <-> \t1 [6]
  partition pi bit 7: \t1 [5] <-> \t1 [5]
  partition pi bit 8: \t1 [4] <-> \t1 [4]
  partition pi bit 9: \t1 [3] <-> \t1 [3]
  partition pi bit 10: \clk <-> \clk
  partition po bit 0: \t2 [0] <-> \t2 [0]
  partition po bit 1: \t2 [1] <-> \t2 [1]
  partition po bit 2: \t2 [2] <-> \t2 [2]
  partition po bit 3: \t2 [3] <-> \t2 [3]
  partition po bit 4: \t2 [4] <-> \t2 [4]
  partition po bit 5: \t2 [5] <-> \t2 [5]
  partition po bit 6: \t2 [6] <-> \t2 [6]
  partition po bit 7: \t2 [7] <-> \t2 [7]

3.1.13. Executing RTLIL backend.
Output filename: partitions/bm_fir6.t2.il
<suppressed ~112 debug messages>

3.1.14. Executing CHECK pass (checking for obvious problems).
Checking module gate.bm_fir6.t2...
Checking module gold.bm_fir6.t2...
Found and reported 0 problems.

Writing partition 5 as bm_fir6.t1.
  partition pi bit 0: \t0 [2] <-> \t0 [2]
  partition pi bit 1: \t0 [1] <-> \t0 [1]
  partition pi bit 2: \t0 [0] <-> \t0 [0]
  partition pi bit 3: \rst <-> \rst
  partition pi bit 4: \in_valid <-> \in_valid
  partition pi bit 5: \t0 [7] <-> \t0 [7]
  partition pi bit 6: \t0 [6] <-> \t0 [6]
  partition pi bit 7: \t0 [5] <-> \t0 [5]
  partition pi bit 8: \t0 [4] <-> \t0 [4]
  partition pi bit 9: \t0 [3] <-> \t0 [3]
  partition pi bit 10: \clk <-> \clk
  partition po bit 0: \t1 [0] <-> \t1 [0]
  partition po bit 1: \t1 [1] <-> \t1 [1]
  partition po bit 2: \t1 [2] <-> \t1 [2]
  partition po bit 3: \t1 [3] <-> \t1 [3]
  partition po bit 4: \t1 [4] <-> \t1 [4]
  partition po bit 5: \t1 [5] <-> \t1 [5]
  partition po bit 6: \t1 [6] <-> \t1 [6]
  partition po bit 7: \t1 [7] <-> \t1 [7]

3.1.15. Executing RTLIL backend.
Output filename: partitions/bm_fir6.t1.il
<suppressed ~112 debug messages>

3.1.16. Executing CHECK pass (checking for obvious problems).
Checking module gate.bm_fir6.t1...
Checking module gold.bm_fir6.t1...
Found and reported 0 problems.

Writing partition 6 as bm_fir6.t0.
  partition pi bit 0: \in_data [2] <-> \in_data [2]
  partition pi bit 1: \in_data [1] <-> \in_data [1]
  partition pi bit 2: \in_data [0] <-> \in_data [0]
  partition pi bit 3: \rst <-> \rst
  partition pi bit 4: \in_valid <-> \in_valid
  partition pi bit 5: \in_data [7] <-> \in_data [7]
  partition pi bit 6: \in_data [6] <-> \in_data [6]
  partition pi bit 7: \in_data [5] <-> \in_data [5]
  partition pi bit 8: \in_data [4] <-> \in_data [4]
  partition pi bit 9: \in_data [3] <-> \in_data [3]
  partition pi bit 10: \clk <-> \clk
  partition po bit 0: \t0 [0] <-> \t0 [0]
  partition po bit 1: \t0 [1] <-> \t0 [1]
  partition po bit 2: \t0 [2] <-> \t0 [2]
  partition po bit 3: \t0 [3] <-> \t0 [3]
  partition po bit 4: \t0 [4] <-> \t0 [4]
  partition po bit 5: \t0 [5] <-> \t0 [5]
  partition po bit 6: \t0 [6] <-> \t0 [6]
  partition po bit 7: \t0 [7] <-> \t0 [7]

3.1.17. Executing RTLIL backend.
Output filename: partitions/bm_fir6.t0.il
<suppressed ~112 debug messages>

3.1.18. Executing CHECK pass (checking for obvious problems).
Checking module gate.bm_fir6.t0...
Checking module gold.bm_fir6.t0...
Found and reported 0 problems.

Writing partition 7 as bm_fir6.s5.
  partition pi bit 0: \p5 [18] <-> \p5 [18]
  partition pi bit 1: \p5 [12] <-> \p5 [12]
  partition pi bit 2: \p5 [11] <-> \p5 [11]
  partition pi bit 3: \p5 [10] <-> \p5 [10]
  partition pi bit 4: \p5 [9] <-> \p5 [9]
  partition pi bit 5: \p5 [8] <-> \p5 [8]
  partition pi bit 6: \p5 [7] <-> \p5 [7]
  partition pi bit 7: \p5 [6] <-> \p5 [6]
  partition pi bit 8: \p5 [5] <-> \p5 [5]
  partition pi bit 9: \p5 [4] <-> \p5 [4]
  partition pi bit 10: \p5 [3] <-> \p5 [3]
  partition pi bit 11: \p5 [2] <-> \p5 [2]
  partition pi bit 12: \p5 [1] <-> \p5 [1]
  partition pi bit 13: \p5 [0] <-> \p5 [0]
  partition pi bit 14: \s4 [17] <-> \s4 [17]
  partition pi bit 15: \s3 [18] <-> \s3 [18]
  partition pi bit 16: \s3 [14] <-> \s3 [14]
  partition pi bit 17: \s3 [13] <-> \s3 [13]
  partition pi bit 18: \s3 [12] <-> \s3 [12]
  partition pi bit 19: \s3 [11] <-> \s3 [11]
  partition pi bit 20: \s3 [10] <-> \s3 [10]
  partition pi bit 21: \s3 [9] <-> \s3 [9]
  partition pi bit 22: \s3 [8] <-> \s3 [8]
  partition pi bit 23: \s3 [7] <-> \s3 [7]
  partition pi bit 24: \s3 [6] <-> \s3 [6]
  partition pi bit 25: \s3 [5] <-> \s3 [5]
  partition pi bit 26: \s3 [4] <-> \s3 [4]
  partition pi bit 27: \s3 [3] <-> \s3 [3]
  partition pi bit 28: \s3 [2] <-> \s3 [2]
  partition pi bit 29: \s3 [1] <-> \s3 [1]
  partition pi bit 30: \s3 [0] <-> \s3 [0]
  partition pi bit 31: \s4 [18] <-> \s4 [18]
  partition pi bit 32: \s4 [16] <-> \s4 [16]
  partition pi bit 33: \s4 [15] <-> \s4 [15]
  partition pi bit 34: \s4 [14] <-> \s4 [14]
  partition pi bit 35: \s4 [13] <-> \s4 [13]
  partition pi bit 36: \s4 [12] <-> \s4 [12]
  partition pi bit 37: \s4 [11] <-> \s4 [11]
  partition pi bit 38: \s4 [10] <-> \s4 [10]
  partition pi bit 39: \s4 [9] <-> \s4 [9]
  partition pi bit 40: \s4 [8] <-> \s4 [8]
  partition pi bit 41: \s4 [7] <-> \s4 [7]
  partition pi bit 42: \s4 [6] <-> \s4 [6]
  partition pi bit 43: \s4 [5] <-> \s4 [5]
  partition pi bit 44: \s4 [4] <-> \s4 [4]
  partition pi bit 45: \s4 [3] <-> \s4 [3]
  partition pi bit 46: \s4 [2] <-> \s4 [2]
  partition pi bit 47: \s4 [1] <-> \s4 [1]
  partition pi bit 48: \s4 [0] <-> \s4 [0]
  partition po bit 0: \s5 [0] <-> \s5 [0]
  partition po bit 1: \s5 [1] <-> \s5 [1]
  partition po bit 2: \s5 [2] <-> \s5 [2]
  partition po bit 3: \s5 [3] <-> \s5 [3]
  partition po bit 4: \s5 [4] <-> \s5 [4]
  partition po bit 5: \s5 [5] <-> \s5 [5]
  partition po bit 6: \s5 [6] <-> \s5 [6]
  partition po bit 7: \s5 [7] <-> \s5 [7]
  partition po bit 8: \s5 [8] <-> \s5 [8]
  partition po bit 9: \s5 [9] <-> \s5 [9]
  partition po bit 10: \s5 [10] <-> \s5 [10]
  partition po bit 11: \s5 [11] <-> \s5 [11]
  partition po bit 12: \s5 [12] <-> \s5 [12]
  partition po bit 13: \s5 [13] <-> \s5 [13]
  partition po bit 14: \s5 [14] <-> \s5 [14]
  partition po bit 15: \s5 [15] <-> \s5 [15]
  partition po bit 16: \s5 [16] <-> \s5 [16]
  partition po bit 17: \s5 [17] <-> \s5 [17]
  partition po bit 18: \s5 [18] <-> \s5 [18]

3.1.19. Executing RTLIL backend.
Output filename: partitions/bm_fir6.s5.il
<suppressed ~152 debug messages>

3.1.20. Executing CHECK pass (checking for obvious problems).
Checking module gate.bm_fir6.s5...
Checking module gold.bm_fir6.s5...
Found and reported 0 problems.

Writing partition 8 as bm_fir6.s4.
  partition pi bit 0: \s2 [18] <-> \s2 [18]
  partition pi bit 1: \s2 [15] <-> \s2 [15]
  partition pi bit 2: \s2 [14] <-> \s2 [14]
  partition pi bit 3: \s2 [13] <-> \s2 [13]
  partition pi bit 4: \s2 [12] <-> \s2 [12]
  partition pi bit 5: \s2 [11] <-> \s2 [11]
  partition pi bit 6: \s2 [10] <-> \s2 [10]
  partition pi bit 7: \s2 [9] <-> \s2 [9]
  partition pi bit 8: \s2 [8] <-> \s2 [8]
  partition pi bit 9: \s2 [7] <-> \s2 [7]
  partition pi bit 10: \s2 [6] <-> \s2 [6]
  partition pi bit 11: \s2 [5] <-> \s2 [5]
  partition pi bit 12: \s2 [4] <-> \s2 [4]
  partition pi bit 13: \s2 [3] <-> \s2 [3]
  partition pi bit 14: \s2 [2] <-> \s2 [2]
  partition pi bit 15: \s2 [1] <-> \s2 [1]
  partition pi bit 16: \s2 [0] <-> \s2 [0]
  partition pi bit 17: \s1 [18] <-> \s1 [18]
  partition pi bit 18: \s1 [14] <-> \s1 [14]
  partition pi bit 19: \s1 [13] <-> \s1 [13]
  partition pi bit 20: \s1 [12] <-> \s1 [12]
  partition pi bit 21: \s1 [11] <-> \s1 [11]
  partition pi bit 22: \s1 [10] <-> \s1 [10]
  partition pi bit 23: \s1 [9] <-> \s1 [9]
  partition pi bit 24: \s1 [8] <-> \s1 [8]
  partition pi bit 25: \s1 [7] <-> \s1 [7]
  partition pi bit 26: \s1 [6] <-> \s1 [6]
  partition pi bit 27: \s1 [5] <-> \s1 [5]
  partition pi bit 28: \s1 [4] <-> \s1 [4]
  partition pi bit 29: \s1 [3] <-> \s1 [3]
  partition pi bit 30: \s1 [2] <-> \s1 [2]
  partition pi bit 31: \s1 [1] <-> \s1 [1]
  partition pi bit 32: \s1 [0] <-> \s1 [0]
  partition pi bit 33: \p4 [13] <-> \p4 [13]
  partition pi bit 34: \p4 [12] <-> \p4 [12]
  partition pi bit 35: \p4 [11] <-> \p4 [11]
  partition pi bit 36: \p4 [10] <-> \p4 [10]
  partition pi bit 37: \p4 [9] <-> \p4 [9]
  partition pi bit 38: \p4 [8] <-> \p4 [8]
  partition pi bit 39: \p4 [7] <-> \p4 [7]
  partition pi bit 40: \p4 [6] <-> \p4 [6]
  partition pi bit 41: \p4 [5] <-> \p4 [5]
  partition pi bit 42: \p4 [4] <-> \p4 [4]
  partition pi bit 43: \p4 [3] <-> \p4 [3]
  partition pi bit 44: \p4 [2] <-> \p4 [2]
  partition pi bit 45: \p4 [1] <-> \p4 [1]
  partition pi bit 46: \p4 [0] <-> \p4 [0]
  partition pi bit 47: \s3 [18] <-> \s3 [18]
  partition pi bit 48: \s3 [16] <-> \s3 [16]
  partition pi bit 49: \s3 [15] <-> \s3 [15]
  partition pi bit 50: \s3 [14] <-> \s3 [14]
  partition pi bit 51: \s3 [13] <-> \s3 [13]
  partition pi bit 52: \s3 [12] <-> \s3 [12]
  partition pi bit 53: \s3 [11] <-> \s3 [11]
  partition pi bit 54: \s3 [10] <-> \s3 [10]
  partition pi bit 55: \s3 [9] <-> \s3 [9]
  partition pi bit 56: \s3 [8] <-> \s3 [8]
  partition pi bit 57: \s3 [7] <-> \s3 [7]
  partition pi bit 58: \s3 [6] <-> \s3 [6]
  partition pi bit 59: \s3 [5] <-> \s3 [5]
  partition pi bit 60: \s3 [4] <-> \s3 [4]
  partition pi bit 61: \s3 [3] <-> \s3 [3]
  partition pi bit 62: \s3 [2] <-> \s3 [2]
  partition pi bit 63: \s3 [1] <-> \s3 [1]
  partition pi bit 64: \s3 [0] <-> \s3 [0]
  partition pi bit 65: \p4 [18] <-> \p4 [18]
  partition po bit 0: \s4 [0] <-> \s4 [0]
  partition po bit 1: \s4 [1] <-> \s4 [1]
  partition po bit 2: \s4 [2] <-> \s4 [2]
  partition po bit 3: \s4 [3] <-> \s4 [3]
  partition po bit 4: \s4 [4] <-> \s4 [4]
  partition po bit 5: \s4 [5] <-> \s4 [5]
  partition po bit 6: \s4 [6] <-> \s4 [6]
  partition po bit 7: \s4 [7] <-> \s4 [7]
  partition po bit 8: \s4 [8] <-> \s4 [8]
  partition po bit 9: \s4 [9] <-> \s4 [9]
  partition po bit 10: \s4 [10] <-> \s4 [10]
  partition po bit 11: \s4 [11] <-> \s4 [11]
  partition po bit 12: \s4 [12] <-> \s4 [12]
  partition po bit 13: \s4 [13] <-> \s4 [13]
  partition po bit 14: \s4 [14] <-> \s4 [14]
  partition po bit 15: \s4 [15] <-> \s4 [15]
  partition po bit 16: \s4 [16] <-> \s4 [16]
  partition po bit 17: \s4 [17] <-> \s4 [17]
  partition po bit 18: \s4 [18] <-> \s4 [18]

3.1.21. Executing RTLIL backend.
Output filename: partitions/bm_fir6.s4.il
<suppressed ~191 debug messages>

3.1.22. Executing CHECK pass (checking for obvious problems).
Checking module gate.bm_fir6.s4...
Checking module gold.bm_fir6.s4...
Found and reported 0 problems.

Writing partition 9 as bm_fir6.s3.18.
  partition pi bit 0: \s3 [17] <-> \s3 [17]
  partition po bit 0: \s3 [18] <-> \s3 [18]

3.1.23. Executing RTLIL backend.
Output filename: partitions/bm_fir6.s3.18.il
<suppressed ~12 debug messages>

3.1.24. Executing CHECK pass (checking for obvious problems).
Checking module gate.bm_fir6.s3.18...
Checking module gold.bm_fir6.s3.18...
Found and reported 0 problems.

Writing partition 10 as bm_fir6.s3.
  partition pi bit 0: \p5 [18] <-> \p5 [18]
  partition pi bit 1: \p5 [12] <-> \p5 [12]
  partition pi bit 2: \p5 [11] <-> \p5 [11]
  partition pi bit 3: \p5 [10] <-> \p5 [10]
  partition pi bit 4: \p5 [9] <-> \p5 [9]
  partition pi bit 5: \p5 [8] <-> \p5 [8]
  partition pi bit 6: \p5 [7] <-> \p5 [7]
  partition pi bit 7: \p5 [6] <-> \p5 [6]
  partition pi bit 8: \p5 [5] <-> \p5 [5]
  partition pi bit 9: \p5 [4] <-> \p5 [4]
  partition pi bit 10: \p5 [3] <-> \p5 [3]
  partition pi bit 11: \p5 [2] <-> \p5 [2]
  partition pi bit 12: \p5 [1] <-> \p5 [1]
  partition pi bit 13: \p5 [0] <-> \p5 [0]
  partition pi bit 14: \p4 [18] <-> \p4 [18]
  partition pi bit 15: \p4 [13] <-> \p4 [13]
  partition pi bit 16: \p4 [12] <-> \p4 [12]
  partition pi bit 17: \p4 [11] <-> \p4 [11]
  partition pi bit 18: \p4 [10] <-> \p4 [10]
  partition pi bit 19: \p4 [9] <-> \p4 [9]
  partition pi bit 20: \p4 [8] <-> \p4 [8]
  partition pi bit 21: \p4 [7] <-> \p4 [7]
  partition pi bit 22: \p4 [6] <-> \p4 [6]
  partition pi bit 23: \p4 [5] <-> \p4 [5]
  partition pi bit 24: \p4 [4] <-> \p4 [4]
  partition pi bit 25: \p4 [3] <-> \p4 [3]
  partition pi bit 26: \p4 [2] <-> \p4 [2]
  partition pi bit 27: \p4 [1] <-> \p4 [1]
  partition pi bit 28: \p4 [0] <-> \p4 [0]
  partition pi bit 29: \p3 [14] <-> \p3 [14]
  partition pi bit 30: \p3 [13] <-> \p3 [13]
  partition pi bit 31: \p3 [12] <-> \p3 [12]
  partition pi bit 32: \p3 [11] <-> \p3 [11]
  partition pi bit 33: \p3 [10] <-> \p3 [10]
  partition pi bit 34: \p3 [9] <-> \p3 [9]
  partition pi bit 35: \p3 [8] <-> \p3 [8]
  partition pi bit 36: \p3 [7] <-> \p3 [7]
  partition pi bit 37: \p3 [6] <-> \p3 [6]
  partition pi bit 38: \p3 [5] <-> \p3 [5]
  partition pi bit 39: \p3 [4] <-> \p3 [4]
  partition pi bit 40: \p3 [3] <-> \p3 [3]
  partition pi bit 41: \p3 [2] <-> \p3 [2]
  partition pi bit 42: \p3 [1] <-> \p3 [1]
  partition pi bit 43: \p3 [0] <-> \p3 [0]
  partition pi bit 44: \s2 [18] <-> \s2 [18]
  partition pi bit 45: \s2 [15] <-> \s2 [15]
  partition pi bit 46: \s2 [14] <-> \s2 [14]
  partition pi bit 47: \s2 [13] <-> \s2 [13]
  partition pi bit 48: \s2 [12] <-> \s2 [12]
  partition pi bit 49: \s2 [11] <-> \s2 [11]
  partition pi bit 50: \s2 [10] <-> \s2 [10]
  partition pi bit 51: \s2 [9] <-> \s2 [9]
  partition pi bit 52: \s2 [8] <-> \s2 [8]
  partition pi bit 53: \s2 [7] <-> \s2 [7]
  partition pi bit 54: \s2 [6] <-> \s2 [6]
  partition pi bit 55: \s2 [5] <-> \s2 [5]
  partition pi bit 56: \s2 [4] <-> \s2 [4]
  partition pi bit 57: \s2 [3] <-> \s2 [3]
  partition pi bit 58: \s2 [2] <-> \s2 [2]
  partition pi bit 59: \s2 [1] <-> \s2 [1]
  partition pi bit 60: \s2 [0] <-> \s2 [0]
  partition pi bit 61: \p3 [18] <-> \p3 [18]
  partition po bit 0: \s3 [0] <-> \s3 [0]
  partition po bit 1: \s3 [1] <-> \s3 [1]
  partition po bit 2: \s3 [2] <-> \s3 [2]
  partition po bit 3: \s3 [3] <-> \s3 [3]
  partition po bit 4: \s3 [4] <-> \s3 [4]
  partition po bit 5: \s3 [5] <-> \s3 [5]
  partition po bit 6: \s3 [6] <-> \s3 [6]
  partition po bit 7: \s3 [7] <-> \s3 [7]
  partition po bit 8: \s3 [8] <-> \s3 [8]
  partition po bit 9: \s3 [9] <-> \s3 [9]
  partition po bit 10: \s3 [10] <-> \s3 [10]
  partition po bit 11: \s3 [11] <-> \s3 [11]
  partition po bit 12: \s3 [12] <-> \s3 [12]
  partition po bit 13: \s3 [13] <-> \s3 [13]
  partition po bit 14: \s3 [14] <-> \s3 [14]
  partition po bit 15: \s3 [15] <-> \s3 [15]
  partition po bit 16: \s3 [16] <-> \s3 [16]
  partition po bit 17: \s3 [17] <-> \s3 [17]

3.1.25. Executing RTLIL backend.
Output filename: partitions/bm_fir6.s3.il
<suppressed ~184 debug messages>

3.1.26. Executing CHECK pass (checking for obvious problems).
Checking module gate.bm_fir6.s3...
Checking module gold.bm_fir6.s3...
Found and reported 0 problems.

Writing partition 11 as bm_fir6.s2.18.
  partition pi bit 0: \s2 [17] <-> \s2 [17]
  partition po bit 0: \s2 [18] <-> \s2 [18]

3.1.27. Executing RTLIL backend.
Output filename: partitions/bm_fir6.s2.18.il
<suppressed ~12 debug messages>

3.1.28. Executing CHECK pass (checking for obvious problems).
Checking module gate.bm_fir6.s2.18...
Checking module gold.bm_fir6.s2.18...
Found and reported 0 problems.

Writing partition 12 as bm_fir6.s2.17.
  partition pi bit 0: \s2 [16] <-> \s2 [16]
  partition po bit 0: \s2 [17] <-> \s2 [17]

3.1.29. Executing RTLIL backend.
Output filename: partitions/bm_fir6.s2.17.il
<suppressed ~12 debug messages>

3.1.30. Executing CHECK pass (checking for obvious problems).
Checking module gate.bm_fir6.s2.17...
Checking module gold.bm_fir6.s2.17...
Found and reported 0 problems.

Writing partition 13 as bm_fir6.s2.
  partition pi bit 0: \s1 [18] <-> \s1 [18]
  partition pi bit 1: \s1 [14] <-> \s1 [14]
  partition pi bit 2: \s1 [13] <-> \s1 [13]
  partition pi bit 3: \s1 [12] <-> \s1 [12]
  partition pi bit 4: \s1 [11] <-> \s1 [11]
  partition pi bit 5: \s1 [10] <-> \s1 [10]
  partition pi bit 6: \s1 [9] <-> \s1 [9]
  partition pi bit 7: \s1 [8] <-> \s1 [8]
  partition pi bit 8: \s1 [7] <-> \s1 [7]
  partition pi bit 9: \s1 [6] <-> \s1 [6]
  partition pi bit 10: \s1 [5] <-> \s1 [5]
  partition pi bit 11: \s1 [4] <-> \s1 [4]
  partition pi bit 12: \s1 [3] <-> \s1 [3]
  partition pi bit 13: \s1 [2] <-> \s1 [2]
  partition pi bit 14: \s1 [1] <-> \s1 [1]
  partition pi bit 15: \s1 [0] <-> \s1 [0]
  partition pi bit 16: \p3 [18] <-> \p3 [18]
  partition pi bit 17: \p3 [14] <-> \p3 [14]
  partition pi bit 18: \p3 [13] <-> \p3 [13]
  partition pi bit 19: \p3 [12] <-> \p3 [12]
  partition pi bit 20: \p3 [11] <-> \p3 [11]
  partition pi bit 21: \p3 [10] <-> \p3 [10]
  partition pi bit 22: \p3 [9] <-> \p3 [9]
  partition pi bit 23: \p3 [8] <-> \p3 [8]
  partition pi bit 24: \p3 [7] <-> \p3 [7]
  partition pi bit 25: \p3 [6] <-> \p3 [6]
  partition pi bit 26: \p3 [5] <-> \p3 [5]
  partition pi bit 27: \p3 [4] <-> \p3 [4]
  partition pi bit 28: \p3 [3] <-> \p3 [3]
  partition pi bit 29: \p3 [2] <-> \p3 [2]
  partition pi bit 30: \p3 [1] <-> \p3 [1]
  partition pi bit 31: \p3 [0] <-> \p3 [0]
  partition pi bit 32: \p2 [18] <-> \p2 [18]
  partition pi bit 33: \p2 [14] <-> \p2 [14]
  partition pi bit 34: \p2 [13] <-> \p2 [13]
  partition pi bit 35: \p2 [12] <-> \p2 [12]
  partition pi bit 36: \p2 [11] <-> \p2 [11]
  partition pi bit 37: \p2 [10] <-> \p2 [10]
  partition pi bit 38: \p2 [9] <-> \p2 [9]
  partition pi bit 39: \p2 [8] <-> \p2 [8]
  partition pi bit 40: \p2 [7] <-> \p2 [7]
  partition pi bit 41: \p2 [6] <-> \p2 [6]
  partition pi bit 42: \p2 [5] <-> \p2 [5]
  partition pi bit 43: \p2 [4] <-> \p2 [4]
  partition pi bit 44: \p2 [3] <-> \p2 [3]
  partition pi bit 45: \p2 [2] <-> \p2 [2]
  partition pi bit 46: \p2 [1] <-> \p2 [1]
  partition pi bit 47: \p2 [0] <-> \p2 [0]
  partition po bit 0: \s2 [0] <-> \s2 [0]
  partition po bit 1: \s2 [1] <-> \s2 [1]
  partition po bit 2: \s2 [2] <-> \s2 [2]
  partition po bit 3: \s2 [3] <-> \s2 [3]
  partition po bit 4: \s2 [4] <-> \s2 [4]
  partition po bit 5: \s2 [5] <-> \s2 [5]
  partition po bit 6: \s2 [6] <-> \s2 [6]
  partition po bit 7: \s2 [7] <-> \s2 [7]
  partition po bit 8: \s2 [8] <-> \s2 [8]
  partition po bit 9: \s2 [9] <-> \s2 [9]
  partition po bit 10: \s2 [10] <-> \s2 [10]
  partition po bit 11: \s2 [11] <-> \s2 [11]
  partition po bit 12: \s2 [12] <-> \s2 [12]
  partition po bit 13: \s2 [13] <-> \s2 [13]
  partition po bit 14: \s2 [14] <-> \s2 [14]
  partition po bit 15: \s2 [15] <-> \s2 [15]
  partition po bit 16: \s2 [16] <-> \s2 [16]

3.1.31. Executing RTLIL backend.
Output filename: partitions/bm_fir6.s2.il
<suppressed ~146 debug messages>

3.1.32. Executing CHECK pass (checking for obvious problems).
Checking module gate.bm_fir6.s2...
Checking module gold.bm_fir6.s2...
Found and reported 0 problems.

Writing partition 14 as bm_fir6.s1.18.
  partition pi bit 0: \s1 [17] <-> \s1 [17]
  partition po bit 0: \s1 [18] <-> \s1 [18]

3.1.33. Executing RTLIL backend.
Output filename: partitions/bm_fir6.s1.18.il
<suppressed ~12 debug messages>

3.1.34. Executing CHECK pass (checking for obvious problems).
Checking module gate.bm_fir6.s1.18...
Checking module gold.bm_fir6.s1.18...
Found and reported 0 problems.

Writing partition 15 as bm_fir6.s1.17.
  partition pi bit 0: \s1 [16] <-> \s1 [16]
  partition po bit 0: \s1 [17] <-> \s1 [17]

3.1.35. Executing RTLIL backend.
Output filename: partitions/bm_fir6.s1.17.il
<suppressed ~12 debug messages>

3.1.36. Executing CHECK pass (checking for obvious problems).
Checking module gate.bm_fir6.s1.17...
Checking module gold.bm_fir6.s1.17...
Found and reported 0 problems.

Writing partition 16 as bm_fir6.s1.16.
  partition pi bit 0: \s1 [15] <-> \s1 [15]
  partition po bit 0: \s1 [16] <-> \s1 [16]

3.1.37. Executing RTLIL backend.
Output filename: partitions/bm_fir6.s1.16.il
<suppressed ~12 debug messages>

3.1.38. Executing CHECK pass (checking for obvious problems).
Checking module gate.bm_fir6.s1.16...
Checking module gold.bm_fir6.s1.16...
Found and reported 0 problems.

Writing partition 17 as bm_fir6.s1.
  partition pi bit 0: \p1 [18] <-> \p1 [18]
  partition pi bit 1: \p1 [13] <-> \p1 [13]
  partition pi bit 2: \p1 [12] <-> \p1 [12]
  partition pi bit 3: \p1 [11] <-> \p1 [11]
  partition pi bit 4: \p1 [10] <-> \p1 [10]
  partition pi bit 5: \p1 [9] <-> \p1 [9]
  partition pi bit 6: \p1 [8] <-> \p1 [8]
  partition pi bit 7: \p1 [7] <-> \p1 [7]
  partition pi bit 8: \p1 [6] <-> \p1 [6]
  partition pi bit 9: \p1 [5] <-> \p1 [5]
  partition pi bit 10: \p1 [4] <-> \p1 [4]
  partition pi bit 11: \p1 [3] <-> \p1 [3]
  partition pi bit 12: \p1 [2] <-> \p1 [2]
  partition pi bit 13: \p1 [1] <-> \p1 [1]
  partition pi bit 14: \p1 [0] <-> \p1 [0]
  partition pi bit 15: \p0 [18] <-> \p0 [18]
  partition pi bit 16: \p0 [12] <-> \p0 [12]
  partition pi bit 17: \p0 [11] <-> \p0 [11]
  partition pi bit 18: \p0 [10] <-> \p0 [10]
  partition pi bit 19: \p0 [9] <-> \p0 [9]
  partition pi bit 20: \p0 [8] <-> \p0 [8]
  partition pi bit 21: \p0 [7] <-> \p0 [7]
  partition pi bit 22: \p0 [6] <-> \p0 [6]
  partition pi bit 23: \p0 [5] <-> \p0 [5]
  partition pi bit 24: \p0 [4] <-> \p0 [4]
  partition pi bit 25: \p0 [3] <-> \p0 [3]
  partition pi bit 26: \p0 [2] <-> \p0 [2]
  partition pi bit 27: \p0 [1] <-> \p0 [1]
  partition pi bit 28: \p0 [0] <-> \p0 [0]
  partition po bit 0: \s1 [0] <-> \s1 [0]
  partition po bit 1: \s1 [1] <-> \s1 [1]
  partition po bit 2: \s1 [2] <-> \s1 [2]
  partition po bit 3: \s1 [3] <-> \s1 [3]
  partition po bit 4: \s1 [4] <-> \s1 [4]
  partition po bit 5: \s1 [5] <-> \s1 [5]
  partition po bit 6: \s1 [6] <-> \s1 [6]
  partition po bit 7: \s1 [7] <-> \s1 [7]
  partition po bit 8: \s1 [8] <-> \s1 [8]
  partition po bit 9: \s1 [9] <-> \s1 [9]
  partition po bit 10: \s1 [10] <-> \s1 [10]
  partition po bit 11: \s1 [11] <-> \s1 [11]
  partition po bit 12: \s1 [12] <-> \s1 [12]
  partition po bit 13: \s1 [13] <-> \s1 [13]
  partition po bit 14: \s1 [14] <-> \s1 [14]
  partition po bit 15: \s1 [15] <-> \s1 [15]

3.1.39. Executing RTLIL backend.
Output filename: partitions/bm_fir6.s1.il
<suppressed ~104 debug messages>

3.1.40. Executing CHECK pass (checking for obvious problems).
Checking module gate.bm_fir6.s1...
Checking module gold.bm_fir6.s1...
Found and reported 0 problems.

Writing partition 18 as bm_fir6.p5.18.
  partition pi bit 0: \p5 [17] <-> \p5 [17]
  partition po bit 0: \p5 [18] <-> \p5 [18]

3.1.41. Executing RTLIL backend.
Output filename: partitions/bm_fir6.p5.18.il
<suppressed ~12 debug messages>

3.1.42. Executing CHECK pass (checking for obvious problems).
Checking module gate.bm_fir6.p5.18...
Checking module gold.bm_fir6.p5.18...
Found and reported 0 problems.

Writing partition 19 as bm_fir6.p5.17.
  partition pi bit 0: \p5 [16] <-> \p5 [16]
  partition po bit 0: \p5 [17] <-> \p5 [17]

3.1.43. Executing RTLIL backend.
Output filename: partitions/bm_fir6.p5.17.il
<suppressed ~12 debug messages>

3.1.44. Executing CHECK pass (checking for obvious problems).
Checking module gate.bm_fir6.p5.17...
Checking module gold.bm_fir6.p5.17...
Found and reported 0 problems.

Writing partition 20 as bm_fir6.p5.16.
  partition pi bit 0: \p5 [15] <-> \p5 [15]
  partition po bit 0: \p5 [16] <-> \p5 [16]

3.1.45. Executing RTLIL backend.
Output filename: partitions/bm_fir6.p5.16.il
<suppressed ~12 debug messages>

3.1.46. Executing CHECK pass (checking for obvious problems).
Checking module gate.bm_fir6.p5.16...
Checking module gold.bm_fir6.p5.16...
Found and reported 0 problems.

Writing partition 21 as bm_fir6.p5.15.
  partition pi bit 0: \p5 [14] <-> \p5 [14]
  partition po bit 0: \p5 [15] <-> \p5 [15]

3.1.47. Executing RTLIL backend.
Output filename: partitions/bm_fir6.p5.15.il
<suppressed ~12 debug messages>

3.1.48. Executing CHECK pass (checking for obvious problems).
Checking module gate.bm_fir6.p5.15...
Checking module gold.bm_fir6.p5.15...
Found and reported 0 problems.

Writing partition 22 as bm_fir6.p5.14.
  partition pi bit 0: \p5 [13] <-> \p5 [13]
  partition po bit 0: \p5 [14] <-> \p5 [14]

3.1.49. Executing RTLIL backend.
Output filename: partitions/bm_fir6.p5.14.il
<suppressed ~12 debug messages>

3.1.50. Executing CHECK pass (checking for obvious problems).
Checking module gate.bm_fir6.p5.14...
Checking module gold.bm_fir6.p5.14...
Found and reported 0 problems.

Writing partition 23 as bm_fir6.p5.
  partition pi bit 0: \t5 [7] <-> \t5 [7]
  partition pi bit 1: \t5 [6] <-> \t5 [6]
  partition pi bit 2: \t5 [5] <-> \t5 [5]
  partition pi bit 3: \t5 [4] <-> \t5 [4]
  partition pi bit 4: \t5 [3] <-> \t5 [3]
  partition pi bit 5: \t5 [2] <-> \t5 [2]
  partition pi bit 6: \t5 [1] <-> \t5 [1]
  partition pi bit 7: \t5 [0] <-> \t5 [0]
  partition po bit 0: \p5 [0] <-> \p5 [0]
  partition po bit 1: \p5 [1] <-> \p5 [1]
  partition po bit 2: \p5 [2] <-> \p5 [2]
  partition po bit 3: \p5 [3] <-> \p5 [3]
  partition po bit 4: \p5 [4] <-> \p5 [4]
  partition po bit 5: \p5 [5] <-> \p5 [5]
  partition po bit 6: \p5 [6] <-> \p5 [6]
  partition po bit 7: \p5 [7] <-> \p5 [7]
  partition po bit 8: \p5 [8] <-> \p5 [8]
  partition po bit 9: \p5 [9] <-> \p5 [9]
  partition po bit 10: \p5 [10] <-> \p5 [10]
  partition po bit 11: \p5 [11] <-> \p5 [11]
  partition po bit 12: \p5 [12] <-> \p5 [12]
  partition po bit 13: \p5 [13] <-> \p5 [13]

3.1.51. Executing RTLIL backend.
Output filename: partitions/bm_fir6.p5.il
<suppressed ~56 debug messages>

3.1.52. Executing CHECK pass (checking for obvious problems).
Checking module gate.bm_fir6.p5...
Checking module gold.bm_fir6.p5...
Found and reported 0 problems.

Writing partition 24 as bm_fir6.p4.18.
  partition pi bit 0: \p4 [17] <-> \p4 [17]
  partition po bit 0: \p4 [18] <-> \p4 [18]

3.1.53. Executing RTLIL backend.
Output filename: partitions/bm_fir6.p4.18.il
<suppressed ~12 debug messages>

3.1.54. Executing CHECK pass (checking for obvious problems).
Checking module gate.bm_fir6.p4.18...
Checking module gold.bm_fir6.p4.18...
Found and reported 0 problems.

Writing partition 25 as bm_fir6.p4.17.
  partition pi bit 0: \p4 [16] <-> \p4 [16]
  partition po bit 0: \p4 [17] <-> \p4 [17]

3.1.55. Executing RTLIL backend.
Output filename: partitions/bm_fir6.p4.17.il
<suppressed ~12 debug messages>

3.1.56. Executing CHECK pass (checking for obvious problems).
Checking module gate.bm_fir6.p4.17...
Checking module gold.bm_fir6.p4.17...
Found and reported 0 problems.

Writing partition 26 as bm_fir6.p4.16.
  partition pi bit 0: \p4 [15] <-> \p4 [15]
  partition po bit 0: \p4 [16] <-> \p4 [16]

3.1.57. Executing RTLIL backend.
Output filename: partitions/bm_fir6.p4.16.il
<suppressed ~12 debug messages>

3.1.58. Executing CHECK pass (checking for obvious problems).
Checking module gate.bm_fir6.p4.16...
Checking module gold.bm_fir6.p4.16...
Found and reported 0 problems.

Writing partition 27 as bm_fir6.p4.15.
  partition pi bit 0: \p4 [14] <-> \p4 [14]
  partition po bit 0: \p4 [15] <-> \p4 [15]

3.1.59. Executing RTLIL backend.
Output filename: partitions/bm_fir6.p4.15.il
<suppressed ~12 debug messages>

3.1.60. Executing CHECK pass (checking for obvious problems).
Checking module gate.bm_fir6.p4.15...
Checking module gold.bm_fir6.p4.15...
Found and reported 0 problems.

Writing partition 28 as bm_fir6.p4.
  partition pi bit 0: \t4 [7] <-> \t4 [7]
  partition pi bit 1: \t4 [6] <-> \t4 [6]
  partition pi bit 2: \t4 [5] <-> \t4 [5]
  partition pi bit 3: \t4 [4] <-> \t4 [4]
  partition pi bit 4: \t4 [3] <-> \t4 [3]
  partition pi bit 5: \t4 [2] <-> \t4 [2]
  partition pi bit 6: \t4 [1] <-> \t4 [1]
  partition pi bit 7: \t4 [0] <-> \t4 [0]
  partition po bit 0: \p4 [0] <-> \p4 [0]
  partition po bit 1: \p4 [1] <-> \p4 [1]
  partition po bit 2: \p4 [2] <-> \p4 [2]
  partition po bit 3: \p4 [3] <-> \p4 [3]
  partition po bit 4: \p4 [4] <-> \p4 [4]
  partition po bit 5: \p4 [5] <-> \p4 [5]
  partition po bit 6: \p4 [6] <-> \p4 [6]
  partition po bit 7: \p4 [7] <-> \p4 [7]
  partition po bit 8: \p4 [8] <-> \p4 [8]
  partition po bit 9: \p4 [9] <-> \p4 [9]
  partition po bit 10: \p4 [10] <-> \p4 [10]
  partition po bit 11: \p4 [11] <-> \p4 [11]
  partition po bit 12: \p4 [12] <-> \p4 [12]
  partition po bit 13: \p4 [13] <-> \p4 [13]
  partition po bit 14: \p4 [14] <-> \p4 [14]

3.1.61. Executing RTLIL backend.
Output filename: partitions/bm_fir6.p4.il
<suppressed ~58 debug messages>

3.1.62. Executing CHECK pass (checking for obvious problems).
Checking module gate.bm_fir6.p4...
Checking module gold.bm_fir6.p4...
Found and reported 0 problems.

Writing partition 29 as bm_fir6.p3.18.
  partition pi bit 0: \p3 [17] <-> \p3 [17]
  partition po bit 0: \p3 [18] <-> \p3 [18]

3.1.63. Executing RTLIL backend.
Output filename: partitions/bm_fir6.p3.18.il
<suppressed ~12 debug messages>

3.1.64. Executing CHECK pass (checking for obvious problems).
Checking module gate.bm_fir6.p3.18...
Checking module gold.bm_fir6.p3.18...
Found and reported 0 problems.

Writing partition 30 as bm_fir6.p3.17.
  partition pi bit 0: \p3 [16] <-> \p3 [16]
  partition po bit 0: \p3 [17] <-> \p3 [17]

3.1.65. Executing RTLIL backend.
Output filename: partitions/bm_fir6.p3.17.il
<suppressed ~12 debug messages>

3.1.66. Executing CHECK pass (checking for obvious problems).
Checking module gate.bm_fir6.p3.17...
Checking module gold.bm_fir6.p3.17...
Found and reported 0 problems.

Writing partition 31 as bm_fir6.p3.16.
  partition pi bit 0: \p3 [15] <-> \p3 [15]
  partition po bit 0: \p3 [16] <-> \p3 [16]

3.1.67. Executing RTLIL backend.
Output filename: partitions/bm_fir6.p3.16.il
<suppressed ~12 debug messages>

3.1.68. Executing CHECK pass (checking for obvious problems).
Checking module gate.bm_fir6.p3.16...
Checking module gold.bm_fir6.p3.16...
Found and reported 0 problems.

Writing partition 32 as bm_fir6.p3.
  partition pi bit 0: \t3 [7] <-> \t3 [7]
  partition pi bit 1: \t3 [6] <-> \t3 [6]
  partition pi bit 2: \t3 [5] <-> \t3 [5]
  partition pi bit 3: \t3 [4] <-> \t3 [4]
  partition pi bit 4: \t3 [3] <-> \t3 [3]
  partition pi bit 5: \t3 [2] <-> \t3 [2]
  partition pi bit 6: \t3 [1] <-> \t3 [1]
  partition pi bit 7: \t3 [0] <-> \t3 [0]
  partition po bit 0: \p3 [0] <-> \p3 [0]
  partition po bit 1: \p3 [1] <-> \p3 [1]
  partition po bit 2: \p3 [2] <-> \p3 [2]
  partition po bit 3: \p3 [3] <-> \p3 [3]
  partition po bit 4: \p3 [4] <-> \p3 [4]
  partition po bit 5: \p3 [5] <-> \p3 [5]
  partition po bit 6: \p3 [6] <-> \p3 [6]
  partition po bit 7: \p3 [7] <-> \p3 [7]
  partition po bit 8: \p3 [8] <-> \p3 [8]
  partition po bit 9: \p3 [9] <-> \p3 [9]
  partition po bit 10: \p3 [10] <-> \p3 [10]
  partition po bit 11: \p3 [11] <-> \p3 [11]
  partition po bit 12: \p3 [12] <-> \p3 [12]
  partition po bit 13: \p3 [13] <-> \p3 [13]
  partition po bit 14: \p3 [14] <-> \p3 [14]
  partition po bit 15: \p3 [15] <-> \p3 [15]

3.1.69. Executing RTLIL backend.
Output filename: partitions/bm_fir6.p3.il
<suppressed ~60 debug messages>

3.1.70. Executing CHECK pass (checking for obvious problems).
Checking module gate.bm_fir6.p3...
Checking module gold.bm_fir6.p3...
Found and reported 0 problems.

Writing partition 33 as bm_fir6.p2.18.
  partition pi bit 0: \p2 [17] <-> \p2 [17]
  partition po bit 0: \p2 [18] <-> \p2 [18]

3.1.71. Executing RTLIL backend.
Output filename: partitions/bm_fir6.p2.18.il
<suppressed ~12 debug messages>

3.1.72. Executing CHECK pass (checking for obvious problems).
Checking module gate.bm_fir6.p2.18...
Checking module gold.bm_fir6.p2.18...
Found and reported 0 problems.

Writing partition 34 as bm_fir6.p2.17.
  partition pi bit 0: \p2 [16] <-> \p2 [16]
  partition po bit 0: \p2 [17] <-> \p2 [17]

3.1.73. Executing RTLIL backend.
Output filename: partitions/bm_fir6.p2.17.il
<suppressed ~12 debug messages>

3.1.74. Executing CHECK pass (checking for obvious problems).
Checking module gate.bm_fir6.p2.17...
Checking module gold.bm_fir6.p2.17...
Found and reported 0 problems.

Writing partition 35 as bm_fir6.p2.16.
  partition pi bit 0: \p2 [15] <-> \p2 [15]
  partition po bit 0: \p2 [16] <-> \p2 [16]

3.1.75. Executing RTLIL backend.
Output filename: partitions/bm_fir6.p2.16.il
<suppressed ~12 debug messages>

3.1.76. Executing CHECK pass (checking for obvious problems).
Checking module gate.bm_fir6.p2.16...
Checking module gold.bm_fir6.p2.16...
Found and reported 0 problems.

Writing partition 36 as bm_fir6.p2.
  partition pi bit 0: \t2 [7] <-> \t2 [7]
  partition pi bit 1: \t2 [6] <-> \t2 [6]
  partition pi bit 2: \t2 [5] <-> \t2 [5]
  partition pi bit 3: \t2 [4] <-> \t2 [4]
  partition pi bit 4: \t2 [3] <-> \t2 [3]
  partition pi bit 5: \t2 [2] <-> \t2 [2]
  partition pi bit 6: \t2 [1] <-> \t2 [1]
  partition pi bit 7: \t2 [0] <-> \t2 [0]
  partition po bit 0: \p2 [0] <-> \p2 [0]
  partition po bit 1: \p2 [1] <-> \p2 [1]
  partition po bit 2: \p2 [2] <-> \p2 [2]
  partition po bit 3: \p2 [3] <-> \p2 [3]
  partition po bit 4: \p2 [4] <-> \p2 [4]
  partition po bit 5: \p2 [5] <-> \p2 [5]
  partition po bit 6: \p2 [6] <-> \p2 [6]
  partition po bit 7: \p2 [7] <-> \p2 [7]
  partition po bit 8: \p2 [8] <-> \p2 [8]
  partition po bit 9: \p2 [9] <-> \p2 [9]
  partition po bit 10: \p2 [10] <-> \p2 [10]
  partition po bit 11: \p2 [11] <-> \p2 [11]
  partition po bit 12: \p2 [12] <-> \p2 [12]
  partition po bit 13: \p2 [13] <-> \p2 [13]
  partition po bit 14: \p2 [14] <-> \p2 [14]
  partition po bit 15: \p2 [15] <-> \p2 [15]

3.1.77. Executing RTLIL backend.
Output filename: partitions/bm_fir6.p2.il
<suppressed ~60 debug messages>

3.1.78. Executing CHECK pass (checking for obvious problems).
Checking module gate.bm_fir6.p2...
Checking module gold.bm_fir6.p2...
Found and reported 0 problems.

Writing partition 37 as bm_fir6.p1.18.
  partition pi bit 0: \p1 [17] <-> \p1 [17]
  partition po bit 0: \p1 [18] <-> \p1 [18]

3.1.79. Executing RTLIL backend.
Output filename: partitions/bm_fir6.p1.18.il
<suppressed ~12 debug messages>

3.1.80. Executing CHECK pass (checking for obvious problems).
Checking module gate.bm_fir6.p1.18...
Checking module gold.bm_fir6.p1.18...
Found and reported 0 problems.

Writing partition 38 as bm_fir6.p1.17.
  partition pi bit 0: \p1 [16] <-> \p1 [16]
  partition po bit 0: \p1 [17] <-> \p1 [17]

3.1.81. Executing RTLIL backend.
Output filename: partitions/bm_fir6.p1.17.il
<suppressed ~12 debug messages>

3.1.82. Executing CHECK pass (checking for obvious problems).
Checking module gate.bm_fir6.p1.17...
Checking module gold.bm_fir6.p1.17...
Found and reported 0 problems.

Writing partition 39 as bm_fir6.p1.16.
  partition pi bit 0: \p1 [15] <-> \p1 [15]
  partition po bit 0: \p1 [16] <-> \p1 [16]

3.1.83. Executing RTLIL backend.
Output filename: partitions/bm_fir6.p1.16.il
<suppressed ~12 debug messages>

3.1.84. Executing CHECK pass (checking for obvious problems).
Checking module gate.bm_fir6.p1.16...
Checking module gold.bm_fir6.p1.16...
Found and reported 0 problems.

Writing partition 40 as bm_fir6.p1.15.
  partition pi bit 0: \p1 [14] <-> \p1 [14]
  partition po bit 0: \p1 [15] <-> \p1 [15]

3.1.85. Executing RTLIL backend.
Output filename: partitions/bm_fir6.p1.15.il
<suppressed ~12 debug messages>

3.1.86. Executing CHECK pass (checking for obvious problems).
Checking module gate.bm_fir6.p1.15...
Checking module gold.bm_fir6.p1.15...
Found and reported 0 problems.

Writing partition 41 as bm_fir6.p1.
  partition pi bit 0: \t1 [7] <-> \t1 [7]
  partition pi bit 1: \t1 [6] <-> \t1 [6]
  partition pi bit 2: \t1 [5] <-> \t1 [5]
  partition pi bit 3: \t1 [4] <-> \t1 [4]
  partition pi bit 4: \t1 [3] <-> \t1 [3]
  partition pi bit 5: \t1 [2] <-> \t1 [2]
  partition pi bit 6: \t1 [1] <-> \t1 [1]
  partition pi bit 7: \t1 [0] <-> \t1 [0]
  partition po bit 0: \p1 [0] <-> \p1 [0]
  partition po bit 1: \p1 [1] <-> \p1 [1]
  partition po bit 2: \p1 [2] <-> \p1 [2]
  partition po bit 3: \p1 [3] <-> \p1 [3]
  partition po bit 4: \p1 [4] <-> \p1 [4]
  partition po bit 5: \p1 [5] <-> \p1 [5]
  partition po bit 6: \p1 [6] <-> \p1 [6]
  partition po bit 7: \p1 [7] <-> \p1 [7]
  partition po bit 8: \p1 [8] <-> \p1 [8]
  partition po bit 9: \p1 [9] <-> \p1 [9]
  partition po bit 10: \p1 [10] <-> \p1 [10]
  partition po bit 11: \p1 [11] <-> \p1 [11]
  partition po bit 12: \p1 [12] <-> \p1 [12]
  partition po bit 13: \p1 [13] <-> \p1 [13]
  partition po bit 14: \p1 [14] <-> \p1 [14]

3.1.87. Executing RTLIL backend.
Output filename: partitions/bm_fir6.p1.il
<suppressed ~58 debug messages>

3.1.88. Executing CHECK pass (checking for obvious problems).
Checking module gate.bm_fir6.p1...
Checking module gold.bm_fir6.p1...
Found and reported 0 problems.

Writing partition 42 as bm_fir6.p0.18.
  partition pi bit 0: \p0 [17] <-> \p0 [17]
  partition po bit 0: \p0 [18] <-> \p0 [18]

3.1.89. Executing RTLIL backend.
Output filename: partitions/bm_fir6.p0.18.il
<suppressed ~12 debug messages>

3.1.90. Executing CHECK pass (checking for obvious problems).
Checking module gate.bm_fir6.p0.18...
Checking module gold.bm_fir6.p0.18...
Found and reported 0 problems.

Writing partition 43 as bm_fir6.p0.17.
  partition pi bit 0: \p0 [16] <-> \p0 [16]
  partition po bit 0: \p0 [17] <-> \p0 [17]

3.1.91. Executing RTLIL backend.
Output filename: partitions/bm_fir6.p0.17.il
<suppressed ~12 debug messages>

3.1.92. Executing CHECK pass (checking for obvious problems).
Checking module gate.bm_fir6.p0.17...
Checking module gold.bm_fir6.p0.17...
Found and reported 0 problems.

Writing partition 44 as bm_fir6.p0.16.
  partition pi bit 0: \p0 [15] <-> \p0 [15]
  partition po bit 0: \p0 [16] <-> \p0 [16]

3.1.93. Executing RTLIL backend.
Output filename: partitions/bm_fir6.p0.16.il
<suppressed ~12 debug messages>

3.1.94. Executing CHECK pass (checking for obvious problems).
Checking module gate.bm_fir6.p0.16...
Checking module gold.bm_fir6.p0.16...
Found and reported 0 problems.

Writing partition 45 as bm_fir6.p0.15.
  partition pi bit 0: \p0 [14] <-> \p0 [14]
  partition po bit 0: \p0 [15] <-> \p0 [15]

3.1.95. Executing RTLIL backend.
Output filename: partitions/bm_fir6.p0.15.il
<suppressed ~12 debug messages>

3.1.96. Executing CHECK pass (checking for obvious problems).
Checking module gate.bm_fir6.p0.15...
Checking module gold.bm_fir6.p0.15...
Found and reported 0 problems.

Writing partition 46 as bm_fir6.p0.14.
  partition pi bit 0: \p0 [13] <-> \p0 [13]
  partition po bit 0: \p0 [14] <-> \p0 [14]

3.1.97. Executing RTLIL backend.
Output filename: partitions/bm_fir6.p0.14.il
<suppressed ~12 debug messages>

3.1.98. Executing CHECK pass (checking for obvious problems).
Checking module gate.bm_fir6.p0.14...
Checking module gold.bm_fir6.p0.14...
Found and reported 0 problems.

Writing partition 47 as bm_fir6.p0.
  partition pi bit 0: \t0 [7] <-> \t0 [7]
  partition pi bit 1: \t0 [6] <-> \t0 [6]
  partition pi bit 2: \t0 [5] <-> \t0 [5]
  partition pi bit 3: \t0 [4] <-> \t0 [4]
  partition pi bit 4: \t0 [3] <-> \t0 [3]
  partition pi bit 5: \t0 [2] <-> \t0 [2]
  partition pi bit 6: \t0 [1] <-> \t0 [1]
  partition pi bit 7: \t0 [0] <-> \t0 [0]
  partition po bit 0: \p0 [0] <-> \p0 [0]
  partition po bit 1: \p0 [1] <-> \p0 [1]
  partition po bit 2: \p0 [2] <-> \p0 [2]
  partition po bit 3: \p0 [3] <-> \p0 [3]
  partition po bit 4: \p0 [4] <-> \p0 [4]
  partition po bit 5: \p0 [5] <-> \p0 [5]
  partition po bit 6: \p0 [6] <-> \p0 [6]
  partition po bit 7: \p0 [7] <-> \p0 [7]
  partition po bit 8: \p0 [8] <-> \p0 [8]
  partition po bit 9: \p0 [9] <-> \p0 [9]
  partition po bit 10: \p0 [10] <-> \p0 [10]
  partition po bit 11: \p0 [11] <-> \p0 [11]
  partition po bit 12: \p0 [12] <-> \p0 [12]
  partition po bit 13: \p0 [13] <-> \p0 [13]

3.1.99. Executing RTLIL backend.
Output filename: partitions/bm_fir6.p0.il
<suppressed ~56 debug messages>

3.1.100. Executing CHECK pass (checking for obvious problems).
Checking module gate.bm_fir6.p0...
Checking module gold.bm_fir6.p0...
Found and reported 0 problems.

Writing partition 48 as bm_fir6.out_valid.
  partition pi bit 0: \rst <-> \rst
  partition pi bit 1: \vld <-> \vld
  partition pi bit 2: \clk <-> \clk
  partition po bit 0: \out_valid <-> \out_valid

3.1.101. Executing RTLIL backend.
Output filename: partitions/bm_fir6.out_valid.il
<suppressed ~38 debug messages>

3.1.102. Executing CHECK pass (checking for obvious problems).
Checking module gate.bm_fir6.out_valid...
Checking module gold.bm_fir6.out_valid...
Found and reported 0 problems.

Writing partition 49 as bm_fir6.out_data.
  partition pi bit 0: \rst <-> \rst
  partition pi bit 1: \s5 [18] <-> \s5 [18]
  partition pi bit 2: \s5 [17] <-> \s5 [17]
  partition pi bit 3: \s5 [16] <-> \s5 [16]
  partition pi bit 4: \s5 [15] <-> \s5 [15]
  partition pi bit 5: \s5 [14] <-> \s5 [14]
  partition pi bit 6: \s5 [13] <-> \s5 [13]
  partition pi bit 7: \s5 [12] <-> \s5 [12]
  partition pi bit 8: \s5 [11] <-> \s5 [11]
  partition pi bit 9: \s5 [10] <-> \s5 [10]
  partition pi bit 10: \s5 [9] <-> \s5 [9]
  partition pi bit 11: \s5 [8] <-> \s5 [8]
  partition pi bit 12: \s5 [7] <-> \s5 [7]
  partition pi bit 13: \s5 [6] <-> \s5 [6]
  partition pi bit 14: \s5 [5] <-> \s5 [5]
  partition pi bit 15: \s5 [4] <-> \s5 [4]
  partition pi bit 16: \s5 [3] <-> \s5 [3]
  partition pi bit 17: \s5 [2] <-> \s5 [2]
  partition pi bit 18: \s5 [1] <-> \s5 [1]
  partition pi bit 19: \s5 [0] <-> \s5 [0]
  partition pi bit 20: \clk <-> \clk
  partition po bit 0: \out_data [0] <-> \out_data [0]
  partition po bit 1: \out_data [1] <-> \out_data [1]
  partition po bit 2: \out_data [2] <-> \out_data [2]
  partition po bit 3: \out_data [3] <-> \out_data [3]
  partition po bit 4: \out_data [4] <-> \out_data [4]
  partition po bit 5: \out_data [5] <-> \out_data [5]
  partition po bit 6: \out_data [6] <-> \out_data [6]
  partition po bit 7: \out_data [7] <-> \out_data [7]
  partition po bit 8: \out_data [8] <-> \out_data [8]
  partition po bit 9: \out_data [9] <-> \out_data [9]
  partition po bit 10: \out_data [10] <-> \out_data [10]
  partition po bit 11: \out_data [11] <-> \out_data [11]
  partition po bit 12: \out_data [12] <-> \out_data [12]
  partition po bit 13: \out_data [13] <-> \out_data [13]
  partition po bit 14: \out_data [14] <-> \out_data [14]
  partition po bit 15: \out_data [15] <-> \out_data [15]
  partition po bit 16: \out_data [16] <-> \out_data [16]
  partition po bit 17: \out_data [17] <-> \out_data [17]
  partition po bit 18: \out_data [18] <-> \out_data [18]

3.1.103. Executing RTLIL backend.
Output filename: partitions/bm_fir6.out_data.il
<suppressed ~146 debug messages>

3.1.104. Executing CHECK pass (checking for obvious problems).
Checking module gate.bm_fir6.out_data...
Checking module gold.bm_fir6.out_data...
Found and reported 0 problems.

Writing partition 50 as bm_fir6.
  partition pi bit 0: \in_data [7] <-> \in_data [7]
  partition pi bit 1: \in_data [6] <-> \in_data [6]
  partition pi bit 2: \in_data [5] <-> \in_data [5]
  partition pi bit 3: \in_data [4] <-> \in_data [4]
  partition pi bit 4: \in_data [3] <-> \in_data [3]
  partition pi bit 5: \in_data [2] <-> \in_data [2]
  partition pi bit 6: \in_data [1] <-> \in_data [1]
  partition pi bit 7: \in_data [0] <-> \in_data [0]
  partition pi bit 8: \rst <-> \rst
  partition pi bit 9: \in_valid <-> \in_valid
  partition pi bit 10: \clk <-> \clk
  partition mp bit 0: \s5 [0] <-> \s5 [0]
  partition mp bit 1: \s5 [1] <-> \s5 [1]
  partition mp bit 2: \s5 [2] <-> \s5 [2]
  partition mp bit 3: \s5 [3] <-> \s5 [3]
  partition mp bit 4: \s5 [4] <-> \s5 [4]
  partition mp bit 5: \s5 [5] <-> \s5 [5]
  partition mp bit 6: \s5 [6] <-> \s5 [6]
  partition mp bit 7: \s5 [7] <-> \s5 [7]
  partition mp bit 8: \s5 [8] <-> \s5 [8]
  partition mp bit 9: \s5 [9] <-> \s5 [9]
  partition mp bit 10: \s5 [10] <-> \s5 [10]
  partition mp bit 11: \s5 [11] <-> \s5 [11]
  partition mp bit 12: \s5 [12] <-> \s5 [12]
  partition mp bit 13: \s5 [13] <-> \s5 [13]
  partition mp bit 14: \s5 [14] <-> \s5 [14]
  partition mp bit 15: \s5 [15] <-> \s5 [15]
  partition mp bit 16: \s5 [16] <-> \s5 [16]
  partition mp bit 17: \s5 [17] <-> \s5 [17]
  partition mp bit 18: \p5 [13] <-> \p5 [13]
  partition mp bit 19: \p5 [14] <-> \p5 [14]
  partition mp bit 20: \p5 [15] <-> \p5 [15]
  partition mp bit 21: \p5 [16] <-> \p5 [16]
  partition mp bit 22: \p5 [17] <-> \p5 [17]
  partition mp bit 23: \p5 [18] <-> \p5 [18]
  partition mp bit 24: \p5 [12] <-> \p5 [12]
  partition mp bit 25: \p5 [11] <-> \p5 [11]
  partition mp bit 26: \p5 [10] <-> \p5 [10]
  partition mp bit 27: \p5 [9] <-> \p5 [9]
  partition mp bit 28: \p5 [8] <-> \p5 [8]
  partition mp bit 29: \p5 [7] <-> \p5 [7]
  partition mp bit 30: \p5 [6] <-> \p5 [6]
  partition mp bit 31: \p5 [5] <-> \p5 [5]
  partition mp bit 32: \p5 [4] <-> \p5 [4]
  partition mp bit 33: \p5 [3] <-> \p5 [3]
  partition mp bit 34: \p5 [2] <-> \p5 [2]
  partition mp bit 35: \p5 [1] <-> \p5 [1]
  partition mp bit 36: \p5 [0] <-> \p5 [0]
  partition mp bit 37: \s4 [18] <-> \s4 [18]
  partition mp bit 38: \s4 [17] <-> \s4 [17]
  partition mp bit 39: \s4 [16] <-> \s4 [16]
  partition mp bit 40: \s4 [15] <-> \s4 [15]
  partition mp bit 41: \s4 [14] <-> \s4 [14]
  partition mp bit 42: \s4 [13] <-> \s4 [13]
  partition mp bit 43: \s4 [12] <-> \s4 [12]
  partition mp bit 44: \s4 [11] <-> \s4 [11]
  partition mp bit 45: \s4 [10] <-> \s4 [10]
  partition mp bit 46: \s4 [9] <-> \s4 [9]
  partition mp bit 47: \s4 [8] <-> \s4 [8]
  partition mp bit 48: \s4 [7] <-> \s4 [7]
  partition mp bit 49: \s4 [6] <-> \s4 [6]
  partition mp bit 50: \s4 [5] <-> \s4 [5]
  partition mp bit 51: \s4 [4] <-> \s4 [4]
  partition mp bit 52: \s4 [3] <-> \s4 [3]
  partition mp bit 53: \s4 [2] <-> \s4 [2]
  partition mp bit 54: \s4 [1] <-> \s4 [1]
  partition mp bit 55: \p4 [14] <-> \p4 [14]
  partition mp bit 56: \p4 [15] <-> \p4 [15]
  partition mp bit 57: \p4 [16] <-> \p4 [16]
  partition mp bit 58: \p4 [17] <-> \p4 [17]
  partition mp bit 59: \p4 [18] <-> \p4 [18]
  partition mp bit 60: \p4 [13] <-> \p4 [13]
  partition mp bit 61: \p4 [12] <-> \p4 [12]
  partition mp bit 62: \p4 [11] <-> \p4 [11]
  partition mp bit 63: \p4 [10] <-> \p4 [10]
  partition mp bit 64: \p4 [9] <-> \p4 [9]
  partition mp bit 65: \p4 [8] <-> \p4 [8]
  partition mp bit 66: \p4 [7] <-> \p4 [7]
  partition mp bit 67: \p4 [6] <-> \p4 [6]
  partition mp bit 68: \p4 [5] <-> \p4 [5]
  partition mp bit 69: \p4 [4] <-> \p4 [4]
  partition mp bit 70: \p4 [3] <-> \p4 [3]
  partition mp bit 71: \p4 [2] <-> \p4 [2]
  partition mp bit 72: \p4 [1] <-> \p4 [1]
  partition mp bit 73: \p4 [0] <-> \p4 [0]
  partition mp bit 74: \s3 [17] <-> \s3 [17]
  partition mp bit 75: \s3 [18] <-> \s3 [18]
  partition mp bit 76: \s3 [16] <-> \s3 [16]
  partition mp bit 77: \s3 [15] <-> \s3 [15]
  partition mp bit 78: \s3 [14] <-> \s3 [14]
  partition mp bit 79: \s3 [13] <-> \s3 [13]
  partition mp bit 80: \s3 [12] <-> \s3 [12]
  partition mp bit 81: \s3 [11] <-> \s3 [11]
  partition mp bit 82: \s3 [10] <-> \s3 [10]
  partition mp bit 83: \s3 [9] <-> \s3 [9]
  partition mp bit 84: \s3 [8] <-> \s3 [8]
  partition mp bit 85: \s3 [7] <-> \s3 [7]
  partition mp bit 86: \s3 [6] <-> \s3 [6]
  partition mp bit 87: \s3 [5] <-> \s3 [5]
  partition mp bit 88: \s3 [4] <-> \s3 [4]
  partition mp bit 89: \s3 [3] <-> \s3 [3]
  partition mp bit 90: \s3 [2] <-> \s3 [2]
  partition mp bit 91: \s3 [1] <-> \s3 [1]
  partition mp bit 92: \p3 [15] <-> \p3 [15]
  partition mp bit 93: \p3 [16] <-> \p3 [16]
  partition mp bit 94: \p3 [17] <-> \p3 [17]
  partition mp bit 95: \p3 [18] <-> \p3 [18]
  partition mp bit 96: \p3 [14] <-> \p3 [14]
  partition mp bit 97: \p3 [13] <-> \p3 [13]
  partition mp bit 98: \p3 [12] <-> \p3 [12]
  partition mp bit 99: \p3 [11] <-> \p3 [11]
  partition mp bit 100: \p3 [10] <-> \p3 [10]
  partition mp bit 101: \p3 [9] <-> \p3 [9]
  partition mp bit 102: \p3 [8] <-> \p3 [8]
  partition mp bit 103: \p3 [7] <-> \p3 [7]
  partition mp bit 104: \p3 [6] <-> \p3 [6]
  partition mp bit 105: \p3 [5] <-> \p3 [5]
  partition mp bit 106: \p3 [4] <-> \p3 [4]
  partition mp bit 107: \p3 [3] <-> \p3 [3]
  partition mp bit 108: \p3 [2] <-> \p3 [2]
  partition mp bit 109: \p3 [1] <-> \p3 [1]
  partition mp bit 110: \p3 [0] <-> \p3 [0]
  partition mp bit 111: \s2 [16] <-> \s2 [16]
  partition mp bit 112: \s2 [17] <-> \s2 [17]
  partition mp bit 113: \s2 [18] <-> \s2 [18]
  partition mp bit 114: \s2 [15] <-> \s2 [15]
  partition mp bit 115: \s2 [14] <-> \s2 [14]
  partition mp bit 116: \s2 [13] <-> \s2 [13]
  partition mp bit 117: \s2 [12] <-> \s2 [12]
  partition mp bit 118: \s2 [11] <-> \s2 [11]
  partition mp bit 119: \s2 [10] <-> \s2 [10]
  partition mp bit 120: \s2 [9] <-> \s2 [9]
  partition mp bit 121: \s2 [8] <-> \s2 [8]
  partition mp bit 122: \s2 [7] <-> \s2 [7]
  partition mp bit 123: \s2 [6] <-> \s2 [6]
  partition mp bit 124: \s2 [5] <-> \s2 [5]
  partition mp bit 125: \s2 [4] <-> \s2 [4]
  partition mp bit 126: \s2 [3] <-> \s2 [3]
  partition mp bit 127: \s2 [2] <-> \s2 [2]
  partition mp bit 128: \s2 [1] <-> \s2 [1]
  partition mp bit 129: \p2 [15] <-> \p2 [15]
  partition mp bit 130: \p2 [16] <-> \p2 [16]
  partition mp bit 131: \p2 [17] <-> \p2 [17]
  partition mp bit 132: \p2 [18] <-> \p2 [18]
  partition mp bit 133: \p2 [14] <-> \p2 [14]
  partition mp bit 134: \p2 [13] <-> \p2 [13]
  partition mp bit 135: \p2 [12] <-> \p2 [12]
  partition mp bit 136: \p2 [11] <-> \p2 [11]
  partition mp bit 137: \p2 [10] <-> \p2 [10]
  partition mp bit 138: \p2 [9] <-> \p2 [9]
  partition mp bit 139: \p2 [8] <-> \p2 [8]
  partition mp bit 140: \p2 [7] <-> \p2 [7]
  partition mp bit 141: \p2 [6] <-> \p2 [6]
  partition mp bit 142: \p2 [5] <-> \p2 [5]
  partition mp bit 143: \p2 [4] <-> \p2 [4]
  partition mp bit 144: \p2 [3] <-> \p2 [3]
  partition mp bit 145: \p2 [2] <-> \p2 [2]
  partition mp bit 146: \p2 [1] <-> \p2 [1]
  partition mp bit 147: \p2 [0] <-> \p2 [0]
  partition mp bit 148: \s1 [15] <-> \s1 [15]
  partition mp bit 149: \s1 [16] <-> \s1 [16]
  partition mp bit 150: \s1 [17] <-> \s1 [17]
  partition mp bit 151: \s1 [18] <-> \s1 [18]
  partition mp bit 152: \s1 [14] <-> \s1 [14]
  partition mp bit 153: \s1 [13] <-> \s1 [13]
  partition mp bit 154: \s1 [12] <-> \s1 [12]
  partition mp bit 155: \s1 [11] <-> \s1 [11]
  partition mp bit 156: \s1 [10] <-> \s1 [10]
  partition mp bit 157: \s1 [9] <-> \s1 [9]
  partition mp bit 158: \s1 [8] <-> \s1 [8]
  partition mp bit 159: \s1 [7] <-> \s1 [7]
  partition mp bit 160: \s1 [6] <-> \s1 [6]
  partition mp bit 161: \s1 [5] <-> \s1 [5]
  partition mp bit 162: \s1 [4] <-> \s1 [4]
  partition mp bit 163: \s1 [3] <-> \s1 [3]
  partition mp bit 164: \s1 [2] <-> \s1 [2]
  partition mp bit 165: \s1 [1] <-> \s1 [1]
  partition mp bit 166: \p1 [14] <-> \p1 [14]
  partition mp bit 167: \p1 [15] <-> \p1 [15]
  partition mp bit 168: \p1 [16] <-> \p1 [16]
  partition mp bit 169: \p1 [17] <-> \p1 [17]
  partition mp bit 170: \p1 [18] <-> \p1 [18]
  partition mp bit 171: \p1 [13] <-> \p1 [13]
  partition mp bit 172: \p1 [12] <-> \p1 [12]
  partition mp bit 173: \p1 [11] <-> \p1 [11]
  partition mp bit 174: \p1 [10] <-> \p1 [10]
  partition mp bit 175: \p1 [9] <-> \p1 [9]
  partition mp bit 176: \p1 [8] <-> \p1 [8]
  partition mp bit 177: \p1 [7] <-> \p1 [7]
  partition mp bit 178: \p1 [6] <-> \p1 [6]
  partition mp bit 179: \p1 [5] <-> \p1 [5]
  partition mp bit 180: \p1 [4] <-> \p1 [4]
  partition mp bit 181: \p1 [3] <-> \p1 [3]
  partition mp bit 182: \p1 [2] <-> \p1 [2]
  partition mp bit 183: \p1 [1] <-> \p1 [1]
  partition mp bit 184: \p1 [0] <-> \p1 [0]
  partition mp bit 185: \p0 [13] <-> \p0 [13]
  partition mp bit 186: \p0 [14] <-> \p0 [14]
  partition mp bit 187: \p0 [15] <-> \p0 [15]
  partition mp bit 188: \p0 [16] <-> \p0 [16]
  partition mp bit 189: \p0 [17] <-> \p0 [17]
  partition mp bit 190: \p0 [18] <-> \p0 [18]
  partition mp bit 191: \p0 [12] <-> \p0 [12]
  partition mp bit 192: \p0 [11] <-> \p0 [11]
  partition mp bit 193: \p0 [10] <-> \p0 [10]
  partition mp bit 194: \p0 [9] <-> \p0 [9]
  partition mp bit 195: \p0 [8] <-> \p0 [8]
  partition mp bit 196: \p0 [7] <-> \p0 [7]
  partition mp bit 197: \p0 [6] <-> \p0 [6]
  partition mp bit 198: \p0 [5] <-> \p0 [5]
  partition mp bit 199: \p0 [4] <-> \p0 [4]
  partition mp bit 200: \p0 [3] <-> \p0 [3]
  partition mp bit 201: \p0 [2] <-> \p0 [2]
  partition mp bit 202: \p0 [1] <-> \p0 [1]
  partition mp bit 203: \p0 [0] <-> \p0 [0]
  partition mp bit 204: \s1 [0] <-> \s1 [0]
  partition mp bit 205: \s2 [0] <-> \s2 [0]
  partition mp bit 206: \s3 [0] <-> \s3 [0]
  partition mp bit 207: \s4 [0] <-> \s4 [0]
  partition mp bit 208: \s5 [18] <-> \s5 [18]
  partition mp bit 209: \t0 [7] <-> \t0 [7]
  partition mp bit 210: \t0 [6] <-> \t0 [6]
  partition mp bit 211: \t0 [5] <-> \t0 [5]
  partition mp bit 212: \t0 [4] <-> \t0 [4]
  partition mp bit 213: \t0 [3] <-> \t0 [3]
  partition mp bit 214: \t0 [2] <-> \t0 [2]
  partition mp bit 215: \t0 [1] <-> \t0 [1]
  partition mp bit 216: \t0 [0] <-> \t0 [0]
  partition mp bit 217: \t1 [7] <-> \t1 [7]
  partition mp bit 218: \t1 [6] <-> \t1 [6]
  partition mp bit 219: \t1 [5] <-> \t1 [5]
  partition mp bit 220: \t1 [4] <-> \t1 [4]
  partition mp bit 221: \t1 [3] <-> \t1 [3]
  partition mp bit 222: \t1 [2] <-> \t1 [2]
  partition mp bit 223: \t1 [1] <-> \t1 [1]
  partition mp bit 224: \t1 [0] <-> \t1 [0]
  partition mp bit 225: \t2 [7] <-> \t2 [7]
  partition mp bit 226: \t2 [6] <-> \t2 [6]
  partition mp bit 227: \t2 [5] <-> \t2 [5]
  partition mp bit 228: \t2 [4] <-> \t2 [4]
  partition mp bit 229: \t2 [3] <-> \t2 [3]
  partition mp bit 230: \t2 [2] <-> \t2 [2]
  partition mp bit 231: \t2 [1] <-> \t2 [1]
  partition mp bit 232: \t2 [0] <-> \t2 [0]
  partition mp bit 233: \t3 [7] <-> \t3 [7]
  partition mp bit 234: \t3 [6] <-> \t3 [6]
  partition mp bit 235: \t3 [5] <-> \t3 [5]
  partition mp bit 236: \t3 [4] <-> \t3 [4]
  partition mp bit 237: \t3 [3] <-> \t3 [3]
  partition mp bit 238: \t3 [2] <-> \t3 [2]
  partition mp bit 239: \t3 [1] <-> \t3 [1]
  partition mp bit 240: \t3 [0] <-> \t3 [0]
  partition mp bit 241: \t4 [7] <-> \t4 [7]
  partition mp bit 242: \t4 [6] <-> \t4 [6]
  partition mp bit 243: \t4 [5] <-> \t4 [5]
  partition mp bit 244: \t4 [4] <-> \t4 [4]
  partition mp bit 245: \t4 [3] <-> \t4 [3]
  partition mp bit 246: \t4 [2] <-> \t4 [2]
  partition mp bit 247: \t4 [1] <-> \t4 [1]
  partition mp bit 248: \t4 [0] <-> \t4 [0]
  partition mp bit 249: \t5 [6] <-> \t5 [6]
  partition mp bit 250: \t5 [5] <-> \t5 [5]
  partition mp bit 251: \t5 [4] <-> \t5 [4]
  partition mp bit 252: \t5 [3] <-> \t5 [3]
  partition mp bit 253: \t5 [2] <-> \t5 [2]
  partition mp bit 254: \t5 [1] <-> \t5 [1]
  partition mp bit 255: \t5 [0] <-> \t5 [0]
  partition mp bit 256: \t5 [7] <-> \t5 [7]
  partition mp bit 257: \vld <-> \vld
  partition po bit 0: \out_data [0] <-> \out_data [0]
  partition po bit 1: \out_data [1] <-> \out_data [1]
  partition po bit 2: \out_data [2] <-> \out_data [2]
  partition po bit 3: \out_data [3] <-> \out_data [3]
  partition po bit 4: \out_data [4] <-> \out_data [4]
  partition po bit 5: \out_data [5] <-> \out_data [5]
  partition po bit 6: \out_data [6] <-> \out_data [6]
  partition po bit 7: \out_data [7] <-> \out_data [7]
  partition po bit 8: \out_data [8] <-> \out_data [8]
  partition po bit 9: \out_data [9] <-> \out_data [9]
  partition po bit 10: \out_data [10] <-> \out_data [10]
  partition po bit 11: \out_data [11] <-> \out_data [11]
  partition po bit 12: \out_data [12] <-> \out_data [12]
  partition po bit 13: \out_data [13] <-> \out_data [13]
  partition po bit 14: \out_data [14] <-> \out_data [14]
  partition po bit 15: \out_data [15] <-> \out_data [15]
  partition po bit 16: \out_data [16] <-> \out_data [16]
  partition po bit 17: \out_data [17] <-> \out_data [17]
  partition po bit 18: \out_data [18] <-> \out_data [18]
  partition po bit 19: \out_valid <-> \out_valid

3.1.105. Executing RTLIL backend.
Output filename: modules/bm_fir6.il
<suppressed ~1389 debug messages>

End of script. Logfile hash: 1df30ee06e, time: 2.71s, user: 0.06s, system: 0.07s, MEM: 18.25 MB peak
Yosys 0.68+195 (git sha1 435977e97-dirty, Release, Clang /usr/bin/clang++ 21.1.8)
Time spent: 73% 1x eqy_partition (0 sec), 17% 51x write_rtlil (0 sec), ...
