
 /----------------------------------------------------------------------------\
 |  yosys -- Yosys Open SYnthesis Suite                                       |
 |  Copyright (C) 2012 - 2026  Claire Xenia Wolf <claire@yosyshq.com>         |
 |  Distributed under an ISC-like license, type "license" to see terms        |
 \----------------------------------------------------------------------------/
 Yosys 0.68+195 (git sha1 435977e97-dirty, Release, Clang /usr/bin/clang++ 21.1.8)

-- Executing script file `/mnt/d/tushar/Downloads/RTL.ai/runs/_detect/detect_top.ys' --

1. Executing Verilog-2005 frontend: /mnt/d/tushar/Downloads/RTL.ai/designs/benchmark_top.v
Parsing SystemVerilog input from `/mnt/d/tushar/Downloads/RTL.ai/designs/benchmark_top.v' to AST representation.
Generating RTLIL representation for module `\benchmark_top'.
Successfully finished Verilog frontend.

2. Executing Verilog-2005 frontend: /mnt/d/tushar/Downloads/RTL.ai/designs/clk_divider.v
Parsing SystemVerilog input from `/mnt/d/tushar/Downloads/RTL.ai/designs/clk_divider.v' to AST representation.
Generating RTLIL representation for module `\clk_divider'.
Successfully finished Verilog frontend.

3. Executing Verilog-2005 frontend: /mnt/d/tushar/Downloads/RTL.ai/designs/cdc_sync.v
Parsing SystemVerilog input from `/mnt/d/tushar/Downloads/RTL.ai/designs/cdc_sync.v' to AST representation.
Generating RTLIL representation for module `\cdc_sync'.
Successfully finished Verilog frontend.

4. Executing Verilog-2005 frontend: /mnt/d/tushar/Downloads/RTL.ai/designs/cdc_handshake.v
Parsing SystemVerilog input from `/mnt/d/tushar/Downloads/RTL.ai/designs/cdc_handshake.v' to AST representation.
Generating RTLIL representation for module `\cdc_handshake'.
Successfully finished Verilog frontend.

5. Executing Verilog-2005 frontend: /mnt/d/tushar/Downloads/RTL.ai/designs/reset_sync.v
Parsing SystemVerilog input from `/mnt/d/tushar/Downloads/RTL.ai/designs/reset_sync.v' to AST representation.
Generating RTLIL representation for module `\reset_sync'.
Successfully finished Verilog frontend.

6. Executing Verilog-2005 frontend: /mnt/d/tushar/Downloads/RTL.ai/designs/benchmark/crc32.v
Parsing SystemVerilog input from `/mnt/d/tushar/Downloads/RTL.ai/designs/benchmark/crc32.v' to AST representation.
Generating RTLIL representation for module `\crc32'.
Warning: Replacing memory \c_tap with list of registers. See /mnt/d/tushar/Downloads/RTL.ai/designs/benchmark/crc32.v:60, /mnt/d/tushar/Downloads/RTL.ai/designs/benchmark/crc32.v:58
Successfully finished Verilog frontend.

7. Executing Verilog-2005 frontend: /mnt/d/tushar/Downloads/RTL.ai/designs/benchmark/ddc.v
Parsing SystemVerilog input from `/mnt/d/tushar/Downloads/RTL.ai/designs/benchmark/ddc.v' to AST representation.
Generating RTLIL representation for module `\ddc'.
Successfully finished Verilog frontend.

8. Executing Verilog-2005 frontend: /mnt/d/tushar/Downloads/RTL.ai/designs/benchmark/ddc_cic.v
Parsing SystemVerilog input from `/mnt/d/tushar/Downloads/RTL.ai/designs/benchmark/ddc_cic.v' to AST representation.
Generating RTLIL representation for module `\ddc_cic'.
Warning: Replacing memory \g_comb[3].dly with list of registers. See /mnt/d/tushar/Downloads/RTL.ai/designs/benchmark/ddc_cic.v:122
Warning: Replacing memory \g_comb[2].dly with list of registers. See /mnt/d/tushar/Downloads/RTL.ai/designs/benchmark/ddc_cic.v:122
Warning: Replacing memory \g_comb[1].dly with list of registers. See /mnt/d/tushar/Downloads/RTL.ai/designs/benchmark/ddc_cic.v:122
Warning: Replacing memory \g_comb[0].dly with list of registers. See /mnt/d/tushar/Downloads/RTL.ai/designs/benchmark/ddc_cic.v:122
Successfully finished Verilog frontend.

9. Executing Verilog-2005 frontend: /mnt/d/tushar/Downloads/RTL.ai/designs/benchmark/ddc_fir.v
Parsing SystemVerilog input from `/mnt/d/tushar/Downloads/RTL.ai/designs/benchmark/ddc_fir.v' to AST representation.
Generating RTLIL representation for module `\ddc_fir'.
Warning: Replacing memory \shift with list of registers. See /mnt/d/tushar/Downloads/RTL.ai/designs/benchmark/ddc_fir.v:92
Successfully finished Verilog frontend.

10. Executing Verilog-2005 frontend: /mnt/d/tushar/Downloads/RTL.ai/designs/benchmark/ddc_mixer.v
Parsing SystemVerilog input from `/mnt/d/tushar/Downloads/RTL.ai/designs/benchmark/ddc_mixer.v' to AST representation.
Generating RTLIL representation for module `\ddc_mixer'.
Successfully finished Verilog frontend.

11. Executing Verilog-2005 frontend: /mnt/d/tushar/Downloads/RTL.ai/designs/benchmark/ddc_nco.v
Parsing SystemVerilog input from `/mnt/d/tushar/Downloads/RTL.ai/designs/benchmark/ddc_nco.v' to AST representation.
Generating RTLIL representation for module `\ddc_nco'.
Generating RTLIL representation for module `\ddc_sinrom'.
Successfully finished Verilog frontend.

12. Executing Verilog-2005 frontend: /mnt/d/tushar/Downloads/RTL.ai/designs/benchmark/picorv32.v
Parsing SystemVerilog input from `/mnt/d/tushar/Downloads/RTL.ai/designs/benchmark/picorv32.v' to AST representation.
Generating RTLIL representation for module `\picorv32'.
Generating RTLIL representation for module `\picorv32_regs'.
Generating RTLIL representation for module `\picorv32_pcpi_mul'.
Generating RTLIL representation for module `\picorv32_pcpi_fast_mul'.
Generating RTLIL representation for module `\picorv32_pcpi_div'.
Generating RTLIL representation for module `\picorv32_axi'.
Generating RTLIL representation for module `\picorv32_axi_adapter'.
Generating RTLIL representation for module `\picorv32_wb'.
Successfully finished Verilog frontend.

13. Executing Verilog-2005 frontend: /mnt/d/tushar/Downloads/RTL.ai/designs/benchmark/sad8x8.v
Parsing SystemVerilog input from `/mnt/d/tushar/Downloads/RTL.ai/designs/benchmark/sad8x8.v' to AST representation.
Generating RTLIL representation for module `\sad8x8'.
Successfully finished Verilog frontend.

14. Executing Verilog-2005 frontend: /mnt/d/tushar/Downloads/RTL.ai/designs/benchmark/sha256.v
Parsing SystemVerilog input from `/mnt/d/tushar/Downloads/RTL.ai/designs/benchmark/sha256.v' to AST representation.
Generating RTLIL representation for module `\sha256'.
Warning: Replacing memory \block_reg with list of registers. See /mnt/d/tushar/Downloads/RTL.ai/designs/benchmark/sha256.v:169
Successfully finished Verilog frontend.

15. Executing Verilog-2005 frontend: /mnt/d/tushar/Downloads/RTL.ai/designs/benchmark/sha256_core.v
Parsing SystemVerilog input from `/mnt/d/tushar/Downloads/RTL.ai/designs/benchmark/sha256_core.v' to AST representation.
Generating RTLIL representation for module `\sha256_core'.
Successfully finished Verilog frontend.

16. Executing Verilog-2005 frontend: /mnt/d/tushar/Downloads/RTL.ai/designs/benchmark/sha256_k_constants.v
Parsing SystemVerilog input from `/mnt/d/tushar/Downloads/RTL.ai/designs/benchmark/sha256_k_constants.v' to AST representation.
Generating RTLIL representation for module `\sha256_k_constants'.
Successfully finished Verilog frontend.

17. Executing Verilog-2005 frontend: /mnt/d/tushar/Downloads/RTL.ai/designs/benchmark/sha256_w_mem.v
Parsing SystemVerilog input from `/mnt/d/tushar/Downloads/RTL.ai/designs/benchmark/sha256_w_mem.v' to AST representation.
Generating RTLIL representation for module `\sha256_w_mem'.
Warning: Replacing memory \w_mem with list of registers. See /mnt/d/tushar/Downloads/RTL.ai/designs/benchmark/sha256_w_mem.v:104
Successfully finished Verilog frontend.

18. Executing HIERARCHY pass (managing design hierarchy).

18.1. Finding top of design hierarchy..
root of   0 design levels: sha256_w_mem        
root of   0 design levels: sha256_k_constants  
root of   1 design levels: sha256_core         
root of   2 design levels: sha256              
root of   0 design levels: sad8x8              
root of   2 design levels: picorv32_wb         
root of   0 design levels: picorv32_axi_adapter
root of   2 design levels: picorv32_axi        
root of   0 design levels: picorv32_pcpi_div   
root of   0 design levels: picorv32_pcpi_fast_mul
root of   0 design levels: picorv32_pcpi_mul   
root of   0 design levels: picorv32_regs       
root of   1 design levels: picorv32            
root of   0 design levels: ddc_sinrom          
root of   1 design levels: ddc_nco             
root of   0 design levels: ddc_mixer           
root of   0 design levels: ddc_fir             
root of   0 design levels: ddc_cic             
root of   2 design levels: ddc                 
root of   0 design levels: crc32               
root of   0 design levels: reset_sync          
root of   1 design levels: cdc_handshake       
root of   0 design levels: cdc_sync            
root of   0 design levels: clk_divider         
root of   3 design levels: benchmark_top       
Automatically selected benchmark_top as design top module.

18.2. Analyzing design hierarchy..
Top module:  \benchmark_top
Used module:     \cdc_handshake
Used module:         \cdc_sync
Used module:     \crc32
Used module:     \ddc
Used module:         \ddc_fir
Used module:         \ddc_cic
Used module:         \ddc_mixer
Used module:         \ddc_nco
Used module:             \ddc_sinrom
Used module:     \sad8x8
Used module:     \sha256
Used module:         \sha256_core
Used module:             \sha256_w_mem
Used module:             \sha256_k_constants
Used module:     \picorv32
Used module:         \picorv32_pcpi_div
Used module:         \picorv32_pcpi_fast_mul
Used module:     \clk_divider
Used module:     \reset_sync
Parameter \WIDTH = 16

18.3. Executing AST frontend in derive mode using pre-parsed AST for module `\cdc_handshake'.
Parameter \WIDTH = 16
Generating RTLIL representation for module `$paramod\cdc_handshake\WIDTH=s32'00000000000000000000000000010000'.
Parameter \WIDTH = 16
Found cached RTLIL representation for module `$paramod\cdc_handshake\WIDTH=s32'00000000000000000000000000010000'.
Parameter \WIDTH = 16
Found cached RTLIL representation for module `$paramod\cdc_handshake\WIDTH=s32'00000000000000000000000000010000'.
Parameter \WIDTH = 16
Found cached RTLIL representation for module `$paramod\cdc_handshake\WIDTH=s32'00000000000000000000000000010000'.
Parameter \WIDTH = 16
Found cached RTLIL representation for module `$paramod\cdc_handshake\WIDTH=s32'00000000000000000000000000010000'.
Parameter \DIV = 10

18.4. Executing AST frontend in derive mode using pre-parsed AST for module `\clk_divider'.
Parameter \DIV = 10
Generating RTLIL representation for module `$paramod\clk_divider\DIV=s32'00000000000000000000000000001010'.
Parameter \DIV = 8

18.5. Executing AST frontend in derive mode using pre-parsed AST for module `\clk_divider'.
Parameter \DIV = 8
Generating RTLIL representation for module `$paramod\clk_divider\DIV=s32'00000000000000000000000000001000'.
Parameter \DIV = 6

18.6. Executing AST frontend in derive mode using pre-parsed AST for module `\clk_divider'.
Parameter \DIV = 6
Generating RTLIL representation for module `$paramod\clk_divider\DIV=s32'00000000000000000000000000000110'.
Parameter \DIV = 4

18.7. Executing AST frontend in derive mode using pre-parsed AST for module `\clk_divider'.
Parameter \DIV = 4
Generating RTLIL representation for module `$paramod\clk_divider\DIV=s32'00000000000000000000000000000100'.
Parameter \DIV = 2

18.8. Executing AST frontend in derive mode using pre-parsed AST for module `\clk_divider'.
Parameter \DIV = 2
Generating RTLIL representation for module `$paramod\clk_divider\DIV=s32'00000000000000000000000000000010'.
Parameter \IQW = 16
Parameter \OUTW = 16
Parameter \CW = 16
Parameter \NTAP = 15
Parameter \H = 240'000000000000000000000000000000000000000000000000000000000000000000000000000000000000000000000000000000000000000001111111111111110000000000000000000000000000000000000000000000000000000000000000000000000000000000000000000000000000000000000000

18.9. Executing AST frontend in derive mode using pre-parsed AST for module `\ddc_fir'.
Parameter \IQW = 16
Parameter \OUTW = 16
Parameter \CW = 16
Parameter \NTAP = 15
Parameter \H = 240'000000000000000000000000000000000000000000000000000000000000000000000000000000000000000000000000000000000000000001111111111111110000000000000000000000000000000000000000000000000000000000000000000000000000000000000000000000000000000000000000
Generating RTLIL representation for module `$paramod$6b2e5777348611c38df4110cba65fe3615d0b62c\ddc_fir'.
Warning: Replacing memory \shift with list of registers. See /mnt/d/tushar/Downloads/RTL.ai/designs/benchmark/ddc_fir.v:92
Parameter \IQW = 16
Parameter \STAGES = 4
Parameter \R = 8
Parameter \M = 1

18.10. Executing AST frontend in derive mode using pre-parsed AST for module `\ddc_cic'.
Parameter \IQW = 16
Parameter \STAGES = 4
Parameter \R = 8
Parameter \M = 1
Generating RTLIL representation for module `$paramod$498463d264968bc81db47baec170cc0cc7a42680\ddc_cic'.
Warning: Replacing memory \g_comb[3].dly with list of registers. See /mnt/d/tushar/Downloads/RTL.ai/designs/benchmark/ddc_cic.v:122
Warning: Replacing memory \g_comb[2].dly with list of registers. See /mnt/d/tushar/Downloads/RTL.ai/designs/benchmark/ddc_cic.v:122
Warning: Replacing memory \g_comb[1].dly with list of registers. See /mnt/d/tushar/Downloads/RTL.ai/designs/benchmark/ddc_cic.v:122
Warning: Replacing memory \g_comb[0].dly with list of registers. See /mnt/d/tushar/Downloads/RTL.ai/designs/benchmark/ddc_cic.v:122
Parameter \IQW = 16
Parameter \OUTW = 16
Parameter \CW = 16
Parameter \NTAP = 15
Parameter \H = 240'000000000000000000000000000000000000000000000000000000000000000000000000000000000000000000000000000000000000000001111111111111110000000000000000000000000000000000000000000000000000000000000000000000000000000000000000000000000000000000000000
Found cached RTLIL representation for module `$paramod$6b2e5777348611c38df4110cba65fe3615d0b62c\ddc_fir'.
Parameter \IQW = 16
Parameter \STAGES = 4
Parameter \R = 8
Parameter \M = 1
Found cached RTLIL representation for module `$paramod$498463d264968bc81db47baec170cc0cc7a42680\ddc_cic'.
Parameter \DW = 16
Parameter \SW = 16
Parameter \IQW = 16

18.11. Executing AST frontend in derive mode using pre-parsed AST for module `\ddc_mixer'.
Parameter \DW = 16
Parameter \SW = 16
Parameter \IQW = 16
Generating RTLIL representation for module `$paramod$33682cd1d05634ea6014b34575d141b8a856657a\ddc_mixer'.
Parameter \PAW = 24
Parameter \AW = 8
Parameter \SW = 16

18.12. Executing AST frontend in derive mode using pre-parsed AST for module `\ddc_nco'.
Parameter \PAW = 24
Parameter \AW = 8
Parameter \SW = 16
Generating RTLIL representation for module `$paramod$8af8dc0d438d0d364592a69345da95ce450509b0\ddc_nco'.
Reprocessing module ddc because instantiated module ddc_fir has become available.
Generating RTLIL representation for module `\ddc'.

18.13. Analyzing design hierarchy..
Top module:  \benchmark_top
Used module:     $paramod\cdc_handshake\WIDTH=s32'00000000000000000000000000010000
Used module:         \cdc_sync
Used module:     \crc32
Used module:     \ddc
Used module:         \ddc_fir
Used module:         \ddc_cic
Used module:         \ddc_mixer
Used module:         \ddc_nco
Used module:             \ddc_sinrom
Used module:     \sad8x8
Used module:     \sha256
Used module:         \sha256_core
Used module:             \sha256_w_mem
Used module:             \sha256_k_constants
Used module:     \picorv32
Used module:         \picorv32_pcpi_div
Used module:         \picorv32_pcpi_fast_mul
Used module:     $paramod\clk_divider\DIV=s32'00000000000000000000000000001010
Used module:     $paramod\clk_divider\DIV=s32'00000000000000000000000000001000
Used module:     $paramod\clk_divider\DIV=s32'00000000000000000000000000000110
Used module:     $paramod\clk_divider\DIV=s32'00000000000000000000000000000100
Used module:     $paramod\clk_divider\DIV=s32'00000000000000000000000000000010
Used module:     \reset_sync
Parameter \IQW = 16
Parameter \OUTW = 16
Parameter \CW = 16
Parameter \NTAP = 15
Parameter \H = 240'000000000000000000000000000000000000000000000000000000000000000000000000000000000000000000000000000000000000000001111111111111110000000000000000000000000000000000000000000000000000000000000000000000000000000000000000000000000000000000000000
Found cached RTLIL representation for module `$paramod$6b2e5777348611c38df4110cba65fe3615d0b62c\ddc_fir'.
Parameter \IQW = 16
Parameter \STAGES = 4
Parameter \R = 8
Parameter \M = 1
Found cached RTLIL representation for module `$paramod$498463d264968bc81db47baec170cc0cc7a42680\ddc_cic'.
Parameter \IQW = 16
Parameter \OUTW = 16
Parameter \CW = 16
Parameter \NTAP = 15
Parameter \H = 240'000000000000000000000000000000000000000000000000000000000000000000000000000000000000000000000000000000000000000001111111111111110000000000000000000000000000000000000000000000000000000000000000000000000000000000000000000000000000000000000000
Found cached RTLIL representation for module `$paramod$6b2e5777348611c38df4110cba65fe3615d0b62c\ddc_fir'.
Parameter \IQW = 16
Parameter \STAGES = 4
Parameter \R = 8
Parameter \M = 1
Found cached RTLIL representation for module `$paramod$498463d264968bc81db47baec170cc0cc7a42680\ddc_cic'.
Parameter \DW = 16
Parameter \SW = 16
Parameter \IQW = 16
Found cached RTLIL representation for module `$paramod$33682cd1d05634ea6014b34575d141b8a856657a\ddc_mixer'.
Parameter \PAW = 24
Parameter \AW = 8
Parameter \SW = 16
Found cached RTLIL representation for module `$paramod$8af8dc0d438d0d364592a69345da95ce450509b0\ddc_nco'.

18.14. Analyzing design hierarchy..
Top module:  \benchmark_top
Used module:     $paramod\cdc_handshake\WIDTH=s32'00000000000000000000000000010000
Used module:         \cdc_sync
Used module:     \crc32
Used module:     \ddc
Used module:         $paramod$6b2e5777348611c38df4110cba65fe3615d0b62c\ddc_fir
Used module:         $paramod$498463d264968bc81db47baec170cc0cc7a42680\ddc_cic
Used module:         $paramod$33682cd1d05634ea6014b34575d141b8a856657a\ddc_mixer
Used module:         $paramod$8af8dc0d438d0d364592a69345da95ce450509b0\ddc_nco
Used module:             \ddc_sinrom
Used module:     \sad8x8
Used module:     \sha256
Used module:         \sha256_core
Used module:             \sha256_w_mem
Used module:             \sha256_k_constants
Used module:     \picorv32
Used module:         \picorv32_pcpi_div
Used module:         \picorv32_pcpi_fast_mul
Used module:     $paramod\clk_divider\DIV=s32'00000000000000000000000000001010
Used module:     $paramod\clk_divider\DIV=s32'00000000000000000000000000001000
Used module:     $paramod\clk_divider\DIV=s32'00000000000000000000000000000110
Used module:     $paramod\clk_divider\DIV=s32'00000000000000000000000000000100
Used module:     $paramod\clk_divider\DIV=s32'00000000000000000000000000000010
Used module:     \reset_sync

18.15. Analyzing design hierarchy..
Top module:  \benchmark_top
Used module:     $paramod\cdc_handshake\WIDTH=s32'00000000000000000000000000010000
Used module:         \cdc_sync
Used module:     \crc32
Used module:     \ddc
Used module:         $paramod$6b2e5777348611c38df4110cba65fe3615d0b62c\ddc_fir
Used module:         $paramod$498463d264968bc81db47baec170cc0cc7a42680\ddc_cic
Used module:         $paramod$33682cd1d05634ea6014b34575d141b8a856657a\ddc_mixer
Used module:         $paramod$8af8dc0d438d0d364592a69345da95ce450509b0\ddc_nco
Used module:             \ddc_sinrom
Used module:     \sad8x8
Used module:     \sha256
Used module:         \sha256_core
Used module:             \sha256_w_mem
Used module:             \sha256_k_constants
Used module:     \picorv32
Used module:         \picorv32_pcpi_div
Used module:         \picorv32_pcpi_fast_mul
Used module:     $paramod\clk_divider\DIV=s32'00000000000000000000000000001010
Used module:     $paramod\clk_divider\DIV=s32'00000000000000000000000000001000
Used module:     $paramod\clk_divider\DIV=s32'00000000000000000000000000000110
Used module:     $paramod\clk_divider\DIV=s32'00000000000000000000000000000100
Used module:     $paramod\clk_divider\DIV=s32'00000000000000000000000000000010
Used module:     \reset_sync
Removing unused module `\picorv32_wb'.
Removing unused module `\picorv32_axi_adapter'.
Removing unused module `\picorv32_axi'.
Removing unused module `\picorv32_pcpi_mul'.
Removing unused module `\picorv32_regs'.
Removing unused module `\ddc_nco'.
Removing unused module `\ddc_mixer'.
Removing unused module `\ddc_fir'.
Removing unused module `\ddc_cic'.
Removing unused module `\cdc_handshake'.
Removing unused module `\clk_divider'.
Removed 11 unused modules.

19. Executing PROC pass (convert processes to netlists).

19.1. Executing PROC_CLEAN pass (remove empty switches from decision trees).
Found and cleaned up 1 empty switch in `\picorv32.$proc$/mnt/d/tushar/Downloads/RTL.ai/designs/benchmark/picorv32.v:206$1118'.
Removing empty process `picorv32.$proc$/mnt/d/tushar/Downloads/RTL.ai/designs/benchmark/picorv32.v:206$1118'.
Found and cleaned up 17 empty switches in `\picorv32.$proc$/mnt/d/tushar/Downloads/RTL.ai/designs/benchmark/picorv32.v:1402$945'.
Found and cleaned up 1 empty switch in `\picorv32.$proc$/mnt/d/tushar/Downloads/RTL.ai/designs/benchmark/picorv32.v:1348$930'.
Found and cleaned up 6 empty switches in `\picorv32.$proc$/mnt/d/tushar/Downloads/RTL.ai/designs/benchmark/picorv32.v:546$566'.
Removing empty process `picorv32.$proc$/mnt/d/tushar/Downloads/RTL.ai/designs/benchmark/picorv32.v:546$566'.
Cleaned up 25 empty switches.

19.2. Executing PROC_RMDEAD pass (remove dead branches from decision trees).
Removed 1 dead cases from process $proc$/mnt/d/tushar/Downloads/RTL.ai/designs/benchmark/sha256_k_constants.v:61$1748 in module sha256_k_constants.
Marked 1 switch rules as full_case in process $proc$/mnt/d/tushar/Downloads/RTL.ai/designs/benchmark/sha256_k_constants.v:61$1748 in module sha256_k_constants.
Marked 4 switch rules as full_case in process $proc$/mnt/d/tushar/Downloads/RTL.ai/designs/benchmark/sha256_core.v:469$1746 in module sha256_core.
Marked 2 switch rules as full_case in process $proc$/mnt/d/tushar/Downloads/RTL.ai/designs/benchmark/sha256_core.v:445$1744 in module sha256_core.
Marked 4 switch rules as full_case in process $proc$/mnt/d/tushar/Downloads/RTL.ai/designs/benchmark/sha256_core.v:371$1741 in module sha256_core.
Marked 3 switch rules as full_case in process $proc$/mnt/d/tushar/Downloads/RTL.ai/designs/benchmark/sha256_core.v:271$1712 in module sha256_core.
Marked 1 switch rules as full_case in process $proc$/mnt/d/tushar/Downloads/RTL.ai/designs/benchmark/sha256_core.v:203$1710 in module sha256_core.
Removed 1 dead cases from process $proc$/mnt/d/tushar/Downloads/RTL.ai/designs/benchmark/sha256.v:203$1685 in module sha256.
Marked 8 switch rules as full_case in process $proc$/mnt/d/tushar/Downloads/RTL.ai/designs/benchmark/sha256.v:203$1685 in module sha256.
Marked 3 switch rules as full_case in process $proc$/mnt/d/tushar/Downloads/RTL.ai/designs/benchmark/sha256.v:162$1677 in module sha256.
Marked 1 switch rules as full_case in process $proc$/mnt/d/tushar/Downloads/RTL.ai/designs/benchmark/sad8x8.v:56$1353 in module sad8x8.
Marked 1 switch rules as full_case in process $proc$/mnt/d/tushar/Downloads/RTL.ai/designs/benchmark/ddc.v:84$1923 in module ddc.
Marked 1 switch rules as full_case in process $proc$/mnt/d/tushar/Downloads/RTL.ai/designs/benchmark/ddc_mixer.v:62$1913 in module $paramod$33682cd1d05634ea6014b34575d141b8a856657a\ddc_mixer.
Marked 2 switch rules as full_case in process $proc$/mnt/d/tushar/Downloads/RTL.ai/designs/benchmark/ddc_cic.v:119$1882 in module $paramod$498463d264968bc81db47baec170cc0cc7a42680\ddc_cic.
Marked 2 switch rules as full_case in process $proc$/mnt/d/tushar/Downloads/RTL.ai/designs/benchmark/ddc_cic.v:119$1881 in module $paramod$498463d264968bc81db47baec170cc0cc7a42680\ddc_cic.
Marked 2 switch rules as full_case in process $proc$/mnt/d/tushar/Downloads/RTL.ai/designs/benchmark/ddc_cic.v:119$1880 in module $paramod$498463d264968bc81db47baec170cc0cc7a42680\ddc_cic.
Marked 2 switch rules as full_case in process $proc$/mnt/d/tushar/Downloads/RTL.ai/designs/benchmark/ddc_cic.v:119$1879 in module $paramod$498463d264968bc81db47baec170cc0cc7a42680\ddc_cic.
Marked 1 switch rules as full_case in process $proc$/mnt/d/tushar/Downloads/RTL.ai/designs/benchmark/ddc_cic.v:74$1877 in module $paramod$498463d264968bc81db47baec170cc0cc7a42680\ddc_cic.
Marked 1 switch rules as full_case in process $proc$/mnt/d/tushar/Downloads/RTL.ai/designs/benchmark/ddc_cic.v:74$1875 in module $paramod$498463d264968bc81db47baec170cc0cc7a42680\ddc_cic.
Marked 1 switch rules as full_case in process $proc$/mnt/d/tushar/Downloads/RTL.ai/designs/benchmark/ddc_cic.v:74$1873 in module $paramod$498463d264968bc81db47baec170cc0cc7a42680\ddc_cic.
Marked 1 switch rules as full_case in process $proc$/mnt/d/tushar/Downloads/RTL.ai/designs/benchmark/ddc_cic.v:74$1871 in module $paramod$498463d264968bc81db47baec170cc0cc7a42680\ddc_cic.
Marked 1 switch rules as full_case in process $proc$/mnt/d/tushar/Downloads/RTL.ai/designs/benchmark/ddc_cic.v:139$1870 in module $paramod$498463d264968bc81db47baec170cc0cc7a42680\ddc_cic.
Marked 2 switch rules as full_case in process $proc$/mnt/d/tushar/Downloads/RTL.ai/designs/benchmark/ddc_cic.v:88$1866 in module $paramod$498463d264968bc81db47baec170cc0cc7a42680\ddc_cic.
Marked 4 switch rules as full_case in process $proc$/mnt/d/tushar/Downloads/RTL.ai/designs/benchmark/picorv32.v:2464$1225 in module picorv32_pcpi_div.
Marked 3 switch rules as full_case in process $proc$/mnt/d/tushar/Downloads/RTL.ai/designs/benchmark/picorv32.v:2378$1206 in module picorv32_pcpi_fast_mul.
Marked 2 switch rules as full_case in process $proc$/mnt/d/tushar/Downloads/RTL.ai/designs/benchmark/picorv32.v:2348$1199 in module picorv32_pcpi_fast_mul.
Marked 2 switch rules as full_case in process $proc$/mnt/d/tushar/Downloads/RTL.ai/designs/benchmark/ddc_fir.v:89$1803 in module $paramod$6b2e5777348611c38df4110cba65fe3615d0b62c\ddc_fir.
Marked 2 switch rules as full_case in process $proc$/mnt/d/tushar/Downloads/RTL.ai/designs/clk_divider.v:16$1793 in module $paramod\clk_divider\DIV=s32'00000000000000000000000000000010.
Marked 35 switch rules as full_case in process $proc$/mnt/d/tushar/Downloads/RTL.ai/designs/benchmark/picorv32.v:1402$945 in module picorv32.
Marked 1 switch rules as full_case in process $proc$/mnt/d/tushar/Downloads/RTL.ai/designs/benchmark/picorv32.v:1337$921 in module picorv32.
Marked 2 switch rules as full_case in process $proc$/mnt/d/tushar/Downloads/RTL.ai/designs/benchmark/picorv32.v:1309$909 in module picorv32.
Marked 2 switch rules as full_case in process $proc$/mnt/d/tushar/Downloads/RTL.ai/designs/benchmark/picorv32.v:1295$904 in module picorv32.
Marked 8 switch rules as full_case in process $proc$/mnt/d/tushar/Downloads/RTL.ai/designs/benchmark/picorv32.v:1186$869 in module picorv32.
Marked 3 switch rules as full_case in process $proc$/mnt/d/tushar/Downloads/RTL.ai/designs/benchmark/picorv32.v:858$606 in module picorv32.
Marked 3 switch rules as full_case in process $proc$/mnt/d/tushar/Downloads/RTL.ai/designs/benchmark/picorv32.v:809$604 in module picorv32.
Marked 2 switch rules as full_case in process $proc$/mnt/d/tushar/Downloads/RTL.ai/designs/benchmark/picorv32.v:778$600 in module picorv32.
Marked 48 switch rules as full_case in process $proc$/mnt/d/tushar/Downloads/RTL.ai/designs/benchmark/picorv32.v:701$599 in module picorv32.
Marked 4 switch rules as full_case in process $proc$/mnt/d/tushar/Downloads/RTL.ai/designs/benchmark/picorv32.v:565$575 in module picorv32.
Marked 1 switch rules as full_case in process $proc$/mnt/d/tushar/Downloads/RTL.ai/designs/benchmark/picorv32.v:430$537 in module picorv32.
Removed 2 dead cases from process $proc$/mnt/d/tushar/Downloads/RTL.ai/designs/benchmark/picorv32.v:401$534 in module picorv32.
Marked 2 switch rules as full_case in process $proc$/mnt/d/tushar/Downloads/RTL.ai/designs/benchmark/picorv32.v:401$534 in module picorv32.
Marked 1 switch rules as full_case in process $proc$/mnt/d/tushar/Downloads/RTL.ai/designs/benchmark/picorv32.v:390$529 in module picorv32.
Marked 1 switch rules as full_case in process $proc$/mnt/d/tushar/Downloads/RTL.ai/designs/benchmark/picorv32.v:325$455 in module picorv32.
Removed 1 dead cases from process $proc$/mnt/d/tushar/Downloads/RTL.ai/designs/benchmark/ddc_nco.v:72$437 in module ddc_sinrom.
Marked 1 switch rules as full_case in process $proc$/mnt/d/tushar/Downloads/RTL.ai/designs/benchmark/ddc_nco.v:72$437 in module ddc_sinrom.
Marked 2 switch rules as full_case in process $proc$/mnt/d/tushar/Downloads/RTL.ai/designs/clk_divider.v:16$1789 in module $paramod\clk_divider\DIV=s32'00000000000000000000000000000100.
Marked 2 switch rules as full_case in process $proc$/mnt/d/tushar/Downloads/RTL.ai/designs/clk_divider.v:16$1785 in module $paramod\clk_divider\DIV=s32'00000000000000000000000000000110.
Marked 2 switch rules as full_case in process $proc$/mnt/d/tushar/Downloads/RTL.ai/designs/clk_divider.v:16$1781 in module $paramod\clk_divider\DIV=s32'00000000000000000000000000001000.
Marked 2 switch rules as full_case in process $proc$/mnt/d/tushar/Downloads/RTL.ai/designs/clk_divider.v:16$1777 in module $paramod\clk_divider\DIV=s32'00000000000000000000000000001010.
Marked 1 switch rules as full_case in process $proc$/mnt/d/tushar/Downloads/RTL.ai/designs/benchmark/ddc_nco.v:48$1915 in module $paramod$8af8dc0d438d0d364592a69345da95ce450509b0\ddc_nco.
Marked 1 switch rules as full_case in process $proc$/mnt/d/tushar/Downloads/RTL.ai/designs/benchmark/crc32.v:69$307 in module crc32.
Marked 1 switch rules as full_case in process $proc$/mnt/d/tushar/Downloads/RTL.ai/designs/benchmark/crc32.v:57$46 in module crc32.
Marked 1 switch rules as full_case in process $proc$/mnt/d/tushar/Downloads/RTL.ai/designs/reset_sync.v:12$41 in module reset_sync.
Marked 2 switch rules as full_case in process $proc$/mnt/d/tushar/Downloads/RTL.ai/designs/cdc_handshake.v:66$1773 in module $paramod\cdc_handshake\WIDTH=s32'00000000000000000000000000010000.
Marked 2 switch rules as full_case in process $proc$/mnt/d/tushar/Downloads/RTL.ai/designs/cdc_handshake.v:35$1770 in module $paramod\cdc_handshake\WIDTH=s32'00000000000000000000000000010000.
Marked 1 switch rules as full_case in process $proc$/mnt/d/tushar/Downloads/RTL.ai/designs/cdc_sync.v:12$33 in module cdc_sync.
Marked 2 switch rules as full_case in process $proc$/mnt/d/tushar/Downloads/RTL.ai/designs/benchmark/sha256_w_mem.v:153$1760 in module sha256_w_mem.
Removed 1 dead cases from process $proc$/mnt/d/tushar/Downloads/RTL.ai/designs/benchmark/sha256_w_mem.v:138$1753 in module sha256_w_mem.
Marked 2 switch rules as full_case in process $proc$/mnt/d/tushar/Downloads/RTL.ai/designs/benchmark/sha256_w_mem.v:138$1753 in module sha256_w_mem.
Marked 1 switch rules as full_case in process $proc$/mnt/d/tushar/Downloads/RTL.ai/designs/benchmark/sha256_w_mem.v:97$1751 in module sha256_w_mem.
Marked 1 switch rules as full_case in process $proc$/mnt/d/tushar/Downloads/RTL.ai/designs/benchmark_top.v:229$27 in module benchmark_top.
Marked 1 switch rules as full_case in process $proc$/mnt/d/tushar/Downloads/RTL.ai/designs/benchmark_top.v:211$20 in module benchmark_top.
Marked 1 switch rules as full_case in process $proc$/mnt/d/tushar/Downloads/RTL.ai/designs/benchmark_top.v:186$19 in module benchmark_top.
Marked 1 switch rules as full_case in process $proc$/mnt/d/tushar/Downloads/RTL.ai/designs/benchmark_top.v:166$17 in module benchmark_top.
Marked 1 switch rules as full_case in process $proc$/mnt/d/tushar/Downloads/RTL.ai/designs/benchmark_top.v:145$14 in module benchmark_top.
Marked 1 switch rules as full_case in process $proc$/mnt/d/tushar/Downloads/RTL.ai/designs/benchmark_top.v:124$12 in module benchmark_top.
Removed a total of 6 dead cases.

19.3. Executing PROC_PRUNE pass (remove redundant assignments in processes).
Removed 31 redundant assignments.
Promoted 280 assignments to connections.

19.4. Executing PROC_INIT pass (extract init attributes).

19.5. Executing PROC_ARST pass (detect async resets in processes).
Found async reset \reset_n in `\sha256_core.$proc$/mnt/d/tushar/Downloads/RTL.ai/designs/benchmark/sha256_core.v:203$1710'.
Found async reset \reset_n in `\sha256.$proc$/mnt/d/tushar/Downloads/RTL.ai/designs/benchmark/sha256.v:162$1677'.
Found async reset \rst_async in `\reset_sync.$proc$/mnt/d/tushar/Downloads/RTL.ai/designs/reset_sync.v:12$41'.
Found async reset \reset_n in `\sha256_w_mem.$proc$/mnt/d/tushar/Downloads/RTL.ai/designs/benchmark/sha256_w_mem.v:97$1751'.

19.6. Executing PROC_ROM pass (convert switches to ROMs).
Converted 2 switches.
<suppressed ~296 debug messages>

19.7. Executing PROC_MUX pass (convert decision trees to multiplexers).
Creating decoders for process `\sha256_k_constants.$proc$/mnt/d/tushar/Downloads/RTL.ai/designs/benchmark/sha256_k_constants.v:61$1748'.
     1/1: $1\tmp_K[31:0]
Creating decoders for process `\sha256_core.$proc$/mnt/d/tushar/Downloads/RTL.ai/designs/benchmark/sha256_core.v:469$1746'.
     1/32: $4\sha256_ctrl_we[0:0]
     2/32: $4\sha256_ctrl_new[1:0]
     3/32: $3\sha256_ctrl_we[0:0]
     4/32: $3\sha256_ctrl_new[1:0]
     5/32: $3\digest_valid_we[0:0]
     6/32: $3\digest_valid_new[0:0]
     7/32: $3\state_init[0:0]
     8/32: $3\w_init[0:0]
     9/32: $3\t_ctr_rst[0:0]
    10/32: $2\sha256_ctrl_we[0:0]
    11/32: $2\sha256_ctrl_new[1:0]
    12/32: $2\digest_valid_we[0:0]
    13/32: $2\digest_valid_new[0:0]
    14/32: $2\t_ctr_rst[0:0]
    15/32: $2\first_block[0:0]
    16/32: $2\state_init[0:0]
    17/32: $2\w_init[0:0]
    18/32: $2\digest_init[0:0]
    19/32: $1\w_init[0:0]
    20/32: $1\state_init[0:0]
    21/32: $1\sha256_ctrl_we[0:0]
    22/32: $1\sha256_ctrl_new[1:0]
    23/32: $1\digest_valid_we[0:0]
    24/32: $1\digest_valid_new[0:0]
    25/32: $1\t_ctr_rst[0:0]
    26/32: $1\first_block[0:0]
    27/32: $1\digest_init[0:0]
    28/32: $1\ready_flag[0:0]
    29/32: $1\w_next[0:0]
    30/32: $1\state_update[0:0]
    31/32: $1\digest_update[0:0]
    32/32: $1\t_ctr_inc[0:0]
Creating decoders for process `\sha256_core.$proc$/mnt/d/tushar/Downloads/RTL.ai/designs/benchmark/sha256_core.v:445$1744'.
     1/4: $2\t_ctr_we[0:0]
     2/4: $2\t_ctr_new[5:0]
     3/4: $1\t_ctr_we[0:0]
     4/4: $1\t_ctr_new[5:0]
Creating decoders for process `\sha256_core.$proc$/mnt/d/tushar/Downloads/RTL.ai/designs/benchmark/sha256_core.v:371$1741'.
     1/34: $2\a_h_we[0:0]
     2/34: $4\h_new[31:0]
     3/34: $4\g_new[31:0]
     4/34: $4\f_new[31:0]
     5/34: $4\e_new[31:0]
     6/34: $4\d_new[31:0]
     7/34: $4\c_new[31:0]
     8/34: $4\b_new[31:0]
     9/34: $4\a_new[31:0]
    10/34: $3\h_new[31:0]
    11/34: $3\g_new[31:0]
    12/34: $3\f_new[31:0]
    13/34: $3\e_new[31:0]
    14/34: $3\d_new[31:0]
    15/34: $3\c_new[31:0]
    16/34: $3\b_new[31:0]
    17/34: $3\a_new[31:0]
    18/34: $2\h_new[31:0]
    19/34: $2\g_new[31:0]
    20/34: $2\f_new[31:0]
    21/34: $2\e_new[31:0]
    22/34: $2\d_new[31:0]
    23/34: $2\c_new[31:0]
    24/34: $2\b_new[31:0]
    25/34: $2\a_new[31:0]
    26/34: $1\h_new[31:0]
    27/34: $1\g_new[31:0]
    28/34: $1\f_new[31:0]
    29/34: $1\e_new[31:0]
    30/34: $1\d_new[31:0]
    31/34: $1\c_new[31:0]
    32/34: $1\b_new[31:0]
    33/34: $1\a_new[31:0]
    34/34: $1\a_h_we[0:0]
Creating decoders for process `\sha256_core.$proc$/mnt/d/tushar/Downloads/RTL.ai/designs/benchmark/sha256_core.v:350$1732'.
Creating decoders for process `\sha256_core.$proc$/mnt/d/tushar/Downloads/RTL.ai/designs/benchmark/sha256_core.v:330$1721'.
Creating decoders for process `\sha256_core.$proc$/mnt/d/tushar/Downloads/RTL.ai/designs/benchmark/sha256_core.v:271$1712'.
     1/26: $2\H_we[0:0]
     2/26: $3\H7_new[31:0]
     3/26: $3\H6_new[31:0]
     4/26: $3\H5_new[31:0]
     5/26: $3\H4_new[31:0]
     6/26: $3\H3_new[31:0]
     7/26: $3\H2_new[31:0]
     8/26: $3\H1_new[31:0]
     9/26: $3\H0_new[31:0]
    10/26: $2\H7_new[31:0]
    11/26: $2\H6_new[31:0]
    12/26: $2\H5_new[31:0]
    13/26: $2\H4_new[31:0]
    14/26: $2\H3_new[31:0]
    15/26: $2\H2_new[31:0]
    16/26: $2\H1_new[31:0]
    17/26: $2\H0_new[31:0]
    18/26: $1\H7_new[31:0]
    19/26: $1\H6_new[31:0]
    20/26: $1\H5_new[31:0]
    21/26: $1\H4_new[31:0]
    22/26: $1\H3_new[31:0]
    23/26: $1\H2_new[31:0]
    24/26: $1\H1_new[31:0]
    25/26: $1\H0_new[31:0]
    26/26: $1\H_we[0:0]
Creating decoders for process `\sha256_core.$proc$/mnt/d/tushar/Downloads/RTL.ai/designs/benchmark/sha256_core.v:203$1710'.
     1/19: $0\sha256_ctrl_reg[1:0]
     2/19: $0\t_ctr_reg[5:0]
     3/19: $0\H7_reg[31:0]
     4/19: $0\H6_reg[31:0]
     5/19: $0\H5_reg[31:0]
     6/19: $0\H4_reg[31:0]
     7/19: $0\H3_reg[31:0]
     8/19: $0\H2_reg[31:0]
     9/19: $0\H1_reg[31:0]
    10/19: $0\H0_reg[31:0]
    11/19: $0\h_reg[31:0]
    12/19: $0\g_reg[31:0]
    13/19: $0\f_reg[31:0]
    14/19: $0\e_reg[31:0]
    15/19: $0\d_reg[31:0]
    16/19: $0\c_reg[31:0]
    17/19: $0\b_reg[31:0]
    18/19: $0\a_reg[31:0]
    19/19: $0\digest_valid_reg[0:0]
Creating decoders for process `\sha256.$proc$/mnt/d/tushar/Downloads/RTL.ai/designs/benchmark/sha256.v:203$1685'.
     1/27: $5\tmp_read_data[31:0]
     2/27: $4\tmp_read_data[31:0]
     3/27: $4$mem2reg_rd$\block_reg$/mnt/d/tushar/Downloads/RTL.ai/designs/benchmark/sha256.v:232$1676_DATA[31:0]$1701
     4/27: $3\tmp_read_data[31:0]
     5/27: $3$mem2reg_rd$\block_reg$/mnt/d/tushar/Downloads/RTL.ai/designs/benchmark/sha256.v:232$1676_DATA[31:0]$1700
     6/27: $3$mem2reg_rd$\block_reg$/mnt/d/tushar/Downloads/RTL.ai/designs/benchmark/sha256.v:232$1676_ADDR[3:0]$1699
     7/27: $3\block_we[0:0]
     8/27: $3\mode_we[0:0]
     9/27: $3\mode_new[0:0]
    10/27: $3\next_new[0:0]
    11/27: $3\init_new[0:0]
    12/27: $2\block_we[0:0]
    13/27: $2\mode_we[0:0]
    14/27: $2\mode_new[0:0]
    15/27: $2\next_new[0:0]
    16/27: $2\init_new[0:0]
    17/27: $2$mem2reg_rd$\block_reg$/mnt/d/tushar/Downloads/RTL.ai/designs/benchmark/sha256.v:232$1676_DATA[31:0]$1691
    18/27: $2$mem2reg_rd$\block_reg$/mnt/d/tushar/Downloads/RTL.ai/designs/benchmark/sha256.v:232$1676_ADDR[3:0]$1690
    19/27: $2\tmp_read_data[31:0]
    20/27: $1$mem2reg_rd$\block_reg$/mnt/d/tushar/Downloads/RTL.ai/designs/benchmark/sha256.v:232$1676_DATA[31:0]$1689
    21/27: $1$mem2reg_rd$\block_reg$/mnt/d/tushar/Downloads/RTL.ai/designs/benchmark/sha256.v:232$1676_ADDR[3:0]$1688
    22/27: $1\tmp_read_data[31:0]
    23/27: $1\block_we[0:0]
    24/27: $1\mode_we[0:0]
    25/27: $1\mode_new[0:0]
    26/27: $1\next_new[0:0]
    27/27: $1\init_new[0:0]
Creating decoders for process `\sha256.$proc$/mnt/d/tushar/Downloads/RTL.ai/designs/benchmark/sha256.v:162$1677'.
     1/27: $2$mem2reg_wr$\block_reg$/mnt/d/tushar/Downloads/RTL.ai/designs/benchmark/sha256.v:192$1675_ADDR[3:0]$1683
     2/27: $2$mem2reg_wr$\block_reg$/mnt/d/tushar/Downloads/RTL.ai/designs/benchmark/sha256.v:192$1675_DATA[31:0]$1684
     3/27: $1$mem2reg_wr$\block_reg$/mnt/d/tushar/Downloads/RTL.ai/designs/benchmark/sha256.v:192$1675_DATA[31:0]$1682
     4/27: $1$mem2reg_wr$\block_reg$/mnt/d/tushar/Downloads/RTL.ai/designs/benchmark/sha256.v:192$1675_ADDR[3:0]$1681
     5/27: $0\next_reg[0:0]
     6/27: $0\init_reg[0:0]
     7/27: $0\digest_valid_reg[0:0]
     8/27: $0\ready_reg[0:0]
     9/27: $1\reg_update.i[31:0]
    10/27: $0\block_reg[15][31:0]
    11/27: $0\block_reg[14][31:0]
    12/27: $0\block_reg[13][31:0]
    13/27: $0\block_reg[12][31:0]
    14/27: $0\block_reg[11][31:0]
    15/27: $0\block_reg[10][31:0]
    16/27: $0\block_reg[9][31:0]
    17/27: $0\block_reg[8][31:0]
    18/27: $0\block_reg[7][31:0]
    19/27: $0\block_reg[6][31:0]
    20/27: $0\block_reg[5][31:0]
    21/27: $0\block_reg[4][31:0]
    22/27: $0\block_reg[3][31:0]
    23/27: $0\block_reg[2][31:0]
    24/27: $0\block_reg[1][31:0]
    25/27: $0\block_reg[0][31:0]
    26/27: $0\digest_reg[255:0]
    27/27: $0\mode_reg[0:0]
Creating decoders for process `\sad8x8.$proc$/mnt/d/tushar/Downloads/RTL.ai/designs/benchmark/sad8x8.v:43$1669'.
Creating decoders for process `\sad8x8.$proc$/mnt/d/tushar/Downloads/RTL.ai/designs/benchmark/sad8x8.v:43$1664'.
Creating decoders for process `\sad8x8.$proc$/mnt/d/tushar/Downloads/RTL.ai/designs/benchmark/sad8x8.v:43$1659'.
Creating decoders for process `\sad8x8.$proc$/mnt/d/tushar/Downloads/RTL.ai/designs/benchmark/sad8x8.v:43$1654'.
Creating decoders for process `\sad8x8.$proc$/mnt/d/tushar/Downloads/RTL.ai/designs/benchmark/sad8x8.v:43$1649'.
Creating decoders for process `\sad8x8.$proc$/mnt/d/tushar/Downloads/RTL.ai/designs/benchmark/sad8x8.v:43$1644'.
Creating decoders for process `\sad8x8.$proc$/mnt/d/tushar/Downloads/RTL.ai/designs/benchmark/sad8x8.v:43$1639'.
Creating decoders for process `\sad8x8.$proc$/mnt/d/tushar/Downloads/RTL.ai/designs/benchmark/sad8x8.v:43$1634'.
Creating decoders for process `\sad8x8.$proc$/mnt/d/tushar/Downloads/RTL.ai/designs/benchmark/sad8x8.v:43$1629'.
Creating decoders for process `\sad8x8.$proc$/mnt/d/tushar/Downloads/RTL.ai/designs/benchmark/sad8x8.v:43$1624'.
Creating decoders for process `\sad8x8.$proc$/mnt/d/tushar/Downloads/RTL.ai/designs/benchmark/sad8x8.v:43$1619'.
Creating decoders for process `\sad8x8.$proc$/mnt/d/tushar/Downloads/RTL.ai/designs/benchmark/sad8x8.v:43$1614'.
Creating decoders for process `\sad8x8.$proc$/mnt/d/tushar/Downloads/RTL.ai/designs/benchmark/sad8x8.v:43$1609'.
Creating decoders for process `\sad8x8.$proc$/mnt/d/tushar/Downloads/RTL.ai/designs/benchmark/sad8x8.v:43$1604'.
Creating decoders for process `\sad8x8.$proc$/mnt/d/tushar/Downloads/RTL.ai/designs/benchmark/sad8x8.v:43$1599'.
Creating decoders for process `\sad8x8.$proc$/mnt/d/tushar/Downloads/RTL.ai/designs/benchmark/sad8x8.v:43$1594'.
Creating decoders for process `\sad8x8.$proc$/mnt/d/tushar/Downloads/RTL.ai/designs/benchmark/sad8x8.v:43$1589'.
Creating decoders for process `\sad8x8.$proc$/mnt/d/tushar/Downloads/RTL.ai/designs/benchmark/sad8x8.v:43$1584'.
Creating decoders for process `\sad8x8.$proc$/mnt/d/tushar/Downloads/RTL.ai/designs/benchmark/sad8x8.v:43$1579'.
Creating decoders for process `\sad8x8.$proc$/mnt/d/tushar/Downloads/RTL.ai/designs/benchmark/sad8x8.v:43$1574'.
Creating decoders for process `\sad8x8.$proc$/mnt/d/tushar/Downloads/RTL.ai/designs/benchmark/sad8x8.v:43$1569'.
Creating decoders for process `\sad8x8.$proc$/mnt/d/tushar/Downloads/RTL.ai/designs/benchmark/sad8x8.v:43$1564'.
Creating decoders for process `\sad8x8.$proc$/mnt/d/tushar/Downloads/RTL.ai/designs/benchmark/sad8x8.v:43$1559'.
Creating decoders for process `\sad8x8.$proc$/mnt/d/tushar/Downloads/RTL.ai/designs/benchmark/sad8x8.v:43$1554'.
Creating decoders for process `\sad8x8.$proc$/mnt/d/tushar/Downloads/RTL.ai/designs/benchmark/sad8x8.v:43$1549'.
Creating decoders for process `\sad8x8.$proc$/mnt/d/tushar/Downloads/RTL.ai/designs/benchmark/sad8x8.v:43$1544'.
Creating decoders for process `\sad8x8.$proc$/mnt/d/tushar/Downloads/RTL.ai/designs/benchmark/sad8x8.v:43$1539'.
Creating decoders for process `\sad8x8.$proc$/mnt/d/tushar/Downloads/RTL.ai/designs/benchmark/sad8x8.v:43$1534'.
Creating decoders for process `\sad8x8.$proc$/mnt/d/tushar/Downloads/RTL.ai/designs/benchmark/sad8x8.v:43$1529'.
Creating decoders for process `\sad8x8.$proc$/mnt/d/tushar/Downloads/RTL.ai/designs/benchmark/sad8x8.v:43$1524'.
Creating decoders for process `\sad8x8.$proc$/mnt/d/tushar/Downloads/RTL.ai/designs/benchmark/sad8x8.v:43$1519'.
Creating decoders for process `\sad8x8.$proc$/mnt/d/tushar/Downloads/RTL.ai/designs/benchmark/sad8x8.v:43$1514'.
Creating decoders for process `\sad8x8.$proc$/mnt/d/tushar/Downloads/RTL.ai/designs/benchmark/sad8x8.v:43$1509'.
Creating decoders for process `\sad8x8.$proc$/mnt/d/tushar/Downloads/RTL.ai/designs/benchmark/sad8x8.v:43$1504'.
Creating decoders for process `\sad8x8.$proc$/mnt/d/tushar/Downloads/RTL.ai/designs/benchmark/sad8x8.v:43$1499'.
Creating decoders for process `\sad8x8.$proc$/mnt/d/tushar/Downloads/RTL.ai/designs/benchmark/sad8x8.v:43$1494'.
Creating decoders for process `\sad8x8.$proc$/mnt/d/tushar/Downloads/RTL.ai/designs/benchmark/sad8x8.v:43$1489'.
Creating decoders for process `\sad8x8.$proc$/mnt/d/tushar/Downloads/RTL.ai/designs/benchmark/sad8x8.v:43$1484'.
Creating decoders for process `\sad8x8.$proc$/mnt/d/tushar/Downloads/RTL.ai/designs/benchmark/sad8x8.v:43$1479'.
Creating decoders for process `\sad8x8.$proc$/mnt/d/tushar/Downloads/RTL.ai/designs/benchmark/sad8x8.v:43$1474'.
Creating decoders for process `\sad8x8.$proc$/mnt/d/tushar/Downloads/RTL.ai/designs/benchmark/sad8x8.v:43$1469'.
Creating decoders for process `\sad8x8.$proc$/mnt/d/tushar/Downloads/RTL.ai/designs/benchmark/sad8x8.v:43$1464'.
Creating decoders for process `\sad8x8.$proc$/mnt/d/tushar/Downloads/RTL.ai/designs/benchmark/sad8x8.v:43$1459'.
Creating decoders for process `\sad8x8.$proc$/mnt/d/tushar/Downloads/RTL.ai/designs/benchmark/sad8x8.v:43$1454'.
Creating decoders for process `\sad8x8.$proc$/mnt/d/tushar/Downloads/RTL.ai/designs/benchmark/sad8x8.v:43$1449'.
Creating decoders for process `\sad8x8.$proc$/mnt/d/tushar/Downloads/RTL.ai/designs/benchmark/sad8x8.v:43$1444'.
Creating decoders for process `\sad8x8.$proc$/mnt/d/tushar/Downloads/RTL.ai/designs/benchmark/sad8x8.v:43$1439'.
Creating decoders for process `\sad8x8.$proc$/mnt/d/tushar/Downloads/RTL.ai/designs/benchmark/sad8x8.v:43$1434'.
Creating decoders for process `\sad8x8.$proc$/mnt/d/tushar/Downloads/RTL.ai/designs/benchmark/sad8x8.v:43$1429'.
Creating decoders for process `\sad8x8.$proc$/mnt/d/tushar/Downloads/RTL.ai/designs/benchmark/sad8x8.v:43$1424'.
Creating decoders for process `\sad8x8.$proc$/mnt/d/tushar/Downloads/RTL.ai/designs/benchmark/sad8x8.v:43$1419'.
Creating decoders for process `\sad8x8.$proc$/mnt/d/tushar/Downloads/RTL.ai/designs/benchmark/sad8x8.v:43$1414'.
Creating decoders for process `\sad8x8.$proc$/mnt/d/tushar/Downloads/RTL.ai/designs/benchmark/sad8x8.v:43$1409'.
Creating decoders for process `\sad8x8.$proc$/mnt/d/tushar/Downloads/RTL.ai/designs/benchmark/sad8x8.v:43$1404'.
Creating decoders for process `\sad8x8.$proc$/mnt/d/tushar/Downloads/RTL.ai/designs/benchmark/sad8x8.v:43$1399'.
Creating decoders for process `\sad8x8.$proc$/mnt/d/tushar/Downloads/RTL.ai/designs/benchmark/sad8x8.v:43$1394'.
Creating decoders for process `\sad8x8.$proc$/mnt/d/tushar/Downloads/RTL.ai/designs/benchmark/sad8x8.v:43$1389'.
Creating decoders for process `\sad8x8.$proc$/mnt/d/tushar/Downloads/RTL.ai/designs/benchmark/sad8x8.v:43$1384'.
Creating decoders for process `\sad8x8.$proc$/mnt/d/tushar/Downloads/RTL.ai/designs/benchmark/sad8x8.v:43$1379'.
Creating decoders for process `\sad8x8.$proc$/mnt/d/tushar/Downloads/RTL.ai/designs/benchmark/sad8x8.v:43$1374'.
Creating decoders for process `\sad8x8.$proc$/mnt/d/tushar/Downloads/RTL.ai/designs/benchmark/sad8x8.v:43$1369'.
Creating decoders for process `\sad8x8.$proc$/mnt/d/tushar/Downloads/RTL.ai/designs/benchmark/sad8x8.v:43$1364'.
Creating decoders for process `\sad8x8.$proc$/mnt/d/tushar/Downloads/RTL.ai/designs/benchmark/sad8x8.v:43$1359'.
Creating decoders for process `\sad8x8.$proc$/mnt/d/tushar/Downloads/RTL.ai/designs/benchmark/sad8x8.v:43$1354'.
Creating decoders for process `\sad8x8.$proc$/mnt/d/tushar/Downloads/RTL.ai/designs/benchmark/sad8x8.v:56$1353'.
     1/2: $0\sad[13:0]
     2/2: $0\valid_out[0:0]
Creating decoders for process `\sad8x8.$proc$/mnt/d/tushar/Downloads/RTL.ai/designs/benchmark/sad8x8.v:50$1288'.
Creating decoders for process `\ddc.$proc$/mnt/d/tushar/Downloads/RTL.ai/designs/benchmark/ddc.v:113$1929'.
Creating decoders for process `\ddc.$proc$/mnt/d/tushar/Downloads/RTL.ai/designs/benchmark/ddc.v:112$1928'.
Creating decoders for process `\ddc.$proc$/mnt/d/tushar/Downloads/RTL.ai/designs/benchmark/ddc.v:113$1927'.
Creating decoders for process `\ddc.$proc$/mnt/d/tushar/Downloads/RTL.ai/designs/benchmark/ddc.v:112$1926'.
Creating decoders for process `\ddc.$proc$/mnt/d/tushar/Downloads/RTL.ai/designs/benchmark/ddc.v:96$1925'.
Creating decoders for process `\ddc.$proc$/mnt/d/tushar/Downloads/RTL.ai/designs/benchmark/ddc.v:95$1924'.
Creating decoders for process `\ddc.$proc$/mnt/d/tushar/Downloads/RTL.ai/designs/benchmark/ddc.v:84$1923'.
     1/2: $0\mix_valid[0:0]
     2/2: $0\mix_valid_d[0:0]
Creating decoders for process `$paramod$33682cd1d05634ea6014b34575d141b8a856657a\ddc_mixer.$proc$/mnt/d/tushar/Downloads/RTL.ai/designs/benchmark/ddc_mixer.v:62$1913'.
     1/2: $0\qout[15:0]
     2/2: $0\iout[15:0]
Creating decoders for process `$paramod$498463d264968bc81db47baec170cc0cc7a42680\ddc_cic.$proc$/mnt/d/tushar/Downloads/RTL.ai/designs/benchmark/ddc_cic.v:130$1895'.
Creating decoders for process `$paramod$498463d264968bc81db47baec170cc0cc7a42680\ddc_cic.$proc$/mnt/d/tushar/Downloads/RTL.ai/designs/benchmark/ddc_cic.v:130$1893'.
Creating decoders for process `$paramod$498463d264968bc81db47baec170cc0cc7a42680\ddc_cic.$proc$/mnt/d/tushar/Downloads/RTL.ai/designs/benchmark/ddc_cic.v:130$1891'.
Creating decoders for process `$paramod$498463d264968bc81db47baec170cc0cc7a42680\ddc_cic.$proc$/mnt/d/tushar/Downloads/RTL.ai/designs/benchmark/ddc_cic.v:130$1889'.
Creating decoders for process `$paramod$498463d264968bc81db47baec170cc0cc7a42680\ddc_cic.$proc$/mnt/d/tushar/Downloads/RTL.ai/designs/benchmark/ddc_cic.v:80$1888'.
Creating decoders for process `$paramod$498463d264968bc81db47baec170cc0cc7a42680\ddc_cic.$proc$/mnt/d/tushar/Downloads/RTL.ai/designs/benchmark/ddc_cic.v:80$1887'.
Creating decoders for process `$paramod$498463d264968bc81db47baec170cc0cc7a42680\ddc_cic.$proc$/mnt/d/tushar/Downloads/RTL.ai/designs/benchmark/ddc_cic.v:80$1886'.
Creating decoders for process `$paramod$498463d264968bc81db47baec170cc0cc7a42680\ddc_cic.$proc$/mnt/d/tushar/Downloads/RTL.ai/designs/benchmark/ddc_cic.v:80$1885'.
Creating decoders for process `$paramod$498463d264968bc81db47baec170cc0cc7a42680\ddc_cic.$proc$/mnt/d/tushar/Downloads/RTL.ai/designs/benchmark/ddc_cic.v:109$1884'.
Creating decoders for process `$paramod$498463d264968bc81db47baec170cc0cc7a42680\ddc_cic.$proc$/mnt/d/tushar/Downloads/RTL.ai/designs/benchmark/ddc_cic.v:65$1883'.
Creating decoders for process `$paramod$498463d264968bc81db47baec170cc0cc7a42680\ddc_cic.$proc$/mnt/d/tushar/Downloads/RTL.ai/designs/benchmark/ddc_cic.v:119$1882'.
     1/3: $2\g_comb[3].k[31:0]
     2/3: $1\g_comb[3].k[31:0]
     3/3: $0\g_comb[3].dly[0][27:0]
Creating decoders for process `$paramod$498463d264968bc81db47baec170cc0cc7a42680\ddc_cic.$proc$/mnt/d/tushar/Downloads/RTL.ai/designs/benchmark/ddc_cic.v:119$1881'.
     1/3: $2\g_comb[2].k[31:0]
     2/3: $1\g_comb[2].k[31:0]
     3/3: $0\g_comb[2].dly[0][27:0]
Creating decoders for process `$paramod$498463d264968bc81db47baec170cc0cc7a42680\ddc_cic.$proc$/mnt/d/tushar/Downloads/RTL.ai/designs/benchmark/ddc_cic.v:119$1880'.
     1/3: $2\g_comb[1].k[31:0]
     2/3: $1\g_comb[1].k[31:0]
     3/3: $0\g_comb[1].dly[0][27:0]
Creating decoders for process `$paramod$498463d264968bc81db47baec170cc0cc7a42680\ddc_cic.$proc$/mnt/d/tushar/Downloads/RTL.ai/designs/benchmark/ddc_cic.v:119$1879'.
     1/3: $2\g_comb[0].k[31:0]
     2/3: $1\g_comb[0].k[31:0]
     3/3: $0\g_comb[0].dly[0][27:0]
Creating decoders for process `$paramod$498463d264968bc81db47baec170cc0cc7a42680\ddc_cic.$proc$/mnt/d/tushar/Downloads/RTL.ai/designs/benchmark/ddc_cic.v:74$1877'.
     1/1: $0\g_integ[3].acc[27:0]
Creating decoders for process `$paramod$498463d264968bc81db47baec170cc0cc7a42680\ddc_cic.$proc$/mnt/d/tushar/Downloads/RTL.ai/designs/benchmark/ddc_cic.v:74$1875'.
     1/1: $0\g_integ[2].acc[27:0]
Creating decoders for process `$paramod$498463d264968bc81db47baec170cc0cc7a42680\ddc_cic.$proc$/mnt/d/tushar/Downloads/RTL.ai/designs/benchmark/ddc_cic.v:74$1873'.
     1/1: $0\g_integ[1].acc[27:0]
Creating decoders for process `$paramod$498463d264968bc81db47baec170cc0cc7a42680\ddc_cic.$proc$/mnt/d/tushar/Downloads/RTL.ai/designs/benchmark/ddc_cic.v:74$1871'.
     1/1: $0\g_integ[0].acc[27:0]
Creating decoders for process `$paramod$498463d264968bc81db47baec170cc0cc7a42680\ddc_cic.$proc$/mnt/d/tushar/Downloads/RTL.ai/designs/benchmark/ddc_cic.v:139$1870'.
     1/2: $0\out_valid[0:0]
     2/2: $0\out_data[15:0]
Creating decoders for process `$paramod$498463d264968bc81db47baec170cc0cc7a42680\ddc_cic.$proc$/mnt/d/tushar/Downloads/RTL.ai/designs/benchmark/ddc_cic.v:88$1866'.
     1/3: $0\cb_en[0:0]
     2/3: $0\dec_data[27:0]
     3/3: $0\cnt[2:0]
Creating decoders for process `\picorv32_pcpi_div.$proc$/mnt/d/tushar/Downloads/RTL.ai/designs/benchmark/picorv32.v:2464$1225'.
     1/9: $0\pcpi_rd[31:0]
     2/9: $0\pcpi_wr[0:0]
     3/9: $0\pcpi_ready[0:0]
     4/9: $0\outsign[0:0]
     5/9: $0\running[0:0]
     6/9: $0\quotient_msk[31:0]
     7/9: $0\quotient[31:0]
     8/9: $0\divisor[62:0]
     9/9: $0\dividend[31:0]
Creating decoders for process `\picorv32_pcpi_div.$proc$/mnt/d/tushar/Downloads/RTL.ai/designs/benchmark/picorv32.v:2438$1215'.
     1/4: $0\instr_remu[0:0]
     2/4: $0\instr_rem[0:0]
     3/4: $0\instr_divu[0:0]
     4/4: $0\instr_div[0:0]
Creating decoders for process `\picorv32_pcpi_fast_mul.$proc$/mnt/d/tushar/Downloads/RTL.ai/designs/benchmark/picorv32.v:2378$1206'.
     1/4: $0\active[3:0] [3:1]
     2/4: $0\active[3:0] [0]
     3/4: $0\rs2[32:0]
     4/4: $0\rs1[32:0]
Creating decoders for process `\picorv32_pcpi_fast_mul.$proc$/mnt/d/tushar/Downloads/RTL.ai/designs/benchmark/picorv32.v:2364$1201'.
     1/4: $0\rd_q[63:0]
     2/4: $0\rs2_q[32:0]
     3/4: $0\rs1_q[32:0]
     4/4: $0\rd[63:0]
Creating decoders for process `\picorv32_pcpi_fast_mul.$proc$/mnt/d/tushar/Downloads/RTL.ai/designs/benchmark/picorv32.v:2348$1199'.
     1/8: $2\instr_mul[0:0]
     2/8: $2\instr_mulhu[0:0]
     3/8: $2\instr_mulhsu[0:0]
     4/8: $2\instr_mulh[0:0]
     5/8: $1\instr_mulhu[0:0]
     6/8: $1\instr_mulhsu[0:0]
     7/8: $1\instr_mulh[0:0]
     8/8: $1\instr_mul[0:0]
Creating decoders for process `$paramod$6b2e5777348611c38df4110cba65fe3615d0b62c\ddc_fir.$proc$/mnt/d/tushar/Downloads/RTL.ai/designs/benchmark/ddc_fir.v:73$1863'.
Creating decoders for process `$paramod$6b2e5777348611c38df4110cba65fe3615d0b62c\ddc_fir.$proc$/mnt/d/tushar/Downloads/RTL.ai/designs/benchmark/ddc_fir.v:73$1861'.
Creating decoders for process `$paramod$6b2e5777348611c38df4110cba65fe3615d0b62c\ddc_fir.$proc$/mnt/d/tushar/Downloads/RTL.ai/designs/benchmark/ddc_fir.v:73$1859'.
Creating decoders for process `$paramod$6b2e5777348611c38df4110cba65fe3615d0b62c\ddc_fir.$proc$/mnt/d/tushar/Downloads/RTL.ai/designs/benchmark/ddc_fir.v:73$1857'.
Creating decoders for process `$paramod$6b2e5777348611c38df4110cba65fe3615d0b62c\ddc_fir.$proc$/mnt/d/tushar/Downloads/RTL.ai/designs/benchmark/ddc_fir.v:73$1855'.
Creating decoders for process `$paramod$6b2e5777348611c38df4110cba65fe3615d0b62c\ddc_fir.$proc$/mnt/d/tushar/Downloads/RTL.ai/designs/benchmark/ddc_fir.v:73$1853'.
Creating decoders for process `$paramod$6b2e5777348611c38df4110cba65fe3615d0b62c\ddc_fir.$proc$/mnt/d/tushar/Downloads/RTL.ai/designs/benchmark/ddc_fir.v:73$1851'.
Creating decoders for process `$paramod$6b2e5777348611c38df4110cba65fe3615d0b62c\ddc_fir.$proc$/mnt/d/tushar/Downloads/RTL.ai/designs/benchmark/ddc_fir.v:73$1849'.
Creating decoders for process `$paramod$6b2e5777348611c38df4110cba65fe3615d0b62c\ddc_fir.$proc$/mnt/d/tushar/Downloads/RTL.ai/designs/benchmark/ddc_fir.v:73$1847'.
Creating decoders for process `$paramod$6b2e5777348611c38df4110cba65fe3615d0b62c\ddc_fir.$proc$/mnt/d/tushar/Downloads/RTL.ai/designs/benchmark/ddc_fir.v:73$1845'.
Creating decoders for process `$paramod$6b2e5777348611c38df4110cba65fe3615d0b62c\ddc_fir.$proc$/mnt/d/tushar/Downloads/RTL.ai/designs/benchmark/ddc_fir.v:73$1843'.
Creating decoders for process `$paramod$6b2e5777348611c38df4110cba65fe3615d0b62c\ddc_fir.$proc$/mnt/d/tushar/Downloads/RTL.ai/designs/benchmark/ddc_fir.v:73$1841'.
Creating decoders for process `$paramod$6b2e5777348611c38df4110cba65fe3615d0b62c\ddc_fir.$proc$/mnt/d/tushar/Downloads/RTL.ai/designs/benchmark/ddc_fir.v:73$1839'.
Creating decoders for process `$paramod$6b2e5777348611c38df4110cba65fe3615d0b62c\ddc_fir.$proc$/mnt/d/tushar/Downloads/RTL.ai/designs/benchmark/ddc_fir.v:73$1837'.
Creating decoders for process `$paramod$6b2e5777348611c38df4110cba65fe3615d0b62c\ddc_fir.$proc$/mnt/d/tushar/Downloads/RTL.ai/designs/benchmark/ddc_fir.v:73$1835'.
Creating decoders for process `$paramod$6b2e5777348611c38df4110cba65fe3615d0b62c\ddc_fir.$proc$/mnt/d/tushar/Downloads/RTL.ai/designs/benchmark/ddc_fir.v:63$1833'.
Creating decoders for process `$paramod$6b2e5777348611c38df4110cba65fe3615d0b62c\ddc_fir.$proc$/mnt/d/tushar/Downloads/RTL.ai/designs/benchmark/ddc_fir.v:63$1831'.
Creating decoders for process `$paramod$6b2e5777348611c38df4110cba65fe3615d0b62c\ddc_fir.$proc$/mnt/d/tushar/Downloads/RTL.ai/designs/benchmark/ddc_fir.v:63$1829'.
Creating decoders for process `$paramod$6b2e5777348611c38df4110cba65fe3615d0b62c\ddc_fir.$proc$/mnt/d/tushar/Downloads/RTL.ai/designs/benchmark/ddc_fir.v:63$1827'.
Creating decoders for process `$paramod$6b2e5777348611c38df4110cba65fe3615d0b62c\ddc_fir.$proc$/mnt/d/tushar/Downloads/RTL.ai/designs/benchmark/ddc_fir.v:63$1825'.
Creating decoders for process `$paramod$6b2e5777348611c38df4110cba65fe3615d0b62c\ddc_fir.$proc$/mnt/d/tushar/Downloads/RTL.ai/designs/benchmark/ddc_fir.v:63$1823'.
Creating decoders for process `$paramod$6b2e5777348611c38df4110cba65fe3615d0b62c\ddc_fir.$proc$/mnt/d/tushar/Downloads/RTL.ai/designs/benchmark/ddc_fir.v:63$1821'.
Creating decoders for process `$paramod$6b2e5777348611c38df4110cba65fe3615d0b62c\ddc_fir.$proc$/mnt/d/tushar/Downloads/RTL.ai/designs/benchmark/ddc_fir.v:63$1819'.
Creating decoders for process `$paramod$6b2e5777348611c38df4110cba65fe3615d0b62c\ddc_fir.$proc$/mnt/d/tushar/Downloads/RTL.ai/designs/benchmark/ddc_fir.v:63$1817'.
Creating decoders for process `$paramod$6b2e5777348611c38df4110cba65fe3615d0b62c\ddc_fir.$proc$/mnt/d/tushar/Downloads/RTL.ai/designs/benchmark/ddc_fir.v:63$1815'.
Creating decoders for process `$paramod$6b2e5777348611c38df4110cba65fe3615d0b62c\ddc_fir.$proc$/mnt/d/tushar/Downloads/RTL.ai/designs/benchmark/ddc_fir.v:63$1813'.
Creating decoders for process `$paramod$6b2e5777348611c38df4110cba65fe3615d0b62c\ddc_fir.$proc$/mnt/d/tushar/Downloads/RTL.ai/designs/benchmark/ddc_fir.v:63$1811'.
Creating decoders for process `$paramod$6b2e5777348611c38df4110cba65fe3615d0b62c\ddc_fir.$proc$/mnt/d/tushar/Downloads/RTL.ai/designs/benchmark/ddc_fir.v:63$1809'.
Creating decoders for process `$paramod$6b2e5777348611c38df4110cba65fe3615d0b62c\ddc_fir.$proc$/mnt/d/tushar/Downloads/RTL.ai/designs/benchmark/ddc_fir.v:63$1807'.
Creating decoders for process `$paramod$6b2e5777348611c38df4110cba65fe3615d0b62c\ddc_fir.$proc$/mnt/d/tushar/Downloads/RTL.ai/designs/benchmark/ddc_fir.v:63$1805'.
Creating decoders for process `$paramod$6b2e5777348611c38df4110cba65fe3615d0b62c\ddc_fir.$proc$/mnt/d/tushar/Downloads/RTL.ai/designs/benchmark/ddc_fir.v:69$1804'.
Creating decoders for process `$paramod$6b2e5777348611c38df4110cba65fe3615d0b62c\ddc_fir.$proc$/mnt/d/tushar/Downloads/RTL.ai/designs/benchmark/ddc_fir.v:89$1803'.
     1/19: $2\j[31:0]
     2/19: $0\out_valid[0:0]
     3/19: $1\j[31:0]
     4/19: $0\shift[14][15:0]
     5/19: $0\shift[13][15:0]
     6/19: $0\shift[12][15:0]
     7/19: $0\shift[11][15:0]
     8/19: $0\shift[10][15:0]
     9/19: $0\shift[9][15:0]
    10/19: $0\shift[8][15:0]
    11/19: $0\shift[7][15:0]
    12/19: $0\shift[6][15:0]
    13/19: $0\shift[5][15:0]
    14/19: $0\shift[4][15:0]
    15/19: $0\shift[3][15:0]
    16/19: $0\shift[2][15:0]
    17/19: $0\shift[1][15:0]
    18/19: $0\shift[0][15:0]
    19/19: $0\out_data[15:0]
Creating decoders for process `$paramod\clk_divider\DIV=s32'00000000000000000000000000000010.$proc$/mnt/d/tushar/Downloads/RTL.ai/designs/clk_divider.v:16$1793'.
     1/2: $0\count[7:0]
     2/2: $0\clk_out[0:0]
Creating decoders for process `\picorv32.$proc$/mnt/d/tushar/Downloads/RTL.ai/designs/benchmark/picorv32.v:1402$945'.
     1/83: $0\reg_next_pc[31:0] [0]
     2/83: $0\reg_pc[31:0] [0]
     3/83: $17\next_irq_pending[2:2]
     4/83: $16\next_irq_pending[2:2]
     5/83: $15\next_irq_pending[2:2]
     6/83: $14\next_irq_pending[2:2]
     7/83: $13\next_irq_pending[2:2]
     8/83: $12\next_irq_pending[2:2]
     9/83: $11\next_irq_pending[2:2]
    10/83: $10\next_irq_pending[0:0]
    11/83: $9\next_irq_pending[0:0]
    12/83: $8\next_irq_pending[31:0] [0]
    13/83: $8\next_irq_pending[31:0] [31:1]
    14/83: $2\next_irq_pending[31:0] [31:2]
    15/83: $3\set_mem_do_rdata[0:0]
    16/83: $2\next_irq_pending[31:0] [1]
    17/83: $3\set_mem_do_wdata[0:0]
    18/83: $2\next_irq_pending[31:0] [0]
    19/83: $4\set_mem_do_rinst[0:0]
    20/83: $3\set_mem_do_rinst[0:0]
    21/83: $4\set_mem_do_wdata[0:0]
    22/83: $6\next_irq_pending[1:1]
    23/83: $5\next_irq_pending[1:1]
    24/83: $4\next_irq_pending[1:1]
    25/83: $4\set_mem_do_rdata[0:0]
    26/83: $5\set_mem_do_rinst[0:0]
    27/83: $7\next_irq_pending[1:1]
    28/83: $0\count_instr[63:0] [31:0]
    29/83: $3\next_irq_pending[31:0]
    30/83: $0\count_instr[63:0] [63:32]
    31/83: $2\current_pc[31:0]
    32/83: $2\set_mem_do_wdata[0:0]
    33/83: $2\set_mem_do_rdata[0:0]
    34/83: $2\set_mem_do_rinst[0:0]
    35/83: $1\next_irq_pending[31:0]
    36/83: $1\current_pc[31:0]
    37/83: $1\set_mem_do_wdata[0:0]
    38/83: $1\set_mem_do_rdata[0:0]
    39/83: $1\set_mem_do_rinst[0:0]
    40/83: $0\trace_data[35:0]
    41/83: $0\count_cycle[63:0] [63:32]
    42/83: $0\count_cycle[63:0] [31:0]
    43/83: $0\trace_valid[0:0]
    44/83: $0\do_waitirq[0:0]
    45/83: $0\decoder_pseudo_trigger[0:0]
    46/83: $0\decoder_trigger[0:0]
    47/83: $0\alu_wait_2[0:0]
    48/83: $0\alu_wait[0:0]
    49/83: $0\reg_out[31:0]
    50/83: $0\reg_sh[4:0]
    51/83: $0\trap[0:0]
    52/83: $0\pcpi_timeout[0:0]
    53/83: $0\latched_rd[4:0]
    54/83: $0\latched_is_lb[0:0]
    55/83: $0\latched_is_lh[0:0]
    56/83: $0\latched_is_lu[0:0]
    57/83: $0\latched_trace[0:0]
    58/83: $0\latched_compr[0:0]
    59/83: $0\latched_branch[0:0]
    60/83: $0\latched_stalu[0:0]
    61/83: $0\latched_store[0:0]
    62/83: $0\irq_state[1:0]
    63/83: $0\cpu_state[7:0]
    64/83: $0\dbg_rs2val_valid[0:0]
    65/83: $0\dbg_rs1val_valid[0:0]
    66/83: $0\dbg_rs2val[31:0]
    67/83: $0\dbg_rs1val[31:0]
    68/83: $0\mem_do_wdata[0:0]
    69/83: $0\mem_do_rdata[0:0]
    70/83: $0\mem_do_rinst[0:0]
    71/83: $0\mem_do_prefetch[0:0]
    72/83: $0\mem_wordsize[1:0]
    73/83: $0\timer[31:0]
    74/83: $0\irq_mask[31:0]
    75/83: $0\irq_active[0:0]
    76/83: $0\irq_delay[0:0]
    77/83: $0\reg_op2[31:0]
    78/83: $0\reg_op1[31:0]
    79/83: $0\reg_next_pc[31:0] [31:1]
    80/83: $0\reg_pc[31:0] [31:1]
    81/83: $3\current_pc[31:0]
    82/83: $0\eoi[31:0]
    83/83: $0\pcpi_valid[0:0]
Creating decoders for process `\picorv32.$proc$/mnt/d/tushar/Downloads/RTL.ai/designs/benchmark/picorv32.v:1348$930'.
Creating decoders for process `\picorv32.$proc$/mnt/d/tushar/Downloads/RTL.ai/designs/benchmark/picorv32.v:1337$921'.
     1/3: $1$memwr$\cpuregs$/mnt/d/tushar/Downloads/RTL.ai/designs/benchmark/picorv32.v:1344$454_EN[31:0]$929
     2/3: $1$memwr$\cpuregs$/mnt/d/tushar/Downloads/RTL.ai/designs/benchmark/picorv32.v:1344$454_DATA[31:0]$928
     3/3: $1$memwr$\cpuregs$/mnt/d/tushar/Downloads/RTL.ai/designs/benchmark/picorv32.v:1344$454_ADDR[4:0]$927
Creating decoders for process `\picorv32.$proc$/mnt/d/tushar/Downloads/RTL.ai/designs/benchmark/picorv32.v:1309$909'.
     1/4: $2\cpuregs_write[0:0]
     2/4: $2\cpuregs_wrdata[31:0]
     3/4: $1\cpuregs_wrdata[31:0]
     4/4: $1\cpuregs_write[0:0]
Creating decoders for process `\picorv32.$proc$/mnt/d/tushar/Downloads/RTL.ai/designs/benchmark/picorv32.v:1295$904'.
     1/2: $2\clear_prefetched_high_word[0:0]
     2/2: $1\clear_prefetched_high_word[0:0]
Creating decoders for process `\picorv32.$proc$/mnt/d/tushar/Downloads/RTL.ai/designs/benchmark/picorv32.v:1293$903'.
Creating decoders for process `\picorv32.$proc$/mnt/d/tushar/Downloads/RTL.ai/designs/benchmark/picorv32.v:1249$881'.
     1/2: $1\alu_out[31:0]
     2/2: $1\alu_out_0[0:0]
Creating decoders for process `\picorv32.$proc$/mnt/d/tushar/Downloads/RTL.ai/designs/benchmark/picorv32.v:1186$869'.
     1/8: $8\dbg_ascii_state[127:0]
     2/8: $7\dbg_ascii_state[127:0]
     3/8: $6\dbg_ascii_state[127:0]
     4/8: $5\dbg_ascii_state[127:0]
     5/8: $4\dbg_ascii_state[127:0]
     6/8: $3\dbg_ascii_state[127:0]
     7/8: $2\dbg_ascii_state[127:0]
     8/8: $1\dbg_ascii_state[127:0]
Creating decoders for process `\picorv32.$proc$/mnt/d/tushar/Downloads/RTL.ai/designs/benchmark/picorv32.v:858$606'.
     1/77: $0\decoded_rs1[4:0] [4]
     2/77: $0\decoded_imm_j[31:0] [10]
     3/77: $0\decoded_imm_j[31:0] [7]
     4/77: $0\decoded_imm_j[31:0] [6]
     5/77: $0\decoded_imm_j[31:0] [3:1]
     6/77: $0\decoded_imm_j[31:0] [5]
     7/77: $0\decoded_imm_j[31:0] [9:8]
     8/77: $0\decoded_imm_j[31:0] [31:20]
     9/77: $0\decoded_imm_j[31:0] [4]
    10/77: $0\decoded_imm_j[31:0] [11]
    11/77: $0\decoded_imm_j[31:0] [0]
    12/77: $0\decoded_rs1[4:0] [3:0]
    13/77: $0\is_lui_auipc_jal_jalr_addi_add_sub[0:0]
    14/77: $0\is_alu_reg_reg[0:0]
    15/77: $0\is_alu_reg_imm[0:0]
    16/77: $0\is_beq_bne_blt_bge_bltu_bgeu[0:0]
    17/77: $0\is_sll_srl_sra[0:0]
    18/77: $0\is_sb_sh_sw[0:0]
    19/77: $0\is_jalr_addi_slti_sltiu_xori_ori_andi[0:0]
    20/77: $0\is_slli_srli_srai[0:0]
    21/77: $0\is_lb_lh_lw_lbu_lhu[0:0]
    22/77: $0\compressed_instr[0:0]
    23/77: $0\is_compare[0:0]
    24/77: $0\decoded_imm[31:0]
    25/77: $0\decoded_rs2[4:0]
    26/77: $0\decoded_imm_j[31:0] [19:12]
    27/77: $0\decoded_rd[4:0]
    28/77: $0\instr_timer[0:0]
    29/77: $0\instr_waitirq[0:0]
    30/77: $0\instr_maskirq[0:0]
    31/77: $0\instr_retirq[0:0]
    32/77: $0\instr_setq[0:0]
    33/77: $0\instr_getq[0:0]
    34/77: $0\instr_fence[0:0]
    35/77: $0\instr_ecall_ebreak[0:0]
    36/77: $0\instr_rdinstrh[0:0]
    37/77: $0\instr_rdinstr[0:0]
    38/77: $0\instr_rdcycleh[0:0]
    39/77: $0\instr_rdcycle[0:0]
    40/77: $0\instr_and[0:0]
    41/77: $0\instr_or[0:0]
    42/77: $0\instr_sra[0:0]
    43/77: $0\instr_srl[0:0]
    44/77: $0\instr_xor[0:0]
    45/77: $0\instr_sltu[0:0]
    46/77: $0\instr_slt[0:0]
    47/77: $0\instr_sll[0:0]
    48/77: $0\instr_sub[0:0]
    49/77: $0\instr_add[0:0]
    50/77: $0\instr_srai[0:0]
    51/77: $0\instr_srli[0:0]
    52/77: $0\instr_slli[0:0]
    53/77: $0\instr_andi[0:0]
    54/77: $0\instr_ori[0:0]
    55/77: $0\instr_xori[0:0]
    56/77: $0\instr_sltiu[0:0]
    57/77: $0\instr_slti[0:0]
    58/77: $0\instr_addi[0:0]
    59/77: $0\instr_sw[0:0]
    60/77: $0\instr_sh[0:0]
    61/77: $0\instr_sb[0:0]
    62/77: $0\instr_lhu[0:0]
    63/77: $0\instr_lbu[0:0]
    64/77: $0\instr_lw[0:0]
    65/77: $0\instr_lh[0:0]
    66/77: $0\instr_lb[0:0]
    67/77: $0\instr_bgeu[0:0]
    68/77: $0\instr_bltu[0:0]
    69/77: $0\instr_bge[0:0]
    70/77: $0\instr_blt[0:0]
    71/77: $0\instr_bne[0:0]
    72/77: $0\instr_beq[0:0]
    73/77: $0\instr_jalr[0:0]
    74/77: $0\instr_jal[0:0]
    75/77: $0\instr_auipc[0:0]
    76/77: $0\instr_lui[0:0]
    77/77: $0\pcpi_insn[31:0]
Creating decoders for process `\picorv32.$proc$/mnt/d/tushar/Downloads/RTL.ai/designs/benchmark/picorv32.v:809$604'.
     1/13: $3\dbg_insn_opcode[31:0]
     2/13: $2\dbg_insn_rd[4:0]
     3/13: $2\dbg_insn_rs2[4:0]
     4/13: $2\dbg_insn_rs1[4:0]
     5/13: $2\dbg_insn_opcode[31:0]
     6/13: $2\dbg_insn_imm[31:0]
     7/13: $2\dbg_ascii_instr[63:0]
     8/13: $1\dbg_insn_rd[4:0]
     9/13: $1\dbg_insn_rs2[4:0]
    10/13: $1\dbg_insn_rs1[4:0]
    11/13: $1\dbg_insn_imm[31:0]
    12/13: $1\dbg_ascii_instr[63:0]
    13/13: $1\dbg_insn_opcode[31:0]
Creating decoders for process `\picorv32.$proc$/mnt/d/tushar/Downloads/RTL.ai/designs/benchmark/picorv32.v:778$600'.
     1/8: $0\cached_insn_rd[4:0]
     2/8: $0\cached_insn_rs2[4:0]
     3/8: $0\cached_insn_rs1[4:0]
     4/8: $0\cached_insn_opcode[31:0]
     5/8: $0\cached_insn_imm[31:0]
     6/8: $0\cached_ascii_instr[63:0]
     7/8: $0\dbg_valid_insn[0:0]
     8/8: $0\dbg_insn_addr[31:0]
Creating decoders for process `\picorv32.$proc$/mnt/d/tushar/Downloads/RTL.ai/designs/benchmark/picorv32.v:701$599'.
     1/48: $48\new_ascii_instr[63:0]
     2/48: $47\new_ascii_instr[63:0]
     3/48: $46\new_ascii_instr[63:0]
     4/48: $45\new_ascii_instr[63:0]
     5/48: $44\new_ascii_instr[63:0]
     6/48: $43\new_ascii_instr[63:0]
     7/48: $42\new_ascii_instr[63:0]
     8/48: $41\new_ascii_instr[63:0]
     9/48: $40\new_ascii_instr[63:0]
    10/48: $39\new_ascii_instr[63:0]
    11/48: $38\new_ascii_instr[63:0]
    12/48: $37\new_ascii_instr[63:0]
    13/48: $36\new_ascii_instr[63:0]
    14/48: $35\new_ascii_instr[63:0]
    15/48: $34\new_ascii_instr[63:0]
    16/48: $33\new_ascii_instr[63:0]
    17/48: $32\new_ascii_instr[63:0]
    18/48: $31\new_ascii_instr[63:0]
    19/48: $30\new_ascii_instr[63:0]
    20/48: $29\new_ascii_instr[63:0]
    21/48: $28\new_ascii_instr[63:0]
    22/48: $27\new_ascii_instr[63:0]
    23/48: $26\new_ascii_instr[63:0]
    24/48: $25\new_ascii_instr[63:0]
    25/48: $24\new_ascii_instr[63:0]
    26/48: $23\new_ascii_instr[63:0]
    27/48: $22\new_ascii_instr[63:0]
    28/48: $21\new_ascii_instr[63:0]
    29/48: $20\new_ascii_instr[63:0]
    30/48: $19\new_ascii_instr[63:0]
    31/48: $18\new_ascii_instr[63:0]
    32/48: $17\new_ascii_instr[63:0]
    33/48: $16\new_ascii_instr[63:0]
    34/48: $15\new_ascii_instr[63:0]
    35/48: $14\new_ascii_instr[63:0]
    36/48: $13\new_ascii_instr[63:0]
    37/48: $12\new_ascii_instr[63:0]
    38/48: $11\new_ascii_instr[63:0]
    39/48: $10\new_ascii_instr[63:0]
    40/48: $9\new_ascii_instr[63:0]
    41/48: $8\new_ascii_instr[63:0]
    42/48: $7\new_ascii_instr[63:0]
    43/48: $6\new_ascii_instr[63:0]
    44/48: $5\new_ascii_instr[63:0]
    45/48: $4\new_ascii_instr[63:0]
    46/48: $3\new_ascii_instr[63:0]
    47/48: $2\new_ascii_instr[63:0]
    48/48: $1\new_ascii_instr[63:0]
Creating decoders for process `\picorv32.$proc$/mnt/d/tushar/Downloads/RTL.ai/designs/benchmark/picorv32.v:565$575'.
     1/9: $0\mem_16bit_buffer[15:0]
     2/9: $0\prefetched_high_word[0:0]
     3/9: $0\mem_la_secondword[0:0]
     4/9: $0\mem_state[1:0]
     5/9: $0\mem_wstrb[3:0]
     6/9: $0\mem_wdata[31:0]
     7/9: $0\mem_addr[31:0]
     8/9: $0\mem_instr[0:0]
     9/9: $0\mem_valid[0:0]
Creating decoders for process `\picorv32.$proc$/mnt/d/tushar/Downloads/RTL.ai/designs/benchmark/picorv32.v:1239$1107'.
Creating decoders for process `\picorv32.$proc$/mnt/d/tushar/Downloads/RTL.ai/designs/benchmark/picorv32.v:430$537'.
     1/9: $0\mem_rdata_q[31:0] [31]
     2/9: $0\mem_rdata_q[31:0] [7]
     3/9: $0\mem_rdata_q[31:0] [24:20]
     4/9: $0\mem_rdata_q[31:0] [19:15]
     5/9: $0\mem_rdata_q[31:0] [6:0]
     6/9: $0\mem_rdata_q[31:0] [14:12]
     7/9: $0\mem_rdata_q[31:0] [11:8]
     8/9: $0\mem_rdata_q[31:0] [30:25]
     9/9: $0\next_insn_opcode[31:0]
Creating decoders for process `\picorv32.$proc$/mnt/d/tushar/Downloads/RTL.ai/designs/benchmark/picorv32.v:401$534'.
     1/5: $3\mem_rdata_word[31:0]
     2/5: $2\mem_rdata_word[31:0]
     3/5: $1\mem_rdata_word[31:0]
     4/5: $1\mem_la_wstrb[3:0]
     5/5: $1\mem_la_wdata[31:0]
Creating decoders for process `\picorv32.$proc$/mnt/d/tushar/Downloads/RTL.ai/designs/benchmark/picorv32.v:390$529'.
     1/2: $0\last_mem_valid[0:0]
     2/2: $0\mem_la_firstword_reg[0:0]
Creating decoders for process `\picorv32.$proc$/mnt/d/tushar/Downloads/RTL.ai/designs/benchmark/picorv32.v:325$455'.
     1/2: $1\pcpi_int_rd[31:0]
     2/2: $1\pcpi_int_wr[0:0]
Creating decoders for process `\ddc_sinrom.$proc$/mnt/d/tushar/Downloads/RTL.ai/designs/benchmark/ddc_nco.v:72$437'.
     1/1: $1\val[15:0]
Creating decoders for process `$paramod\clk_divider\DIV=s32'00000000000000000000000000000100.$proc$/mnt/d/tushar/Downloads/RTL.ai/designs/clk_divider.v:16$1789'.
     1/2: $0\count[7:0]
     2/2: $0\clk_out[0:0]
Creating decoders for process `$paramod\clk_divider\DIV=s32'00000000000000000000000000000110.$proc$/mnt/d/tushar/Downloads/RTL.ai/designs/clk_divider.v:16$1785'.
     1/2: $0\count[7:0]
     2/2: $0\clk_out[0:0]
Creating decoders for process `$paramod\clk_divider\DIV=s32'00000000000000000000000000001000.$proc$/mnt/d/tushar/Downloads/RTL.ai/designs/clk_divider.v:16$1781'.
     1/2: $0\count[7:0]
     2/2: $0\clk_out[0:0]
Creating decoders for process `$paramod\clk_divider\DIV=s32'00000000000000000000000000001010.$proc$/mnt/d/tushar/Downloads/RTL.ai/designs/clk_divider.v:16$1777'.
     1/2: $0\count[7:0]
     2/2: $0\clk_out[0:0]
Creating decoders for process `$paramod$8af8dc0d438d0d364592a69345da95ce450509b0\ddc_nco.$proc$/mnt/d/tushar/Downloads/RTL.ai/designs/benchmark/ddc_nco.v:48$1915'.
     1/3: $0\phase[23:0]
     2/3: $0\sinout[15:0]
     3/3: $0\cosout[15:0]
Creating decoders for process `\crc32.$proc$/mnt/d/tushar/Downloads/RTL.ai/designs/benchmark/crc32.v:69$307'.
     1/4: $0\out_valid[0:0]
     2/4: $0\active[0:0]
     3/4: $0\crc[31:0]
     4/4: $0\out_crc[31:0]
Creating decoders for process `\crc32.$proc$/mnt/d/tushar/Downloads/RTL.ai/designs/benchmark/crc32.v:57$46'.
     1/1: $1$mem2reg_rd$\c_tap$/mnt/d/tushar/Downloads/RTL.ai/designs/benchmark/crc32.v:66$44_DATA[31:0]$305
Creating decoders for process `\reset_sync.$proc$/mnt/d/tushar/Downloads/RTL.ai/designs/reset_sync.v:12$41'.
     1/2: $0\stable[0:0]
     2/2: $0\meta[0:0]
Creating decoders for process `$paramod\cdc_handshake\WIDTH=s32'00000000000000000000000000010000.$proc$/mnt/d/tushar/Downloads/RTL.ai/designs/cdc_handshake.v:66$1773'.
     1/3: $0\ack[0:0]
     2/3: $0\data_valid[0:0]
     3/3: $0\data_out[15:0]
Creating decoders for process `$paramod\cdc_handshake\WIDTH=s32'00000000000000000000000000010000.$proc$/mnt/d/tushar/Downloads/RTL.ai/designs/cdc_handshake.v:35$1770'.
     1/3: $0\data_hold[15:0]
     2/3: $0\req[0:0]
     3/3: $0\busy[0:0]
Creating decoders for process `\cdc_sync.$proc$/mnt/d/tushar/Downloads/RTL.ai/designs/cdc_sync.v:12$33'.
     1/2: $0\stable[0:0]
     2/2: $0\meta[0:0]
Creating decoders for process `\sha256_w_mem.$proc$/mnt/d/tushar/Downloads/RTL.ai/designs/benchmark/sha256_w_mem.v:153$1760'.
     1/34: $2\w_mem_we[0:0]
     2/34: $2\w_mem15_new[31:0]
     3/34: $2\w_mem14_new[31:0]
     4/34: $2\w_mem13_new[31:0]
     5/34: $2\w_mem12_new[31:0]
     6/34: $2\w_mem11_new[31:0]
     7/34: $2\w_mem10_new[31:0]
     8/34: $2\w_mem09_new[31:0]
     9/34: $2\w_mem08_new[31:0]
    10/34: $2\w_mem07_new[31:0]
    11/34: $2\w_mem06_new[31:0]
    12/34: $2\w_mem05_new[31:0]
    13/34: $2\w_mem04_new[31:0]
    14/34: $2\w_mem03_new[31:0]
    15/34: $2\w_mem02_new[31:0]
    16/34: $2\w_mem01_new[31:0]
    17/34: $2\w_mem00_new[31:0]
    18/34: $1\w_mem_we[0:0]
    19/34: $1\w_mem15_new[31:0]
    20/34: $1\w_mem14_new[31:0]
    21/34: $1\w_mem13_new[31:0]
    22/34: $1\w_mem12_new[31:0]
    23/34: $1\w_mem11_new[31:0]
    24/34: $1\w_mem10_new[31:0]
    25/34: $1\w_mem09_new[31:0]
    26/34: $1\w_mem08_new[31:0]
    27/34: $1\w_mem07_new[31:0]
    28/34: $1\w_mem06_new[31:0]
    29/34: $1\w_mem05_new[31:0]
    30/34: $1\w_mem04_new[31:0]
    31/34: $1\w_mem03_new[31:0]
    32/34: $1\w_mem02_new[31:0]
    33/34: $1\w_mem01_new[31:0]
    34/34: $1\w_mem00_new[31:0]
Creating decoders for process `\sha256_w_mem.$proc$/mnt/d/tushar/Downloads/RTL.ai/designs/benchmark/sha256_w_mem.v:138$1753'.
     1/4: $2$mem2reg_rd$\w_mem$/mnt/d/tushar/Downloads/RTL.ai/designs/benchmark/sha256_w_mem.v:141$1750_DATA[31:0]$1759
     2/4: $1\w_tmp[31:0]
     3/4: $1$mem2reg_rd$\w_mem$/mnt/d/tushar/Downloads/RTL.ai/designs/benchmark/sha256_w_mem.v:141$1750_DATA[31:0]$1758
     4/4: $1$mem2reg_rd$\w_mem$/mnt/d/tushar/Downloads/RTL.ai/designs/benchmark/sha256_w_mem.v:141$1750_ADDR[3:0]$1757
Creating decoders for process `\sha256_w_mem.$proc$/mnt/d/tushar/Downloads/RTL.ai/designs/benchmark/sha256_w_mem.v:97$1751'.
     1/17: $1\reg_update.i[31:0]
     2/17: $0\w_mem[15][31:0]
     3/17: $0\w_mem[14][31:0]
     4/17: $0\w_mem[13][31:0]
     5/17: $0\w_mem[12][31:0]
     6/17: $0\w_mem[11][31:0]
     7/17: $0\w_mem[10][31:0]
     8/17: $0\w_mem[9][31:0]
     9/17: $0\w_mem[8][31:0]
    10/17: $0\w_mem[7][31:0]
    11/17: $0\w_mem[6][31:0]
    12/17: $0\w_mem[5][31:0]
    13/17: $0\w_mem[4][31:0]
    14/17: $0\w_mem[3][31:0]
    15/17: $0\w_mem[2][31:0]
    16/17: $0\w_mem[1][31:0]
    17/17: $0\w_mem[0][31:0]
Creating decoders for process `\benchmark_top.$proc$/mnt/d/tushar/Downloads/RTL.ai/designs/benchmark_top.v:229$27'.
     1/1: $0\cap_e[15:0]
Creating decoders for process `\benchmark_top.$proc$/mnt/d/tushar/Downloads/RTL.ai/designs/benchmark_top.v:211$20'.
     1/1: $0\crc_cnt[3:0]
Creating decoders for process `\benchmark_top.$proc$/mnt/d/tushar/Downloads/RTL.ai/designs/benchmark_top.v:186$19'.
     1/1: $0\cap_d[15:0]
Creating decoders for process `\benchmark_top.$proc$/mnt/d/tushar/Downloads/RTL.ai/designs/benchmark_top.v:166$17'.
     1/1: $0\cap_c[15:0]
Creating decoders for process `\benchmark_top.$proc$/mnt/d/tushar/Downloads/RTL.ai/designs/benchmark_top.v:145$14'.
     1/1: $0\cap_b[15:0]
Creating decoders for process `\benchmark_top.$proc$/mnt/d/tushar/Downloads/RTL.ai/designs/benchmark_top.v:124$12'.
     1/1: $0\cap_a[15:0]

19.8. Executing PROC_DLATCH pass (convert process syncs to latches).
No latch inferred for signal `\sha256_k_constants.\tmp_K' from process `\sha256_k_constants.$proc$/mnt/d/tushar/Downloads/RTL.ai/designs/benchmark/sha256_k_constants.v:61$1748'.
No latch inferred for signal `\sha256_core.\t_ctr_inc' from process `\sha256_core.$proc$/mnt/d/tushar/Downloads/RTL.ai/designs/benchmark/sha256_core.v:469$1746'.
No latch inferred for signal `\sha256_core.\t_ctr_rst' from process `\sha256_core.$proc$/mnt/d/tushar/Downloads/RTL.ai/designs/benchmark/sha256_core.v:469$1746'.
No latch inferred for signal `\sha256_core.\digest_valid_new' from process `\sha256_core.$proc$/mnt/d/tushar/Downloads/RTL.ai/designs/benchmark/sha256_core.v:469$1746'.
No latch inferred for signal `\sha256_core.\digest_valid_we' from process `\sha256_core.$proc$/mnt/d/tushar/Downloads/RTL.ai/designs/benchmark/sha256_core.v:469$1746'.
No latch inferred for signal `\sha256_core.\sha256_ctrl_new' from process `\sha256_core.$proc$/mnt/d/tushar/Downloads/RTL.ai/designs/benchmark/sha256_core.v:469$1746'.
No latch inferred for signal `\sha256_core.\sha256_ctrl_we' from process `\sha256_core.$proc$/mnt/d/tushar/Downloads/RTL.ai/designs/benchmark/sha256_core.v:469$1746'.
No latch inferred for signal `\sha256_core.\digest_init' from process `\sha256_core.$proc$/mnt/d/tushar/Downloads/RTL.ai/designs/benchmark/sha256_core.v:469$1746'.
No latch inferred for signal `\sha256_core.\digest_update' from process `\sha256_core.$proc$/mnt/d/tushar/Downloads/RTL.ai/designs/benchmark/sha256_core.v:469$1746'.
No latch inferred for signal `\sha256_core.\state_init' from process `\sha256_core.$proc$/mnt/d/tushar/Downloads/RTL.ai/designs/benchmark/sha256_core.v:469$1746'.
No latch inferred for signal `\sha256_core.\state_update' from process `\sha256_core.$proc$/mnt/d/tushar/Downloads/RTL.ai/designs/benchmark/sha256_core.v:469$1746'.
No latch inferred for signal `\sha256_core.\first_block' from process `\sha256_core.$proc$/mnt/d/tushar/Downloads/RTL.ai/designs/benchmark/sha256_core.v:469$1746'.
No latch inferred for signal `\sha256_core.\ready_flag' from process `\sha256_core.$proc$/mnt/d/tushar/Downloads/RTL.ai/designs/benchmark/sha256_core.v:469$1746'.
No latch inferred for signal `\sha256_core.\w_init' from process `\sha256_core.$proc$/mnt/d/tushar/Downloads/RTL.ai/designs/benchmark/sha256_core.v:469$1746'.
No latch inferred for signal `\sha256_core.\w_next' from process `\sha256_core.$proc$/mnt/d/tushar/Downloads/RTL.ai/designs/benchmark/sha256_core.v:469$1746'.
No latch inferred for signal `\sha256_core.\t_ctr_new' from process `\sha256_core.$proc$/mnt/d/tushar/Downloads/RTL.ai/designs/benchmark/sha256_core.v:445$1744'.
No latch inferred for signal `\sha256_core.\t_ctr_we' from process `\sha256_core.$proc$/mnt/d/tushar/Downloads/RTL.ai/designs/benchmark/sha256_core.v:445$1744'.
No latch inferred for signal `\sha256_core.\a_new' from process `\sha256_core.$proc$/mnt/d/tushar/Downloads/RTL.ai/designs/benchmark/sha256_core.v:371$1741'.
No latch inferred for signal `\sha256_core.\b_new' from process `\sha256_core.$proc$/mnt/d/tushar/Downloads/RTL.ai/designs/benchmark/sha256_core.v:371$1741'.
No latch inferred for signal `\sha256_core.\c_new' from process `\sha256_core.$proc$/mnt/d/tushar/Downloads/RTL.ai/designs/benchmark/sha256_core.v:371$1741'.
No latch inferred for signal `\sha256_core.\d_new' from process `\sha256_core.$proc$/mnt/d/tushar/Downloads/RTL.ai/designs/benchmark/sha256_core.v:371$1741'.
No latch inferred for signal `\sha256_core.\e_new' from process `\sha256_core.$proc$/mnt/d/tushar/Downloads/RTL.ai/designs/benchmark/sha256_core.v:371$1741'.
No latch inferred for signal `\sha256_core.\f_new' from process `\sha256_core.$proc$/mnt/d/tushar/Downloads/RTL.ai/designs/benchmark/sha256_core.v:371$1741'.
No latch inferred for signal `\sha256_core.\g_new' from process `\sha256_core.$proc$/mnt/d/tushar/Downloads/RTL.ai/designs/benchmark/sha256_core.v:371$1741'.
No latch inferred for signal `\sha256_core.\h_new' from process `\sha256_core.$proc$/mnt/d/tushar/Downloads/RTL.ai/designs/benchmark/sha256_core.v:371$1741'.
No latch inferred for signal `\sha256_core.\a_h_we' from process `\sha256_core.$proc$/mnt/d/tushar/Downloads/RTL.ai/designs/benchmark/sha256_core.v:371$1741'.
No latch inferred for signal `\sha256_core.\t2' from process `\sha256_core.$proc$/mnt/d/tushar/Downloads/RTL.ai/designs/benchmark/sha256_core.v:350$1732'.
No latch inferred for signal `\sha256_core.\t2_logic.sum0' from process `\sha256_core.$proc$/mnt/d/tushar/Downloads/RTL.ai/designs/benchmark/sha256_core.v:350$1732'.
No latch inferred for signal `\sha256_core.\t2_logic.maj' from process `\sha256_core.$proc$/mnt/d/tushar/Downloads/RTL.ai/designs/benchmark/sha256_core.v:350$1732'.
No latch inferred for signal `\sha256_core.\t1' from process `\sha256_core.$proc$/mnt/d/tushar/Downloads/RTL.ai/designs/benchmark/sha256_core.v:330$1721'.
No latch inferred for signal `\sha256_core.\t1_logic.sum1' from process `\sha256_core.$proc$/mnt/d/tushar/Downloads/RTL.ai/designs/benchmark/sha256_core.v:330$1721'.
No latch inferred for signal `\sha256_core.\t1_logic.ch' from process `\sha256_core.$proc$/mnt/d/tushar/Downloads/RTL.ai/designs/benchmark/sha256_core.v:330$1721'.
No latch inferred for signal `\sha256_core.\H0_new' from process `\sha256_core.$proc$/mnt/d/tushar/Downloads/RTL.ai/designs/benchmark/sha256_core.v:271$1712'.
No latch inferred for signal `\sha256_core.\H1_new' from process `\sha256_core.$proc$/mnt/d/tushar/Downloads/RTL.ai/designs/benchmark/sha256_core.v:271$1712'.
No latch inferred for signal `\sha256_core.\H2_new' from process `\sha256_core.$proc$/mnt/d/tushar/Downloads/RTL.ai/designs/benchmark/sha256_core.v:271$1712'.
No latch inferred for signal `\sha256_core.\H3_new' from process `\sha256_core.$proc$/mnt/d/tushar/Downloads/RTL.ai/designs/benchmark/sha256_core.v:271$1712'.
No latch inferred for signal `\sha256_core.\H4_new' from process `\sha256_core.$proc$/mnt/d/tushar/Downloads/RTL.ai/designs/benchmark/sha256_core.v:271$1712'.
No latch inferred for signal `\sha256_core.\H5_new' from process `\sha256_core.$proc$/mnt/d/tushar/Downloads/RTL.ai/designs/benchmark/sha256_core.v:271$1712'.
No latch inferred for signal `\sha256_core.\H6_new' from process `\sha256_core.$proc$/mnt/d/tushar/Downloads/RTL.ai/designs/benchmark/sha256_core.v:271$1712'.
No latch inferred for signal `\sha256_core.\H7_new' from process `\sha256_core.$proc$/mnt/d/tushar/Downloads/RTL.ai/designs/benchmark/sha256_core.v:271$1712'.
No latch inferred for signal `\sha256_core.\H_we' from process `\sha256_core.$proc$/mnt/d/tushar/Downloads/RTL.ai/designs/benchmark/sha256_core.v:271$1712'.
No latch inferred for signal `\sha256.\init_new' from process `\sha256.$proc$/mnt/d/tushar/Downloads/RTL.ai/designs/benchmark/sha256.v:203$1685'.
No latch inferred for signal `\sha256.\next_new' from process `\sha256.$proc$/mnt/d/tushar/Downloads/RTL.ai/designs/benchmark/sha256.v:203$1685'.
No latch inferred for signal `\sha256.\mode_new' from process `\sha256.$proc$/mnt/d/tushar/Downloads/RTL.ai/designs/benchmark/sha256.v:203$1685'.
No latch inferred for signal `\sha256.\mode_we' from process `\sha256.$proc$/mnt/d/tushar/Downloads/RTL.ai/designs/benchmark/sha256.v:203$1685'.
No latch inferred for signal `\sha256.\block_we' from process `\sha256.$proc$/mnt/d/tushar/Downloads/RTL.ai/designs/benchmark/sha256.v:203$1685'.
No latch inferred for signal `\sha256.\tmp_read_data' from process `\sha256.$proc$/mnt/d/tushar/Downloads/RTL.ai/designs/benchmark/sha256.v:203$1685'.
No latch inferred for signal `\sha256.\tmp_error' from process `\sha256.$proc$/mnt/d/tushar/Downloads/RTL.ai/designs/benchmark/sha256.v:203$1685'.
No latch inferred for signal `\sad8x8.\ad[63]' from process `\sad8x8.$proc$/mnt/d/tushar/Downloads/RTL.ai/designs/benchmark/sad8x8.v:43$1669'.
No latch inferred for signal `\sad8x8.\ad[62]' from process `\sad8x8.$proc$/mnt/d/tushar/Downloads/RTL.ai/designs/benchmark/sad8x8.v:43$1664'.
No latch inferred for signal `\sad8x8.\ad[61]' from process `\sad8x8.$proc$/mnt/d/tushar/Downloads/RTL.ai/designs/benchmark/sad8x8.v:43$1659'.
No latch inferred for signal `\sad8x8.\ad[60]' from process `\sad8x8.$proc$/mnt/d/tushar/Downloads/RTL.ai/designs/benchmark/sad8x8.v:43$1654'.
No latch inferred for signal `\sad8x8.\ad[59]' from process `\sad8x8.$proc$/mnt/d/tushar/Downloads/RTL.ai/designs/benchmark/sad8x8.v:43$1649'.
No latch inferred for signal `\sad8x8.\ad[58]' from process `\sad8x8.$proc$/mnt/d/tushar/Downloads/RTL.ai/designs/benchmark/sad8x8.v:43$1644'.
No latch inferred for signal `\sad8x8.\ad[57]' from process `\sad8x8.$proc$/mnt/d/tushar/Downloads/RTL.ai/designs/benchmark/sad8x8.v:43$1639'.
No latch inferred for signal `\sad8x8.\ad[56]' from process `\sad8x8.$proc$/mnt/d/tushar/Downloads/RTL.ai/designs/benchmark/sad8x8.v:43$1634'.
No latch inferred for signal `\sad8x8.\ad[55]' from process `\sad8x8.$proc$/mnt/d/tushar/Downloads/RTL.ai/designs/benchmark/sad8x8.v:43$1629'.
No latch inferred for signal `\sad8x8.\ad[54]' from process `\sad8x8.$proc$/mnt/d/tushar/Downloads/RTL.ai/designs/benchmark/sad8x8.v:43$1624'.
No latch inferred for signal `\sad8x8.\ad[53]' from process `\sad8x8.$proc$/mnt/d/tushar/Downloads/RTL.ai/designs/benchmark/sad8x8.v:43$1619'.
No latch inferred for signal `\sad8x8.\ad[52]' from process `\sad8x8.$proc$/mnt/d/tushar/Downloads/RTL.ai/designs/benchmark/sad8x8.v:43$1614'.
No latch inferred for signal `\sad8x8.\ad[51]' from process `\sad8x8.$proc$/mnt/d/tushar/Downloads/RTL.ai/designs/benchmark/sad8x8.v:43$1609'.
No latch inferred for signal `\sad8x8.\ad[50]' from process `\sad8x8.$proc$/mnt/d/tushar/Downloads/RTL.ai/designs/benchmark/sad8x8.v:43$1604'.
No latch inferred for signal `\sad8x8.\ad[49]' from process `\sad8x8.$proc$/mnt/d/tushar/Downloads/RTL.ai/designs/benchmark/sad8x8.v:43$1599'.
No latch inferred for signal `\sad8x8.\ad[48]' from process `\sad8x8.$proc$/mnt/d/tushar/Downloads/RTL.ai/designs/benchmark/sad8x8.v:43$1594'.
No latch inferred for signal `\sad8x8.\ad[47]' from process `\sad8x8.$proc$/mnt/d/tushar/Downloads/RTL.ai/designs/benchmark/sad8x8.v:43$1589'.
No latch inferred for signal `\sad8x8.\ad[46]' from process `\sad8x8.$proc$/mnt/d/tushar/Downloads/RTL.ai/designs/benchmark/sad8x8.v:43$1584'.
No latch inferred for signal `\sad8x8.\ad[45]' from process `\sad8x8.$proc$/mnt/d/tushar/Downloads/RTL.ai/designs/benchmark/sad8x8.v:43$1579'.
No latch inferred for signal `\sad8x8.\ad[44]' from process `\sad8x8.$proc$/mnt/d/tushar/Downloads/RTL.ai/designs/benchmark/sad8x8.v:43$1574'.
No latch inferred for signal `\sad8x8.\ad[43]' from process `\sad8x8.$proc$/mnt/d/tushar/Downloads/RTL.ai/designs/benchmark/sad8x8.v:43$1569'.
No latch inferred for signal `\sad8x8.\ad[42]' from process `\sad8x8.$proc$/mnt/d/tushar/Downloads/RTL.ai/designs/benchmark/sad8x8.v:43$1564'.
No latch inferred for signal `\sad8x8.\ad[41]' from process `\sad8x8.$proc$/mnt/d/tushar/Downloads/RTL.ai/designs/benchmark/sad8x8.v:43$1559'.
No latch inferred for signal `\sad8x8.\ad[40]' from process `\sad8x8.$proc$/mnt/d/tushar/Downloads/RTL.ai/designs/benchmark/sad8x8.v:43$1554'.
No latch inferred for signal `\sad8x8.\ad[39]' from process `\sad8x8.$proc$/mnt/d/tushar/Downloads/RTL.ai/designs/benchmark/sad8x8.v:43$1549'.
No latch inferred for signal `\sad8x8.\ad[38]' from process `\sad8x8.$proc$/mnt/d/tushar/Downloads/RTL.ai/designs/benchmark/sad8x8.v:43$1544'.
No latch inferred for signal `\sad8x8.\ad[37]' from process `\sad8x8.$proc$/mnt/d/tushar/Downloads/RTL.ai/designs/benchmark/sad8x8.v:43$1539'.
No latch inferred for signal `\sad8x8.\ad[36]' from process `\sad8x8.$proc$/mnt/d/tushar/Downloads/RTL.ai/designs/benchmark/sad8x8.v:43$1534'.
No latch inferred for signal `\sad8x8.\ad[35]' from process `\sad8x8.$proc$/mnt/d/tushar/Downloads/RTL.ai/designs/benchmark/sad8x8.v:43$1529'.
No latch inferred for signal `\sad8x8.\ad[34]' from process `\sad8x8.$proc$/mnt/d/tushar/Downloads/RTL.ai/designs/benchmark/sad8x8.v:43$1524'.
No latch inferred for signal `\sad8x8.\ad[33]' from process `\sad8x8.$proc$/mnt/d/tushar/Downloads/RTL.ai/designs/benchmark/sad8x8.v:43$1519'.
No latch inferred for signal `\sad8x8.\ad[32]' from process `\sad8x8.$proc$/mnt/d/tushar/Downloads/RTL.ai/designs/benchmark/sad8x8.v:43$1514'.
No latch inferred for signal `\sad8x8.\ad[31]' from process `\sad8x8.$proc$/mnt/d/tushar/Downloads/RTL.ai/designs/benchmark/sad8x8.v:43$1509'.
No latch inferred for signal `\sad8x8.\ad[30]' from process `\sad8x8.$proc$/mnt/d/tushar/Downloads/RTL.ai/designs/benchmark/sad8x8.v:43$1504'.
No latch inferred for signal `\sad8x8.\ad[29]' from process `\sad8x8.$proc$/mnt/d/tushar/Downloads/RTL.ai/designs/benchmark/sad8x8.v:43$1499'.
No latch inferred for signal `\sad8x8.\ad[28]' from process `\sad8x8.$proc$/mnt/d/tushar/Downloads/RTL.ai/designs/benchmark/sad8x8.v:43$1494'.
No latch inferred for signal `\sad8x8.\ad[27]' from process `\sad8x8.$proc$/mnt/d/tushar/Downloads/RTL.ai/designs/benchmark/sad8x8.v:43$1489'.
No latch inferred for signal `\sad8x8.\ad[26]' from process `\sad8x8.$proc$/mnt/d/tushar/Downloads/RTL.ai/designs/benchmark/sad8x8.v:43$1484'.
No latch inferred for signal `\sad8x8.\ad[25]' from process `\sad8x8.$proc$/mnt/d/tushar/Downloads/RTL.ai/designs/benchmark/sad8x8.v:43$1479'.
No latch inferred for signal `\sad8x8.\ad[24]' from process `\sad8x8.$proc$/mnt/d/tushar/Downloads/RTL.ai/designs/benchmark/sad8x8.v:43$1474'.
No latch inferred for signal `\sad8x8.\ad[23]' from process `\sad8x8.$proc$/mnt/d/tushar/Downloads/RTL.ai/designs/benchmark/sad8x8.v:43$1469'.
No latch inferred for signal `\sad8x8.\ad[22]' from process `\sad8x8.$proc$/mnt/d/tushar/Downloads/RTL.ai/designs/benchmark/sad8x8.v:43$1464'.
No latch inferred for signal `\sad8x8.\ad[21]' from process `\sad8x8.$proc$/mnt/d/tushar/Downloads/RTL.ai/designs/benchmark/sad8x8.v:43$1459'.
No latch inferred for signal `\sad8x8.\ad[20]' from process `\sad8x8.$proc$/mnt/d/tushar/Downloads/RTL.ai/designs/benchmark/sad8x8.v:43$1454'.
No latch inferred for signal `\sad8x8.\ad[19]' from process `\sad8x8.$proc$/mnt/d/tushar/Downloads/RTL.ai/designs/benchmark/sad8x8.v:43$1449'.
No latch inferred for signal `\sad8x8.\ad[18]' from process `\sad8x8.$proc$/mnt/d/tushar/Downloads/RTL.ai/designs/benchmark/sad8x8.v:43$1444'.
No latch inferred for signal `\sad8x8.\ad[17]' from process `\sad8x8.$proc$/mnt/d/tushar/Downloads/RTL.ai/designs/benchmark/sad8x8.v:43$1439'.
No latch inferred for signal `\sad8x8.\ad[16]' from process `\sad8x8.$proc$/mnt/d/tushar/Downloads/RTL.ai/designs/benchmark/sad8x8.v:43$1434'.
No latch inferred for signal `\sad8x8.\ad[15]' from process `\sad8x8.$proc$/mnt/d/tushar/Downloads/RTL.ai/designs/benchmark/sad8x8.v:43$1429'.
No latch inferred for signal `\sad8x8.\ad[14]' from process `\sad8x8.$proc$/mnt/d/tushar/Downloads/RTL.ai/designs/benchmark/sad8x8.v:43$1424'.
No latch inferred for signal `\sad8x8.\ad[13]' from process `\sad8x8.$proc$/mnt/d/tushar/Downloads/RTL.ai/designs/benchmark/sad8x8.v:43$1419'.
No latch inferred for signal `\sad8x8.\ad[12]' from process `\sad8x8.$proc$/mnt/d/tushar/Downloads/RTL.ai/designs/benchmark/sad8x8.v:43$1414'.
No latch inferred for signal `\sad8x8.\ad[11]' from process `\sad8x8.$proc$/mnt/d/tushar/Downloads/RTL.ai/designs/benchmark/sad8x8.v:43$1409'.
No latch inferred for signal `\sad8x8.\ad[10]' from process `\sad8x8.$proc$/mnt/d/tushar/Downloads/RTL.ai/designs/benchmark/sad8x8.v:43$1404'.
No latch inferred for signal `\sad8x8.\ad[9]' from process `\sad8x8.$proc$/mnt/d/tushar/Downloads/RTL.ai/designs/benchmark/sad8x8.v:43$1399'.
No latch inferred for signal `\sad8x8.\ad[8]' from process `\sad8x8.$proc$/mnt/d/tushar/Downloads/RTL.ai/designs/benchmark/sad8x8.v:43$1394'.
No latch inferred for signal `\sad8x8.\ad[7]' from process `\sad8x8.$proc$/mnt/d/tushar/Downloads/RTL.ai/designs/benchmark/sad8x8.v:43$1389'.
No latch inferred for signal `\sad8x8.\ad[6]' from process `\sad8x8.$proc$/mnt/d/tushar/Downloads/RTL.ai/designs/benchmark/sad8x8.v:43$1384'.
No latch inferred for signal `\sad8x8.\ad[5]' from process `\sad8x8.$proc$/mnt/d/tushar/Downloads/RTL.ai/designs/benchmark/sad8x8.v:43$1379'.
No latch inferred for signal `\sad8x8.\ad[4]' from process `\sad8x8.$proc$/mnt/d/tushar/Downloads/RTL.ai/designs/benchmark/sad8x8.v:43$1374'.
No latch inferred for signal `\sad8x8.\ad[3]' from process `\sad8x8.$proc$/mnt/d/tushar/Downloads/RTL.ai/designs/benchmark/sad8x8.v:43$1369'.
No latch inferred for signal `\sad8x8.\ad[2]' from process `\sad8x8.$proc$/mnt/d/tushar/Downloads/RTL.ai/designs/benchmark/sad8x8.v:43$1364'.
No latch inferred for signal `\sad8x8.\ad[1]' from process `\sad8x8.$proc$/mnt/d/tushar/Downloads/RTL.ai/designs/benchmark/sad8x8.v:43$1359'.
No latch inferred for signal `\sad8x8.\ad[0]' from process `\sad8x8.$proc$/mnt/d/tushar/Downloads/RTL.ai/designs/benchmark/sad8x8.v:43$1354'.
No latch inferred for signal `\sad8x8.\acc' from process `\sad8x8.$proc$/mnt/d/tushar/Downloads/RTL.ai/designs/benchmark/sad8x8.v:50$1288'.
No latch inferred for signal `\sad8x8.\k' from process `\sad8x8.$proc$/mnt/d/tushar/Downloads/RTL.ai/designs/benchmark/sad8x8.v:50$1288'.
No latch inferred for signal `\ddc.\lane_out[1]' from process `\ddc.$proc$/mnt/d/tushar/Downloads/RTL.ai/designs/benchmark/ddc.v:113$1929'.
No latch inferred for signal `\ddc.\lane_ov[1]' from process `\ddc.$proc$/mnt/d/tushar/Downloads/RTL.ai/designs/benchmark/ddc.v:112$1928'.
No latch inferred for signal `\ddc.\lane_out[0]' from process `\ddc.$proc$/mnt/d/tushar/Downloads/RTL.ai/designs/benchmark/ddc.v:113$1927'.
No latch inferred for signal `\ddc.\lane_ov[0]' from process `\ddc.$proc$/mnt/d/tushar/Downloads/RTL.ai/designs/benchmark/ddc.v:112$1926'.
No latch inferred for signal `\ddc.\lane_in[1]' from process `\ddc.$proc$/mnt/d/tushar/Downloads/RTL.ai/designs/benchmark/ddc.v:96$1925'.
No latch inferred for signal `\ddc.\lane_in[0]' from process `\ddc.$proc$/mnt/d/tushar/Downloads/RTL.ai/designs/benchmark/ddc.v:95$1924'.
No latch inferred for signal `$paramod$498463d264968bc81db47baec170cc0cc7a42680\ddc_cic.\cb_out[4]' from process `$paramod$498463d264968bc81db47baec170cc0cc7a42680\ddc_cic.$proc$/mnt/d/tushar/Downloads/RTL.ai/designs/benchmark/ddc_cic.v:130$1895'.
No latch inferred for signal `$paramod$498463d264968bc81db47baec170cc0cc7a42680\ddc_cic.\cb_out[3]' from process `$paramod$498463d264968bc81db47baec170cc0cc7a42680\ddc_cic.$proc$/mnt/d/tushar/Downloads/RTL.ai/designs/benchmark/ddc_cic.v:130$1893'.
No latch inferred for signal `$paramod$498463d264968bc81db47baec170cc0cc7a42680\ddc_cic.\cb_out[2]' from process `$paramod$498463d264968bc81db47baec170cc0cc7a42680\ddc_cic.$proc$/mnt/d/tushar/Downloads/RTL.ai/designs/benchmark/ddc_cic.v:130$1891'.
No latch inferred for signal `$paramod$498463d264968bc81db47baec170cc0cc7a42680\ddc_cic.\cb_out[1]' from process `$paramod$498463d264968bc81db47baec170cc0cc7a42680\ddc_cic.$proc$/mnt/d/tushar/Downloads/RTL.ai/designs/benchmark/ddc_cic.v:130$1889'.
No latch inferred for signal `$paramod$498463d264968bc81db47baec170cc0cc7a42680\ddc_cic.\ig_in[4]' from process `$paramod$498463d264968bc81db47baec170cc0cc7a42680\ddc_cic.$proc$/mnt/d/tushar/Downloads/RTL.ai/designs/benchmark/ddc_cic.v:80$1888'.
No latch inferred for signal `$paramod$498463d264968bc81db47baec170cc0cc7a42680\ddc_cic.\ig_in[3]' from process `$paramod$498463d264968bc81db47baec170cc0cc7a42680\ddc_cic.$proc$/mnt/d/tushar/Downloads/RTL.ai/designs/benchmark/ddc_cic.v:80$1887'.
No latch inferred for signal `$paramod$498463d264968bc81db47baec170cc0cc7a42680\ddc_cic.\ig_in[2]' from process `$paramod$498463d264968bc81db47baec170cc0cc7a42680\ddc_cic.$proc$/mnt/d/tushar/Downloads/RTL.ai/designs/benchmark/ddc_cic.v:80$1886'.
No latch inferred for signal `$paramod$498463d264968bc81db47baec170cc0cc7a42680\ddc_cic.\ig_in[1]' from process `$paramod$498463d264968bc81db47baec170cc0cc7a42680\ddc_cic.$proc$/mnt/d/tushar/Downloads/RTL.ai/designs/benchmark/ddc_cic.v:80$1885'.
No latch inferred for signal `$paramod$498463d264968bc81db47baec170cc0cc7a42680\ddc_cic.\cb_out[0]' from process `$paramod$498463d264968bc81db47baec170cc0cc7a42680\ddc_cic.$proc$/mnt/d/tushar/Downloads/RTL.ai/designs/benchmark/ddc_cic.v:109$1884'.
No latch inferred for signal `$paramod$498463d264968bc81db47baec170cc0cc7a42680\ddc_cic.\ig_in[0]' from process `$paramod$498463d264968bc81db47baec170cc0cc7a42680\ddc_cic.$proc$/mnt/d/tushar/Downloads/RTL.ai/designs/benchmark/ddc_cic.v:65$1883'.
No latch inferred for signal `\picorv32_pcpi_fast_mul.\instr_mul' from process `\picorv32_pcpi_fast_mul.$proc$/mnt/d/tushar/Downloads/RTL.ai/designs/benchmark/picorv32.v:2348$1199'.
No latch inferred for signal `\picorv32_pcpi_fast_mul.\instr_mulh' from process `\picorv32_pcpi_fast_mul.$proc$/mnt/d/tushar/Downloads/RTL.ai/designs/benchmark/picorv32.v:2348$1199'.
No latch inferred for signal `\picorv32_pcpi_fast_mul.\instr_mulhsu' from process `\picorv32_pcpi_fast_mul.$proc$/mnt/d/tushar/Downloads/RTL.ai/designs/benchmark/picorv32.v:2348$1199'.
No latch inferred for signal `\picorv32_pcpi_fast_mul.\instr_mulhu' from process `\picorv32_pcpi_fast_mul.$proc$/mnt/d/tushar/Downloads/RTL.ai/designs/benchmark/picorv32.v:2348$1199'.
No latch inferred for signal `$paramod$6b2e5777348611c38df4110cba65fe3615d0b62c\ddc_fir.\psum[15]' from process `$paramod$6b2e5777348611c38df4110cba65fe3615d0b62c\ddc_fir.$proc$/mnt/d/tushar/Downloads/RTL.ai/designs/benchmark/ddc_fir.v:73$1863'.
No latch inferred for signal `$paramod$6b2e5777348611c38df4110cba65fe3615d0b62c\ddc_fir.\psum[14]' from process `$paramod$6b2e5777348611c38df4110cba65fe3615d0b62c\ddc_fir.$proc$/mnt/d/tushar/Downloads/RTL.ai/designs/benchmark/ddc_fir.v:73$1861'.
No latch inferred for signal `$paramod$6b2e5777348611c38df4110cba65fe3615d0b62c\ddc_fir.\psum[13]' from process `$paramod$6b2e5777348611c38df4110cba65fe3615d0b62c\ddc_fir.$proc$/mnt/d/tushar/Downloads/RTL.ai/designs/benchmark/ddc_fir.v:73$1859'.
No latch inferred for signal `$paramod$6b2e5777348611c38df4110cba65fe3615d0b62c\ddc_fir.\psum[12]' from process `$paramod$6b2e5777348611c38df4110cba65fe3615d0b62c\ddc_fir.$proc$/mnt/d/tushar/Downloads/RTL.ai/designs/benchmark/ddc_fir.v:73$1857'.
No latch inferred for signal `$paramod$6b2e5777348611c38df4110cba65fe3615d0b62c\ddc_fir.\psum[11]' from process `$paramod$6b2e5777348611c38df4110cba65fe3615d0b62c\ddc_fir.$proc$/mnt/d/tushar/Downloads/RTL.ai/designs/benchmark/ddc_fir.v:73$1855'.
No latch inferred for signal `$paramod$6b2e5777348611c38df4110cba65fe3615d0b62c\ddc_fir.\psum[10]' from process `$paramod$6b2e5777348611c38df4110cba65fe3615d0b62c\ddc_fir.$proc$/mnt/d/tushar/Downloads/RTL.ai/designs/benchmark/ddc_fir.v:73$1853'.
No latch inferred for signal `$paramod$6b2e5777348611c38df4110cba65fe3615d0b62c\ddc_fir.\psum[9]' from process `$paramod$6b2e5777348611c38df4110cba65fe3615d0b62c\ddc_fir.$proc$/mnt/d/tushar/Downloads/RTL.ai/designs/benchmark/ddc_fir.v:73$1851'.
No latch inferred for signal `$paramod$6b2e5777348611c38df4110cba65fe3615d0b62c\ddc_fir.\psum[8]' from process `$paramod$6b2e5777348611c38df4110cba65fe3615d0b62c\ddc_fir.$proc$/mnt/d/tushar/Downloads/RTL.ai/designs/benchmark/ddc_fir.v:73$1849'.
No latch inferred for signal `$paramod$6b2e5777348611c38df4110cba65fe3615d0b62c\ddc_fir.\psum[7]' from process `$paramod$6b2e5777348611c38df4110cba65fe3615d0b62c\ddc_fir.$proc$/mnt/d/tushar/Downloads/RTL.ai/designs/benchmark/ddc_fir.v:73$1847'.
No latch inferred for signal `$paramod$6b2e5777348611c38df4110cba65fe3615d0b62c\ddc_fir.\psum[6]' from process `$paramod$6b2e5777348611c38df4110cba65fe3615d0b62c\ddc_fir.$proc$/mnt/d/tushar/Downloads/RTL.ai/designs/benchmark/ddc_fir.v:73$1845'.
No latch inferred for signal `$paramod$6b2e5777348611c38df4110cba65fe3615d0b62c\ddc_fir.\psum[5]' from process `$paramod$6b2e5777348611c38df4110cba65fe3615d0b62c\ddc_fir.$proc$/mnt/d/tushar/Downloads/RTL.ai/designs/benchmark/ddc_fir.v:73$1843'.
No latch inferred for signal `$paramod$6b2e5777348611c38df4110cba65fe3615d0b62c\ddc_fir.\psum[4]' from process `$paramod$6b2e5777348611c38df4110cba65fe3615d0b62c\ddc_fir.$proc$/mnt/d/tushar/Downloads/RTL.ai/designs/benchmark/ddc_fir.v:73$1841'.
No latch inferred for signal `$paramod$6b2e5777348611c38df4110cba65fe3615d0b62c\ddc_fir.\psum[3]' from process `$paramod$6b2e5777348611c38df4110cba65fe3615d0b62c\ddc_fir.$proc$/mnt/d/tushar/Downloads/RTL.ai/designs/benchmark/ddc_fir.v:73$1839'.
No latch inferred for signal `$paramod$6b2e5777348611c38df4110cba65fe3615d0b62c\ddc_fir.\psum[2]' from process `$paramod$6b2e5777348611c38df4110cba65fe3615d0b62c\ddc_fir.$proc$/mnt/d/tushar/Downloads/RTL.ai/designs/benchmark/ddc_fir.v:73$1837'.
No latch inferred for signal `$paramod$6b2e5777348611c38df4110cba65fe3615d0b62c\ddc_fir.\psum[1]' from process `$paramod$6b2e5777348611c38df4110cba65fe3615d0b62c\ddc_fir.$proc$/mnt/d/tushar/Downloads/RTL.ai/designs/benchmark/ddc_fir.v:73$1835'.
No latch inferred for signal `$paramod$6b2e5777348611c38df4110cba65fe3615d0b62c\ddc_fir.\prod[14]' from process `$paramod$6b2e5777348611c38df4110cba65fe3615d0b62c\ddc_fir.$proc$/mnt/d/tushar/Downloads/RTL.ai/designs/benchmark/ddc_fir.v:63$1833'.
No latch inferred for signal `$paramod$6b2e5777348611c38df4110cba65fe3615d0b62c\ddc_fir.\prod[13]' from process `$paramod$6b2e5777348611c38df4110cba65fe3615d0b62c\ddc_fir.$proc$/mnt/d/tushar/Downloads/RTL.ai/designs/benchmark/ddc_fir.v:63$1831'.
No latch inferred for signal `$paramod$6b2e5777348611c38df4110cba65fe3615d0b62c\ddc_fir.\prod[12]' from process `$paramod$6b2e5777348611c38df4110cba65fe3615d0b62c\ddc_fir.$proc$/mnt/d/tushar/Downloads/RTL.ai/designs/benchmark/ddc_fir.v:63$1829'.
No latch inferred for signal `$paramod$6b2e5777348611c38df4110cba65fe3615d0b62c\ddc_fir.\prod[11]' from process `$paramod$6b2e5777348611c38df4110cba65fe3615d0b62c\ddc_fir.$proc$/mnt/d/tushar/Downloads/RTL.ai/designs/benchmark/ddc_fir.v:63$1827'.
No latch inferred for signal `$paramod$6b2e5777348611c38df4110cba65fe3615d0b62c\ddc_fir.\prod[10]' from process `$paramod$6b2e5777348611c38df4110cba65fe3615d0b62c\ddc_fir.$proc$/mnt/d/tushar/Downloads/RTL.ai/designs/benchmark/ddc_fir.v:63$1825'.
No latch inferred for signal `$paramod$6b2e5777348611c38df4110cba65fe3615d0b62c\ddc_fir.\prod[9]' from process `$paramod$6b2e5777348611c38df4110cba65fe3615d0b62c\ddc_fir.$proc$/mnt/d/tushar/Downloads/RTL.ai/designs/benchmark/ddc_fir.v:63$1823'.
No latch inferred for signal `$paramod$6b2e5777348611c38df4110cba65fe3615d0b62c\ddc_fir.\prod[8]' from process `$paramod$6b2e5777348611c38df4110cba65fe3615d0b62c\ddc_fir.$proc$/mnt/d/tushar/Downloads/RTL.ai/designs/benchmark/ddc_fir.v:63$1821'.
No latch inferred for signal `$paramod$6b2e5777348611c38df4110cba65fe3615d0b62c\ddc_fir.\prod[7]' from process `$paramod$6b2e5777348611c38df4110cba65fe3615d0b62c\ddc_fir.$proc$/mnt/d/tushar/Downloads/RTL.ai/designs/benchmark/ddc_fir.v:63$1819'.
No latch inferred for signal `$paramod$6b2e5777348611c38df4110cba65fe3615d0b62c\ddc_fir.\prod[6]' from process `$paramod$6b2e5777348611c38df4110cba65fe3615d0b62c\ddc_fir.$proc$/mnt/d/tushar/Downloads/RTL.ai/designs/benchmark/ddc_fir.v:63$1817'.
No latch inferred for signal `$paramod$6b2e5777348611c38df4110cba65fe3615d0b62c\ddc_fir.\prod[5]' from process `$paramod$6b2e5777348611c38df4110cba65fe3615d0b62c\ddc_fir.$proc$/mnt/d/tushar/Downloads/RTL.ai/designs/benchmark/ddc_fir.v:63$1815'.
No latch inferred for signal `$paramod$6b2e5777348611c38df4110cba65fe3615d0b62c\ddc_fir.\prod[4]' from process `$paramod$6b2e5777348611c38df4110cba65fe3615d0b62c\ddc_fir.$proc$/mnt/d/tushar/Downloads/RTL.ai/designs/benchmark/ddc_fir.v:63$1813'.
No latch inferred for signal `$paramod$6b2e5777348611c38df4110cba65fe3615d0b62c\ddc_fir.\prod[3]' from process `$paramod$6b2e5777348611c38df4110cba65fe3615d0b62c\ddc_fir.$proc$/mnt/d/tushar/Downloads/RTL.ai/designs/benchmark/ddc_fir.v:63$1811'.
No latch inferred for signal `$paramod$6b2e5777348611c38df4110cba65fe3615d0b62c\ddc_fir.\prod[2]' from process `$paramod$6b2e5777348611c38df4110cba65fe3615d0b62c\ddc_fir.$proc$/mnt/d/tushar/Downloads/RTL.ai/designs/benchmark/ddc_fir.v:63$1809'.
No latch inferred for signal `$paramod$6b2e5777348611c38df4110cba65fe3615d0b62c\ddc_fir.\prod[1]' from process `$paramod$6b2e5777348611c38df4110cba65fe3615d0b62c\ddc_fir.$proc$/mnt/d/tushar/Downloads/RTL.ai/designs/benchmark/ddc_fir.v:63$1807'.
No latch inferred for signal `$paramod$6b2e5777348611c38df4110cba65fe3615d0b62c\ddc_fir.\prod[0]' from process `$paramod$6b2e5777348611c38df4110cba65fe3615d0b62c\ddc_fir.$proc$/mnt/d/tushar/Downloads/RTL.ai/designs/benchmark/ddc_fir.v:63$1805'.
No latch inferred for signal `$paramod$6b2e5777348611c38df4110cba65fe3615d0b62c\ddc_fir.\psum[0]' from process `$paramod$6b2e5777348611c38df4110cba65fe3615d0b62c\ddc_fir.$proc$/mnt/d/tushar/Downloads/RTL.ai/designs/benchmark/ddc_fir.v:69$1804'.
No latch inferred for signal `\picorv32.\cpuregs_rs1' from process `\picorv32.$proc$/mnt/d/tushar/Downloads/RTL.ai/designs/benchmark/picorv32.v:1348$930'.
No latch inferred for signal `\picorv32.\cpuregs_rs2' from process `\picorv32.$proc$/mnt/d/tushar/Downloads/RTL.ai/designs/benchmark/picorv32.v:1348$930'.
No latch inferred for signal `\picorv32.\decoded_rs' from process `\picorv32.$proc$/mnt/d/tushar/Downloads/RTL.ai/designs/benchmark/picorv32.v:1348$930'.
No latch inferred for signal `\picorv32.\cpuregs_write' from process `\picorv32.$proc$/mnt/d/tushar/Downloads/RTL.ai/designs/benchmark/picorv32.v:1309$909'.
No latch inferred for signal `\picorv32.\cpuregs_wrdata' from process `\picorv32.$proc$/mnt/d/tushar/Downloads/RTL.ai/designs/benchmark/picorv32.v:1309$909'.
No latch inferred for signal `\picorv32.\clear_prefetched_high_word' from process `\picorv32.$proc$/mnt/d/tushar/Downloads/RTL.ai/designs/benchmark/picorv32.v:1295$904'.
No latch inferred for signal `\picorv32.\alu_out' from process `\picorv32.$proc$/mnt/d/tushar/Downloads/RTL.ai/designs/benchmark/picorv32.v:1249$881'.
No latch inferred for signal `\picorv32.\alu_out_0' from process `\picorv32.$proc$/mnt/d/tushar/Downloads/RTL.ai/designs/benchmark/picorv32.v:1249$881'.
No latch inferred for signal `\picorv32.\dbg_ascii_state' from process `\picorv32.$proc$/mnt/d/tushar/Downloads/RTL.ai/designs/benchmark/picorv32.v:1186$869'.
No latch inferred for signal `\picorv32.\dbg_insn_opcode' from process `\picorv32.$proc$/mnt/d/tushar/Downloads/RTL.ai/designs/benchmark/picorv32.v:809$604'.
No latch inferred for signal `\picorv32.\dbg_ascii_instr' from process `\picorv32.$proc$/mnt/d/tushar/Downloads/RTL.ai/designs/benchmark/picorv32.v:809$604'.
No latch inferred for signal `\picorv32.\dbg_insn_imm' from process `\picorv32.$proc$/mnt/d/tushar/Downloads/RTL.ai/designs/benchmark/picorv32.v:809$604'.
No latch inferred for signal `\picorv32.\dbg_insn_rs1' from process `\picorv32.$proc$/mnt/d/tushar/Downloads/RTL.ai/designs/benchmark/picorv32.v:809$604'.
No latch inferred for signal `\picorv32.\dbg_insn_rs2' from process `\picorv32.$proc$/mnt/d/tushar/Downloads/RTL.ai/designs/benchmark/picorv32.v:809$604'.
No latch inferred for signal `\picorv32.\dbg_insn_rd' from process `\picorv32.$proc$/mnt/d/tushar/Downloads/RTL.ai/designs/benchmark/picorv32.v:809$604'.
No latch inferred for signal `\picorv32.\new_ascii_instr' from process `\picorv32.$proc$/mnt/d/tushar/Downloads/RTL.ai/designs/benchmark/picorv32.v:701$599'.
No latch inferred for signal `\picorv32.\alu_add_sub' from process `\picorv32.$proc$/mnt/d/tushar/Downloads/RTL.ai/designs/benchmark/picorv32.v:1239$1107'.
No latch inferred for signal `\picorv32.\alu_shl' from process `\picorv32.$proc$/mnt/d/tushar/Downloads/RTL.ai/designs/benchmark/picorv32.v:1239$1107'.
No latch inferred for signal `\picorv32.\alu_shr' from process `\picorv32.$proc$/mnt/d/tushar/Downloads/RTL.ai/designs/benchmark/picorv32.v:1239$1107'.
No latch inferred for signal `\picorv32.\alu_eq' from process `\picorv32.$proc$/mnt/d/tushar/Downloads/RTL.ai/designs/benchmark/picorv32.v:1239$1107'.
No latch inferred for signal `\picorv32.\alu_ltu' from process `\picorv32.$proc$/mnt/d/tushar/Downloads/RTL.ai/designs/benchmark/picorv32.v:1239$1107'.
No latch inferred for signal `\picorv32.\alu_lts' from process `\picorv32.$proc$/mnt/d/tushar/Downloads/RTL.ai/designs/benchmark/picorv32.v:1239$1107'.
No latch inferred for signal `\picorv32.\mem_la_wdata' from process `\picorv32.$proc$/mnt/d/tushar/Downloads/RTL.ai/designs/benchmark/picorv32.v:401$534'.
No latch inferred for signal `\picorv32.\mem_la_wstrb' from process `\picorv32.$proc$/mnt/d/tushar/Downloads/RTL.ai/designs/benchmark/picorv32.v:401$534'.
No latch inferred for signal `\picorv32.\mem_rdata_word' from process `\picorv32.$proc$/mnt/d/tushar/Downloads/RTL.ai/designs/benchmark/picorv32.v:401$534'.
No latch inferred for signal `\picorv32.\pcpi_int_wr' from process `\picorv32.$proc$/mnt/d/tushar/Downloads/RTL.ai/designs/benchmark/picorv32.v:325$455'.
No latch inferred for signal `\picorv32.\pcpi_int_rd' from process `\picorv32.$proc$/mnt/d/tushar/Downloads/RTL.ai/designs/benchmark/picorv32.v:325$455'.
No latch inferred for signal `\picorv32.\pcpi_int_wait' from process `\picorv32.$proc$/mnt/d/tushar/Downloads/RTL.ai/designs/benchmark/picorv32.v:325$455'.
No latch inferred for signal `\picorv32.\pcpi_int_ready' from process `\picorv32.$proc$/mnt/d/tushar/Downloads/RTL.ai/designs/benchmark/picorv32.v:325$455'.
No latch inferred for signal `\ddc_sinrom.\val' from process `\ddc_sinrom.$proc$/mnt/d/tushar/Downloads/RTL.ai/designs/benchmark/ddc_nco.v:72$437'.
No latch inferred for signal `\crc32.\b' from process `\crc32.$proc$/mnt/d/tushar/Downloads/RTL.ai/designs/benchmark/crc32.v:57$46'.
No latch inferred for signal `\crc32.\i' from process `\crc32.$proc$/mnt/d/tushar/Downloads/RTL.ai/designs/benchmark/crc32.v:57$46'.
No latch inferred for signal `\crc32.\cnext' from process `\crc32.$proc$/mnt/d/tushar/Downloads/RTL.ai/designs/benchmark/crc32.v:57$46'.
No latch inferred for signal `\crc32.\c_tap[0]' from process `\crc32.$proc$/mnt/d/tushar/Downloads/RTL.ai/designs/benchmark/crc32.v:57$46'.
No latch inferred for signal `\crc32.\c_tap[1]' from process `\crc32.$proc$/mnt/d/tushar/Downloads/RTL.ai/designs/benchmark/crc32.v:57$46'.
No latch inferred for signal `\crc32.\c_tap[2]' from process `\crc32.$proc$/mnt/d/tushar/Downloads/RTL.ai/designs/benchmark/crc32.v:57$46'.
No latch inferred for signal `\crc32.\c_tap[3]' from process `\crc32.$proc$/mnt/d/tushar/Downloads/RTL.ai/designs/benchmark/crc32.v:57$46'.
No latch inferred for signal `\crc32.\c_tap[4]' from process `\crc32.$proc$/mnt/d/tushar/Downloads/RTL.ai/designs/benchmark/crc32.v:57$46'.
No latch inferred for signal `\crc32.\c_tap[5]' from process `\crc32.$proc$/mnt/d/tushar/Downloads/RTL.ai/designs/benchmark/crc32.v:57$46'.
No latch inferred for signal `\crc32.\c_tap[6]' from process `\crc32.$proc$/mnt/d/tushar/Downloads/RTL.ai/designs/benchmark/crc32.v:57$46'.
No latch inferred for signal `\crc32.\c_tap[7]' from process `\crc32.$proc$/mnt/d/tushar/Downloads/RTL.ai/designs/benchmark/crc32.v:57$46'.
No latch inferred for signal `\crc32.\c_tap[8]' from process `\crc32.$proc$/mnt/d/tushar/Downloads/RTL.ai/designs/benchmark/crc32.v:57$46'.
No latch inferred for signal `\sha256_w_mem.\w_mem00_new' from process `\sha256_w_mem.$proc$/mnt/d/tushar/Downloads/RTL.ai/designs/benchmark/sha256_w_mem.v:153$1760'.
No latch inferred for signal `\sha256_w_mem.\w_mem01_new' from process `\sha256_w_mem.$proc$/mnt/d/tushar/Downloads/RTL.ai/designs/benchmark/sha256_w_mem.v:153$1760'.
No latch inferred for signal `\sha256_w_mem.\w_mem02_new' from process `\sha256_w_mem.$proc$/mnt/d/tushar/Downloads/RTL.ai/designs/benchmark/sha256_w_mem.v:153$1760'.
No latch inferred for signal `\sha256_w_mem.\w_mem03_new' from process `\sha256_w_mem.$proc$/mnt/d/tushar/Downloads/RTL.ai/designs/benchmark/sha256_w_mem.v:153$1760'.
No latch inferred for signal `\sha256_w_mem.\w_mem04_new' from process `\sha256_w_mem.$proc$/mnt/d/tushar/Downloads/RTL.ai/designs/benchmark/sha256_w_mem.v:153$1760'.
No latch inferred for signal `\sha256_w_mem.\w_mem05_new' from process `\sha256_w_mem.$proc$/mnt/d/tushar/Downloads/RTL.ai/designs/benchmark/sha256_w_mem.v:153$1760'.
No latch inferred for signal `\sha256_w_mem.\w_mem06_new' from process `\sha256_w_mem.$proc$/mnt/d/tushar/Downloads/RTL.ai/designs/benchmark/sha256_w_mem.v:153$1760'.
No latch inferred for signal `\sha256_w_mem.\w_mem07_new' from process `\sha256_w_mem.$proc$/mnt/d/tushar/Downloads/RTL.ai/designs/benchmark/sha256_w_mem.v:153$1760'.
No latch inferred for signal `\sha256_w_mem.\w_mem08_new' from process `\sha256_w_mem.$proc$/mnt/d/tushar/Downloads/RTL.ai/designs/benchmark/sha256_w_mem.v:153$1760'.
No latch inferred for signal `\sha256_w_mem.\w_mem09_new' from process `\sha256_w_mem.$proc$/mnt/d/tushar/Downloads/RTL.ai/designs/benchmark/sha256_w_mem.v:153$1760'.
No latch inferred for signal `\sha256_w_mem.\w_mem10_new' from process `\sha256_w_mem.$proc$/mnt/d/tushar/Downloads/RTL.ai/designs/benchmark/sha256_w_mem.v:153$1760'.
No latch inferred for signal `\sha256_w_mem.\w_mem11_new' from process `\sha256_w_mem.$proc$/mnt/d/tushar/Downloads/RTL.ai/designs/benchmark/sha256_w_mem.v:153$1760'.
No latch inferred for signal `\sha256_w_mem.\w_mem12_new' from process `\sha256_w_mem.$proc$/mnt/d/tushar/Downloads/RTL.ai/designs/benchmark/sha256_w_mem.v:153$1760'.
No latch inferred for signal `\sha256_w_mem.\w_mem13_new' from process `\sha256_w_mem.$proc$/mnt/d/tushar/Downloads/RTL.ai/designs/benchmark/sha256_w_mem.v:153$1760'.
No latch inferred for signal `\sha256_w_mem.\w_mem14_new' from process `\sha256_w_mem.$proc$/mnt/d/tushar/Downloads/RTL.ai/designs/benchmark/sha256_w_mem.v:153$1760'.
No latch inferred for signal `\sha256_w_mem.\w_mem15_new' from process `\sha256_w_mem.$proc$/mnt/d/tushar/Downloads/RTL.ai/designs/benchmark/sha256_w_mem.v:153$1760'.
No latch inferred for signal `\sha256_w_mem.\w_mem_we' from process `\sha256_w_mem.$proc$/mnt/d/tushar/Downloads/RTL.ai/designs/benchmark/sha256_w_mem.v:153$1760'.
No latch inferred for signal `\sha256_w_mem.\w_new' from process `\sha256_w_mem.$proc$/mnt/d/tushar/Downloads/RTL.ai/designs/benchmark/sha256_w_mem.v:153$1760'.
No latch inferred for signal `\sha256_w_mem.\w_mem_update_logic.w_0' from process `\sha256_w_mem.$proc$/mnt/d/tushar/Downloads/RTL.ai/designs/benchmark/sha256_w_mem.v:153$1760'.
No latch inferred for signal `\sha256_w_mem.\w_mem_update_logic.w_1' from process `\sha256_w_mem.$proc$/mnt/d/tushar/Downloads/RTL.ai/designs/benchmark/sha256_w_mem.v:153$1760'.
No latch inferred for signal `\sha256_w_mem.\w_mem_update_logic.w_9' from process `\sha256_w_mem.$proc$/mnt/d/tushar/Downloads/RTL.ai/designs/benchmark/sha256_w_mem.v:153$1760'.
No latch inferred for signal `\sha256_w_mem.\w_mem_update_logic.w_14' from process `\sha256_w_mem.$proc$/mnt/d/tushar/Downloads/RTL.ai/designs/benchmark/sha256_w_mem.v:153$1760'.
No latch inferred for signal `\sha256_w_mem.\w_mem_update_logic.d0' from process `\sha256_w_mem.$proc$/mnt/d/tushar/Downloads/RTL.ai/designs/benchmark/sha256_w_mem.v:153$1760'.
No latch inferred for signal `\sha256_w_mem.\w_mem_update_logic.d1' from process `\sha256_w_mem.$proc$/mnt/d/tushar/Downloads/RTL.ai/designs/benchmark/sha256_w_mem.v:153$1760'.
No latch inferred for signal `\sha256_w_mem.\w_tmp' from process `\sha256_w_mem.$proc$/mnt/d/tushar/Downloads/RTL.ai/designs/benchmark/sha256_w_mem.v:138$1753'.

19.9. Executing PROC_DFF pass (convert process syncs to FFs).
Creating register for signal `\sha256_core.\digest_valid_reg' using process `\sha256_core.$proc$/mnt/d/tushar/Downloads/RTL.ai/designs/benchmark/sha256_core.v:203$1710'.
  created $adff cell `$procdff$6208' with positive edge clock and positive level reset.
Creating register for signal `\sha256_core.\a_reg' using process `\sha256_core.$proc$/mnt/d/tushar/Downloads/RTL.ai/designs/benchmark/sha256_core.v:203$1710'.
  created $adff cell `$procdff$6213' with positive edge clock and positive level reset.
Creating register for signal `\sha256_core.\b_reg' using process `\sha256_core.$proc$/mnt/d/tushar/Downloads/RTL.ai/designs/benchmark/sha256_core.v:203$1710'.
  created $adff cell `$procdff$6218' with positive edge clock and positive level reset.
Creating register for signal `\sha256_core.\c_reg' using process `\sha256_core.$proc$/mnt/d/tushar/Downloads/RTL.ai/designs/benchmark/sha256_core.v:203$1710'.
  created $adff cell `$procdff$6223' with positive edge clock and positive level reset.
Creating register for signal `\sha256_core.\d_reg' using process `\sha256_core.$proc$/mnt/d/tushar/Downloads/RTL.ai/designs/benchmark/sha256_core.v:203$1710'.
  created $adff cell `$procdff$6228' with positive edge clock and positive level reset.
Creating register for signal `\sha256_core.\e_reg' using process `\sha256_core.$proc$/mnt/d/tushar/Downloads/RTL.ai/designs/benchmark/sha256_core.v:203$1710'.
  created $adff cell `$procdff$6233' with positive edge clock and positive level reset.
Creating register for signal `\sha256_core.\f_reg' using process `\sha256_core.$proc$/mnt/d/tushar/Downloads/RTL.ai/designs/benchmark/sha256_core.v:203$1710'.
  created $adff cell `$procdff$6238' with positive edge clock and positive level reset.
Creating register for signal `\sha256_core.\g_reg' using process `\sha256_core.$proc$/mnt/d/tushar/Downloads/RTL.ai/designs/benchmark/sha256_core.v:203$1710'.
  created $adff cell `$procdff$6243' with positive edge clock and positive level reset.
Creating register for signal `\sha256_core.\h_reg' using process `\sha256_core.$proc$/mnt/d/tushar/Downloads/RTL.ai/designs/benchmark/sha256_core.v:203$1710'.
  created $adff cell `$procdff$6248' with positive edge clock and positive level reset.
Creating register for signal `\sha256_core.\H0_reg' using process `\sha256_core.$proc$/mnt/d/tushar/Downloads/RTL.ai/designs/benchmark/sha256_core.v:203$1710'.
  created $adff cell `$procdff$6253' with positive edge clock and positive level reset.
Creating register for signal `\sha256_core.\H1_reg' using process `\sha256_core.$proc$/mnt/d/tushar/Downloads/RTL.ai/designs/benchmark/sha256_core.v:203$1710'.
  created $adff cell `$procdff$6258' with positive edge clock and positive level reset.
Creating register for signal `\sha256_core.\H2_reg' using process `\sha256_core.$proc$/mnt/d/tushar/Downloads/RTL.ai/designs/benchmark/sha256_core.v:203$1710'.
  created $adff cell `$procdff$6263' with positive edge clock and positive level reset.
Creating register for signal `\sha256_core.\H3_reg' using process `\sha256_core.$proc$/mnt/d/tushar/Downloads/RTL.ai/designs/benchmark/sha256_core.v:203$1710'.
  created $adff cell `$procdff$6268' with positive edge clock and positive level reset.
Creating register for signal `\sha256_core.\H4_reg' using process `\sha256_core.$proc$/mnt/d/tushar/Downloads/RTL.ai/designs/benchmark/sha256_core.v:203$1710'.
  created $adff cell `$procdff$6273' with positive edge clock and positive level reset.
Creating register for signal `\sha256_core.\H5_reg' using process `\sha256_core.$proc$/mnt/d/tushar/Downloads/RTL.ai/designs/benchmark/sha256_core.v:203$1710'.
  created $adff cell `$procdff$6278' with positive edge clock and positive level reset.
Creating register for signal `\sha256_core.\H6_reg' using process `\sha256_core.$proc$/mnt/d/tushar/Downloads/RTL.ai/designs/benchmark/sha256_core.v:203$1710'.
  created $adff cell `$procdff$6283' with positive edge clock and positive level reset.
Creating register for signal `\sha256_core.\H7_reg' using process `\sha256_core.$proc$/mnt/d/tushar/Downloads/RTL.ai/designs/benchmark/sha256_core.v:203$1710'.
  created $adff cell `$procdff$6288' with positive edge clock and positive level reset.
Creating register for signal `\sha256_core.\t_ctr_reg' using process `\sha256_core.$proc$/mnt/d/tushar/Downloads/RTL.ai/designs/benchmark/sha256_core.v:203$1710'.
  created $adff cell `$procdff$6293' with positive edge clock and positive level reset.
Creating register for signal `\sha256_core.\sha256_ctrl_reg' using process `\sha256_core.$proc$/mnt/d/tushar/Downloads/RTL.ai/designs/benchmark/sha256_core.v:203$1710'.
  created $adff cell `$procdff$6298' with positive edge clock and positive level reset.
Creating register for signal `\sha256.\init_reg' using process `\sha256.$proc$/mnt/d/tushar/Downloads/RTL.ai/designs/benchmark/sha256.v:162$1677'.
  created $adff cell `$procdff$6303' with positive edge clock and positive level reset.
Creating register for signal `\sha256.\next_reg' using process `\sha256.$proc$/mnt/d/tushar/Downloads/RTL.ai/designs/benchmark/sha256.v:162$1677'.
  created $adff cell `$procdff$6308' with positive edge clock and positive level reset.
Creating register for signal `\sha256.\mode_reg' using process `\sha256.$proc$/mnt/d/tushar/Downloads/RTL.ai/designs/benchmark/sha256.v:162$1677'.
  created $adff cell `$procdff$6313' with positive edge clock and positive level reset.
Creating register for signal `\sha256.\ready_reg' using process `\sha256.$proc$/mnt/d/tushar/Downloads/RTL.ai/designs/benchmark/sha256.v:162$1677'.
  created $adff cell `$procdff$6318' with positive edge clock and positive level reset.
Creating register for signal `\sha256.\digest_reg' using process `\sha256.$proc$/mnt/d/tushar/Downloads/RTL.ai/designs/benchmark/sha256.v:162$1677'.
  created $adff cell `$procdff$6323' with positive edge clock and positive level reset.
Creating register for signal `\sha256.\digest_valid_reg' using process `\sha256.$proc$/mnt/d/tushar/Downloads/RTL.ai/designs/benchmark/sha256.v:162$1677'.
  created $adff cell `$procdff$6328' with positive edge clock and positive level reset.
Creating register for signal `\sha256.\reg_update.i' using process `\sha256.$proc$/mnt/d/tushar/Downloads/RTL.ai/designs/benchmark/sha256.v:162$1677'.
  created $adff cell `$procdff$6333' with positive edge clock and positive level reset.
Creating register for signal `\sha256.\block_reg[0]' using process `\sha256.$proc$/mnt/d/tushar/Downloads/RTL.ai/designs/benchmark/sha256.v:162$1677'.
  created $adff cell `$procdff$6338' with positive edge clock and positive level reset.
Creating register for signal `\sha256.\block_reg[1]' using process `\sha256.$proc$/mnt/d/tushar/Downloads/RTL.ai/designs/benchmark/sha256.v:162$1677'.
  created $adff cell `$procdff$6343' with positive edge clock and positive level reset.
Creating register for signal `\sha256.\block_reg[2]' using process `\sha256.$proc$/mnt/d/tushar/Downloads/RTL.ai/designs/benchmark/sha256.v:162$1677'.
  created $adff cell `$procdff$6348' with positive edge clock and positive level reset.
Creating register for signal `\sha256.\block_reg[3]' using process `\sha256.$proc$/mnt/d/tushar/Downloads/RTL.ai/designs/benchmark/sha256.v:162$1677'.
  created $adff cell `$procdff$6353' with positive edge clock and positive level reset.
Creating register for signal `\sha256.\block_reg[4]' using process `\sha256.$proc$/mnt/d/tushar/Downloads/RTL.ai/designs/benchmark/sha256.v:162$1677'.
  created $adff cell `$procdff$6358' with positive edge clock and positive level reset.
Creating register for signal `\sha256.\block_reg[5]' using process `\sha256.$proc$/mnt/d/tushar/Downloads/RTL.ai/designs/benchmark/sha256.v:162$1677'.
  created $adff cell `$procdff$6363' with positive edge clock and positive level reset.
Creating register for signal `\sha256.\block_reg[6]' using process `\sha256.$proc$/mnt/d/tushar/Downloads/RTL.ai/designs/benchmark/sha256.v:162$1677'.
  created $adff cell `$procdff$6368' with positive edge clock and positive level reset.
Creating register for signal `\sha256.\block_reg[7]' using process `\sha256.$proc$/mnt/d/tushar/Downloads/RTL.ai/designs/benchmark/sha256.v:162$1677'.
  created $adff cell `$procdff$6373' with positive edge clock and positive level reset.
Creating register for signal `\sha256.\block_reg[8]' using process `\sha256.$proc$/mnt/d/tushar/Downloads/RTL.ai/designs/benchmark/sha256.v:162$1677'.
  created $adff cell `$procdff$6378' with positive edge clock and positive level reset.
Creating register for signal `\sha256.\block_reg[9]' using process `\sha256.$proc$/mnt/d/tushar/Downloads/RTL.ai/designs/benchmark/sha256.v:162$1677'.
  created $adff cell `$procdff$6383' with positive edge clock and positive level reset.
Creating register for signal `\sha256.\block_reg[10]' using process `\sha256.$proc$/mnt/d/tushar/Downloads/RTL.ai/designs/benchmark/sha256.v:162$1677'.
  created $adff cell `$procdff$6388' with positive edge clock and positive level reset.
Creating register for signal `\sha256.\block_reg[11]' using process `\sha256.$proc$/mnt/d/tushar/Downloads/RTL.ai/designs/benchmark/sha256.v:162$1677'.
  created $adff cell `$procdff$6393' with positive edge clock and positive level reset.
Creating register for signal `\sha256.\block_reg[12]' using process `\sha256.$proc$/mnt/d/tushar/Downloads/RTL.ai/designs/benchmark/sha256.v:162$1677'.
  created $adff cell `$procdff$6398' with positive edge clock and positive level reset.
Creating register for signal `\sha256.\block_reg[13]' using process `\sha256.$proc$/mnt/d/tushar/Downloads/RTL.ai/designs/benchmark/sha256.v:162$1677'.
  created $adff cell `$procdff$6403' with positive edge clock and positive level reset.
Creating register for signal `\sha256.\block_reg[14]' using process `\sha256.$proc$/mnt/d/tushar/Downloads/RTL.ai/designs/benchmark/sha256.v:162$1677'.
  created $adff cell `$procdff$6408' with positive edge clock and positive level reset.
Creating register for signal `\sha256.\block_reg[15]' using process `\sha256.$proc$/mnt/d/tushar/Downloads/RTL.ai/designs/benchmark/sha256.v:162$1677'.
  created $adff cell `$procdff$6413' with positive edge clock and positive level reset.
Creating register for signal `\sha256.$mem2reg_wr$\block_reg$/mnt/d/tushar/Downloads/RTL.ai/designs/benchmark/sha256.v:192$1675_ADDR' using process `\sha256.$proc$/mnt/d/tushar/Downloads/RTL.ai/designs/benchmark/sha256.v:162$1677'.
  created $adff cell `$procdff$6418' with positive edge clock and positive level reset.
Creating register for signal `\sha256.$mem2reg_wr$\block_reg$/mnt/d/tushar/Downloads/RTL.ai/designs/benchmark/sha256.v:192$1675_DATA' using process `\sha256.$proc$/mnt/d/tushar/Downloads/RTL.ai/designs/benchmark/sha256.v:162$1677'.
  created $adff cell `$procdff$6423' with positive edge clock and positive level reset.
Creating register for signal `\sad8x8.\valid_out' using process `\sad8x8.$proc$/mnt/d/tushar/Downloads/RTL.ai/designs/benchmark/sad8x8.v:56$1353'.
  created $dff cell `$procdff$6424' with positive edge clock.
Creating register for signal `\sad8x8.\sad' using process `\sad8x8.$proc$/mnt/d/tushar/Downloads/RTL.ai/designs/benchmark/sad8x8.v:56$1353'.
  created $dff cell `$procdff$6425' with positive edge clock.
Creating register for signal `\ddc.\mix_valid' using process `\ddc.$proc$/mnt/d/tushar/Downloads/RTL.ai/designs/benchmark/ddc.v:84$1923'.
  created $dff cell `$procdff$6426' with positive edge clock.
Creating register for signal `\ddc.\mix_valid_d' using process `\ddc.$proc$/mnt/d/tushar/Downloads/RTL.ai/designs/benchmark/ddc.v:84$1923'.
  created $dff cell `$procdff$6427' with positive edge clock.
Creating register for signal `$paramod$33682cd1d05634ea6014b34575d141b8a856657a\ddc_mixer.\iout' using process `$paramod$33682cd1d05634ea6014b34575d141b8a856657a\ddc_mixer.$proc$/mnt/d/tushar/Downloads/RTL.ai/designs/benchmark/ddc_mixer.v:62$1913'.
  created $dff cell `$procdff$6428' with positive edge clock.
Creating register for signal `$paramod$33682cd1d05634ea6014b34575d141b8a856657a\ddc_mixer.\qout' using process `$paramod$33682cd1d05634ea6014b34575d141b8a856657a\ddc_mixer.$proc$/mnt/d/tushar/Downloads/RTL.ai/designs/benchmark/ddc_mixer.v:62$1913'.
  created $dff cell `$procdff$6429' with positive edge clock.
Creating register for signal `$paramod$498463d264968bc81db47baec170cc0cc7a42680\ddc_cic.\g_comb[3].k' using process `$paramod$498463d264968bc81db47baec170cc0cc7a42680\ddc_cic.$proc$/mnt/d/tushar/Downloads/RTL.ai/designs/benchmark/ddc_cic.v:119$1882'.
  created $dff cell `$procdff$6430' with positive edge clock.
Creating register for signal `$paramod$498463d264968bc81db47baec170cc0cc7a42680\ddc_cic.\g_comb[3].dly[0]' using process `$paramod$498463d264968bc81db47baec170cc0cc7a42680\ddc_cic.$proc$/mnt/d/tushar/Downloads/RTL.ai/designs/benchmark/ddc_cic.v:119$1882'.
  created $dff cell `$procdff$6431' with positive edge clock.
Creating register for signal `$paramod$498463d264968bc81db47baec170cc0cc7a42680\ddc_cic.\g_comb[2].k' using process `$paramod$498463d264968bc81db47baec170cc0cc7a42680\ddc_cic.$proc$/mnt/d/tushar/Downloads/RTL.ai/designs/benchmark/ddc_cic.v:119$1881'.
  created $dff cell `$procdff$6432' with positive edge clock.
Creating register for signal `$paramod$498463d264968bc81db47baec170cc0cc7a42680\ddc_cic.\g_comb[2].dly[0]' using process `$paramod$498463d264968bc81db47baec170cc0cc7a42680\ddc_cic.$proc$/mnt/d/tushar/Downloads/RTL.ai/designs/benchmark/ddc_cic.v:119$1881'.
  created $dff cell `$procdff$6433' with positive edge clock.
Creating register for signal `$paramod$498463d264968bc81db47baec170cc0cc7a42680\ddc_cic.\g_comb[1].k' using process `$paramod$498463d264968bc81db47baec170cc0cc7a42680\ddc_cic.$proc$/mnt/d/tushar/Downloads/RTL.ai/designs/benchmark/ddc_cic.v:119$1880'.
  created $dff cell `$procdff$6434' with positive edge clock.
Creating register for signal `$paramod$498463d264968bc81db47baec170cc0cc7a42680\ddc_cic.\g_comb[1].dly[0]' using process `$paramod$498463d264968bc81db47baec170cc0cc7a42680\ddc_cic.$proc$/mnt/d/tushar/Downloads/RTL.ai/designs/benchmark/ddc_cic.v:119$1880'.
  created $dff cell `$procdff$6435' with positive edge clock.
Creating register for signal `$paramod$498463d264968bc81db47baec170cc0cc7a42680\ddc_cic.\g_comb[0].k' using process `$paramod$498463d264968bc81db47baec170cc0cc7a42680\ddc_cic.$proc$/mnt/d/tushar/Downloads/RTL.ai/designs/benchmark/ddc_cic.v:119$1879'.
  created $dff cell `$procdff$6436' with positive edge clock.
Creating register for signal `$paramod$498463d264968bc81db47baec170cc0cc7a42680\ddc_cic.\g_comb[0].dly[0]' using process `$paramod$498463d264968bc81db47baec170cc0cc7a42680\ddc_cic.$proc$/mnt/d/tushar/Downloads/RTL.ai/designs/benchmark/ddc_cic.v:119$1879'.
  created $dff cell `$procdff$6437' with positive edge clock.
Creating register for signal `$paramod$498463d264968bc81db47baec170cc0cc7a42680\ddc_cic.\g_integ[3].acc' using process `$paramod$498463d264968bc81db47baec170cc0cc7a42680\ddc_cic.$proc$/mnt/d/tushar/Downloads/RTL.ai/designs/benchmark/ddc_cic.v:74$1877'.
  created $dff cell `$procdff$6438' with positive edge clock.
Creating register for signal `$paramod$498463d264968bc81db47baec170cc0cc7a42680\ddc_cic.\g_integ[2].acc' using process `$paramod$498463d264968bc81db47baec170cc0cc7a42680\ddc_cic.$proc$/mnt/d/tushar/Downloads/RTL.ai/designs/benchmark/ddc_cic.v:74$1875'.
  created $dff cell `$procdff$6439' with positive edge clock.
Creating register for signal `$paramod$498463d264968bc81db47baec170cc0cc7a42680\ddc_cic.\g_integ[1].acc' using process `$paramod$498463d264968bc81db47baec170cc0cc7a42680\ddc_cic.$proc$/mnt/d/tushar/Downloads/RTL.ai/designs/benchmark/ddc_cic.v:74$1873'.
  created $dff cell `$procdff$6440' with positive edge clock.
Creating register for signal `$paramod$498463d264968bc81db47baec170cc0cc7a42680\ddc_cic.\g_integ[0].acc' using process `$paramod$498463d264968bc81db47baec170cc0cc7a42680\ddc_cic.$proc$/mnt/d/tushar/Downloads/RTL.ai/designs/benchmark/ddc_cic.v:74$1871'.
  created $dff cell `$procdff$6441' with positive edge clock.
Creating register for signal `$paramod$498463d264968bc81db47baec170cc0cc7a42680\ddc_cic.\out_valid' using process `$paramod$498463d264968bc81db47baec170cc0cc7a42680\ddc_cic.$proc$/mnt/d/tushar/Downloads/RTL.ai/designs/benchmark/ddc_cic.v:139$1870'.
  created $dff cell `$procdff$6442' with positive edge clock.
Creating register for signal `$paramod$498463d264968bc81db47baec170cc0cc7a42680\ddc_cic.\out_data' using process `$paramod$498463d264968bc81db47baec170cc0cc7a42680\ddc_cic.$proc$/mnt/d/tushar/Downloads/RTL.ai/designs/benchmark/ddc_cic.v:139$1870'.
  created $dff cell `$procdff$6443' with positive edge clock.
Creating register for signal `$paramod$498463d264968bc81db47baec170cc0cc7a42680\ddc_cic.\cnt' using process `$paramod$498463d264968bc81db47baec170cc0cc7a42680\ddc_cic.$proc$/mnt/d/tushar/Downloads/RTL.ai/designs/benchmark/ddc_cic.v:88$1866'.
  created $dff cell `$procdff$6444' with positive edge clock.
Creating register for signal `$paramod$498463d264968bc81db47baec170cc0cc7a42680\ddc_cic.\cb_en' using process `$paramod$498463d264968bc81db47baec170cc0cc7a42680\ddc_cic.$proc$/mnt/d/tushar/Downloads/RTL.ai/designs/benchmark/ddc_cic.v:88$1866'.
  created $dff cell `$procdff$6445' with positive edge clock.
Creating register for signal `$paramod$498463d264968bc81db47baec170cc0cc7a42680\ddc_cic.\dec_data' using process `$paramod$498463d264968bc81db47baec170cc0cc7a42680\ddc_cic.$proc$/mnt/d/tushar/Downloads/RTL.ai/designs/benchmark/ddc_cic.v:88$1866'.
  created $dff cell `$procdff$6446' with positive edge clock.
Creating register for signal `\picorv32_pcpi_div.\pcpi_wr' using process `\picorv32_pcpi_div.$proc$/mnt/d/tushar/Downloads/RTL.ai/designs/benchmark/picorv32.v:2464$1225'.
  created $dff cell `$procdff$6447' with positive edge clock.
Creating register for signal `\picorv32_pcpi_div.\pcpi_rd' using process `\picorv32_pcpi_div.$proc$/mnt/d/tushar/Downloads/RTL.ai/designs/benchmark/picorv32.v:2464$1225'.
  created $dff cell `$procdff$6448' with positive edge clock.
Creating register for signal `\picorv32_pcpi_div.\pcpi_ready' using process `\picorv32_pcpi_div.$proc$/mnt/d/tushar/Downloads/RTL.ai/designs/benchmark/picorv32.v:2464$1225'.
  created $dff cell `$procdff$6449' with positive edge clock.
Creating register for signal `\picorv32_pcpi_div.\dividend' using process `\picorv32_pcpi_div.$proc$/mnt/d/tushar/Downloads/RTL.ai/designs/benchmark/picorv32.v:2464$1225'.
  created $dff cell `$procdff$6450' with positive edge clock.
Creating register for signal `\picorv32_pcpi_div.\divisor' using process `\picorv32_pcpi_div.$proc$/mnt/d/tushar/Downloads/RTL.ai/designs/benchmark/picorv32.v:2464$1225'.
  created $dff cell `$procdff$6451' with positive edge clock.
Creating register for signal `\picorv32_pcpi_div.\quotient' using process `\picorv32_pcpi_div.$proc$/mnt/d/tushar/Downloads/RTL.ai/designs/benchmark/picorv32.v:2464$1225'.
  created $dff cell `$procdff$6452' with positive edge clock.
Creating register for signal `\picorv32_pcpi_div.\quotient_msk' using process `\picorv32_pcpi_div.$proc$/mnt/d/tushar/Downloads/RTL.ai/designs/benchmark/picorv32.v:2464$1225'.
  created $dff cell `$procdff$6453' with positive edge clock.
Creating register for signal `\picorv32_pcpi_div.\running' using process `\picorv32_pcpi_div.$proc$/mnt/d/tushar/Downloads/RTL.ai/designs/benchmark/picorv32.v:2464$1225'.
  created $dff cell `$procdff$6454' with positive edge clock.
Creating register for signal `\picorv32_pcpi_div.\outsign' using process `\picorv32_pcpi_div.$proc$/mnt/d/tushar/Downloads/RTL.ai/designs/benchmark/picorv32.v:2464$1225'.
  created $dff cell `$procdff$6455' with positive edge clock.
Creating register for signal `\picorv32_pcpi_div.\pcpi_wait' using process `\picorv32_pcpi_div.$proc$/mnt/d/tushar/Downloads/RTL.ai/designs/benchmark/picorv32.v:2438$1215'.
  created $dff cell `$procdff$6456' with positive edge clock.
Creating register for signal `\picorv32_pcpi_div.\pcpi_wait_q' using process `\picorv32_pcpi_div.$proc$/mnt/d/tushar/Downloads/RTL.ai/designs/benchmark/picorv32.v:2438$1215'.
  created $dff cell `$procdff$6457' with positive edge clock.
Creating register for signal `\picorv32_pcpi_div.\instr_div' using process `\picorv32_pcpi_div.$proc$/mnt/d/tushar/Downloads/RTL.ai/designs/benchmark/picorv32.v:2438$1215'.
  created $dff cell `$procdff$6458' with positive edge clock.
Creating register for signal `\picorv32_pcpi_div.\instr_divu' using process `\picorv32_pcpi_div.$proc$/mnt/d/tushar/Downloads/RTL.ai/designs/benchmark/picorv32.v:2438$1215'.
  created $dff cell `$procdff$6459' with positive edge clock.
Creating register for signal `\picorv32_pcpi_div.\instr_rem' using process `\picorv32_pcpi_div.$proc$/mnt/d/tushar/Downloads/RTL.ai/designs/benchmark/picorv32.v:2438$1215'.
  created $dff cell `$procdff$6460' with positive edge clock.
Creating register for signal `\picorv32_pcpi_div.\instr_remu' using process `\picorv32_pcpi_div.$proc$/mnt/d/tushar/Downloads/RTL.ai/designs/benchmark/picorv32.v:2438$1215'.
  created $dff cell `$procdff$6461' with positive edge clock.
Creating register for signal `\picorv32_pcpi_fast_mul.\active' using process `\picorv32_pcpi_fast_mul.$proc$/mnt/d/tushar/Downloads/RTL.ai/designs/benchmark/picorv32.v:2378$1206'.
  created $dff cell `$procdff$6462' with positive edge clock.
Creating register for signal `\picorv32_pcpi_fast_mul.\rs1' using process `\picorv32_pcpi_fast_mul.$proc$/mnt/d/tushar/Downloads/RTL.ai/designs/benchmark/picorv32.v:2378$1206'.
  created $dff cell `$procdff$6463' with positive edge clock.
Creating register for signal `\picorv32_pcpi_fast_mul.\rs2' using process `\picorv32_pcpi_fast_mul.$proc$/mnt/d/tushar/Downloads/RTL.ai/designs/benchmark/picorv32.v:2378$1206'.
  created $dff cell `$procdff$6464' with positive edge clock.
Creating register for signal `\picorv32_pcpi_fast_mul.\shift_out' using process `\picorv32_pcpi_fast_mul.$proc$/mnt/d/tushar/Downloads/RTL.ai/designs/benchmark/picorv32.v:2378$1206'.
  created $dff cell `$procdff$6465' with positive edge clock.
Creating register for signal `\picorv32_pcpi_fast_mul.\rd' using process `\picorv32_pcpi_fast_mul.$proc$/mnt/d/tushar/Downloads/RTL.ai/designs/benchmark/picorv32.v:2364$1201'.
  created $dff cell `$procdff$6466' with positive edge clock.
Creating register for signal `\picorv32_pcpi_fast_mul.\rs1_q' using process `\picorv32_pcpi_fast_mul.$proc$/mnt/d/tushar/Downloads/RTL.ai/designs/benchmark/picorv32.v:2364$1201'.
  created $dff cell `$procdff$6467' with positive edge clock.
Creating register for signal `\picorv32_pcpi_fast_mul.\rs2_q' using process `\picorv32_pcpi_fast_mul.$proc$/mnt/d/tushar/Downloads/RTL.ai/designs/benchmark/picorv32.v:2364$1201'.
  created $dff cell `$procdff$6468' with positive edge clock.
Creating register for signal `\picorv32_pcpi_fast_mul.\rd_q' using process `\picorv32_pcpi_fast_mul.$proc$/mnt/d/tushar/Downloads/RTL.ai/designs/benchmark/picorv32.v:2364$1201'.
  created $dff cell `$procdff$6469' with positive edge clock.
Creating register for signal `\picorv32_pcpi_fast_mul.\pcpi_insn_valid_q' using process `\picorv32_pcpi_fast_mul.$proc$/mnt/d/tushar/Downloads/RTL.ai/designs/benchmark/picorv32.v:2364$1201'.
  created $dff cell `$procdff$6470' with positive edge clock.
Creating register for signal `$paramod$6b2e5777348611c38df4110cba65fe3615d0b62c\ddc_fir.\out_valid' using process `$paramod$6b2e5777348611c38df4110cba65fe3615d0b62c\ddc_fir.$proc$/mnt/d/tushar/Downloads/RTL.ai/designs/benchmark/ddc_fir.v:89$1803'.
  created $dff cell `$procdff$6471' with positive edge clock.
Creating register for signal `$paramod$6b2e5777348611c38df4110cba65fe3615d0b62c\ddc_fir.\out_data' using process `$paramod$6b2e5777348611c38df4110cba65fe3615d0b62c\ddc_fir.$proc$/mnt/d/tushar/Downloads/RTL.ai/designs/benchmark/ddc_fir.v:89$1803'.
  created $dff cell `$procdff$6472' with positive edge clock.
Creating register for signal `$paramod$6b2e5777348611c38df4110cba65fe3615d0b62c\ddc_fir.\j' using process `$paramod$6b2e5777348611c38df4110cba65fe3615d0b62c\ddc_fir.$proc$/mnt/d/tushar/Downloads/RTL.ai/designs/benchmark/ddc_fir.v:89$1803'.
  created $dff cell `$procdff$6473' with positive edge clock.
Creating register for signal `$paramod$6b2e5777348611c38df4110cba65fe3615d0b62c\ddc_fir.\shift[0]' using process `$paramod$6b2e5777348611c38df4110cba65fe3615d0b62c\ddc_fir.$proc$/mnt/d/tushar/Downloads/RTL.ai/designs/benchmark/ddc_fir.v:89$1803'.
  created $dff cell `$procdff$6474' with positive edge clock.
Creating register for signal `$paramod$6b2e5777348611c38df4110cba65fe3615d0b62c\ddc_fir.\shift[1]' using process `$paramod$6b2e5777348611c38df4110cba65fe3615d0b62c\ddc_fir.$proc$/mnt/d/tushar/Downloads/RTL.ai/designs/benchmark/ddc_fir.v:89$1803'.
  created $dff cell `$procdff$6475' with positive edge clock.
Creating register for signal `$paramod$6b2e5777348611c38df4110cba65fe3615d0b62c\ddc_fir.\shift[2]' using process `$paramod$6b2e5777348611c38df4110cba65fe3615d0b62c\ddc_fir.$proc$/mnt/d/tushar/Downloads/RTL.ai/designs/benchmark/ddc_fir.v:89$1803'.
  created $dff cell `$procdff$6476' with positive edge clock.
Creating register for signal `$paramod$6b2e5777348611c38df4110cba65fe3615d0b62c\ddc_fir.\shift[3]' using process `$paramod$6b2e5777348611c38df4110cba65fe3615d0b62c\ddc_fir.$proc$/mnt/d/tushar/Downloads/RTL.ai/designs/benchmark/ddc_fir.v:89$1803'.
  created $dff cell `$procdff$6477' with positive edge clock.
Creating register for signal `$paramod$6b2e5777348611c38df4110cba65fe3615d0b62c\ddc_fir.\shift[4]' using process `$paramod$6b2e5777348611c38df4110cba65fe3615d0b62c\ddc_fir.$proc$/mnt/d/tushar/Downloads/RTL.ai/designs/benchmark/ddc_fir.v:89$1803'.
  created $dff cell `$procdff$6478' with positive edge clock.
Creating register for signal `$paramod$6b2e5777348611c38df4110cba65fe3615d0b62c\ddc_fir.\shift[5]' using process `$paramod$6b2e5777348611c38df4110cba65fe3615d0b62c\ddc_fir.$proc$/mnt/d/tushar/Downloads/RTL.ai/designs/benchmark/ddc_fir.v:89$1803'.
  created $dff cell `$procdff$6479' with positive edge clock.
Creating register for signal `$paramod$6b2e5777348611c38df4110cba65fe3615d0b62c\ddc_fir.\shift[6]' using process `$paramod$6b2e5777348611c38df4110cba65fe3615d0b62c\ddc_fir.$proc$/mnt/d/tushar/Downloads/RTL.ai/designs/benchmark/ddc_fir.v:89$1803'.
  created $dff cell `$procdff$6480' with positive edge clock.
Creating register for signal `$paramod$6b2e5777348611c38df4110cba65fe3615d0b62c\ddc_fir.\shift[7]' using process `$paramod$6b2e5777348611c38df4110cba65fe3615d0b62c\ddc_fir.$proc$/mnt/d/tushar/Downloads/RTL.ai/designs/benchmark/ddc_fir.v:89$1803'.
  created $dff cell `$procdff$6481' with positive edge clock.
Creating register for signal `$paramod$6b2e5777348611c38df4110cba65fe3615d0b62c\ddc_fir.\shift[8]' using process `$paramod$6b2e5777348611c38df4110cba65fe3615d0b62c\ddc_fir.$proc$/mnt/d/tushar/Downloads/RTL.ai/designs/benchmark/ddc_fir.v:89$1803'.
  created $dff cell `$procdff$6482' with positive edge clock.
Creating register for signal `$paramod$6b2e5777348611c38df4110cba65fe3615d0b62c\ddc_fir.\shift[9]' using process `$paramod$6b2e5777348611c38df4110cba65fe3615d0b62c\ddc_fir.$proc$/mnt/d/tushar/Downloads/RTL.ai/designs/benchmark/ddc_fir.v:89$1803'.
  created $dff cell `$procdff$6483' with positive edge clock.
Creating register for signal `$paramod$6b2e5777348611c38df4110cba65fe3615d0b62c\ddc_fir.\shift[10]' using process `$paramod$6b2e5777348611c38df4110cba65fe3615d0b62c\ddc_fir.$proc$/mnt/d/tushar/Downloads/RTL.ai/designs/benchmark/ddc_fir.v:89$1803'.
  created $dff cell `$procdff$6484' with positive edge clock.
Creating register for signal `$paramod$6b2e5777348611c38df4110cba65fe3615d0b62c\ddc_fir.\shift[11]' using process `$paramod$6b2e5777348611c38df4110cba65fe3615d0b62c\ddc_fir.$proc$/mnt/d/tushar/Downloads/RTL.ai/designs/benchmark/ddc_fir.v:89$1803'.
  created $dff cell `$procdff$6485' with positive edge clock.
Creating register for signal `$paramod$6b2e5777348611c38df4110cba65fe3615d0b62c\ddc_fir.\shift[12]' using process `$paramod$6b2e5777348611c38df4110cba65fe3615d0b62c\ddc_fir.$proc$/mnt/d/tushar/Downloads/RTL.ai/designs/benchmark/ddc_fir.v:89$1803'.
  created $dff cell `$procdff$6486' with positive edge clock.
Creating register for signal `$paramod$6b2e5777348611c38df4110cba65fe3615d0b62c\ddc_fir.\shift[13]' using process `$paramod$6b2e5777348611c38df4110cba65fe3615d0b62c\ddc_fir.$proc$/mnt/d/tushar/Downloads/RTL.ai/designs/benchmark/ddc_fir.v:89$1803'.
  created $dff cell `$procdff$6487' with positive edge clock.
Creating register for signal `$paramod$6b2e5777348611c38df4110cba65fe3615d0b62c\ddc_fir.\shift[14]' using process `$paramod$6b2e5777348611c38df4110cba65fe3615d0b62c\ddc_fir.$proc$/mnt/d/tushar/Downloads/RTL.ai/designs/benchmark/ddc_fir.v:89$1803'.
  created $dff cell `$procdff$6488' with positive edge clock.
Creating register for signal `$paramod\clk_divider\DIV=s32'00000000000000000000000000000010.\clk_out' using process `$paramod\clk_divider\DIV=s32'00000000000000000000000000000010.$proc$/mnt/d/tushar/Downloads/RTL.ai/designs/clk_divider.v:16$1793'.
  created $dff cell `$procdff$6489' with positive edge clock.
Creating register for signal `$paramod\clk_divider\DIV=s32'00000000000000000000000000000010.\count' using process `$paramod\clk_divider\DIV=s32'00000000000000000000000000000010.$proc$/mnt/d/tushar/Downloads/RTL.ai/designs/clk_divider.v:16$1793'.
  created $dff cell `$procdff$6490' with positive edge clock.
Creating register for signal `\picorv32.\trap' using process `\picorv32.$proc$/mnt/d/tushar/Downloads/RTL.ai/designs/benchmark/picorv32.v:1402$945'.
  created $dff cell `$procdff$6491' with positive edge clock.
Creating register for signal `\picorv32.\pcpi_valid' using process `\picorv32.$proc$/mnt/d/tushar/Downloads/RTL.ai/designs/benchmark/picorv32.v:1402$945'.
  created $dff cell `$procdff$6492' with positive edge clock.
Creating register for signal `\picorv32.\eoi' using process `\picorv32.$proc$/mnt/d/tushar/Downloads/RTL.ai/designs/benchmark/picorv32.v:1402$945'.
  created $dff cell `$procdff$6493' with positive edge clock.
Creating register for signal `\picorv32.\trace_valid' using process `\picorv32.$proc$/mnt/d/tushar/Downloads/RTL.ai/designs/benchmark/picorv32.v:1402$945'.
  created $dff cell `$procdff$6494' with positive edge clock.
Creating register for signal `\picorv32.\trace_data' using process `\picorv32.$proc$/mnt/d/tushar/Downloads/RTL.ai/designs/benchmark/picorv32.v:1402$945'.
  created $dff cell `$procdff$6495' with positive edge clock.
Creating register for signal `\picorv32.\count_cycle' using process `\picorv32.$proc$/mnt/d/tushar/Downloads/RTL.ai/designs/benchmark/picorv32.v:1402$945'.
  created $dff cell `$procdff$6496' with positive edge clock.
Creating register for signal `\picorv32.\count_instr' using process `\picorv32.$proc$/mnt/d/tushar/Downloads/RTL.ai/designs/benchmark/picorv32.v:1402$945'.
  created $dff cell `$procdff$6497' with positive edge clock.
Creating register for signal `\picorv32.\reg_pc' using process `\picorv32.$proc$/mnt/d/tushar/Downloads/RTL.ai/designs/benchmark/picorv32.v:1402$945'.
  created $dff cell `$procdff$6498' with positive edge clock.
Creating register for signal `\picorv32.\reg_next_pc' using process `\picorv32.$proc$/mnt/d/tushar/Downloads/RTL.ai/designs/benchmark/picorv32.v:1402$945'.
  created $dff cell `$procdff$6499' with positive edge clock.
Creating register for signal `\picorv32.\reg_op1' using process `\picorv32.$proc$/mnt/d/tushar/Downloads/RTL.ai/designs/benchmark/picorv32.v:1402$945'.
  created $dff cell `$procdff$6500' with positive edge clock.
Creating register for signal `\picorv32.\reg_op2' using process `\picorv32.$proc$/mnt/d/tushar/Downloads/RTL.ai/designs/benchmark/picorv32.v:1402$945'.
  created $dff cell `$procdff$6501' with positive edge clock.
Creating register for signal `\picorv32.\reg_out' using process `\picorv32.$proc$/mnt/d/tushar/Downloads/RTL.ai/designs/benchmark/picorv32.v:1402$945'.
  created $dff cell `$procdff$6502' with positive edge clock.
Creating register for signal `\picorv32.\reg_sh' using process `\picorv32.$proc$/mnt/d/tushar/Downloads/RTL.ai/designs/benchmark/picorv32.v:1402$945'.
  created $dff cell `$procdff$6503' with positive edge clock.
Creating register for signal `\picorv32.\irq_delay' using process `\picorv32.$proc$/mnt/d/tushar/Downloads/RTL.ai/designs/benchmark/picorv32.v:1402$945'.
  created $dff cell `$procdff$6504' with positive edge clock.
Creating register for signal `\picorv32.\irq_active' using process `\picorv32.$proc$/mnt/d/tushar/Downloads/RTL.ai/designs/benchmark/picorv32.v:1402$945'.
  created $dff cell `$procdff$6505' with positive edge clock.
Creating register for signal `\picorv32.\irq_mask' using process `\picorv32.$proc$/mnt/d/tushar/Downloads/RTL.ai/designs/benchmark/picorv32.v:1402$945'.
  created $dff cell `$procdff$6506' with positive edge clock.
Creating register for signal `\picorv32.\irq_pending' using process `\picorv32.$proc$/mnt/d/tushar/Downloads/RTL.ai/designs/benchmark/picorv32.v:1402$945'.
  created $dff cell `$procdff$6507' with positive edge clock.
Creating register for signal `\picorv32.\timer' using process `\picorv32.$proc$/mnt/d/tushar/Downloads/RTL.ai/designs/benchmark/picorv32.v:1402$945'.
  created $dff cell `$procdff$6508' with positive edge clock.
Creating register for signal `\picorv32.\mem_wordsize' using process `\picorv32.$proc$/mnt/d/tushar/Downloads/RTL.ai/designs/benchmark/picorv32.v:1402$945'.
  created $dff cell `$procdff$6509' with positive edge clock.
Creating register for signal `\picorv32.\mem_do_prefetch' using process `\picorv32.$proc$/mnt/d/tushar/Downloads/RTL.ai/designs/benchmark/picorv32.v:1402$945'.
  created $dff cell `$procdff$6510' with positive edge clock.
Creating register for signal `\picorv32.\mem_do_rinst' using process `\picorv32.$proc$/mnt/d/tushar/Downloads/RTL.ai/designs/benchmark/picorv32.v:1402$945'.
  created $dff cell `$procdff$6511' with positive edge clock.
Creating register for signal `\picorv32.\mem_do_rdata' using process `\picorv32.$proc$/mnt/d/tushar/Downloads/RTL.ai/designs/benchmark/picorv32.v:1402$945'.
  created $dff cell `$procdff$6512' with positive edge clock.
Creating register for signal `\picorv32.\mem_do_wdata' using process `\picorv32.$proc$/mnt/d/tushar/Downloads/RTL.ai/designs/benchmark/picorv32.v:1402$945'.
  created $dff cell `$procdff$6513' with positive edge clock.
Creating register for signal `\picorv32.\decoder_trigger' using process `\picorv32.$proc$/mnt/d/tushar/Downloads/RTL.ai/designs/benchmark/picorv32.v:1402$945'.
  created $dff cell `$procdff$6514' with positive edge clock.
Creating register for signal `\picorv32.\decoder_trigger_q' using process `\picorv32.$proc$/mnt/d/tushar/Downloads/RTL.ai/designs/benchmark/picorv32.v:1402$945'.
  created $dff cell `$procdff$6515' with positive edge clock.
Creating register for signal `\picorv32.\decoder_pseudo_trigger' using process `\picorv32.$proc$/mnt/d/tushar/Downloads/RTL.ai/designs/benchmark/picorv32.v:1402$945'.
  created $dff cell `$procdff$6516' with positive edge clock.
Creating register for signal `\picorv32.\decoder_pseudo_trigger_q' using process `\picorv32.$proc$/mnt/d/tushar/Downloads/RTL.ai/designs/benchmark/picorv32.v:1402$945'.
  created $dff cell `$procdff$6517' with positive edge clock.
Creating register for signal `\picorv32.\dbg_rs1val' using process `\picorv32.$proc$/mnt/d/tushar/Downloads/RTL.ai/designs/benchmark/picorv32.v:1402$945'.
  created $dff cell `$procdff$6518' with positive edge clock.
Creating register for signal `\picorv32.\dbg_rs2val' using process `\picorv32.$proc$/mnt/d/tushar/Downloads/RTL.ai/designs/benchmark/picorv32.v:1402$945'.
  created $dff cell `$procdff$6519' with positive edge clock.
Creating register for signal `\picorv32.\dbg_rs1val_valid' using process `\picorv32.$proc$/mnt/d/tushar/Downloads/RTL.ai/designs/benchmark/picorv32.v:1402$945'.
  created $dff cell `$procdff$6520' with positive edge clock.
Creating register for signal `\picorv32.\dbg_rs2val_valid' using process `\picorv32.$proc$/mnt/d/tushar/Downloads/RTL.ai/designs/benchmark/picorv32.v:1402$945'.
  created $dff cell `$procdff$6521' with positive edge clock.
Creating register for signal `\picorv32.\cpu_state' using process `\picorv32.$proc$/mnt/d/tushar/Downloads/RTL.ai/designs/benchmark/picorv32.v:1402$945'.
  created $dff cell `$procdff$6522' with positive edge clock.
Creating register for signal `\picorv32.\irq_state' using process `\picorv32.$proc$/mnt/d/tushar/Downloads/RTL.ai/designs/benchmark/picorv32.v:1402$945'.
  created $dff cell `$procdff$6523' with positive edge clock.
Creating register for signal `\picorv32.\set_mem_do_rinst' using process `\picorv32.$proc$/mnt/d/tushar/Downloads/RTL.ai/designs/benchmark/picorv32.v:1402$945'.
  created $dff cell `$procdff$6524' with positive edge clock.
Creating register for signal `\picorv32.\set_mem_do_rdata' using process `\picorv32.$proc$/mnt/d/tushar/Downloads/RTL.ai/designs/benchmark/picorv32.v:1402$945'.
  created $dff cell `$procdff$6525' with positive edge clock.
Creating register for signal `\picorv32.\set_mem_do_wdata' using process `\picorv32.$proc$/mnt/d/tushar/Downloads/RTL.ai/designs/benchmark/picorv32.v:1402$945'.
  created $dff cell `$procdff$6526' with positive edge clock.
Creating register for signal `\picorv32.\latched_store' using process `\picorv32.$proc$/mnt/d/tushar/Downloads/RTL.ai/designs/benchmark/picorv32.v:1402$945'.
  created $dff cell `$procdff$6527' with positive edge clock.
Creating register for signal `\picorv32.\latched_stalu' using process `\picorv32.$proc$/mnt/d/tushar/Downloads/RTL.ai/designs/benchmark/picorv32.v:1402$945'.
  created $dff cell `$procdff$6528' with positive edge clock.
Creating register for signal `\picorv32.\latched_branch' using process `\picorv32.$proc$/mnt/d/tushar/Downloads/RTL.ai/designs/benchmark/picorv32.v:1402$945'.
  created $dff cell `$procdff$6529' with positive edge clock.
Creating register for signal `\picorv32.\latched_compr' using process `\picorv32.$proc$/mnt/d/tushar/Downloads/RTL.ai/designs/benchmark/picorv32.v:1402$945'.
  created $dff cell `$procdff$6530' with positive edge clock.
Creating register for signal `\picorv32.\latched_trace' using process `\picorv32.$proc$/mnt/d/tushar/Downloads/RTL.ai/designs/benchmark/picorv32.v:1402$945'.
  created $dff cell `$procdff$6531' with positive edge clock.
Creating register for signal `\picorv32.\latched_is_lu' using process `\picorv32.$proc$/mnt/d/tushar/Downloads/RTL.ai/designs/benchmark/picorv32.v:1402$945'.
  created $dff cell `$procdff$6532' with positive edge clock.
Creating register for signal `\picorv32.\latched_is_lh' using process `\picorv32.$proc$/mnt/d/tushar/Downloads/RTL.ai/designs/benchmark/picorv32.v:1402$945'.
  created $dff cell `$procdff$6533' with positive edge clock.
Creating register for signal `\picorv32.\latched_is_lb' using process `\picorv32.$proc$/mnt/d/tushar/Downloads/RTL.ai/designs/benchmark/picorv32.v:1402$945'.
  created $dff cell `$procdff$6534' with positive edge clock.
Creating register for signal `\picorv32.\latched_rd' using process `\picorv32.$proc$/mnt/d/tushar/Downloads/RTL.ai/designs/benchmark/picorv32.v:1402$945'.
  created $dff cell `$procdff$6535' with positive edge clock.
Creating register for signal `\picorv32.\current_pc' using process `\picorv32.$proc$/mnt/d/tushar/Downloads/RTL.ai/designs/benchmark/picorv32.v:1402$945'.
  created $dff cell `$procdff$6536' with positive edge clock.
Creating register for signal `\picorv32.\pcpi_timeout' using process `\picorv32.$proc$/mnt/d/tushar/Downloads/RTL.ai/designs/benchmark/picorv32.v:1402$945'.
  created $dff cell `$procdff$6537' with positive edge clock.
Creating register for signal `\picorv32.\next_irq_pending' using process `\picorv32.$proc$/mnt/d/tushar/Downloads/RTL.ai/designs/benchmark/picorv32.v:1402$945'.
  created $dff cell `$procdff$6538' with positive edge clock.
Creating register for signal `\picorv32.\do_waitirq' using process `\picorv32.$proc$/mnt/d/tushar/Downloads/RTL.ai/designs/benchmark/picorv32.v:1402$945'.
  created $dff cell `$procdff$6539' with positive edge clock.
Creating register for signal `\picorv32.\alu_out_q' using process `\picorv32.$proc$/mnt/d/tushar/Downloads/RTL.ai/designs/benchmark/picorv32.v:1402$945'.
  created $dff cell `$procdff$6540' with positive edge clock.
Creating register for signal `\picorv32.\alu_out_0_q' using process `\picorv32.$proc$/mnt/d/tushar/Downloads/RTL.ai/designs/benchmark/picorv32.v:1402$945'.
  created $dff cell `$procdff$6541' with positive edge clock.
Creating register for signal `\picorv32.\alu_wait' using process `\picorv32.$proc$/mnt/d/tushar/Downloads/RTL.ai/designs/benchmark/picorv32.v:1402$945'.
  created $dff cell `$procdff$6542' with positive edge clock.
Creating register for signal `\picorv32.\alu_wait_2' using process `\picorv32.$proc$/mnt/d/tushar/Downloads/RTL.ai/designs/benchmark/picorv32.v:1402$945'.
  created $dff cell `$procdff$6543' with positive edge clock.
Creating register for signal `\picorv32.$memwr$\cpuregs$/mnt/d/tushar/Downloads/RTL.ai/designs/benchmark/picorv32.v:1344$454_ADDR' using process `\picorv32.$proc$/mnt/d/tushar/Downloads/RTL.ai/designs/benchmark/picorv32.v:1337$921'.
  created $dff cell `$procdff$6544' with positive edge clock.
Creating register for signal `\picorv32.$memwr$\cpuregs$/mnt/d/tushar/Downloads/RTL.ai/designs/benchmark/picorv32.v:1344$454_DATA' using process `\picorv32.$proc$/mnt/d/tushar/Downloads/RTL.ai/designs/benchmark/picorv32.v:1337$921'.
  created $dff cell `$procdff$6545' with positive edge clock.
Creating register for signal `\picorv32.$memwr$\cpuregs$/mnt/d/tushar/Downloads/RTL.ai/designs/benchmark/picorv32.v:1344$454_EN' using process `\picorv32.$proc$/mnt/d/tushar/Downloads/RTL.ai/designs/benchmark/picorv32.v:1337$921'.
  created $dff cell `$procdff$6546' with positive edge clock.
Creating register for signal `\picorv32.\clear_prefetched_high_word_q' using process `\picorv32.$proc$/mnt/d/tushar/Downloads/RTL.ai/designs/benchmark/picorv32.v:1293$903'.
  created $dff cell `$procdff$6547' with positive edge clock.
Creating register for signal `\picorv32.\pcpi_insn' using process `\picorv32.$proc$/mnt/d/tushar/Downloads/RTL.ai/designs/benchmark/picorv32.v:858$606'.
  created $dff cell `$procdff$6548' with positive edge clock.
Creating register for signal `\picorv32.\instr_lui' using process `\picorv32.$proc$/mnt/d/tushar/Downloads/RTL.ai/designs/benchmark/picorv32.v:858$606'.
  created $dff cell `$procdff$6549' with positive edge clock.
Creating register for signal `\picorv32.\instr_auipc' using process `\picorv32.$proc$/mnt/d/tushar/Downloads/RTL.ai/designs/benchmark/picorv32.v:858$606'.
  created $dff cell `$procdff$6550' with positive edge clock.
Creating register for signal `\picorv32.\instr_jal' using process `\picorv32.$proc$/mnt/d/tushar/Downloads/RTL.ai/designs/benchmark/picorv32.v:858$606'.
  created $dff cell `$procdff$6551' with positive edge clock.
Creating register for signal `\picorv32.\instr_jalr' using process `\picorv32.$proc$/mnt/d/tushar/Downloads/RTL.ai/designs/benchmark/picorv32.v:858$606'.
  created $dff cell `$procdff$6552' with positive edge clock.
Creating register for signal `\picorv32.\instr_beq' using process `\picorv32.$proc$/mnt/d/tushar/Downloads/RTL.ai/designs/benchmark/picorv32.v:858$606'.
  created $dff cell `$procdff$6553' with positive edge clock.
Creating register for signal `\picorv32.\instr_bne' using process `\picorv32.$proc$/mnt/d/tushar/Downloads/RTL.ai/designs/benchmark/picorv32.v:858$606'.
  created $dff cell `$procdff$6554' with positive edge clock.
Creating register for signal `\picorv32.\instr_blt' using process `\picorv32.$proc$/mnt/d/tushar/Downloads/RTL.ai/designs/benchmark/picorv32.v:858$606'.
  created $dff cell `$procdff$6555' with positive edge clock.
Creating register for signal `\picorv32.\instr_bge' using process `\picorv32.$proc$/mnt/d/tushar/Downloads/RTL.ai/designs/benchmark/picorv32.v:858$606'.
  created $dff cell `$procdff$6556' with positive edge clock.
Creating register for signal `\picorv32.\instr_bltu' using process `\picorv32.$proc$/mnt/d/tushar/Downloads/RTL.ai/designs/benchmark/picorv32.v:858$606'.
  created $dff cell `$procdff$6557' with positive edge clock.
Creating register for signal `\picorv32.\instr_bgeu' using process `\picorv32.$proc$/mnt/d/tushar/Downloads/RTL.ai/designs/benchmark/picorv32.v:858$606'.
  created $dff cell `$procdff$6558' with positive edge clock.
Creating register for signal `\picorv32.\instr_lb' using process `\picorv32.$proc$/mnt/d/tushar/Downloads/RTL.ai/designs/benchmark/picorv32.v:858$606'.
  created $dff cell `$procdff$6559' with positive edge clock.
Creating register for signal `\picorv32.\instr_lh' using process `\picorv32.$proc$/mnt/d/tushar/Downloads/RTL.ai/designs/benchmark/picorv32.v:858$606'.
  created $dff cell `$procdff$6560' with positive edge clock.
Creating register for signal `\picorv32.\instr_lw' using process `\picorv32.$proc$/mnt/d/tushar/Downloads/RTL.ai/designs/benchmark/picorv32.v:858$606'.
  created $dff cell `$procdff$6561' with positive edge clock.
Creating register for signal `\picorv32.\instr_lbu' using process `\picorv32.$proc$/mnt/d/tushar/Downloads/RTL.ai/designs/benchmark/picorv32.v:858$606'.
  created $dff cell `$procdff$6562' with positive edge clock.
Creating register for signal `\picorv32.\instr_lhu' using process `\picorv32.$proc$/mnt/d/tushar/Downloads/RTL.ai/designs/benchmark/picorv32.v:858$606'.
  created $dff cell `$procdff$6563' with positive edge clock.
Creating register for signal `\picorv32.\instr_sb' using process `\picorv32.$proc$/mnt/d/tushar/Downloads/RTL.ai/designs/benchmark/picorv32.v:858$606'.
  created $dff cell `$procdff$6564' with positive edge clock.
Creating register for signal `\picorv32.\instr_sh' using process `\picorv32.$proc$/mnt/d/tushar/Downloads/RTL.ai/designs/benchmark/picorv32.v:858$606'.
  created $dff cell `$procdff$6565' with positive edge clock.
Creating register for signal `\picorv32.\instr_sw' using process `\picorv32.$proc$/mnt/d/tushar/Downloads/RTL.ai/designs/benchmark/picorv32.v:858$606'.
  created $dff cell `$procdff$6566' with positive edge clock.
Creating register for signal `\picorv32.\instr_addi' using process `\picorv32.$proc$/mnt/d/tushar/Downloads/RTL.ai/designs/benchmark/picorv32.v:858$606'.
  created $dff cell `$procdff$6567' with positive edge clock.
Creating register for signal `\picorv32.\instr_slti' using process `\picorv32.$proc$/mnt/d/tushar/Downloads/RTL.ai/designs/benchmark/picorv32.v:858$606'.
  created $dff cell `$procdff$6568' with positive edge clock.
Creating register for signal `\picorv32.\instr_sltiu' using process `\picorv32.$proc$/mnt/d/tushar/Downloads/RTL.ai/designs/benchmark/picorv32.v:858$606'.
  created $dff cell `$procdff$6569' with positive edge clock.
Creating register for signal `\picorv32.\instr_xori' using process `\picorv32.$proc$/mnt/d/tushar/Downloads/RTL.ai/designs/benchmark/picorv32.v:858$606'.
  created $dff cell `$procdff$6570' with positive edge clock.
Creating register for signal `\picorv32.\instr_ori' using process `\picorv32.$proc$/mnt/d/tushar/Downloads/RTL.ai/designs/benchmark/picorv32.v:858$606'.
  created $dff cell `$procdff$6571' with positive edge clock.
Creating register for signal `\picorv32.\instr_andi' using process `\picorv32.$proc$/mnt/d/tushar/Downloads/RTL.ai/designs/benchmark/picorv32.v:858$606'.
  created $dff cell `$procdff$6572' with positive edge clock.
Creating register for signal `\picorv32.\instr_slli' using process `\picorv32.$proc$/mnt/d/tushar/Downloads/RTL.ai/designs/benchmark/picorv32.v:858$606'.
  created $dff cell `$procdff$6573' with positive edge clock.
Creating register for signal `\picorv32.\instr_srli' using process `\picorv32.$proc$/mnt/d/tushar/Downloads/RTL.ai/designs/benchmark/picorv32.v:858$606'.
  created $dff cell `$procdff$6574' with positive edge clock.
Creating register for signal `\picorv32.\instr_srai' using process `\picorv32.$proc$/mnt/d/tushar/Downloads/RTL.ai/designs/benchmark/picorv32.v:858$606'.
  created $dff cell `$procdff$6575' with positive edge clock.
Creating register for signal `\picorv32.\instr_add' using process `\picorv32.$proc$/mnt/d/tushar/Downloads/RTL.ai/designs/benchmark/picorv32.v:858$606'.
  created $dff cell `$procdff$6576' with positive edge clock.
Creating register for signal `\picorv32.\instr_sub' using process `\picorv32.$proc$/mnt/d/tushar/Downloads/RTL.ai/designs/benchmark/picorv32.v:858$606'.
  created $dff cell `$procdff$6577' with positive edge clock.
Creating register for signal `\picorv32.\instr_sll' using process `\picorv32.$proc$/mnt/d/tushar/Downloads/RTL.ai/designs/benchmark/picorv32.v:858$606'.
  created $dff cell `$procdff$6578' with positive edge clock.
Creating register for signal `\picorv32.\instr_slt' using process `\picorv32.$proc$/mnt/d/tushar/Downloads/RTL.ai/designs/benchmark/picorv32.v:858$606'.
  created $dff cell `$procdff$6579' with positive edge clock.
Creating register for signal `\picorv32.\instr_sltu' using process `\picorv32.$proc$/mnt/d/tushar/Downloads/RTL.ai/designs/benchmark/picorv32.v:858$606'.
  created $dff cell `$procdff$6580' with positive edge clock.
Creating register for signal `\picorv32.\instr_xor' using process `\picorv32.$proc$/mnt/d/tushar/Downloads/RTL.ai/designs/benchmark/picorv32.v:858$606'.
  created $dff cell `$procdff$6581' with positive edge clock.
Creating register for signal `\picorv32.\instr_srl' using process `\picorv32.$proc$/mnt/d/tushar/Downloads/RTL.ai/designs/benchmark/picorv32.v:858$606'.
  created $dff cell `$procdff$6582' with positive edge clock.
Creating register for signal `\picorv32.\instr_sra' using process `\picorv32.$proc$/mnt/d/tushar/Downloads/RTL.ai/designs/benchmark/picorv32.v:858$606'.
  created $dff cell `$procdff$6583' with positive edge clock.
Creating register for signal `\picorv32.\instr_or' using process `\picorv32.$proc$/mnt/d/tushar/Downloads/RTL.ai/designs/benchmark/picorv32.v:858$606'.
  created $dff cell `$procdff$6584' with positive edge clock.
Creating register for signal `\picorv32.\instr_and' using process `\picorv32.$proc$/mnt/d/tushar/Downloads/RTL.ai/designs/benchmark/picorv32.v:858$606'.
  created $dff cell `$procdff$6585' with positive edge clock.
Creating register for signal `\picorv32.\instr_rdcycle' using process `\picorv32.$proc$/mnt/d/tushar/Downloads/RTL.ai/designs/benchmark/picorv32.v:858$606'.
  created $dff cell `$procdff$6586' with positive edge clock.
Creating register for signal `\picorv32.\instr_rdcycleh' using process `\picorv32.$proc$/mnt/d/tushar/Downloads/RTL.ai/designs/benchmark/picorv32.v:858$606'.
  created $dff cell `$procdff$6587' with positive edge clock.
Creating register for signal `\picorv32.\instr_rdinstr' using process `\picorv32.$proc$/mnt/d/tushar/Downloads/RTL.ai/designs/benchmark/picorv32.v:858$606'.
  created $dff cell `$procdff$6588' with positive edge clock.
Creating register for signal `\picorv32.\instr_rdinstrh' using process `\picorv32.$proc$/mnt/d/tushar/Downloads/RTL.ai/designs/benchmark/picorv32.v:858$606'.
  created $dff cell `$procdff$6589' with positive edge clock.
Creating register for signal `\picorv32.\instr_ecall_ebreak' using process `\picorv32.$proc$/mnt/d/tushar/Downloads/RTL.ai/designs/benchmark/picorv32.v:858$606'.
  created $dff cell `$procdff$6590' with positive edge clock.
Creating register for signal `\picorv32.\instr_fence' using process `\picorv32.$proc$/mnt/d/tushar/Downloads/RTL.ai/designs/benchmark/picorv32.v:858$606'.
  created $dff cell `$procdff$6591' with positive edge clock.
Creating register for signal `\picorv32.\instr_getq' using process `\picorv32.$proc$/mnt/d/tushar/Downloads/RTL.ai/designs/benchmark/picorv32.v:858$606'.
  created $dff cell `$procdff$6592' with positive edge clock.
Creating register for signal `\picorv32.\instr_setq' using process `\picorv32.$proc$/mnt/d/tushar/Downloads/RTL.ai/designs/benchmark/picorv32.v:858$606'.
  created $dff cell `$procdff$6593' with positive edge clock.
Creating register for signal `\picorv32.\instr_retirq' using process `\picorv32.$proc$/mnt/d/tushar/Downloads/RTL.ai/designs/benchmark/picorv32.v:858$606'.
  created $dff cell `$procdff$6594' with positive edge clock.
Creating register for signal `\picorv32.\instr_maskirq' using process `\picorv32.$proc$/mnt/d/tushar/Downloads/RTL.ai/designs/benchmark/picorv32.v:858$606'.
  created $dff cell `$procdff$6595' with positive edge clock.
Creating register for signal `\picorv32.\instr_waitirq' using process `\picorv32.$proc$/mnt/d/tushar/Downloads/RTL.ai/designs/benchmark/picorv32.v:858$606'.
  created $dff cell `$procdff$6596' with positive edge clock.
Creating register for signal `\picorv32.\instr_timer' using process `\picorv32.$proc$/mnt/d/tushar/Downloads/RTL.ai/designs/benchmark/picorv32.v:858$606'.
  created $dff cell `$procdff$6597' with positive edge clock.
Creating register for signal `\picorv32.\decoded_rd' using process `\picorv32.$proc$/mnt/d/tushar/Downloads/RTL.ai/designs/benchmark/picorv32.v:858$606'.
  created $dff cell `$procdff$6598' with positive edge clock.
Creating register for signal `\picorv32.\decoded_rs1' using process `\picorv32.$proc$/mnt/d/tushar/Downloads/RTL.ai/designs/benchmark/picorv32.v:858$606'.
  created $dff cell `$procdff$6599' with positive edge clock.
Creating register for signal `\picorv32.\decoded_rs2' using process `\picorv32.$proc$/mnt/d/tushar/Downloads/RTL.ai/designs/benchmark/picorv32.v:858$606'.
  created $dff cell `$procdff$6600' with positive edge clock.
Creating register for signal `\picorv32.\decoded_imm' using process `\picorv32.$proc$/mnt/d/tushar/Downloads/RTL.ai/designs/benchmark/picorv32.v:858$606'.
  created $dff cell `$procdff$6601' with positive edge clock.
Creating register for signal `\picorv32.\decoded_imm_j' using process `\picorv32.$proc$/mnt/d/tushar/Downloads/RTL.ai/designs/benchmark/picorv32.v:858$606'.
  created $dff cell `$procdff$6602' with positive edge clock.
Creating register for signal `\picorv32.\compressed_instr' using process `\picorv32.$proc$/mnt/d/tushar/Downloads/RTL.ai/designs/benchmark/picorv32.v:858$606'.
  created $dff cell `$procdff$6603' with positive edge clock.
Creating register for signal `\picorv32.\is_lui_auipc_jal' using process `\picorv32.$proc$/mnt/d/tushar/Downloads/RTL.ai/designs/benchmark/picorv32.v:858$606'.
  created $dff cell `$procdff$6604' with positive edge clock.
Creating register for signal `\picorv32.\is_lb_lh_lw_lbu_lhu' using process `\picorv32.$proc$/mnt/d/tushar/Downloads/RTL.ai/designs/benchmark/picorv32.v:858$606'.
  created $dff cell `$procdff$6605' with positive edge clock.
Creating register for signal `\picorv32.\is_slli_srli_srai' using process `\picorv32.$proc$/mnt/d/tushar/Downloads/RTL.ai/designs/benchmark/picorv32.v:858$606'.
  created $dff cell `$procdff$6606' with positive edge clock.
Creating register for signal `\picorv32.\is_jalr_addi_slti_sltiu_xori_ori_andi' using process `\picorv32.$proc$/mnt/d/tushar/Downloads/RTL.ai/designs/benchmark/picorv32.v:858$606'.
  created $dff cell `$procdff$6607' with positive edge clock.
Creating register for signal `\picorv32.\is_sb_sh_sw' using process `\picorv32.$proc$/mnt/d/tushar/Downloads/RTL.ai/designs/benchmark/picorv32.v:858$606'.
  created $dff cell `$procdff$6608' with positive edge clock.
Creating register for signal `\picorv32.\is_sll_srl_sra' using process `\picorv32.$proc$/mnt/d/tushar/Downloads/RTL.ai/designs/benchmark/picorv32.v:858$606'.
  created $dff cell `$procdff$6609' with positive edge clock.
Creating register for signal `\picorv32.\is_lui_auipc_jal_jalr_addi_add_sub' using process `\picorv32.$proc$/mnt/d/tushar/Downloads/RTL.ai/designs/benchmark/picorv32.v:858$606'.
  created $dff cell `$procdff$6610' with positive edge clock.
Creating register for signal `\picorv32.\is_slti_blt_slt' using process `\picorv32.$proc$/mnt/d/tushar/Downloads/RTL.ai/designs/benchmark/picorv32.v:858$606'.
  created $dff cell `$procdff$6611' with positive edge clock.
Creating register for signal `\picorv32.\is_sltiu_bltu_sltu' using process `\picorv32.$proc$/mnt/d/tushar/Downloads/RTL.ai/designs/benchmark/picorv32.v:858$606'.
  created $dff cell `$procdff$6612' with positive edge clock.
Creating register for signal `\picorv32.\is_beq_bne_blt_bge_bltu_bgeu' using process `\picorv32.$proc$/mnt/d/tushar/Downloads/RTL.ai/designs/benchmark/picorv32.v:858$606'.
  created $dff cell `$procdff$6613' with positive edge clock.
Creating register for signal `\picorv32.\is_lbu_lhu_lw' using process `\picorv32.$proc$/mnt/d/tushar/Downloads/RTL.ai/designs/benchmark/picorv32.v:858$606'.
  created $dff cell `$procdff$6614' with positive edge clock.
Creating register for signal `\picorv32.\is_alu_reg_imm' using process `\picorv32.$proc$/mnt/d/tushar/Downloads/RTL.ai/designs/benchmark/picorv32.v:858$606'.
  created $dff cell `$procdff$6615' with positive edge clock.
Creating register for signal `\picorv32.\is_alu_reg_reg' using process `\picorv32.$proc$/mnt/d/tushar/Downloads/RTL.ai/designs/benchmark/picorv32.v:858$606'.
  created $dff cell `$procdff$6616' with positive edge clock.
Creating register for signal `\picorv32.\is_compare' using process `\picorv32.$proc$/mnt/d/tushar/Downloads/RTL.ai/designs/benchmark/picorv32.v:858$606'.
  created $dff cell `$procdff$6617' with positive edge clock.
Creating register for signal `\picorv32.\dbg_insn_addr' using process `\picorv32.$proc$/mnt/d/tushar/Downloads/RTL.ai/designs/benchmark/picorv32.v:778$600'.
  created $dff cell `$procdff$6618' with positive edge clock.
Creating register for signal `\picorv32.\q_ascii_instr' using process `\picorv32.$proc$/mnt/d/tushar/Downloads/RTL.ai/designs/benchmark/picorv32.v:778$600'.
  created $dff cell `$procdff$6619' with positive edge clock.
Creating register for signal `\picorv32.\q_insn_imm' using process `\picorv32.$proc$/mnt/d/tushar/Downloads/RTL.ai/designs/benchmark/picorv32.v:778$600'.
  created $dff cell `$procdff$6620' with positive edge clock.
Creating register for signal `\picorv32.\q_insn_opcode' using process `\picorv32.$proc$/mnt/d/tushar/Downloads/RTL.ai/designs/benchmark/picorv32.v:778$600'.
  created $dff cell `$procdff$6621' with positive edge clock.
Creating register for signal `\picorv32.\q_insn_rs1' using process `\picorv32.$proc$/mnt/d/tushar/Downloads/RTL.ai/designs/benchmark/picorv32.v:778$600'.
  created $dff cell `$procdff$6622' with positive edge clock.
Creating register for signal `\picorv32.\q_insn_rs2' using process `\picorv32.$proc$/mnt/d/tushar/Downloads/RTL.ai/designs/benchmark/picorv32.v:778$600'.
  created $dff cell `$procdff$6623' with positive edge clock.
Creating register for signal `\picorv32.\q_insn_rd' using process `\picorv32.$proc$/mnt/d/tushar/Downloads/RTL.ai/designs/benchmark/picorv32.v:778$600'.
  created $dff cell `$procdff$6624' with positive edge clock.
Creating register for signal `\picorv32.\dbg_next' using process `\picorv32.$proc$/mnt/d/tushar/Downloads/RTL.ai/designs/benchmark/picorv32.v:778$600'.
  created $dff cell `$procdff$6625' with positive edge clock.
Creating register for signal `\picorv32.\dbg_valid_insn' using process `\picorv32.$proc$/mnt/d/tushar/Downloads/RTL.ai/designs/benchmark/picorv32.v:778$600'.
  created $dff cell `$procdff$6626' with positive edge clock.
Creating register for signal `\picorv32.\cached_ascii_instr' using process `\picorv32.$proc$/mnt/d/tushar/Downloads/RTL.ai/designs/benchmark/picorv32.v:778$600'.
  created $dff cell `$procdff$6627' with positive edge clock.
Creating register for signal `\picorv32.\cached_insn_imm' using process `\picorv32.$proc$/mnt/d/tushar/Downloads/RTL.ai/designs/benchmark/picorv32.v:778$600'.
  created $dff cell `$procdff$6628' with positive edge clock.
Creating register for signal `\picorv32.\cached_insn_opcode' using process `\picorv32.$proc$/mnt/d/tushar/Downloads/RTL.ai/designs/benchmark/picorv32.v:778$600'.
  created $dff cell `$procdff$6629' with positive edge clock.
Creating register for signal `\picorv32.\cached_insn_rs1' using process `\picorv32.$proc$/mnt/d/tushar/Downloads/RTL.ai/designs/benchmark/picorv32.v:778$600'.
  created $dff cell `$procdff$6630' with positive edge clock.
Creating register for signal `\picorv32.\cached_insn_rs2' using process `\picorv32.$proc$/mnt/d/tushar/Downloads/RTL.ai/designs/benchmark/picorv32.v:778$600'.
  created $dff cell `$procdff$6631' with positive edge clock.
Creating register for signal `\picorv32.\cached_insn_rd' using process `\picorv32.$proc$/mnt/d/tushar/Downloads/RTL.ai/designs/benchmark/picorv32.v:778$600'.
  created $dff cell `$procdff$6632' with positive edge clock.
Creating register for signal `\picorv32.\mem_valid' using process `\picorv32.$proc$/mnt/d/tushar/Downloads/RTL.ai/designs/benchmark/picorv32.v:565$575'.
  created $dff cell `$procdff$6633' with positive edge clock.
Creating register for signal `\picorv32.\mem_instr' using process `\picorv32.$proc$/mnt/d/tushar/Downloads/RTL.ai/designs/benchmark/picorv32.v:565$575'.
  created $dff cell `$procdff$6634' with positive edge clock.
Creating register for signal `\picorv32.\mem_addr' using process `\picorv32.$proc$/mnt/d/tushar/Downloads/RTL.ai/designs/benchmark/picorv32.v:565$575'.
  created $dff cell `$procdff$6635' with positive edge clock.
Creating register for signal `\picorv32.\mem_wdata' using process `\picorv32.$proc$/mnt/d/tushar/Downloads/RTL.ai/designs/benchmark/picorv32.v:565$575'.
  created $dff cell `$procdff$6636' with positive edge clock.
Creating register for signal `\picorv32.\mem_wstrb' using process `\picorv32.$proc$/mnt/d/tushar/Downloads/RTL.ai/designs/benchmark/picorv32.v:565$575'.
  created $dff cell `$procdff$6637' with positive edge clock.
Creating register for signal `\picorv32.\mem_state' using process `\picorv32.$proc$/mnt/d/tushar/Downloads/RTL.ai/designs/benchmark/picorv32.v:565$575'.
  created $dff cell `$procdff$6638' with positive edge clock.
Creating register for signal `\picorv32.\mem_la_secondword' using process `\picorv32.$proc$/mnt/d/tushar/Downloads/RTL.ai/designs/benchmark/picorv32.v:565$575'.
  created $dff cell `$procdff$6639' with positive edge clock.
Creating register for signal `\picorv32.\prefetched_high_word' using process `\picorv32.$proc$/mnt/d/tushar/Downloads/RTL.ai/designs/benchmark/picorv32.v:565$575'.
  created $dff cell `$procdff$6640' with positive edge clock.
Creating register for signal `\picorv32.\mem_16bit_buffer' using process `\picorv32.$proc$/mnt/d/tushar/Downloads/RTL.ai/designs/benchmark/picorv32.v:565$575'.
  created $dff cell `$procdff$6641' with positive edge clock.
Creating register for signal `\picorv32.\next_insn_opcode' using process `\picorv32.$proc$/mnt/d/tushar/Downloads/RTL.ai/designs/benchmark/picorv32.v:430$537'.
  created $dff cell `$procdff$6642' with positive edge clock.
Creating register for signal `\picorv32.\mem_rdata_q' using process `\picorv32.$proc$/mnt/d/tushar/Downloads/RTL.ai/designs/benchmark/picorv32.v:430$537'.
  created $dff cell `$procdff$6643' with positive edge clock.
Creating register for signal `\picorv32.\mem_la_firstword_reg' using process `\picorv32.$proc$/mnt/d/tushar/Downloads/RTL.ai/designs/benchmark/picorv32.v:390$529'.
  created $dff cell `$procdff$6644' with positive edge clock.
Creating register for signal `\picorv32.\last_mem_valid' using process `\picorv32.$proc$/mnt/d/tushar/Downloads/RTL.ai/designs/benchmark/picorv32.v:390$529'.
  created $dff cell `$procdff$6645' with positive edge clock.
Creating register for signal `$paramod\clk_divider\DIV=s32'00000000000000000000000000000100.\clk_out' using process `$paramod\clk_divider\DIV=s32'00000000000000000000000000000100.$proc$/mnt/d/tushar/Downloads/RTL.ai/designs/clk_divider.v:16$1789'.
  created $dff cell `$procdff$6646' with positive edge clock.
Creating register for signal `$paramod\clk_divider\DIV=s32'00000000000000000000000000000100.\count' using process `$paramod\clk_divider\DIV=s32'00000000000000000000000000000100.$proc$/mnt/d/tushar/Downloads/RTL.ai/designs/clk_divider.v:16$1789'.
  created $dff cell `$procdff$6647' with positive edge clock.
Creating register for signal `$paramod\clk_divider\DIV=s32'00000000000000000000000000000110.\clk_out' using process `$paramod\clk_divider\DIV=s32'00000000000000000000000000000110.$proc$/mnt/d/tushar/Downloads/RTL.ai/designs/clk_divider.v:16$1785'.
  created $dff cell `$procdff$6648' with positive edge clock.
Creating register for signal `$paramod\clk_divider\DIV=s32'00000000000000000000000000000110.\count' using process `$paramod\clk_divider\DIV=s32'00000000000000000000000000000110.$proc$/mnt/d/tushar/Downloads/RTL.ai/designs/clk_divider.v:16$1785'.
  created $dff cell `$procdff$6649' with positive edge clock.
Creating register for signal `$paramod\clk_divider\DIV=s32'00000000000000000000000000001000.\clk_out' using process `$paramod\clk_divider\DIV=s32'00000000000000000000000000001000.$proc$/mnt/d/tushar/Downloads/RTL.ai/designs/clk_divider.v:16$1781'.
  created $dff cell `$procdff$6650' with positive edge clock.
Creating register for signal `$paramod\clk_divider\DIV=s32'00000000000000000000000000001000.\count' using process `$paramod\clk_divider\DIV=s32'00000000000000000000000000001000.$proc$/mnt/d/tushar/Downloads/RTL.ai/designs/clk_divider.v:16$1781'.
  created $dff cell `$procdff$6651' with positive edge clock.
Creating register for signal `$paramod\clk_divider\DIV=s32'00000000000000000000000000001010.\clk_out' using process `$paramod\clk_divider\DIV=s32'00000000000000000000000000001010.$proc$/mnt/d/tushar/Downloads/RTL.ai/designs/clk_divider.v:16$1777'.
  created $dff cell `$procdff$6652' with positive edge clock.
Creating register for signal `$paramod\clk_divider\DIV=s32'00000000000000000000000000001010.\count' using process `$paramod\clk_divider\DIV=s32'00000000000000000000000000001010.$proc$/mnt/d/tushar/Downloads/RTL.ai/designs/clk_divider.v:16$1777'.
  created $dff cell `$procdff$6653' with positive edge clock.
Creating register for signal `$paramod$8af8dc0d438d0d364592a69345da95ce450509b0\ddc_nco.\cosout' using process `$paramod$8af8dc0d438d0d364592a69345da95ce450509b0\ddc_nco.$proc$/mnt/d/tushar/Downloads/RTL.ai/designs/benchmark/ddc_nco.v:48$1915'.
  created $dff cell `$procdff$6654' with positive edge clock.
Creating register for signal `$paramod$8af8dc0d438d0d364592a69345da95ce450509b0\ddc_nco.\sinout' using process `$paramod$8af8dc0d438d0d364592a69345da95ce450509b0\ddc_nco.$proc$/mnt/d/tushar/Downloads/RTL.ai/designs/benchmark/ddc_nco.v:48$1915'.
  created $dff cell `$procdff$6655' with positive edge clock.
Creating register for signal `$paramod$8af8dc0d438d0d364592a69345da95ce450509b0\ddc_nco.\phase' using process `$paramod$8af8dc0d438d0d364592a69345da95ce450509b0\ddc_nco.$proc$/mnt/d/tushar/Downloads/RTL.ai/designs/benchmark/ddc_nco.v:48$1915'.
  created $dff cell `$procdff$6656' with positive edge clock.
Creating register for signal `\crc32.\out_valid' using process `\crc32.$proc$/mnt/d/tushar/Downloads/RTL.ai/designs/benchmark/crc32.v:69$307'.
  created $dff cell `$procdff$6657' with positive edge clock.
Creating register for signal `\crc32.\out_crc' using process `\crc32.$proc$/mnt/d/tushar/Downloads/RTL.ai/designs/benchmark/crc32.v:69$307'.
  created $dff cell `$procdff$6658' with positive edge clock.
Creating register for signal `\crc32.\crc' using process `\crc32.$proc$/mnt/d/tushar/Downloads/RTL.ai/designs/benchmark/crc32.v:69$307'.
  created $dff cell `$procdff$6659' with positive edge clock.
Creating register for signal `\crc32.\active' using process `\crc32.$proc$/mnt/d/tushar/Downloads/RTL.ai/designs/benchmark/crc32.v:69$307'.
  created $dff cell `$procdff$6660' with positive edge clock.
Creating register for signal `\reset_sync.\meta' using process `\reset_sync.$proc$/mnt/d/tushar/Downloads/RTL.ai/designs/reset_sync.v:12$41'.
  created $adff cell `$procdff$6663' with positive edge clock and positive level reset.
Creating register for signal `\reset_sync.\stable' using process `\reset_sync.$proc$/mnt/d/tushar/Downloads/RTL.ai/designs/reset_sync.v:12$41'.
  created $adff cell `$procdff$6666' with positive edge clock and positive level reset.
Creating register for signal `$paramod\cdc_handshake\WIDTH=s32'00000000000000000000000000010000.\data_out' using process `$paramod\cdc_handshake\WIDTH=s32'00000000000000000000000000010000.$proc$/mnt/d/tushar/Downloads/RTL.ai/designs/cdc_handshake.v:66$1773'.
  created $dff cell `$procdff$6667' with positive edge clock.
Creating register for signal `$paramod\cdc_handshake\WIDTH=s32'00000000000000000000000000010000.\data_valid' using process `$paramod\cdc_handshake\WIDTH=s32'00000000000000000000000000010000.$proc$/mnt/d/tushar/Downloads/RTL.ai/designs/cdc_handshake.v:66$1773'.
  created $dff cell `$procdff$6668' with positive edge clock.
Creating register for signal `$paramod\cdc_handshake\WIDTH=s32'00000000000000000000000000010000.\ack' using process `$paramod\cdc_handshake\WIDTH=s32'00000000000000000000000000010000.$proc$/mnt/d/tushar/Downloads/RTL.ai/designs/cdc_handshake.v:66$1773'.
  created $dff cell `$procdff$6669' with positive edge clock.
Creating register for signal `$paramod\cdc_handshake\WIDTH=s32'00000000000000000000000000010000.\busy' using process `$paramod\cdc_handshake\WIDTH=s32'00000000000000000000000000010000.$proc$/mnt/d/tushar/Downloads/RTL.ai/designs/cdc_handshake.v:35$1770'.
  created $dff cell `$procdff$6670' with positive edge clock.
Creating register for signal `$paramod\cdc_handshake\WIDTH=s32'00000000000000000000000000010000.\req' using process `$paramod\cdc_handshake\WIDTH=s32'00000000000000000000000000010000.$proc$/mnt/d/tushar/Downloads/RTL.ai/designs/cdc_handshake.v:35$1770'.
  created $dff cell `$procdff$6671' with positive edge clock.
Creating register for signal `$paramod\cdc_handshake\WIDTH=s32'00000000000000000000000000010000.\data_hold' using process `$paramod\cdc_handshake\WIDTH=s32'00000000000000000000000000010000.$proc$/mnt/d/tushar/Downloads/RTL.ai/designs/cdc_handshake.v:35$1770'.
  created $dff cell `$procdff$6672' with positive edge clock.
Creating register for signal `\cdc_sync.\meta' using process `\cdc_sync.$proc$/mnt/d/tushar/Downloads/RTL.ai/designs/cdc_sync.v:12$33'.
  created $dff cell `$procdff$6673' with positive edge clock.
Creating register for signal `\cdc_sync.\stable' using process `\cdc_sync.$proc$/mnt/d/tushar/Downloads/RTL.ai/designs/cdc_sync.v:12$33'.
  created $dff cell `$procdff$6674' with positive edge clock.
Creating register for signal `\sha256_w_mem.\reg_update.i' using process `\sha256_w_mem.$proc$/mnt/d/tushar/Downloads/RTL.ai/designs/benchmark/sha256_w_mem.v:97$1751'.
  created $adff cell `$procdff$6679' with positive edge clock and positive level reset.
Creating register for signal `\sha256_w_mem.\w_mem[0]' using process `\sha256_w_mem.$proc$/mnt/d/tushar/Downloads/RTL.ai/designs/benchmark/sha256_w_mem.v:97$1751'.
  created $adff cell `$procdff$6684' with positive edge clock and positive level reset.
Creating register for signal `\sha256_w_mem.\w_mem[1]' using process `\sha256_w_mem.$proc$/mnt/d/tushar/Downloads/RTL.ai/designs/benchmark/sha256_w_mem.v:97$1751'.
  created $adff cell `$procdff$6689' with positive edge clock and positive level reset.
Creating register for signal `\sha256_w_mem.\w_mem[2]' using process `\sha256_w_mem.$proc$/mnt/d/tushar/Downloads/RTL.ai/designs/benchmark/sha256_w_mem.v:97$1751'.
  created $adff cell `$procdff$6694' with positive edge clock and positive level reset.
Creating register for signal `\sha256_w_mem.\w_mem[3]' using process `\sha256_w_mem.$proc$/mnt/d/tushar/Downloads/RTL.ai/designs/benchmark/sha256_w_mem.v:97$1751'.
  created $adff cell `$procdff$6699' with positive edge clock and positive level reset.
Creating register for signal `\sha256_w_mem.\w_mem[4]' using process `\sha256_w_mem.$proc$/mnt/d/tushar/Downloads/RTL.ai/designs/benchmark/sha256_w_mem.v:97$1751'.
  created $adff cell `$procdff$6704' with positive edge clock and positive level reset.
Creating register for signal `\sha256_w_mem.\w_mem[5]' using process `\sha256_w_mem.$proc$/mnt/d/tushar/Downloads/RTL.ai/designs/benchmark/sha256_w_mem.v:97$1751'.
  created $adff cell `$procdff$6709' with positive edge clock and positive level reset.
Creating register for signal `\sha256_w_mem.\w_mem[6]' using process `\sha256_w_mem.$proc$/mnt/d/tushar/Downloads/RTL.ai/designs/benchmark/sha256_w_mem.v:97$1751'.
  created $adff cell `$procdff$6714' with positive edge clock and positive level reset.
Creating register for signal `\sha256_w_mem.\w_mem[7]' using process `\sha256_w_mem.$proc$/mnt/d/tushar/Downloads/RTL.ai/designs/benchmark/sha256_w_mem.v:97$1751'.
  created $adff cell `$procdff$6719' with positive edge clock and positive level reset.
Creating register for signal `\sha256_w_mem.\w_mem[8]' using process `\sha256_w_mem.$proc$/mnt/d/tushar/Downloads/RTL.ai/designs/benchmark/sha256_w_mem.v:97$1751'.
  created $adff cell `$procdff$6724' with positive edge clock and positive level reset.
Creating register for signal `\sha256_w_mem.\w_mem[9]' using process `\sha256_w_mem.$proc$/mnt/d/tushar/Downloads/RTL.ai/designs/benchmark/sha256_w_mem.v:97$1751'.
  created $adff cell `$procdff$6729' with positive edge clock and positive level reset.
Creating register for signal `\sha256_w_mem.\w_mem[10]' using process `\sha256_w_mem.$proc$/mnt/d/tushar/Downloads/RTL.ai/designs/benchmark/sha256_w_mem.v:97$1751'.
  created $adff cell `$procdff$6734' with positive edge clock and positive level reset.
Creating register for signal `\sha256_w_mem.\w_mem[11]' using process `\sha256_w_mem.$proc$/mnt/d/tushar/Downloads/RTL.ai/designs/benchmark/sha256_w_mem.v:97$1751'.
  created $adff cell `$procdff$6739' with positive edge clock and positive level reset.
Creating register for signal `\sha256_w_mem.\w_mem[12]' using process `\sha256_w_mem.$proc$/mnt/d/tushar/Downloads/RTL.ai/designs/benchmark/sha256_w_mem.v:97$1751'.
  created $adff cell `$procdff$6744' with positive edge clock and positive level reset.
Creating register for signal `\sha256_w_mem.\w_mem[13]' using process `\sha256_w_mem.$proc$/mnt/d/tushar/Downloads/RTL.ai/designs/benchmark/sha256_w_mem.v:97$1751'.
  created $adff cell `$procdff$6749' with positive edge clock and positive level reset.
Creating register for signal `\sha256_w_mem.\w_mem[14]' using process `\sha256_w_mem.$proc$/mnt/d/tushar/Downloads/RTL.ai/designs/benchmark/sha256_w_mem.v:97$1751'.
  created $adff cell `$procdff$6754' with positive edge clock and positive level reset.
Creating register for signal `\sha256_w_mem.\w_mem[15]' using process `\sha256_w_mem.$proc$/mnt/d/tushar/Downloads/RTL.ai/designs/benchmark/sha256_w_mem.v:97$1751'.
  created $adff cell `$procdff$6759' with positive edge clock and positive level reset.
Creating register for signal `\benchmark_top.\cap_e' using process `\benchmark_top.$proc$/mnt/d/tushar/Downloads/RTL.ai/designs/benchmark_top.v:229$27'.
  created $dff cell `$procdff$6760' with positive edge clock.
Creating register for signal `\benchmark_top.\crc_cnt' using process `\benchmark_top.$proc$/mnt/d/tushar/Downloads/RTL.ai/designs/benchmark_top.v:211$20'.
  created $dff cell `$procdff$6761' with positive edge clock.
Creating register for signal `\benchmark_top.\cap_d' using process `\benchmark_top.$proc$/mnt/d/tushar/Downloads/RTL.ai/designs/benchmark_top.v:186$19'.
  created $dff cell `$procdff$6762' with positive edge clock.
Creating register for signal `\benchmark_top.\cap_c' using process `\benchmark_top.$proc$/mnt/d/tushar/Downloads/RTL.ai/designs/benchmark_top.v:166$17'.
  created $dff cell `$procdff$6763' with positive edge clock.
Creating register for signal `\benchmark_top.\cap_b' using process `\benchmark_top.$proc$/mnt/d/tushar/Downloads/RTL.ai/designs/benchmark_top.v:145$14'.
  created $dff cell `$procdff$6764' with positive edge clock.
Creating register for signal `\benchmark_top.\cap_a' using process `\benchmark_top.$proc$/mnt/d/tushar/Downloads/RTL.ai/designs/benchmark_top.v:124$12'.
  created $dff cell `$procdff$6765' with positive edge clock.

19.10. Executing PROC_MEMWR pass (convert process memory writes to cells).

19.11. Executing PROC_CLEAN pass (remove empty switches from decision trees).
Found and cleaned up 1 empty switch in `\sha256_k_constants.$proc$/mnt/d/tushar/Downloads/RTL.ai/designs/benchmark/sha256_k_constants.v:61$1748'.
Removing empty process `sha256_k_constants.$proc$/mnt/d/tushar/Downloads/RTL.ai/designs/benchmark/sha256_k_constants.v:61$1748'.
Found and cleaned up 4 empty switches in `\sha256_core.$proc$/mnt/d/tushar/Downloads/RTL.ai/designs/benchmark/sha256_core.v:469$1746'.
Removing empty process `sha256_core.$proc$/mnt/d/tushar/Downloads/RTL.ai/designs/benchmark/sha256_core.v:469$1746'.
Found and cleaned up 2 empty switches in `\sha256_core.$proc$/mnt/d/tushar/Downloads/RTL.ai/designs/benchmark/sha256_core.v:445$1744'.
Removing empty process `sha256_core.$proc$/mnt/d/tushar/Downloads/RTL.ai/designs/benchmark/sha256_core.v:445$1744'.
Found and cleaned up 4 empty switches in `\sha256_core.$proc$/mnt/d/tushar/Downloads/RTL.ai/designs/benchmark/sha256_core.v:371$1741'.
Removing empty process `sha256_core.$proc$/mnt/d/tushar/Downloads/RTL.ai/designs/benchmark/sha256_core.v:371$1741'.
Removing empty process `sha256_core.$proc$/mnt/d/tushar/Downloads/RTL.ai/designs/benchmark/sha256_core.v:350$1732'.
Removing empty process `sha256_core.$proc$/mnt/d/tushar/Downloads/RTL.ai/designs/benchmark/sha256_core.v:330$1721'.
Found and cleaned up 3 empty switches in `\sha256_core.$proc$/mnt/d/tushar/Downloads/RTL.ai/designs/benchmark/sha256_core.v:271$1712'.
Removing empty process `sha256_core.$proc$/mnt/d/tushar/Downloads/RTL.ai/designs/benchmark/sha256_core.v:271$1712'.
Found and cleaned up 5 empty switches in `\sha256_core.$proc$/mnt/d/tushar/Downloads/RTL.ai/designs/benchmark/sha256_core.v:203$1710'.
Removing empty process `sha256_core.$proc$/mnt/d/tushar/Downloads/RTL.ai/designs/benchmark/sha256_core.v:203$1710'.
Found and cleaned up 8 empty switches in `\sha256.$proc$/mnt/d/tushar/Downloads/RTL.ai/designs/benchmark/sha256.v:203$1685'.
Removing empty process `sha256.$proc$/mnt/d/tushar/Downloads/RTL.ai/designs/benchmark/sha256.v:203$1685'.
Found and cleaned up 4 empty switches in `\sha256.$proc$/mnt/d/tushar/Downloads/RTL.ai/designs/benchmark/sha256.v:162$1677'.
Removing empty process `sha256.$proc$/mnt/d/tushar/Downloads/RTL.ai/designs/benchmark/sha256.v:162$1677'.
Removing empty process `sad8x8.$proc$/mnt/d/tushar/Downloads/RTL.ai/designs/benchmark/sad8x8.v:43$1669'.
Removing empty process `sad8x8.$proc$/mnt/d/tushar/Downloads/RTL.ai/designs/benchmark/sad8x8.v:43$1664'.
Removing empty process `sad8x8.$proc$/mnt/d/tushar/Downloads/RTL.ai/designs/benchmark/sad8x8.v:43$1659'.
Removing empty process `sad8x8.$proc$/mnt/d/tushar/Downloads/RTL.ai/designs/benchmark/sad8x8.v:43$1654'.
Removing empty process `sad8x8.$proc$/mnt/d/tushar/Downloads/RTL.ai/designs/benchmark/sad8x8.v:43$1649'.
Removing empty process `sad8x8.$proc$/mnt/d/tushar/Downloads/RTL.ai/designs/benchmark/sad8x8.v:43$1644'.
Removing empty process `sad8x8.$proc$/mnt/d/tushar/Downloads/RTL.ai/designs/benchmark/sad8x8.v:43$1639'.
Removing empty process `sad8x8.$proc$/mnt/d/tushar/Downloads/RTL.ai/designs/benchmark/sad8x8.v:43$1634'.
Removing empty process `sad8x8.$proc$/mnt/d/tushar/Downloads/RTL.ai/designs/benchmark/sad8x8.v:43$1629'.
Removing empty process `sad8x8.$proc$/mnt/d/tushar/Downloads/RTL.ai/designs/benchmark/sad8x8.v:43$1624'.
Removing empty process `sad8x8.$proc$/mnt/d/tushar/Downloads/RTL.ai/designs/benchmark/sad8x8.v:43$1619'.
Removing empty process `sad8x8.$proc$/mnt/d/tushar/Downloads/RTL.ai/designs/benchmark/sad8x8.v:43$1614'.
Removing empty process `sad8x8.$proc$/mnt/d/tushar/Downloads/RTL.ai/designs/benchmark/sad8x8.v:43$1609'.
Removing empty process `sad8x8.$proc$/mnt/d/tushar/Downloads/RTL.ai/designs/benchmark/sad8x8.v:43$1604'.
Removing empty process `sad8x8.$proc$/mnt/d/tushar/Downloads/RTL.ai/designs/benchmark/sad8x8.v:43$1599'.
Removing empty process `sad8x8.$proc$/mnt/d/tushar/Downloads/RTL.ai/designs/benchmark/sad8x8.v:43$1594'.
Removing empty process `sad8x8.$proc$/mnt/d/tushar/Downloads/RTL.ai/designs/benchmark/sad8x8.v:43$1589'.
Removing empty process `sad8x8.$proc$/mnt/d/tushar/Downloads/RTL.ai/designs/benchmark/sad8x8.v:43$1584'.
Removing empty process `sad8x8.$proc$/mnt/d/tushar/Downloads/RTL.ai/designs/benchmark/sad8x8.v:43$1579'.
Removing empty process `sad8x8.$proc$/mnt/d/tushar/Downloads/RTL.ai/designs/benchmark/sad8x8.v:43$1574'.
Removing empty process `sad8x8.$proc$/mnt/d/tushar/Downloads/RTL.ai/designs/benchmark/sad8x8.v:43$1569'.
Removing empty process `sad8x8.$proc$/mnt/d/tushar/Downloads/RTL.ai/designs/benchmark/sad8x8.v:43$1564'.
Removing empty process `sad8x8.$proc$/mnt/d/tushar/Downloads/RTL.ai/designs/benchmark/sad8x8.v:43$1559'.
Removing empty process `sad8x8.$proc$/mnt/d/tushar/Downloads/RTL.ai/designs/benchmark/sad8x8.v:43$1554'.
Removing empty process `sad8x8.$proc$/mnt/d/tushar/Downloads/RTL.ai/designs/benchmark/sad8x8.v:43$1549'.
Removing empty process `sad8x8.$proc$/mnt/d/tushar/Downloads/RTL.ai/designs/benchmark/sad8x8.v:43$1544'.
Removing empty process `sad8x8.$proc$/mnt/d/tushar/Downloads/RTL.ai/designs/benchmark/sad8x8.v:43$1539'.
Removing empty process `sad8x8.$proc$/mnt/d/tushar/Downloads/RTL.ai/designs/benchmark/sad8x8.v:43$1534'.
Removing empty process `sad8x8.$proc$/mnt/d/tushar/Downloads/RTL.ai/designs/benchmark/sad8x8.v:43$1529'.
Removing empty process `sad8x8.$proc$/mnt/d/tushar/Downloads/RTL.ai/designs/benchmark/sad8x8.v:43$1524'.
Removing empty process `sad8x8.$proc$/mnt/d/tushar/Downloads/RTL.ai/designs/benchmark/sad8x8.v:43$1519'.
Removing empty process `sad8x8.$proc$/mnt/d/tushar/Downloads/RTL.ai/designs/benchmark/sad8x8.v:43$1514'.
Removing empty process `sad8x8.$proc$/mnt/d/tushar/Downloads/RTL.ai/designs/benchmark/sad8x8.v:43$1509'.
Removing empty process `sad8x8.$proc$/mnt/d/tushar/Downloads/RTL.ai/designs/benchmark/sad8x8.v:43$1504'.
Removing empty process `sad8x8.$proc$/mnt/d/tushar/Downloads/RTL.ai/designs/benchmark/sad8x8.v:43$1499'.
Removing empty process `sad8x8.$proc$/mnt/d/tushar/Downloads/RTL.ai/designs/benchmark/sad8x8.v:43$1494'.
Removing empty process `sad8x8.$proc$/mnt/d/tushar/Downloads/RTL.ai/designs/benchmark/sad8x8.v:43$1489'.
Removing empty process `sad8x8.$proc$/mnt/d/tushar/Downloads/RTL.ai/designs/benchmark/sad8x8.v:43$1484'.
Removing empty process `sad8x8.$proc$/mnt/d/tushar/Downloads/RTL.ai/designs/benchmark/sad8x8.v:43$1479'.
Removing empty process `sad8x8.$proc$/mnt/d/tushar/Downloads/RTL.ai/designs/benchmark/sad8x8.v:43$1474'.
Removing empty process `sad8x8.$proc$/mnt/d/tushar/Downloads/RTL.ai/designs/benchmark/sad8x8.v:43$1469'.
Removing empty process `sad8x8.$proc$/mnt/d/tushar/Downloads/RTL.ai/designs/benchmark/sad8x8.v:43$1464'.
Removing empty process `sad8x8.$proc$/mnt/d/tushar/Downloads/RTL.ai/designs/benchmark/sad8x8.v:43$1459'.
Removing empty process `sad8x8.$proc$/mnt/d/tushar/Downloads/RTL.ai/designs/benchmark/sad8x8.v:43$1454'.
Removing empty process `sad8x8.$proc$/mnt/d/tushar/Downloads/RTL.ai/designs/benchmark/sad8x8.v:43$1449'.
Removing empty process `sad8x8.$proc$/mnt/d/tushar/Downloads/RTL.ai/designs/benchmark/sad8x8.v:43$1444'.
Removing empty process `sad8x8.$proc$/mnt/d/tushar/Downloads/RTL.ai/designs/benchmark/sad8x8.v:43$1439'.
Removing empty process `sad8x8.$proc$/mnt/d/tushar/Downloads/RTL.ai/designs/benchmark/sad8x8.v:43$1434'.
Removing empty process `sad8x8.$proc$/mnt/d/tushar/Downloads/RTL.ai/designs/benchmark/sad8x8.v:43$1429'.
Removing empty process `sad8x8.$proc$/mnt/d/tushar/Downloads/RTL.ai/designs/benchmark/sad8x8.v:43$1424'.
Removing empty process `sad8x8.$proc$/mnt/d/tushar/Downloads/RTL.ai/designs/benchmark/sad8x8.v:43$1419'.
Removing empty process `sad8x8.$proc$/mnt/d/tushar/Downloads/RTL.ai/designs/benchmark/sad8x8.v:43$1414'.
Removing empty process `sad8x8.$proc$/mnt/d/tushar/Downloads/RTL.ai/designs/benchmark/sad8x8.v:43$1409'.
Removing empty process `sad8x8.$proc$/mnt/d/tushar/Downloads/RTL.ai/designs/benchmark/sad8x8.v:43$1404'.
Removing empty process `sad8x8.$proc$/mnt/d/tushar/Downloads/RTL.ai/designs/benchmark/sad8x8.v:43$1399'.
Removing empty process `sad8x8.$proc$/mnt/d/tushar/Downloads/RTL.ai/designs/benchmark/sad8x8.v:43$1394'.
Removing empty process `sad8x8.$proc$/mnt/d/tushar/Downloads/RTL.ai/designs/benchmark/sad8x8.v:43$1389'.
Removing empty process `sad8x8.$proc$/mnt/d/tushar/Downloads/RTL.ai/designs/benchmark/sad8x8.v:43$1384'.
Removing empty process `sad8x8.$proc$/mnt/d/tushar/Downloads/RTL.ai/designs/benchmark/sad8x8.v:43$1379'.
Removing empty process `sad8x8.$proc$/mnt/d/tushar/Downloads/RTL.ai/designs/benchmark/sad8x8.v:43$1374'.
Removing empty process `sad8x8.$proc$/mnt/d/tushar/Downloads/RTL.ai/designs/benchmark/sad8x8.v:43$1369'.
Removing empty process `sad8x8.$proc$/mnt/d/tushar/Downloads/RTL.ai/designs/benchmark/sad8x8.v:43$1364'.
Removing empty process `sad8x8.$proc$/mnt/d/tushar/Downloads/RTL.ai/designs/benchmark/sad8x8.v:43$1359'.
Removing empty process `sad8x8.$proc$/mnt/d/tushar/Downloads/RTL.ai/designs/benchmark/sad8x8.v:43$1354'.
Found and cleaned up 1 empty switch in `\sad8x8.$proc$/mnt/d/tushar/Downloads/RTL.ai/designs/benchmark/sad8x8.v:56$1353'.
Removing empty process `sad8x8.$proc$/mnt/d/tushar/Downloads/RTL.ai/designs/benchmark/sad8x8.v:56$1353'.
Removing empty process `sad8x8.$proc$/mnt/d/tushar/Downloads/RTL.ai/designs/benchmark/sad8x8.v:50$1288'.
Removing empty process `ddc.$proc$/mnt/d/tushar/Downloads/RTL.ai/designs/benchmark/ddc.v:113$1929'.
Removing empty process `ddc.$proc$/mnt/d/tushar/Downloads/RTL.ai/designs/benchmark/ddc.v:112$1928'.
Removing empty process `ddc.$proc$/mnt/d/tushar/Downloads/RTL.ai/designs/benchmark/ddc.v:113$1927'.
Removing empty process `ddc.$proc$/mnt/d/tushar/Downloads/RTL.ai/designs/benchmark/ddc.v:112$1926'.
Removing empty process `ddc.$proc$/mnt/d/tushar/Downloads/RTL.ai/designs/benchmark/ddc.v:96$1925'.
Removing empty process `ddc.$proc$/mnt/d/tushar/Downloads/RTL.ai/designs/benchmark/ddc.v:95$1924'.
Found and cleaned up 1 empty switch in `\ddc.$proc$/mnt/d/tushar/Downloads/RTL.ai/designs/benchmark/ddc.v:84$1923'.
Removing empty process `ddc.$proc$/mnt/d/tushar/Downloads/RTL.ai/designs/benchmark/ddc.v:84$1923'.
Found and cleaned up 2 empty switches in `$paramod$33682cd1d05634ea6014b34575d141b8a856657a\ddc_mixer.$proc$/mnt/d/tushar/Downloads/RTL.ai/designs/benchmark/ddc_mixer.v:62$1913'.
Removing empty process `$paramod$33682cd1d05634ea6014b34575d141b8a856657a\ddc_mixer.$proc$/mnt/d/tushar/Downloads/RTL.ai/designs/benchmark/ddc_mixer.v:62$1913'.
Removing empty process `$paramod$498463d264968bc81db47baec170cc0cc7a42680\ddc_cic.$proc$/mnt/d/tushar/Downloads/RTL.ai/designs/benchmark/ddc_cic.v:130$1895'.
Removing empty process `$paramod$498463d264968bc81db47baec170cc0cc7a42680\ddc_cic.$proc$/mnt/d/tushar/Downloads/RTL.ai/designs/benchmark/ddc_cic.v:130$1893'.
Removing empty process `$paramod$498463d264968bc81db47baec170cc0cc7a42680\ddc_cic.$proc$/mnt/d/tushar/Downloads/RTL.ai/designs/benchmark/ddc_cic.v:130$1891'.
Removing empty process `$paramod$498463d264968bc81db47baec170cc0cc7a42680\ddc_cic.$proc$/mnt/d/tushar/Downloads/RTL.ai/designs/benchmark/ddc_cic.v:130$1889'.
Removing empty process `$paramod$498463d264968bc81db47baec170cc0cc7a42680\ddc_cic.$proc$/mnt/d/tushar/Downloads/RTL.ai/designs/benchmark/ddc_cic.v:80$1888'.
Removing empty process `$paramod$498463d264968bc81db47baec170cc0cc7a42680\ddc_cic.$proc$/mnt/d/tushar/Downloads/RTL.ai/designs/benchmark/ddc_cic.v:80$1887'.
Removing empty process `$paramod$498463d264968bc81db47baec170cc0cc7a42680\ddc_cic.$proc$/mnt/d/tushar/Downloads/RTL.ai/designs/benchmark/ddc_cic.v:80$1886'.
Removing empty process `$paramod$498463d264968bc81db47baec170cc0cc7a42680\ddc_cic.$proc$/mnt/d/tushar/Downloads/RTL.ai/designs/benchmark/ddc_cic.v:80$1885'.
Removing empty process `$paramod$498463d264968bc81db47baec170cc0cc7a42680\ddc_cic.$proc$/mnt/d/tushar/Downloads/RTL.ai/designs/benchmark/ddc_cic.v:109$1884'.
Removing empty process `$paramod$498463d264968bc81db47baec170cc0cc7a42680\ddc_cic.$proc$/mnt/d/tushar/Downloads/RTL.ai/designs/benchmark/ddc_cic.v:65$1883'.
Found and cleaned up 2 empty switches in `$paramod$498463d264968bc81db47baec170cc0cc7a42680\ddc_cic.$proc$/mnt/d/tushar/Downloads/RTL.ai/designs/benchmark/ddc_cic.v:119$1882'.
Removing empty process `$paramod$498463d264968bc81db47baec170cc0cc7a42680\ddc_cic.$proc$/mnt/d/tushar/Downloads/RTL.ai/designs/benchmark/ddc_cic.v:119$1882'.
Found and cleaned up 2 empty switches in `$paramod$498463d264968bc81db47baec170cc0cc7a42680\ddc_cic.$proc$/mnt/d/tushar/Downloads/RTL.ai/designs/benchmark/ddc_cic.v:119$1881'.
Removing empty process `$paramod$498463d264968bc81db47baec170cc0cc7a42680\ddc_cic.$proc$/mnt/d/tushar/Downloads/RTL.ai/designs/benchmark/ddc_cic.v:119$1881'.
Found and cleaned up 2 empty switches in `$paramod$498463d264968bc81db47baec170cc0cc7a42680\ddc_cic.$proc$/mnt/d/tushar/Downloads/RTL.ai/designs/benchmark/ddc_cic.v:119$1880'.
Removing empty process `$paramod$498463d264968bc81db47baec170cc0cc7a42680\ddc_cic.$proc$/mnt/d/tushar/Downloads/RTL.ai/designs/benchmark/ddc_cic.v:119$1880'.
Found and cleaned up 2 empty switches in `$paramod$498463d264968bc81db47baec170cc0cc7a42680\ddc_cic.$proc$/mnt/d/tushar/Downloads/RTL.ai/designs/benchmark/ddc_cic.v:119$1879'.
Removing empty process `$paramod$498463d264968bc81db47baec170cc0cc7a42680\ddc_cic.$proc$/mnt/d/tushar/Downloads/RTL.ai/designs/benchmark/ddc_cic.v:119$1879'.
Found and cleaned up 2 empty switches in `$paramod$498463d264968bc81db47baec170cc0cc7a42680\ddc_cic.$proc$/mnt/d/tushar/Downloads/RTL.ai/designs/benchmark/ddc_cic.v:74$1877'.
Removing empty process `$paramod$498463d264968bc81db47baec170cc0cc7a42680\ddc_cic.$proc$/mnt/d/tushar/Downloads/RTL.ai/designs/benchmark/ddc_cic.v:74$1877'.
Found and cleaned up 2 empty switches in `$paramod$498463d264968bc81db47baec170cc0cc7a42680\ddc_cic.$proc$/mnt/d/tushar/Downloads/RTL.ai/designs/benchmark/ddc_cic.v:74$1875'.
Removing empty process `$paramod$498463d264968bc81db47baec170cc0cc7a42680\ddc_cic.$proc$/mnt/d/tushar/Downloads/RTL.ai/designs/benchmark/ddc_cic.v:74$1875'.
Found and cleaned up 2 empty switches in `$paramod$498463d264968bc81db47baec170cc0cc7a42680\ddc_cic.$proc$/mnt/d/tushar/Downloads/RTL.ai/designs/benchmark/ddc_cic.v:74$1873'.
Removing empty process `$paramod$498463d264968bc81db47baec170cc0cc7a42680\ddc_cic.$proc$/mnt/d/tushar/Downloads/RTL.ai/designs/benchmark/ddc_cic.v:74$1873'.
Found and cleaned up 2 empty switches in `$paramod$498463d264968bc81db47baec170cc0cc7a42680\ddc_cic.$proc$/mnt/d/tushar/Downloads/RTL.ai/designs/benchmark/ddc_cic.v:74$1871'.
Removing empty process `$paramod$498463d264968bc81db47baec170cc0cc7a42680\ddc_cic.$proc$/mnt/d/tushar/Downloads/RTL.ai/designs/benchmark/ddc_cic.v:74$1871'.
Found and cleaned up 2 empty switches in `$paramod$498463d264968bc81db47baec170cc0cc7a42680\ddc_cic.$proc$/mnt/d/tushar/Downloads/RTL.ai/designs/benchmark/ddc_cic.v:139$1870'.
Removing empty process `$paramod$498463d264968bc81db47baec170cc0cc7a42680\ddc_cic.$proc$/mnt/d/tushar/Downloads/RTL.ai/designs/benchmark/ddc_cic.v:139$1870'.
Found and cleaned up 4 empty switches in `$paramod$498463d264968bc81db47baec170cc0cc7a42680\ddc_cic.$proc$/mnt/d/tushar/Downloads/RTL.ai/designs/benchmark/ddc_cic.v:88$1866'.
Removing empty process `$paramod$498463d264968bc81db47baec170cc0cc7a42680\ddc_cic.$proc$/mnt/d/tushar/Downloads/RTL.ai/designs/benchmark/ddc_cic.v:88$1866'.
Found and cleaned up 5 empty switches in `\picorv32_pcpi_div.$proc$/mnt/d/tushar/Downloads/RTL.ai/designs/benchmark/picorv32.v:2464$1225'.
Removing empty process `picorv32_pcpi_div.$proc$/mnt/d/tushar/Downloads/RTL.ai/designs/benchmark/picorv32.v:2464$1225'.
Found and cleaned up 2 empty switches in `\picorv32_pcpi_div.$proc$/mnt/d/tushar/Downloads/RTL.ai/designs/benchmark/picorv32.v:2438$1215'.
Removing empty process `picorv32_pcpi_div.$proc$/mnt/d/tushar/Downloads/RTL.ai/designs/benchmark/picorv32.v:2438$1215'.
Found and cleaned up 4 empty switches in `\picorv32_pcpi_fast_mul.$proc$/mnt/d/tushar/Downloads/RTL.ai/designs/benchmark/picorv32.v:2378$1206'.
Removing empty process `picorv32_pcpi_fast_mul.$proc$/mnt/d/tushar/Downloads/RTL.ai/designs/benchmark/picorv32.v:2378$1206'.
Found and cleaned up 3 empty switches in `\picorv32_pcpi_fast_mul.$proc$/mnt/d/tushar/Downloads/RTL.ai/designs/benchmark/picorv32.v:2364$1201'.
Removing empty process `picorv32_pcpi_fast_mul.$proc$/mnt/d/tushar/Downloads/RTL.ai/designs/benchmark/picorv32.v:2364$1201'.
Found and cleaned up 2 empty switches in `\picorv32_pcpi_fast_mul.$proc$/mnt/d/tushar/Downloads/RTL.ai/designs/benchmark/picorv32.v:2348$1199'.
Removing empty process `picorv32_pcpi_fast_mul.$proc$/mnt/d/tushar/Downloads/RTL.ai/designs/benchmark/picorv32.v:2348$1199'.
Removing empty process `$paramod$6b2e5777348611c38df4110cba65fe3615d0b62c\ddc_fir.$proc$/mnt/d/tushar/Downloads/RTL.ai/designs/benchmark/ddc_fir.v:73$1863'.
Removing empty process `$paramod$6b2e5777348611c38df4110cba65fe3615d0b62c\ddc_fir.$proc$/mnt/d/tushar/Downloads/RTL.ai/designs/benchmark/ddc_fir.v:73$1861'.
Removing empty process `$paramod$6b2e5777348611c38df4110cba65fe3615d0b62c\ddc_fir.$proc$/mnt/d/tushar/Downloads/RTL.ai/designs/benchmark/ddc_fir.v:73$1859'.
Removing empty process `$paramod$6b2e5777348611c38df4110cba65fe3615d0b62c\ddc_fir.$proc$/mnt/d/tushar/Downloads/RTL.ai/designs/benchmark/ddc_fir.v:73$1857'.
Removing empty process `$paramod$6b2e5777348611c38df4110cba65fe3615d0b62c\ddc_fir.$proc$/mnt/d/tushar/Downloads/RTL.ai/designs/benchmark/ddc_fir.v:73$1855'.
Removing empty process `$paramod$6b2e5777348611c38df4110cba65fe3615d0b62c\ddc_fir.$proc$/mnt/d/tushar/Downloads/RTL.ai/designs/benchmark/ddc_fir.v:73$1853'.
Removing empty process `$paramod$6b2e5777348611c38df4110cba65fe3615d0b62c\ddc_fir.$proc$/mnt/d/tushar/Downloads/RTL.ai/designs/benchmark/ddc_fir.v:73$1851'.
Removing empty process `$paramod$6b2e5777348611c38df4110cba65fe3615d0b62c\ddc_fir.$proc$/mnt/d/tushar/Downloads/RTL.ai/designs/benchmark/ddc_fir.v:73$1849'.
Removing empty process `$paramod$6b2e5777348611c38df4110cba65fe3615d0b62c\ddc_fir.$proc$/mnt/d/tushar/Downloads/RTL.ai/designs/benchmark/ddc_fir.v:73$1847'.
Removing empty process `$paramod$6b2e5777348611c38df4110cba65fe3615d0b62c\ddc_fir.$proc$/mnt/d/tushar/Downloads/RTL.ai/designs/benchmark/ddc_fir.v:73$1845'.
Removing empty process `$paramod$6b2e5777348611c38df4110cba65fe3615d0b62c\ddc_fir.$proc$/mnt/d/tushar/Downloads/RTL.ai/designs/benchmark/ddc_fir.v:73$1843'.
Removing empty process `$paramod$6b2e5777348611c38df4110cba65fe3615d0b62c\ddc_fir.$proc$/mnt/d/tushar/Downloads/RTL.ai/designs/benchmark/ddc_fir.v:73$1841'.
Removing empty process `$paramod$6b2e5777348611c38df4110cba65fe3615d0b62c\ddc_fir.$proc$/mnt/d/tushar/Downloads/RTL.ai/designs/benchmark/ddc_fir.v:73$1839'.
Removing empty process `$paramod$6b2e5777348611c38df4110cba65fe3615d0b62c\ddc_fir.$proc$/mnt/d/tushar/Downloads/RTL.ai/designs/benchmark/ddc_fir.v:73$1837'.
Removing empty process `$paramod$6b2e5777348611c38df4110cba65fe3615d0b62c\ddc_fir.$proc$/mnt/d/tushar/Downloads/RTL.ai/designs/benchmark/ddc_fir.v:73$1835'.
Removing empty process `$paramod$6b2e5777348611c38df4110cba65fe3615d0b62c\ddc_fir.$proc$/mnt/d/tushar/Downloads/RTL.ai/designs/benchmark/ddc_fir.v:63$1833'.
Removing empty process `$paramod$6b2e5777348611c38df4110cba65fe3615d0b62c\ddc_fir.$proc$/mnt/d/tushar/Downloads/RTL.ai/designs/benchmark/ddc_fir.v:63$1831'.
Removing empty process `$paramod$6b2e5777348611c38df4110cba65fe3615d0b62c\ddc_fir.$proc$/mnt/d/tushar/Downloads/RTL.ai/designs/benchmark/ddc_fir.v:63$1829'.
Removing empty process `$paramod$6b2e5777348611c38df4110cba65fe3615d0b62c\ddc_fir.$proc$/mnt/d/tushar/Downloads/RTL.ai/designs/benchmark/ddc_fir.v:63$1827'.
Removing empty process `$paramod$6b2e5777348611c38df4110cba65fe3615d0b62c\ddc_fir.$proc$/mnt/d/tushar/Downloads/RTL.ai/designs/benchmark/ddc_fir.v:63$1825'.
Removing empty process `$paramod$6b2e5777348611c38df4110cba65fe3615d0b62c\ddc_fir.$proc$/mnt/d/tushar/Downloads/RTL.ai/designs/benchmark/ddc_fir.v:63$1823'.
Removing empty process `$paramod$6b2e5777348611c38df4110cba65fe3615d0b62c\ddc_fir.$proc$/mnt/d/tushar/Downloads/RTL.ai/designs/benchmark/ddc_fir.v:63$1821'.
Removing empty process `$paramod$6b2e5777348611c38df4110cba65fe3615d0b62c\ddc_fir.$proc$/mnt/d/tushar/Downloads/RTL.ai/designs/benchmark/ddc_fir.v:63$1819'.
Removing empty process `$paramod$6b2e5777348611c38df4110cba65fe3615d0b62c\ddc_fir.$proc$/mnt/d/tushar/Downloads/RTL.ai/designs/benchmark/ddc_fir.v:63$1817'.
Removing empty process `$paramod$6b2e5777348611c38df4110cba65fe3615d0b62c\ddc_fir.$proc$/mnt/d/tushar/Downloads/RTL.ai/designs/benchmark/ddc_fir.v:63$1815'.
Removing empty process `$paramod$6b2e5777348611c38df4110cba65fe3615d0b62c\ddc_fir.$proc$/mnt/d/tushar/Downloads/RTL.ai/designs/benchmark/ddc_fir.v:63$1813'.
Removing empty process `$paramod$6b2e5777348611c38df4110cba65fe3615d0b62c\ddc_fir.$proc$/mnt/d/tushar/Downloads/RTL.ai/designs/benchmark/ddc_fir.v:63$1811'.
Removing empty process `$paramod$6b2e5777348611c38df4110cba65fe3615d0b62c\ddc_fir.$proc$/mnt/d/tushar/Downloads/RTL.ai/designs/benchmark/ddc_fir.v:63$1809'.
Removing empty process `$paramod$6b2e5777348611c38df4110cba65fe3615d0b62c\ddc_fir.$proc$/mnt/d/tushar/Downloads/RTL.ai/designs/benchmark/ddc_fir.v:63$1807'.
Removing empty process `$paramod$6b2e5777348611c38df4110cba65fe3615d0b62c\ddc_fir.$proc$/mnt/d/tushar/Downloads/RTL.ai/designs/benchmark/ddc_fir.v:63$1805'.
Removing empty process `$paramod$6b2e5777348611c38df4110cba65fe3615d0b62c\ddc_fir.$proc$/mnt/d/tushar/Downloads/RTL.ai/designs/benchmark/ddc_fir.v:69$1804'.
Found and cleaned up 2 empty switches in `$paramod$6b2e5777348611c38df4110cba65fe3615d0b62c\ddc_fir.$proc$/mnt/d/tushar/Downloads/RTL.ai/designs/benchmark/ddc_fir.v:89$1803'.
Removing empty process `$paramod$6b2e5777348611c38df4110cba65fe3615d0b62c\ddc_fir.$proc$/mnt/d/tushar/Downloads/RTL.ai/designs/benchmark/ddc_fir.v:89$1803'.
Found and cleaned up 2 empty switches in `$paramod\clk_divider\DIV=s32'00000000000000000000000000000010.$proc$/mnt/d/tushar/Downloads/RTL.ai/designs/clk_divider.v:16$1793'.
Removing empty process `$paramod\clk_divider\DIV=s32'00000000000000000000000000000010.$proc$/mnt/d/tushar/Downloads/RTL.ai/designs/clk_divider.v:16$1793'.
Found and cleaned up 54 empty switches in `\picorv32.$proc$/mnt/d/tushar/Downloads/RTL.ai/designs/benchmark/picorv32.v:1402$945'.
Removing empty process `picorv32.$proc$/mnt/d/tushar/Downloads/RTL.ai/designs/benchmark/picorv32.v:1402$945'.
Removing empty process `picorv32.$proc$/mnt/d/tushar/Downloads/RTL.ai/designs/benchmark/picorv32.v:1348$930'.
Found and cleaned up 1 empty switch in `\picorv32.$proc$/mnt/d/tushar/Downloads/RTL.ai/designs/benchmark/picorv32.v:1337$921'.
Removing empty process `picorv32.$proc$/mnt/d/tushar/Downloads/RTL.ai/designs/benchmark/picorv32.v:1337$921'.
Found and cleaned up 2 empty switches in `\picorv32.$proc$/mnt/d/tushar/Downloads/RTL.ai/designs/benchmark/picorv32.v:1309$909'.
Removing empty process `picorv32.$proc$/mnt/d/tushar/Downloads/RTL.ai/designs/benchmark/picorv32.v:1309$909'.
Found and cleaned up 2 empty switches in `\picorv32.$proc$/mnt/d/tushar/Downloads/RTL.ai/designs/benchmark/picorv32.v:1295$904'.
Removing empty process `picorv32.$proc$/mnt/d/tushar/Downloads/RTL.ai/designs/benchmark/picorv32.v:1295$904'.
Removing empty process `picorv32.$proc$/mnt/d/tushar/Downloads/RTL.ai/designs/benchmark/picorv32.v:1293$903'.
Found and cleaned up 2 empty switches in `\picorv32.$proc$/mnt/d/tushar/Downloads/RTL.ai/designs/benchmark/picorv32.v:1249$881'.
Removing empty process `picorv32.$proc$/mnt/d/tushar/Downloads/RTL.ai/designs/benchmark/picorv32.v:1249$881'.
Found and cleaned up 8 empty switches in `\picorv32.$proc$/mnt/d/tushar/Downloads/RTL.ai/designs/benchmark/picorv32.v:1186$869'.
Removing empty process `picorv32.$proc$/mnt/d/tushar/Downloads/RTL.ai/designs/benchmark/picorv32.v:1186$869'.
Found and cleaned up 22 empty switches in `\picorv32.$proc$/mnt/d/tushar/Downloads/RTL.ai/designs/benchmark/picorv32.v:858$606'.
Removing empty process `picorv32.$proc$/mnt/d/tushar/Downloads/RTL.ai/designs/benchmark/picorv32.v:858$606'.
Found and cleaned up 3 empty switches in `\picorv32.$proc$/mnt/d/tushar/Downloads/RTL.ai/designs/benchmark/picorv32.v:809$604'.
Removing empty process `picorv32.$proc$/mnt/d/tushar/Downloads/RTL.ai/designs/benchmark/picorv32.v:809$604'.
Found and cleaned up 5 empty switches in `\picorv32.$proc$/mnt/d/tushar/Downloads/RTL.ai/designs/benchmark/picorv32.v:778$600'.
Removing empty process `picorv32.$proc$/mnt/d/tushar/Downloads/RTL.ai/designs/benchmark/picorv32.v:778$600'.
Found and cleaned up 48 empty switches in `\picorv32.$proc$/mnt/d/tushar/Downloads/RTL.ai/designs/benchmark/picorv32.v:701$599'.
Removing empty process `picorv32.$proc$/mnt/d/tushar/Downloads/RTL.ai/designs/benchmark/picorv32.v:701$599'.
Found and cleaned up 16 empty switches in `\picorv32.$proc$/mnt/d/tushar/Downloads/RTL.ai/designs/benchmark/picorv32.v:565$575'.
Removing empty process `picorv32.$proc$/mnt/d/tushar/Downloads/RTL.ai/designs/benchmark/picorv32.v:565$575'.
Removing empty process `picorv32.$proc$/mnt/d/tushar/Downloads/RTL.ai/designs/benchmark/picorv32.v:1239$1107'.
Found and cleaned up 19 empty switches in `\picorv32.$proc$/mnt/d/tushar/Downloads/RTL.ai/designs/benchmark/picorv32.v:430$537'.
Removing empty process `picorv32.$proc$/mnt/d/tushar/Downloads/RTL.ai/designs/benchmark/picorv32.v:430$537'.
Found and cleaned up 3 empty switches in `\picorv32.$proc$/mnt/d/tushar/Downloads/RTL.ai/designs/benchmark/picorv32.v:401$534'.
Removing empty process `picorv32.$proc$/mnt/d/tushar/Downloads/RTL.ai/designs/benchmark/picorv32.v:401$534'.
Found and cleaned up 2 empty switches in `\picorv32.$proc$/mnt/d/tushar/Downloads/RTL.ai/designs/benchmark/picorv32.v:390$529'.
Removing empty process `picorv32.$proc$/mnt/d/tushar/Downloads/RTL.ai/designs/benchmark/picorv32.v:390$529'.
Found and cleaned up 1 empty switch in `\picorv32.$proc$/mnt/d/tushar/Downloads/RTL.ai/designs/benchmark/picorv32.v:325$455'.
Removing empty process `picorv32.$proc$/mnt/d/tushar/Downloads/RTL.ai/designs/benchmark/picorv32.v:325$455'.
Found and cleaned up 1 empty switch in `\ddc_sinrom.$proc$/mnt/d/tushar/Downloads/RTL.ai/designs/benchmark/ddc_nco.v:72$437'.
Removing empty process `ddc_sinrom.$proc$/mnt/d/tushar/Downloads/RTL.ai/designs/benchmark/ddc_nco.v:72$437'.
Found and cleaned up 2 empty switches in `$paramod\clk_divider\DIV=s32'00000000000000000000000000000100.$proc$/mnt/d/tushar/Downloads/RTL.ai/designs/clk_divider.v:16$1789'.
Removing empty process `$paramod\clk_divider\DIV=s32'00000000000000000000000000000100.$proc$/mnt/d/tushar/Downloads/RTL.ai/designs/clk_divider.v:16$1789'.
Found and cleaned up 2 empty switches in `$paramod\clk_divider\DIV=s32'00000000000000000000000000000110.$proc$/mnt/d/tushar/Downloads/RTL.ai/designs/clk_divider.v:16$1785'.
Removing empty process `$paramod\clk_divider\DIV=s32'00000000000000000000000000000110.$proc$/mnt/d/tushar/Downloads/RTL.ai/designs/clk_divider.v:16$1785'.
Found and cleaned up 2 empty switches in `$paramod\clk_divider\DIV=s32'00000000000000000000000000001000.$proc$/mnt/d/tushar/Downloads/RTL.ai/designs/clk_divider.v:16$1781'.
Removing empty process `$paramod\clk_divider\DIV=s32'00000000000000000000000000001000.$proc$/mnt/d/tushar/Downloads/RTL.ai/designs/clk_divider.v:16$1781'.
Found and cleaned up 2 empty switches in `$paramod\clk_divider\DIV=s32'00000000000000000000000000001010.$proc$/mnt/d/tushar/Downloads/RTL.ai/designs/clk_divider.v:16$1777'.
Removing empty process `$paramod\clk_divider\DIV=s32'00000000000000000000000000001010.$proc$/mnt/d/tushar/Downloads/RTL.ai/designs/clk_divider.v:16$1777'.
Found and cleaned up 2 empty switches in `$paramod$8af8dc0d438d0d364592a69345da95ce450509b0\ddc_nco.$proc$/mnt/d/tushar/Downloads/RTL.ai/designs/benchmark/ddc_nco.v:48$1915'.
Removing empty process `$paramod$8af8dc0d438d0d364592a69345da95ce450509b0\ddc_nco.$proc$/mnt/d/tushar/Downloads/RTL.ai/designs/benchmark/ddc_nco.v:48$1915'.
Found and cleaned up 3 empty switches in `\crc32.$proc$/mnt/d/tushar/Downloads/RTL.ai/designs/benchmark/crc32.v:69$307'.
Removing empty process `crc32.$proc$/mnt/d/tushar/Downloads/RTL.ai/designs/benchmark/crc32.v:69$307'.
Found and cleaned up 1 empty switch in `\crc32.$proc$/mnt/d/tushar/Downloads/RTL.ai/designs/benchmark/crc32.v:57$46'.
Removing empty process `crc32.$proc$/mnt/d/tushar/Downloads/RTL.ai/designs/benchmark/crc32.v:57$46'.
Removing empty process `reset_sync.$proc$/mnt/d/tushar/Downloads/RTL.ai/designs/reset_sync.v:12$41'.
Found and cleaned up 3 empty switches in `$paramod\cdc_handshake\WIDTH=s32'00000000000000000000000000010000.$proc$/mnt/d/tushar/Downloads/RTL.ai/designs/cdc_handshake.v:66$1773'.
Removing empty process `$paramod\cdc_handshake\WIDTH=s32'00000000000000000000000000010000.$proc$/mnt/d/tushar/Downloads/RTL.ai/designs/cdc_handshake.v:66$1773'.
Found and cleaned up 3 empty switches in `$paramod\cdc_handshake\WIDTH=s32'00000000000000000000000000010000.$proc$/mnt/d/tushar/Downloads/RTL.ai/designs/cdc_handshake.v:35$1770'.
Removing empty process `$paramod\cdc_handshake\WIDTH=s32'00000000000000000000000000010000.$proc$/mnt/d/tushar/Downloads/RTL.ai/designs/cdc_handshake.v:35$1770'.
Found and cleaned up 1 empty switch in `\cdc_sync.$proc$/mnt/d/tushar/Downloads/RTL.ai/designs/cdc_sync.v:12$33'.
Removing empty process `cdc_sync.$proc$/mnt/d/tushar/Downloads/RTL.ai/designs/cdc_sync.v:12$33'.
Found and cleaned up 2 empty switches in `\sha256_w_mem.$proc$/mnt/d/tushar/Downloads/RTL.ai/designs/benchmark/sha256_w_mem.v:153$1760'.
Removing empty process `sha256_w_mem.$proc$/mnt/d/tushar/Downloads/RTL.ai/designs/benchmark/sha256_w_mem.v:153$1760'.
Found and cleaned up 2 empty switches in `\sha256_w_mem.$proc$/mnt/d/tushar/Downloads/RTL.ai/designs/benchmark/sha256_w_mem.v:138$1753'.
Removing empty process `sha256_w_mem.$proc$/mnt/d/tushar/Downloads/RTL.ai/designs/benchmark/sha256_w_mem.v:138$1753'.
Found and cleaned up 1 empty switch in `\sha256_w_mem.$proc$/mnt/d/tushar/Downloads/RTL.ai/designs/benchmark/sha256_w_mem.v:97$1751'.
Removing empty process `sha256_w_mem.$proc$/mnt/d/tushar/Downloads/RTL.ai/designs/benchmark/sha256_w_mem.v:97$1751'.
Found and cleaned up 1 empty switch in `\benchmark_top.$proc$/mnt/d/tushar/Downloads/RTL.ai/designs/benchmark_top.v:229$27'.
Removing empty process `benchmark_top.$proc$/mnt/d/tushar/Downloads/RTL.ai/designs/benchmark_top.v:229$27'.
Found and cleaned up 1 empty switch in `\benchmark_top.$proc$/mnt/d/tushar/Downloads/RTL.ai/designs/benchmark_top.v:211$20'.
Removing empty process `benchmark_top.$proc$/mnt/d/tushar/Downloads/RTL.ai/designs/benchmark_top.v:211$20'.
Found and cleaned up 1 empty switch in `\benchmark_top.$proc$/mnt/d/tushar/Downloads/RTL.ai/designs/benchmark_top.v:186$19'.
Removing empty process `benchmark_top.$proc$/mnt/d/tushar/Downloads/RTL.ai/designs/benchmark_top.v:186$19'.
Found and cleaned up 1 empty switch in `\benchmark_top.$proc$/mnt/d/tushar/Downloads/RTL.ai/designs/benchmark_top.v:166$17'.
Removing empty process `benchmark_top.$proc$/mnt/d/tushar/Downloads/RTL.ai/designs/benchmark_top.v:166$17'.
Found and cleaned up 1 empty switch in `\benchmark_top.$proc$/mnt/d/tushar/Downloads/RTL.ai/designs/benchmark_top.v:145$14'.
Removing empty process `benchmark_top.$proc$/mnt/d/tushar/Downloads/RTL.ai/designs/benchmark_top.v:145$14'.
Found and cleaned up 1 empty switch in `\benchmark_top.$proc$/mnt/d/tushar/Downloads/RTL.ai/designs/benchmark_top.v:124$12'.
Removing empty process `benchmark_top.$proc$/mnt/d/tushar/Downloads/RTL.ai/designs/benchmark_top.v:124$12'.
Cleaned up 298 empty switches.

19.12. Executing OPT_EXPR pass (perform const folding).
Optimizing module sha256_k_constants.
Optimizing module sha256_core.
<suppressed ~64 debug messages>
Optimizing module sha256.
<suppressed ~53 debug messages>
Optimizing module sad8x8.
Optimizing module ddc.
Optimizing module $paramod$33682cd1d05634ea6014b34575d141b8a856657a\ddc_mixer.
<suppressed ~2 debug messages>
Optimizing module $paramod$498463d264968bc81db47baec170cc0cc7a42680\ddc_cic.
<suppressed ~2 debug messages>
Optimizing module picorv32_pcpi_div.
<suppressed ~12 debug messages>
Optimizing module picorv32_pcpi_fast_mul.
<suppressed ~12 debug messages>
Optimizing module $paramod$6b2e5777348611c38df4110cba65fe3615d0b62c\ddc_fir.
<suppressed ~1 debug messages>
Optimizing module $paramod\clk_divider\DIV=s32'00000000000000000000000000000010.
<suppressed ~1 debug messages>
Optimizing module picorv32.
<suppressed ~510 debug messages>
Optimizing module ddc_sinrom.
Optimizing module $paramod\clk_divider\DIV=s32'00000000000000000000000000000100.
Optimizing module $paramod\clk_divider\DIV=s32'00000000000000000000000000000110.
Optimizing module $paramod\clk_divider\DIV=s32'00000000000000000000000000001000.
Optimizing module $paramod\clk_divider\DIV=s32'00000000000000000000000000001010.
Optimizing module $paramod$8af8dc0d438d0d364592a69345da95ce450509b0\ddc_nco.
Optimizing module crc32.
<suppressed ~130 debug messages>
Optimizing module reset_sync.
<suppressed ~2 debug messages>
Optimizing module $paramod\cdc_handshake\WIDTH=s32'00000000000000000000000000010000.
<suppressed ~2 debug messages>
Optimizing module cdc_sync.
Optimizing module sha256_w_mem.
<suppressed ~35 debug messages>
Optimizing module benchmark_top.

20. Executing JSON backend.

Warnings: 8 unique messages, 13 total
End of script. Logfile hash: d5646983cb, time: 0.73s, user: 0.22s, system: 0.06s, MEM: 37.82 MB peak
Yosys 0.68+195 (git sha1 435977e97-dirty, Release, Clang /usr/bin/clang++ 21.1.8)
Time spent: 50% 34x read_verilog (0 sec), 14% 2x write_json (0 sec), ...
