
 /----------------------------------------------------------------------------\
 |  yosys -- Yosys Open SYnthesis Suite                                       |
 |  Copyright (C) 2012 - 2026  Claire Xenia Wolf <claire@yosyshq.com>         |
 |  Distributed under an ISC-like license, type "license" to see terms        |
 \----------------------------------------------------------------------------/
 Yosys 0.68+195 (git sha1 435977e97-dirty, Release, Clang /usr/bin/clang++ 21.1.8)

-- Executing script file `partition.ys' --

1. Executing RTLIL frontend.
Input filename: combined.il

2. Executing INSBUF pass (insert buffer cells for connected wires).
Add gold.bm_mac8/$auto$insbuf.cc:97:execute$86: \m0 [0] -> \c0 [0]
Add gold.bm_mac8/$auto$insbuf.cc:97:execute$87: \m0 [1] -> \c0 [1]
Add gold.bm_mac8/$auto$insbuf.cc:97:execute$88: \m0 [2] -> \c0 [2]
Add gold.bm_mac8/$auto$insbuf.cc:97:execute$89: \m0 [3] -> \c0 [3]
Add gold.bm_mac8/$auto$insbuf.cc:97:execute$90: \m0 [4] -> \c0 [4]
Add gold.bm_mac8/$auto$insbuf.cc:97:execute$91: \m0 [5] -> \c0 [5]
Add gold.bm_mac8/$auto$insbuf.cc:97:execute$92: \m0 [6] -> \c0 [6]
Add gold.bm_mac8/$auto$insbuf.cc:97:execute$93: \m0 [7] -> \c0 [7]
Add gold.bm_mac8/$auto$insbuf.cc:97:execute$94: \m0 [8] -> \c0 [8]
Add gold.bm_mac8/$auto$insbuf.cc:97:execute$95: \m0 [9] -> \c0 [9]
Add gold.bm_mac8/$auto$insbuf.cc:97:execute$96: \m0 [10] -> \c0 [10]
Add gold.bm_mac8/$auto$insbuf.cc:97:execute$97: \m0 [11] -> \c0 [11]
Add gold.bm_mac8/$auto$insbuf.cc:97:execute$98: \m0 [12] -> \c0 [12]
Add gold.bm_mac8/$auto$insbuf.cc:97:execute$99: \m0 [13] -> \c0 [13]
Add gold.bm_mac8/$auto$insbuf.cc:97:execute$100: \m0 [14] -> \c0 [14]
Add gold.bm_mac8/$auto$insbuf.cc:97:execute$101: \m0 [15] -> \c0 [15]
Add gold.bm_mac8/$auto$insbuf.cc:97:execute$102: 1'0 -> \c0 [16]
Add gold.bm_mac8/$auto$insbuf.cc:97:execute$103: 1'0 -> \c0 [17]
Add gold.bm_mac8/$auto$insbuf.cc:97:execute$104: 1'0 -> \c0 [18]
Add gold.bm_mac8/$auto$insbuf.cc:97:execute$105: 1'0 -> \c0 [19]
Add gold.bm_mac8/$auto$insbuf.cc:97:execute$106: 1'0 -> \c0 [20]
Rewrite gold.bm_mac8/$add$/mnt/d/tushar/Downloads/RTL.ai/designs/bm_mac8.v:46$10/A: \m0 -> \c0 [15:0]

3. Executing EQY PARTITION task.

3.1. Processing module pair gold.bm_mac8 / gate.bm_mac8.

3.1.1. Processing matched IDs for module bm_mac8.

3.1.2. Create fragment partitions for module bm_mac8.
Adding output bit \vld to partition 0.
Adding output bit \out_valid to partition 1.
Adding output bit \m7 [15] to partition 2.
Adding output bit \m7 [14] to partition 2.
Adding output bit \m7 [13] to partition 2.
Adding output bit \m7 [12] to partition 2.
Adding output bit \m7 [11] to partition 2.
Adding output bit \m7 [10] to partition 2.
Adding output bit \m7 [9] to partition 2.
Adding output bit \m7 [8] to partition 2.
Adding output bit \m7 [7] to partition 2.
Adding output bit \m7 [6] to partition 2.
Adding output bit \m7 [5] to partition 2.
Adding output bit \m7 [4] to partition 2.
Adding output bit \m7 [3] to partition 2.
Adding output bit \m7 [2] to partition 2.
Adding output bit \m7 [1] to partition 2.
Adding output bit \m7 [0] to partition 2.
Adding output bit \m6 [15] to partition 3.
Adding output bit \m6 [14] to partition 3.
Adding output bit \m6 [13] to partition 3.
Adding output bit \m6 [12] to partition 3.
Adding output bit \m6 [11] to partition 3.
Adding output bit \m6 [10] to partition 3.
Adding output bit \m6 [9] to partition 3.
Adding output bit \m6 [8] to partition 3.
Adding output bit \m6 [7] to partition 3.
Adding output bit \m6 [6] to partition 3.
Adding output bit \m6 [5] to partition 3.
Adding output bit \m6 [4] to partition 3.
Adding output bit \m6 [3] to partition 3.
Adding output bit \m6 [2] to partition 3.
Adding output bit \m6 [1] to partition 3.
Adding output bit \m6 [0] to partition 3.
Adding output bit \m5 [15] to partition 4.
Adding output bit \m5 [14] to partition 4.
Adding output bit \m5 [13] to partition 4.
Adding output bit \m5 [12] to partition 4.
Adding output bit \m5 [11] to partition 4.
Adding output bit \m5 [10] to partition 4.
Adding output bit \m5 [9] to partition 4.
Adding output bit \m5 [8] to partition 4.
Adding output bit \m5 [7] to partition 4.
Adding output bit \m5 [6] to partition 4.
Adding output bit \m5 [5] to partition 4.
Adding output bit \m5 [4] to partition 4.
Adding output bit \m5 [3] to partition 4.
Adding output bit \m5 [2] to partition 4.
Adding output bit \m5 [1] to partition 4.
Adding output bit \m5 [0] to partition 4.
Adding output bit \m4 [15] to partition 5.
Adding output bit \m4 [14] to partition 5.
Adding output bit \m4 [13] to partition 5.
Adding output bit \m4 [12] to partition 5.
Adding output bit \m4 [11] to partition 5.
Adding output bit \m4 [10] to partition 5.
Adding output bit \m4 [9] to partition 5.
Adding output bit \m4 [8] to partition 5.
Adding output bit \m4 [7] to partition 5.
Adding output bit \m4 [6] to partition 5.
Adding output bit \m4 [5] to partition 5.
Adding output bit \m4 [4] to partition 5.
Adding output bit \m4 [3] to partition 5.
Adding output bit \m4 [2] to partition 5.
Adding output bit \m4 [1] to partition 5.
Adding output bit \m4 [0] to partition 5.
Adding output bit \m3 [15] to partition 6.
Adding output bit \m3 [14] to partition 6.
Adding output bit \m3 [13] to partition 6.
Adding output bit \m3 [12] to partition 6.
Adding output bit \m3 [11] to partition 6.
Adding output bit \m3 [10] to partition 6.
Adding output bit \m3 [9] to partition 6.
Adding output bit \m3 [8] to partition 6.
Adding output bit \m3 [7] to partition 6.
Adding output bit \m3 [6] to partition 6.
Adding output bit \m3 [5] to partition 6.
Adding output bit \m3 [4] to partition 6.
Adding output bit \m3 [3] to partition 6.
Adding output bit \m3 [2] to partition 6.
Adding output bit \m3 [1] to partition 6.
Adding output bit \m3 [0] to partition 6.
Adding output bit \m2 [15] to partition 7.
Adding output bit \m2 [14] to partition 7.
Adding output bit \m2 [13] to partition 7.
Adding output bit \m2 [12] to partition 7.
Adding output bit \m2 [11] to partition 7.
Adding output bit \m2 [10] to partition 7.
Adding output bit \m2 [9] to partition 7.
Adding output bit \m2 [8] to partition 7.
Adding output bit \m2 [7] to partition 7.
Adding output bit \m2 [6] to partition 7.
Adding output bit \m2 [5] to partition 7.
Adding output bit \m2 [4] to partition 7.
Adding output bit \m2 [3] to partition 7.
Adding output bit \m2 [2] to partition 7.
Adding output bit \m2 [1] to partition 7.
Adding output bit \m2 [0] to partition 7.
Adding output bit \m1 [15] to partition 8.
Adding output bit \m1 [14] to partition 8.
Adding output bit \m1 [13] to partition 8.
Adding output bit \m1 [12] to partition 8.
Adding output bit \m1 [11] to partition 8.
Adding output bit \m1 [10] to partition 8.
Adding output bit \m1 [9] to partition 8.
Adding output bit \m1 [8] to partition 8.
Adding output bit \m1 [7] to partition 8.
Adding output bit \m1 [6] to partition 8.
Adding output bit \m1 [5] to partition 8.
Adding output bit \m1 [4] to partition 8.
Adding output bit \m1 [3] to partition 8.
Adding output bit \m1 [2] to partition 8.
Adding output bit \m1 [1] to partition 8.
Adding output bit \m1 [0] to partition 8.
Adding output bit \m0 [15] to partition 9.
Adding output bit \m0 [14] to partition 9.
Adding output bit \m0 [13] to partition 9.
Adding output bit \m0 [12] to partition 9.
Adding output bit \m0 [11] to partition 9.
Adding output bit \m0 [10] to partition 9.
Adding output bit \m0 [9] to partition 9.
Adding output bit \m0 [8] to partition 9.
Adding output bit \m0 [7] to partition 9.
Adding output bit \m0 [6] to partition 9.
Adding output bit \m0 [5] to partition 9.
Adding output bit \m0 [4] to partition 9.
Adding output bit \m0 [3] to partition 9.
Adding output bit \m0 [2] to partition 9.
Adding output bit \m0 [1] to partition 9.
Adding output bit \m0 [0] to partition 9.
Adding output bit \c7 [18] to partition 10.
Adding output bit \c7 [17] to partition 10.
Adding output bit \c7 [16] to partition 10.
Adding output bit \c7 [15] to partition 10.
Adding output bit \c7 [14] to partition 10.
Adding output bit \c7 [13] to partition 10.
Adding output bit \c7 [12] to partition 10.
Adding output bit \c7 [11] to partition 10.
Adding output bit \c7 [10] to partition 10.
Adding output bit \c7 [9] to partition 10.
Adding output bit \c7 [8] to partition 10.
Adding output bit \c7 [7] to partition 10.
Adding output bit \c7 [6] to partition 10.
Adding output bit \c7 [5] to partition 10.
Adding output bit \c7 [4] to partition 10.
Adding output bit \c7 [3] to partition 10.
Adding output bit \c7 [2] to partition 10.
Adding output bit \c7 [1] to partition 10.
Adding output bit \c7 [0] to partition 10.
Adding output bit \b_reg [63] to partition 11.
Adding output bit \b_reg [62] to partition 11.
Adding output bit \b_reg [61] to partition 11.
Adding output bit \b_reg [60] to partition 11.
Adding output bit \b_reg [59] to partition 11.
Adding output bit \b_reg [58] to partition 11.
Adding output bit \b_reg [57] to partition 11.
Adding output bit \b_reg [56] to partition 11.
Adding output bit \b_reg [55] to partition 11.
Adding output bit \b_reg [54] to partition 11.
Adding output bit \b_reg [53] to partition 11.
Adding output bit \b_reg [52] to partition 11.
Adding output bit \b_reg [51] to partition 11.
Adding output bit \b_reg [50] to partition 11.
Adding output bit \b_reg [49] to partition 11.
Adding output bit \b_reg [48] to partition 11.
Adding output bit \b_reg [47] to partition 11.
Adding output bit \b_reg [46] to partition 11.
Adding output bit \b_reg [45] to partition 11.
Adding output bit \b_reg [44] to partition 11.
Adding output bit \b_reg [43] to partition 11.
Adding output bit \b_reg [42] to partition 11.
Adding output bit \b_reg [41] to partition 11.
Adding output bit \b_reg [40] to partition 11.
Adding output bit \b_reg [39] to partition 11.
Adding output bit \b_reg [38] to partition 11.
Adding output bit \b_reg [37] to partition 11.
Adding output bit \b_reg [36] to partition 11.
Adding output bit \b_reg [35] to partition 11.
Adding output bit \b_reg [34] to partition 11.
Adding output bit \b_reg [33] to partition 11.
Adding output bit \b_reg [32] to partition 11.
Adding output bit \b_reg [31] to partition 11.
Adding output bit \b_reg [30] to partition 11.
Adding output bit \b_reg [29] to partition 11.
Adding output bit \b_reg [28] to partition 11.
Adding output bit \b_reg [27] to partition 11.
Adding output bit \b_reg [26] to partition 11.
Adding output bit \b_reg [25] to partition 11.
Adding output bit \b_reg [24] to partition 11.
Adding output bit \b_reg [23] to partition 11.
Adding output bit \b_reg [22] to partition 11.
Adding output bit \b_reg [21] to partition 11.
Adding output bit \b_reg [20] to partition 11.
Adding output bit \b_reg [19] to partition 11.
Adding output bit \b_reg [18] to partition 11.
Adding output bit \b_reg [17] to partition 11.
Adding output bit \b_reg [16] to partition 11.
Adding output bit \b_reg [15] to partition 11.
Adding output bit \b_reg [14] to partition 11.
Adding output bit \b_reg [13] to partition 11.
Adding output bit \b_reg [12] to partition 11.
Adding output bit \b_reg [11] to partition 11.
Adding output bit \b_reg [10] to partition 11.
Adding output bit \b_reg [9] to partition 11.
Adding output bit \b_reg [8] to partition 11.
Adding output bit \b_reg [7] to partition 11.
Adding output bit \b_reg [6] to partition 11.
Adding output bit \b_reg [5] to partition 11.
Adding output bit \b_reg [4] to partition 11.
Adding output bit \b_reg [3] to partition 11.
Adding output bit \b_reg [2] to partition 11.
Adding output bit \b_reg [1] to partition 11.
Adding output bit \b_reg [0] to partition 11.
Adding output bit \acc [20] to partition 12.
Adding bit \c7 [18] to partition 12 by merging partition 10.
Adding output bit \acc [19] to partition 12.
Adding output bit \acc [18] to partition 12.
Adding output bit \acc [17] to partition 12.
Adding output bit \acc [16] to partition 12.
Adding output bit \acc [15] to partition 12.
Adding output bit \acc [14] to partition 12.
Adding output bit \acc [13] to partition 12.
Adding output bit \acc [12] to partition 12.
Adding output bit \acc [11] to partition 12.
Adding output bit \acc [10] to partition 12.
Adding output bit \acc [9] to partition 12.
Adding output bit \acc [8] to partition 12.
Adding output bit \acc [7] to partition 12.
Adding output bit \acc [6] to partition 12.
Adding output bit \acc [5] to partition 12.
Adding output bit \acc [4] to partition 12.
Adding output bit \acc [3] to partition 12.
Adding output bit \acc [2] to partition 12.
Adding output bit \acc [1] to partition 12.
Adding output bit \acc [0] to partition 12.
Adding output bit \a_reg [63] to partition 13.
Adding output bit \a_reg [62] to partition 13.
Adding output bit \a_reg [61] to partition 13.
Adding output bit \a_reg [60] to partition 13.
Adding output bit \a_reg [59] to partition 13.
Adding output bit \a_reg [58] to partition 13.
Adding output bit \a_reg [57] to partition 13.
Adding output bit \a_reg [56] to partition 13.
Adding output bit \a_reg [55] to partition 13.
Adding output bit \a_reg [54] to partition 13.
Adding output bit \a_reg [53] to partition 13.
Adding output bit \a_reg [52] to partition 13.
Adding output bit \a_reg [51] to partition 13.
Adding output bit \a_reg [50] to partition 13.
Adding output bit \a_reg [49] to partition 13.
Adding output bit \a_reg [48] to partition 13.
Adding output bit \a_reg [47] to partition 13.
Adding output bit \a_reg [46] to partition 13.
Adding output bit \a_reg [45] to partition 13.
Adding output bit \a_reg [44] to partition 13.
Adding output bit \a_reg [43] to partition 13.
Adding output bit \a_reg [42] to partition 13.
Adding output bit \a_reg [41] to partition 13.
Adding output bit \a_reg [40] to partition 13.
Adding output bit \a_reg [39] to partition 13.
Adding output bit \a_reg [38] to partition 13.
Adding output bit \a_reg [37] to partition 13.
Adding output bit \a_reg [36] to partition 13.
Adding output bit \a_reg [35] to partition 13.
Adding output bit \a_reg [34] to partition 13.
Adding output bit \a_reg [33] to partition 13.
Adding output bit \a_reg [32] to partition 13.
Adding output bit \a_reg [31] to partition 13.
Adding output bit \a_reg [30] to partition 13.
Adding output bit \a_reg [29] to partition 13.
Adding output bit \a_reg [28] to partition 13.
Adding output bit \a_reg [27] to partition 13.
Adding output bit \a_reg [26] to partition 13.
Adding output bit \a_reg [25] to partition 13.
Adding output bit \a_reg [24] to partition 13.
Adding output bit \a_reg [23] to partition 13.
Adding output bit \a_reg [22] to partition 13.
Adding output bit \a_reg [21] to partition 13.
Adding output bit \a_reg [20] to partition 13.
Adding output bit \a_reg [19] to partition 13.
Adding output bit \a_reg [18] to partition 13.
Adding output bit \a_reg [17] to partition 13.
Adding output bit \a_reg [16] to partition 13.
Adding output bit \a_reg [15] to partition 13.
Adding output bit \a_reg [14] to partition 13.
Adding output bit \a_reg [13] to partition 13.
Adding output bit \a_reg [12] to partition 13.
Adding output bit \a_reg [11] to partition 13.
Adding output bit \a_reg [10] to partition 13.
Adding output bit \a_reg [9] to partition 13.
Adding output bit \a_reg [8] to partition 13.
Adding output bit \a_reg [7] to partition 13.
Adding output bit \a_reg [6] to partition 13.
Adding output bit \a_reg [5] to partition 13.
Adding output bit \a_reg [4] to partition 13.
Adding output bit \a_reg [3] to partition 13.
Adding output bit \a_reg [2] to partition 13.
Adding output bit \a_reg [1] to partition 13.
Adding output bit \a_reg [0] to partition 13.

Final list of fragment partitions:
  0 \vld <= \rst \in_valid \clk
  1 \out_valid <= \rst \vld \clk
  2 \m7 [0] \m7 [1] \m7 [2] \m7 [3] \m7 [4] \m7 [5] \m7 [6] \m7 [7] \m7 [8] \m7 [9] \m7 [10] \m7 [11] \m7 [12] \m7 [13] \m7 [14] \m7 [15] <= \b_reg [63] \b_reg [62] \b_reg [61] \b_reg [60] \b_reg [59] \b_reg [58] \b_reg [57] \b_reg [56] \a_reg [63] \a_reg [62] \a_reg [61] \a_reg [60] \a_reg [59] \a_reg [58] \a_reg [57] \a_reg [56]
  3 \m6 [0] \m6 [1] \m6 [2] \m6 [3] \m6 [4] \m6 [5] \m6 [6] \m6 [7] \m6 [8] \m6 [9] \m6 [10] \m6 [11] \m6 [12] \m6 [13] \m6 [14] \m6 [15] <= \b_reg [55] \b_reg [54] \b_reg [53] \b_reg [52] \b_reg [51] \b_reg [50] \b_reg [49] \b_reg [48] \a_reg [55] \a_reg [54] \a_reg [53] \a_reg [52] \a_reg [51] \a_reg [50] \a_reg [49] \a_reg [48]
  4 \m5 [0] \m5 [1] \m5 [2] \m5 [3] \m5 [4] \m5 [5] \m5 [6] \m5 [7] \m5 [8] \m5 [9] \m5 [10] \m5 [11] \m5 [12] \m5 [13] \m5 [14] \m5 [15] <= \b_reg [47] \b_reg [46] \b_reg [45] \b_reg [44] \b_reg [43] \b_reg [42] \b_reg [41] \b_reg [40] \a_reg [47] \a_reg [46] \a_reg [45] \a_reg [44] \a_reg [43] \a_reg [42] \a_reg [41] \a_reg [40]
  5 \m4 [0] \m4 [1] \m4 [2] \m4 [3] \m4 [4] \m4 [5] \m4 [6] \m4 [7] \m4 [8] \m4 [9] \m4 [10] \m4 [11] \m4 [12] \m4 [13] \m4 [14] \m4 [15] <= \b_reg [39] \b_reg [38] \b_reg [37] \b_reg [36] \b_reg [35] \b_reg [34] \b_reg [33] \b_reg [32] \a_reg [39] \a_reg [38] \a_reg [37] \a_reg [36] \a_reg [35] \a_reg [34] \a_reg [33] \a_reg [32]
  6 \m3 [0] \m3 [1] \m3 [2] \m3 [3] \m3 [4] \m3 [5] \m3 [6] \m3 [7] \m3 [8] \m3 [9] \m3 [10] \m3 [11] \m3 [12] \m3 [13] \m3 [14] \m3 [15] <= \b_reg [31] \b_reg [30] \b_reg [29] \b_reg [28] \b_reg [27] \b_reg [26] \b_reg [25] \b_reg [24] \a_reg [31] \a_reg [30] \a_reg [29] \a_reg [28] \a_reg [27] \a_reg [26] \a_reg [25] \a_reg [24]
  7 \m2 [0] \m2 [1] \m2 [2] \m2 [3] \m2 [4] \m2 [5] \m2 [6] \m2 [7] \m2 [8] \m2 [9] \m2 [10] \m2 [11] \m2 [12] \m2 [13] \m2 [14] \m2 [15] <= \b_reg [23] \b_reg [22] \b_reg [21] \b_reg [20] \b_reg [19] \b_reg [18] \b_reg [17] \b_reg [16] \a_reg [23] \a_reg [22] \a_reg [21] \a_reg [20] \a_reg [19] \a_reg [18] \a_reg [17] \a_reg [16]
  8 \m1 [0] \m1 [1] \m1 [2] \m1 [3] \m1 [4] \m1 [5] \m1 [6] \m1 [7] \m1 [8] \m1 [9] \m1 [10] \m1 [11] \m1 [12] \m1 [13] \m1 [14] \m1 [15] <= \b_reg [15] \b_reg [14] \b_reg [13] \b_reg [12] \b_reg [11] \b_reg [10] \b_reg [9] \b_reg [8] \a_reg [15] \a_reg [14] \a_reg [13] \a_reg [12] \a_reg [11] \a_reg [10] \a_reg [9] \a_reg [8]
  9 \m0 [0] \m0 [1] \m0 [2] \m0 [3] \m0 [4] \m0 [5] \m0 [6] \m0 [7] \m0 [8] \m0 [9] \m0 [10] \m0 [11] \m0 [12] \m0 [13] \m0 [14] \m0 [15] <= \b_reg [7] \b_reg [6] \b_reg [5] \b_reg [4] \b_reg [3] \b_reg [2] \b_reg [1] \b_reg [0] \a_reg [7] \a_reg [6] \a_reg [5] \a_reg [4] \a_reg [3] \a_reg [2] \a_reg [1] \a_reg [0]
  11 \b_reg [0] \b_reg [1] \b_reg [2] \b_reg [3] \b_reg [4] \b_reg [5] \b_reg [6] \b_reg [7] \b_reg [8] \b_reg [9] \b_reg [10] \b_reg [11] \b_reg [12] \b_reg [13] \b_reg [14] \b_reg [15] \b_reg [16] \b_reg [17] \b_reg [18] \b_reg [19] \b_reg [20] \b_reg [21] \b_reg [22] \b_reg [23] \b_reg [24] \b_reg [25] \b_reg [26] \b_reg [27] \b_reg [28] \b_reg [29] \b_reg [30] \b_reg [31] \b_reg [32] \b_reg [33] \b_reg [34] \b_reg [35] \b_reg [36] \b_reg [37] \b_reg [38] \b_reg [39] \b_reg [40] \b_reg [41] \b_reg [42] \b_reg [43] \b_reg [44] \b_reg [45] \b_reg [46] \b_reg [47] \b_reg [48] \b_reg [49] \b_reg [50] \b_reg [51] \b_reg [52] \b_reg [53] \b_reg [54] \b_reg [55] \b_reg [56] \b_reg [57] \b_reg [58] \b_reg [59] \b_reg [60] \b_reg [61] \b_reg [62] \b_reg [63] <= \rst \b_vec [63] \b_vec [62] \b_vec [61] \b_vec [60] \b_vec [59] \b_vec [58] \b_vec [57] \b_vec [56] \b_vec [55] \b_vec [54] \b_vec [53] \b_vec [52] \b_vec [51] \b_vec [50] \b_vec [49] \b_vec [48] \b_vec [47] \b_vec [46] \b_vec [45] \b_vec [44] \b_vec [43] \b_vec [42] \b_vec [41] \b_vec [40] \b_vec [39] \b_vec [38] \b_vec [37] \b_vec [36] \b_vec [35] \b_vec [34] \b_vec [33] \b_vec [32] \b_vec [31] \b_vec [30] \b_vec [29] \b_vec [28] \b_vec [27] \b_vec [26] \b_vec [25] \b_vec [24] \b_vec [23] \b_vec [22] \b_vec [21] \b_vec [20] \b_vec [19] \b_vec [18] \b_vec [17] \b_vec [16] \b_vec [15] \b_vec [14] \b_vec [13] \b_vec [12] \b_vec [11] \b_vec [10] \b_vec [9] \b_vec [8] \b_vec [7] \b_vec [6] \b_vec [5] \b_vec [4] \b_vec [3] \b_vec [2] \b_vec [1] \b_vec [0] \clk
  12 \acc [0] \acc [1] \acc [2] \acc [3] \acc [4] \acc [5] \acc [6] \acc [7] \acc [8] \acc [9] \acc [10] \acc [11] \acc [12] \acc [13] \acc [14] \acc [15] \acc [16] \acc [17] \acc [18] \acc [19] \c7 [18] \c7 [17] \c7 [16] \c7 [15] \c7 [14] \c7 [13] \c7 [12] \c7 [11] \c7 [10] \c7 [9] \c7 [8] \c7 [7] \c7 [6] \c7 [5] \c7 [4] \c7 [3] \c7 [2] \c7 [1] \c7 [0] \acc [20] <= \m6 [12] \m6 [11] \m6 [10] \m6 [9] \m6 [8] \m6 [7] \m6 [6] \m6 [5] \m6 [4] \m6 [3] \m6 [2] \m6 [1] \m6 [0] \m5 [15] \m5 [14] \m5 [13] \m5 [12] \m5 [11] \m5 [10] \m5 [9] \m5 [8] \m5 [7] \m5 [6] \m5 [5] \m5 [4] \m5 [3] \m5 [2] \m5 [1] \m5 [0] \m4 [15] \m4 [14] \m4 [13] \m4 [12] \m4 [11] \m4 [10] \m4 [9] \m4 [8] \m4 [7] \m4 [6] \m4 [5] \m4 [4] \m4 [3] \m4 [2] \m4 [1] \m4 [0] \m3 [15] \m3 [14] \m3 [13] \m3 [12] \m3 [11] \m3 [10] \m3 [9] \m3 [8] \m3 [7] \m3 [6] \m3 [5] \m3 [4] \m3 [3] \m3 [2] \m3 [1] \m3 [0] \m2 [15] \m2 [14] \m2 [13] \m2 [12] \m2 [11] \m2 [10] \m2 [9] \m2 [8] \m2 [7] \m2 [6] \m2 [5] \m2 [4] \m2 [3] \m2 [2] \m2 [1] \m2 [0] \m1 [15] \m1 [14] \m1 [13] \m1 [12] \m1 [11] \m1 [10] \m1 [9] \m1 [8] \m1 [7] \m1 [6] \m1 [5] \m1 [4] \m1 [3] \m1 [2] \m1 [1] \m1 [0] \m0 [15] \m0 [14] \m0 [13] \m0 [12] \m0 [11] \m0 [10] \m0 [9] \m0 [8] \m0 [7] \m0 [6] \m0 [5] \m0 [4] \m0 [3] \m0 [2] \m0 [1] \m0 [0] \rst \m6 [13] \m6 [14] \m6 [15] \m7 [0] \m7 [1] \m7 [2] \m7 [3] \m7 [4] \m7 [5] \m7 [6] \m7 [7] \m7 [8] \m7 [9] \m7 [10] \m7 [11] \m7 [12] \m7 [13] \m7 [14] \m7 [15] \clk
  13 \a_reg [0] \a_reg [1] \a_reg [2] \a_reg [3] \a_reg [4] \a_reg [5] \a_reg [6] \a_reg [7] \a_reg [8] \a_reg [9] \a_reg [10] \a_reg [11] \a_reg [12] \a_reg [13] \a_reg [14] \a_reg [15] \a_reg [16] \a_reg [17] \a_reg [18] \a_reg [19] \a_reg [20] \a_reg [21] \a_reg [22] \a_reg [23] \a_reg [24] \a_reg [25] \a_reg [26] \a_reg [27] \a_reg [28] \a_reg [29] \a_reg [30] \a_reg [31] \a_reg [32] \a_reg [33] \a_reg [34] \a_reg [35] \a_reg [36] \a_reg [37] \a_reg [38] \a_reg [39] \a_reg [40] \a_reg [41] \a_reg [42] \a_reg [43] \a_reg [44] \a_reg [45] \a_reg [46] \a_reg [47] \a_reg [48] \a_reg [49] \a_reg [50] \a_reg [51] \a_reg [52] \a_reg [53] \a_reg [54] \a_reg [55] \a_reg [56] \a_reg [57] \a_reg [58] \a_reg [59] \a_reg [60] \a_reg [61] \a_reg [62] \a_reg [63] <= \rst \a_vec [63] \a_vec [62] \a_vec [61] \a_vec [60] \a_vec [59] \a_vec [58] \a_vec [57] \a_vec [56] \a_vec [55] \a_vec [54] \a_vec [53] \a_vec [52] \a_vec [51] \a_vec [50] \a_vec [49] \a_vec [48] \a_vec [47] \a_vec [46] \a_vec [45] \a_vec [44] \a_vec [43] \a_vec [42] \a_vec [41] \a_vec [40] \a_vec [39] \a_vec [38] \a_vec [37] \a_vec [36] \a_vec [35] \a_vec [34] \a_vec [33] \a_vec [32] \a_vec [31] \a_vec [30] \a_vec [29] \a_vec [28] \a_vec [27] \a_vec [26] \a_vec [25] \a_vec [24] \a_vec [23] \a_vec [22] \a_vec [21] \a_vec [20] \a_vec [19] \a_vec [18] \a_vec [17] \a_vec [16] \a_vec [15] \a_vec [14] \a_vec [13] \a_vec [12] \a_vec [11] \a_vec [10] \a_vec [9] \a_vec [8] \a_vec [7] \a_vec [6] \a_vec [5] \a_vec [4] \a_vec [3] \a_vec [2] \a_vec [1] \a_vec [0] \clk

3.1.3. Execute partitioning commands for module bm_mac8.

Amending partitions:
Execute queued amend rules.
Find automatic amend rules.
  Checking partition 0:
    Found 0 po matches and 0 auto/pi matches.
  Checking partition 1:
    Found 1 po matches and 0 auto/pi matches.
  Checking partition 2:
    Found 2 po matches and 0 auto/pi matches.
  Checking partition 3:
    Found 2 po matches and 0 auto/pi matches.
  Checking partition 4:
    Found 2 po matches and 0 auto/pi matches.
  Checking partition 5:
    Found 2 po matches and 0 auto/pi matches.
  Checking partition 6:
    Found 2 po matches and 0 auto/pi matches.
  Checking partition 7:
    Found 2 po matches and 0 auto/pi matches.
  Checking partition 8:
    Found 2 po matches and 0 auto/pi matches.
  Checking partition 9:
    Found 2 po matches and 0 auto/pi matches.
  Checking partition 11:
    Found 0 po matches and 0 auto/pi matches.
  Checking partition 12:
    Found 8 po matches and 0 auto/pi matches.
  Checking partition 13:
    Found 0 po matches and 0 auto/pi matches.

Assigning partition names:
Automatically naming partition 0 'vld' using a PO name: vld
Automatically naming partition 1 'out_valid' using a PO name: out_valid
Automatically naming partition 2 'm7' using a PO name: m7
Automatically naming partition 3 'm6' using a PO name: m6
Automatically naming partition 4 'm5' using a PO name: m5
Automatically naming partition 5 'm4' using a PO name: m4
Automatically naming partition 6 'm3' using a PO name: m3
Automatically naming partition 7 'm2' using a PO name: m2
Automatically naming partition 8 'm1' using a PO name: m1
Automatically naming partition 9 'm0' using a PO name: m0
Automatically naming partition 11 'b_reg' using a PO name: b_reg
Automatically naming partition 12 'acc' using a PO name: acc
Automatically naming partition 13 'a_reg' using a PO name: a_reg

Partition Summary:
  Fragments:
       0: \vld
       1: \out_valid
       2: \m7
       3: \m6
       4: \m5
       5: \m4
       6: \m3
       7: \m2
       8: \m1
       9: \m0
      11: \b_reg
      12: \acc, \c7 [18:0]
      13: \a_reg
  Partitions:
       0: vld
       1: out_valid
       2: m7
       3: m6
       4: m5
       5: m4
       6: m3
       7: m2
       8: m1
       9: m0
      11: b_reg
      12: acc
      13: a_reg
  Fragment-Partition-Matrix:
           0           1          
           01234 56789 0123
       0   #.... ..... ,...  vld
       1   =#... ..... ,...  out_valid
       2   ..#.. ..... ,=.=  m7
       3   ...#. ..... ,=.=  m6
       4   ....# ..... ,=.=  m5
       5   ..... #.... ,=.=  m4
       6   ..... .#... ,=.=  m3
       7   ..... ..#.. ,=.=  m2
       8   ..... ...#. ,=.=  m1
       9   ..... ....# ,=.=  m0
      11   ..... ..... ,#..  b_reg
      12   ..=== ===== ,.#.  acc
      13   ..... ..... ,..#  a_reg
  Legend for Fragment-Partition-Matrix:
      #  .... partition is this single fragment
      *  .... fragments merged into single partition
      +  .... fragments amended to the partition
      =  .... fragment is driving a partition input
      -  .... fragment is driving an amended fragment
      .  .... no relationship between fragment and partition
      ,  .... unused fragment index (as result of grouping)

3.1.4. Write partitions for module bm_mac8.
Adding non-output bit \vld to partition 14.
Adding non-output bit \rst to partition 14.
Adding output bit \out_valid to partition 14.
Adding non-output bit \m7 [15] to partition 14.
Adding non-output bit \m7 [14] to partition 14.
Adding non-output bit \m7 [13] to partition 14.
Adding non-output bit \m7 [12] to partition 14.
Adding non-output bit \m7 [11] to partition 14.
Adding non-output bit \m7 [10] to partition 14.
Adding non-output bit \m7 [9] to partition 14.
Adding non-output bit \m7 [8] to partition 14.
Adding non-output bit \m7 [7] to partition 14.
Adding non-output bit \m7 [6] to partition 14.
Adding non-output bit \m7 [5] to partition 14.
Adding non-output bit \m7 [4] to partition 14.
Adding non-output bit \m7 [3] to partition 14.
Adding non-output bit \m7 [2] to partition 14.
Adding non-output bit \m7 [1] to partition 14.
Adding non-output bit \m7 [0] to partition 14.
Adding non-output bit \m6 [15] to partition 14.
Adding non-output bit \m6 [14] to partition 14.
Adding non-output bit \m6 [13] to partition 14.
Adding non-output bit \m6 [12] to partition 14.
Adding non-output bit \m6 [11] to partition 14.
Adding non-output bit \m6 [10] to partition 14.
Adding non-output bit \m6 [9] to partition 14.
Adding non-output bit \m6 [8] to partition 14.
Adding non-output bit \m6 [7] to partition 14.
Adding non-output bit \m6 [6] to partition 14.
Adding non-output bit \m6 [5] to partition 14.
Adding non-output bit \m6 [4] to partition 14.
Adding non-output bit \m6 [3] to partition 14.
Adding non-output bit \m6 [2] to partition 14.
Adding non-output bit \m6 [1] to partition 14.
Adding non-output bit \m6 [0] to partition 14.
Adding non-output bit \m5 [15] to partition 14.
Adding non-output bit \m5 [14] to partition 14.
Adding non-output bit \m5 [13] to partition 14.
Adding non-output bit \m5 [12] to partition 14.
Adding non-output bit \m5 [11] to partition 14.
Adding non-output bit \m5 [10] to partition 14.
Adding non-output bit \m5 [9] to partition 14.
Adding non-output bit \m5 [8] to partition 14.
Adding non-output bit \m5 [7] to partition 14.
Adding non-output bit \m5 [6] to partition 14.
Adding non-output bit \m5 [5] to partition 14.
Adding non-output bit \m5 [4] to partition 14.
Adding non-output bit \m5 [3] to partition 14.
Adding non-output bit \m5 [2] to partition 14.
Adding non-output bit \m5 [1] to partition 14.
Adding non-output bit \m5 [0] to partition 14.
Adding non-output bit \m4 [15] to partition 14.
Adding non-output bit \m4 [14] to partition 14.
Adding non-output bit \m4 [13] to partition 14.
Adding non-output bit \m4 [12] to partition 14.
Adding non-output bit \m4 [11] to partition 14.
Adding non-output bit \m4 [10] to partition 14.
Adding non-output bit \m4 [9] to partition 14.
Adding non-output bit \m4 [8] to partition 14.
Adding non-output bit \m4 [7] to partition 14.
Adding non-output bit \m4 [6] to partition 14.
Adding non-output bit \m4 [5] to partition 14.
Adding non-output bit \m4 [4] to partition 14.
Adding non-output bit \m4 [3] to partition 14.
Adding non-output bit \m4 [2] to partition 14.
Adding non-output bit \m4 [1] to partition 14.
Adding non-output bit \m4 [0] to partition 14.
Adding non-output bit \m3 [15] to partition 14.
Adding non-output bit \m3 [14] to partition 14.
Adding non-output bit \m3 [13] to partition 14.
Adding non-output bit \m3 [12] to partition 14.
Adding non-output bit \m3 [11] to partition 14.
Adding non-output bit \m3 [10] to partition 14.
Adding non-output bit \m3 [9] to partition 14.
Adding non-output bit \m3 [8] to partition 14.
Adding non-output bit \m3 [7] to partition 14.
Adding non-output bit \m3 [6] to partition 14.
Adding non-output bit \m3 [5] to partition 14.
Adding non-output bit \m3 [4] to partition 14.
Adding non-output bit \m3 [3] to partition 14.
Adding non-output bit \m3 [2] to partition 14.
Adding non-output bit \m3 [1] to partition 14.
Adding non-output bit \m3 [0] to partition 14.
Adding non-output bit \m2 [15] to partition 14.
Adding non-output bit \m2 [14] to partition 14.
Adding non-output bit \m2 [13] to partition 14.
Adding non-output bit \m2 [12] to partition 14.
Adding non-output bit \m2 [11] to partition 14.
Adding non-output bit \m2 [10] to partition 14.
Adding non-output bit \m2 [9] to partition 14.
Adding non-output bit \m2 [8] to partition 14.
Adding non-output bit \m2 [7] to partition 14.
Adding non-output bit \m2 [6] to partition 14.
Adding non-output bit \m2 [5] to partition 14.
Adding non-output bit \m2 [4] to partition 14.
Adding non-output bit \m2 [3] to partition 14.
Adding non-output bit \m2 [2] to partition 14.
Adding non-output bit \m2 [1] to partition 14.
Adding non-output bit \m2 [0] to partition 14.
Adding non-output bit \m1 [15] to partition 14.
Adding non-output bit \m1 [14] to partition 14.
Adding non-output bit \m1 [13] to partition 14.
Adding non-output bit \m1 [12] to partition 14.
Adding non-output bit \m1 [11] to partition 14.
Adding non-output bit \m1 [10] to partition 14.
Adding non-output bit \m1 [9] to partition 14.
Adding non-output bit \m1 [8] to partition 14.
Adding non-output bit \m1 [7] to partition 14.
Adding non-output bit \m1 [6] to partition 14.
Adding non-output bit \m1 [5] to partition 14.
Adding non-output bit \m1 [4] to partition 14.
Adding non-output bit \m1 [3] to partition 14.
Adding non-output bit \m1 [2] to partition 14.
Adding non-output bit \m1 [1] to partition 14.
Adding non-output bit \m1 [0] to partition 14.
Adding non-output bit \m0 [15] to partition 14.
Adding non-output bit \m0 [14] to partition 14.
Adding non-output bit \m0 [13] to partition 14.
Adding non-output bit \m0 [12] to partition 14.
Adding non-output bit \m0 [11] to partition 14.
Adding non-output bit \m0 [10] to partition 14.
Adding non-output bit \m0 [9] to partition 14.
Adding non-output bit \m0 [8] to partition 14.
Adding non-output bit \m0 [7] to partition 14.
Adding non-output bit \m0 [6] to partition 14.
Adding non-output bit \m0 [5] to partition 14.
Adding non-output bit \m0 [4] to partition 14.
Adding non-output bit \m0 [3] to partition 14.
Adding non-output bit \m0 [2] to partition 14.
Adding non-output bit \m0 [1] to partition 14.
Adding non-output bit \m0 [0] to partition 14.
Adding non-output bit \in_valid to partition 14.
Adding non-output bit \clk to partition 14.
Adding non-output bit \c7 [18] to partition 14.
Adding non-output bit \c7 [17] to partition 14.
Adding non-output bit \c7 [16] to partition 14.
Adding non-output bit \c7 [15] to partition 14.
Adding non-output bit \c7 [14] to partition 14.
Adding non-output bit \c7 [13] to partition 14.
Adding non-output bit \c7 [12] to partition 14.
Adding non-output bit \c7 [11] to partition 14.
Adding non-output bit \c7 [10] to partition 14.
Adding non-output bit \c7 [9] to partition 14.
Adding non-output bit \c7 [8] to partition 14.
Adding non-output bit \c7 [7] to partition 14.
Adding non-output bit \c7 [6] to partition 14.
Adding non-output bit \c7 [5] to partition 14.
Adding non-output bit \c7 [4] to partition 14.
Adding non-output bit \c7 [3] to partition 14.
Adding non-output bit \c7 [2] to partition 14.
Adding non-output bit \c7 [1] to partition 14.
Adding non-output bit \c7 [0] to partition 14.
Adding non-output bit \b_vec [63] to partition 14.
Adding non-output bit \b_vec [62] to partition 14.
Adding non-output bit \b_vec [61] to partition 14.
Adding non-output bit \b_vec [60] to partition 14.
Adding non-output bit \b_vec [59] to partition 14.
Adding non-output bit \b_vec [58] to partition 14.
Adding non-output bit \b_vec [57] to partition 14.
Adding non-output bit \b_vec [56] to partition 14.
Adding non-output bit \b_vec [55] to partition 14.
Adding non-output bit \b_vec [54] to partition 14.
Adding non-output bit \b_vec [53] to partition 14.
Adding non-output bit \b_vec [52] to partition 14.
Adding non-output bit \b_vec [51] to partition 14.
Adding non-output bit \b_vec [50] to partition 14.
Adding non-output bit \b_vec [49] to partition 14.
Adding non-output bit \b_vec [48] to partition 14.
Adding non-output bit \b_vec [47] to partition 14.
Adding non-output bit \b_vec [46] to partition 14.
Adding non-output bit \b_vec [45] to partition 14.
Adding non-output bit \b_vec [44] to partition 14.
Adding non-output bit \b_vec [43] to partition 14.
Adding non-output bit \b_vec [42] to partition 14.
Adding non-output bit \b_vec [41] to partition 14.
Adding non-output bit \b_vec [40] to partition 14.
Adding non-output bit \b_vec [39] to partition 14.
Adding non-output bit \b_vec [38] to partition 14.
Adding non-output bit \b_vec [37] to partition 14.
Adding non-output bit \b_vec [36] to partition 14.
Adding non-output bit \b_vec [35] to partition 14.
Adding non-output bit \b_vec [34] to partition 14.
Adding non-output bit \b_vec [33] to partition 14.
Adding non-output bit \b_vec [32] to partition 14.
Adding non-output bit \b_vec [31] to partition 14.
Adding non-output bit \b_vec [30] to partition 14.
Adding non-output bit \b_vec [29] to partition 14.
Adding non-output bit \b_vec [28] to partition 14.
Adding non-output bit \b_vec [27] to partition 14.
Adding non-output bit \b_vec [26] to partition 14.
Adding non-output bit \b_vec [25] to partition 14.
Adding non-output bit \b_vec [24] to partition 14.
Adding non-output bit \b_vec [23] to partition 14.
Adding non-output bit \b_vec [22] to partition 14.
Adding non-output bit \b_vec [21] to partition 14.
Adding non-output bit \b_vec [20] to partition 14.
Adding non-output bit \b_vec [19] to partition 14.
Adding non-output bit \b_vec [18] to partition 14.
Adding non-output bit \b_vec [17] to partition 14.
Adding non-output bit \b_vec [16] to partition 14.
Adding non-output bit \b_vec [15] to partition 14.
Adding non-output bit \b_vec [14] to partition 14.
Adding non-output bit \b_vec [13] to partition 14.
Adding non-output bit \b_vec [12] to partition 14.
Adding non-output bit \b_vec [11] to partition 14.
Adding non-output bit \b_vec [10] to partition 14.
Adding non-output bit \b_vec [9] to partition 14.
Adding non-output bit \b_vec [8] to partition 14.
Adding non-output bit \b_vec [7] to partition 14.
Adding non-output bit \b_vec [6] to partition 14.
Adding non-output bit \b_vec [5] to partition 14.
Adding non-output bit \b_vec [4] to partition 14.
Adding non-output bit \b_vec [3] to partition 14.
Adding non-output bit \b_vec [2] to partition 14.
Adding non-output bit \b_vec [1] to partition 14.
Adding non-output bit \b_vec [0] to partition 14.
Adding non-output bit \b_reg [63] to partition 14.
Adding non-output bit \b_reg [62] to partition 14.
Adding non-output bit \b_reg [61] to partition 14.
Adding non-output bit \b_reg [60] to partition 14.
Adding non-output bit \b_reg [59] to partition 14.
Adding non-output bit \b_reg [58] to partition 14.
Adding non-output bit \b_reg [57] to partition 14.
Adding non-output bit \b_reg [56] to partition 14.
Adding non-output bit \b_reg [55] to partition 14.
Adding non-output bit \b_reg [54] to partition 14.
Adding non-output bit \b_reg [53] to partition 14.
Adding non-output bit \b_reg [52] to partition 14.
Adding non-output bit \b_reg [51] to partition 14.
Adding non-output bit \b_reg [50] to partition 14.
Adding non-output bit \b_reg [49] to partition 14.
Adding non-output bit \b_reg [48] to partition 14.
Adding non-output bit \b_reg [47] to partition 14.
Adding non-output bit \b_reg [46] to partition 14.
Adding non-output bit \b_reg [45] to partition 14.
Adding non-output bit \b_reg [44] to partition 14.
Adding non-output bit \b_reg [43] to partition 14.
Adding non-output bit \b_reg [42] to partition 14.
Adding non-output bit \b_reg [41] to partition 14.
Adding non-output bit \b_reg [40] to partition 14.
Adding non-output bit \b_reg [39] to partition 14.
Adding non-output bit \b_reg [38] to partition 14.
Adding non-output bit \b_reg [37] to partition 14.
Adding non-output bit \b_reg [36] to partition 14.
Adding non-output bit \b_reg [35] to partition 14.
Adding non-output bit \b_reg [34] to partition 14.
Adding non-output bit \b_reg [33] to partition 14.
Adding non-output bit \b_reg [32] to partition 14.
Adding non-output bit \b_reg [31] to partition 14.
Adding non-output bit \b_reg [30] to partition 14.
Adding non-output bit \b_reg [29] to partition 14.
Adding non-output bit \b_reg [28] to partition 14.
Adding non-output bit \b_reg [27] to partition 14.
Adding non-output bit \b_reg [26] to partition 14.
Adding non-output bit \b_reg [25] to partition 14.
Adding non-output bit \b_reg [24] to partition 14.
Adding non-output bit \b_reg [23] to partition 14.
Adding non-output bit \b_reg [22] to partition 14.
Adding non-output bit \b_reg [21] to partition 14.
Adding non-output bit \b_reg [20] to partition 14.
Adding non-output bit \b_reg [19] to partition 14.
Adding non-output bit \b_reg [18] to partition 14.
Adding non-output bit \b_reg [17] to partition 14.
Adding non-output bit \b_reg [16] to partition 14.
Adding non-output bit \b_reg [15] to partition 14.
Adding non-output bit \b_reg [14] to partition 14.
Adding non-output bit \b_reg [13] to partition 14.
Adding non-output bit \b_reg [12] to partition 14.
Adding non-output bit \b_reg [11] to partition 14.
Adding non-output bit \b_reg [10] to partition 14.
Adding non-output bit \b_reg [9] to partition 14.
Adding non-output bit \b_reg [8] to partition 14.
Adding non-output bit \b_reg [7] to partition 14.
Adding non-output bit \b_reg [6] to partition 14.
Adding non-output bit \b_reg [5] to partition 14.
Adding non-output bit \b_reg [4] to partition 14.
Adding non-output bit \b_reg [3] to partition 14.
Adding non-output bit \b_reg [2] to partition 14.
Adding non-output bit \b_reg [1] to partition 14.
Adding non-output bit \b_reg [0] to partition 14.
Adding output bit \acc [20] to partition 14.
Adding output bit \acc [19] to partition 14.
Adding output bit \acc [18] to partition 14.
Adding output bit \acc [17] to partition 14.
Adding output bit \acc [16] to partition 14.
Adding output bit \acc [15] to partition 14.
Adding output bit \acc [14] to partition 14.
Adding output bit \acc [13] to partition 14.
Adding output bit \acc [12] to partition 14.
Adding output bit \acc [11] to partition 14.
Adding output bit \acc [10] to partition 14.
Adding output bit \acc [9] to partition 14.
Adding output bit \acc [8] to partition 14.
Adding output bit \acc [7] to partition 14.
Adding output bit \acc [6] to partition 14.
Adding output bit \acc [5] to partition 14.
Adding output bit \acc [4] to partition 14.
Adding output bit \acc [3] to partition 14.
Adding output bit \acc [2] to partition 14.
Adding output bit \acc [1] to partition 14.
Adding output bit \acc [0] to partition 14.
Adding non-output bit \a_vec [63] to partition 14.
Adding non-output bit \a_vec [62] to partition 14.
Adding non-output bit \a_vec [61] to partition 14.
Adding non-output bit \a_vec [60] to partition 14.
Adding non-output bit \a_vec [59] to partition 14.
Adding non-output bit \a_vec [58] to partition 14.
Adding non-output bit \a_vec [57] to partition 14.
Adding non-output bit \a_vec [56] to partition 14.
Adding non-output bit \a_vec [55] to partition 14.
Adding non-output bit \a_vec [54] to partition 14.
Adding non-output bit \a_vec [53] to partition 14.
Adding non-output bit \a_vec [52] to partition 14.
Adding non-output bit \a_vec [51] to partition 14.
Adding non-output bit \a_vec [50] to partition 14.
Adding non-output bit \a_vec [49] to partition 14.
Adding non-output bit \a_vec [48] to partition 14.
Adding non-output bit \a_vec [47] to partition 14.
Adding non-output bit \a_vec [46] to partition 14.
Adding non-output bit \a_vec [45] to partition 14.
Adding non-output bit \a_vec [44] to partition 14.
Adding non-output bit \a_vec [43] to partition 14.
Adding non-output bit \a_vec [42] to partition 14.
Adding non-output bit \a_vec [41] to partition 14.
Adding non-output bit \a_vec [40] to partition 14.
Adding non-output bit \a_vec [39] to partition 14.
Adding non-output bit \a_vec [38] to partition 14.
Adding non-output bit \a_vec [37] to partition 14.
Adding non-output bit \a_vec [36] to partition 14.
Adding non-output bit \a_vec [35] to partition 14.
Adding non-output bit \a_vec [34] to partition 14.
Adding non-output bit \a_vec [33] to partition 14.
Adding non-output bit \a_vec [32] to partition 14.
Adding non-output bit \a_vec [31] to partition 14.
Adding non-output bit \a_vec [30] to partition 14.
Adding non-output bit \a_vec [29] to partition 14.
Adding non-output bit \a_vec [28] to partition 14.
Adding non-output bit \a_vec [27] to partition 14.
Adding non-output bit \a_vec [26] to partition 14.
Adding non-output bit \a_vec [25] to partition 14.
Adding non-output bit \a_vec [24] to partition 14.
Adding non-output bit \a_vec [23] to partition 14.
Adding non-output bit \a_vec [22] to partition 14.
Adding non-output bit \a_vec [21] to partition 14.
Adding non-output bit \a_vec [20] to partition 14.
Adding non-output bit \a_vec [19] to partition 14.
Adding non-output bit \a_vec [18] to partition 14.
Adding non-output bit \a_vec [17] to partition 14.
Adding non-output bit \a_vec [16] to partition 14.
Adding non-output bit \a_vec [15] to partition 14.
Adding non-output bit \a_vec [14] to partition 14.
Adding non-output bit \a_vec [13] to partition 14.
Adding non-output bit \a_vec [12] to partition 14.
Adding non-output bit \a_vec [11] to partition 14.
Adding non-output bit \a_vec [10] to partition 14.
Adding non-output bit \a_vec [9] to partition 14.
Adding non-output bit \a_vec [8] to partition 14.
Adding non-output bit \a_vec [7] to partition 14.
Adding non-output bit \a_vec [6] to partition 14.
Adding non-output bit \a_vec [5] to partition 14.
Adding non-output bit \a_vec [4] to partition 14.
Adding non-output bit \a_vec [3] to partition 14.
Adding non-output bit \a_vec [2] to partition 14.
Adding non-output bit \a_vec [1] to partition 14.
Adding non-output bit \a_vec [0] to partition 14.
Adding non-output bit \a_reg [63] to partition 14.
Adding non-output bit \a_reg [62] to partition 14.
Adding non-output bit \a_reg [61] to partition 14.
Adding non-output bit \a_reg [60] to partition 14.
Adding non-output bit \a_reg [59] to partition 14.
Adding non-output bit \a_reg [58] to partition 14.
Adding non-output bit \a_reg [57] to partition 14.
Adding non-output bit \a_reg [56] to partition 14.
Adding non-output bit \a_reg [55] to partition 14.
Adding non-output bit \a_reg [54] to partition 14.
Adding non-output bit \a_reg [53] to partition 14.
Adding non-output bit \a_reg [52] to partition 14.
Adding non-output bit \a_reg [51] to partition 14.
Adding non-output bit \a_reg [50] to partition 14.
Adding non-output bit \a_reg [49] to partition 14.
Adding non-output bit \a_reg [48] to partition 14.
Adding non-output bit \a_reg [47] to partition 14.
Adding non-output bit \a_reg [46] to partition 14.
Adding non-output bit \a_reg [45] to partition 14.
Adding non-output bit \a_reg [44] to partition 14.
Adding non-output bit \a_reg [43] to partition 14.
Adding non-output bit \a_reg [42] to partition 14.
Adding non-output bit \a_reg [41] to partition 14.
Adding non-output bit \a_reg [40] to partition 14.
Adding non-output bit \a_reg [39] to partition 14.
Adding non-output bit \a_reg [38] to partition 14.
Adding non-output bit \a_reg [37] to partition 14.
Adding non-output bit \a_reg [36] to partition 14.
Adding non-output bit \a_reg [35] to partition 14.
Adding non-output bit \a_reg [34] to partition 14.
Adding non-output bit \a_reg [33] to partition 14.
Adding non-output bit \a_reg [32] to partition 14.
Adding non-output bit \a_reg [31] to partition 14.
Adding non-output bit \a_reg [30] to partition 14.
Adding non-output bit \a_reg [29] to partition 14.
Adding non-output bit \a_reg [28] to partition 14.
Adding non-output bit \a_reg [27] to partition 14.
Adding non-output bit \a_reg [26] to partition 14.
Adding non-output bit \a_reg [25] to partition 14.
Adding non-output bit \a_reg [24] to partition 14.
Adding non-output bit \a_reg [23] to partition 14.
Adding non-output bit \a_reg [22] to partition 14.
Adding non-output bit \a_reg [21] to partition 14.
Adding non-output bit \a_reg [20] to partition 14.
Adding non-output bit \a_reg [19] to partition 14.
Adding non-output bit \a_reg [18] to partition 14.
Adding non-output bit \a_reg [17] to partition 14.
Adding non-output bit \a_reg [16] to partition 14.
Adding non-output bit \a_reg [15] to partition 14.
Adding non-output bit \a_reg [14] to partition 14.
Adding non-output bit \a_reg [13] to partition 14.
Adding non-output bit \a_reg [12] to partition 14.
Adding non-output bit \a_reg [11] to partition 14.
Adding non-output bit \a_reg [10] to partition 14.
Adding non-output bit \a_reg [9] to partition 14.
Adding non-output bit \a_reg [8] to partition 14.
Adding non-output bit \a_reg [7] to partition 14.
Adding non-output bit \a_reg [6] to partition 14.
Adding non-output bit \a_reg [5] to partition 14.
Adding non-output bit \a_reg [4] to partition 14.
Adding non-output bit \a_reg [3] to partition 14.
Adding non-output bit \a_reg [2] to partition 14.
Adding non-output bit \a_reg [1] to partition 14.
Adding non-output bit \a_reg [0] to partition 14.
Writing partition 0 as bm_mac8.vld.
  partition pi bit 0: \rst <-> \rst
  partition pi bit 1: \in_valid <-> \in_valid
  partition pi bit 2: \clk <-> \clk
  partition po bit 0: \vld <-> \vld

3.1.5. Executing RTLIL backend.
Output filename: partitions/bm_mac8.vld.il
<suppressed ~8367 debug messages>

3.1.6. Executing CHECK pass (checking for obvious problems).
Checking module gate.bm_mac8.vld...
Checking module gold.bm_mac8.vld...
Found and reported 0 problems.

Writing partition 1 as bm_mac8.out_valid.
  partition pi bit 0: \rst <-> \rst
  partition pi bit 1: \vld <-> \vld
  partition pi bit 2: \clk <-> \clk
  partition po bit 0: \out_valid <-> \out_valid

3.1.7. Executing RTLIL backend.
Output filename: partitions/bm_mac8.out_valid.il
<suppressed ~38 debug messages>

3.1.8. Executing CHECK pass (checking for obvious problems).
Checking module gate.bm_mac8.out_valid...
Checking module gold.bm_mac8.out_valid...
Found and reported 0 problems.

Writing partition 2 as bm_mac8.m7.
  partition pi bit 0: \b_reg [63] <-> \b_reg [63]
  partition pi bit 1: \b_reg [62] <-> \b_reg [62]
  partition pi bit 2: \b_reg [61] <-> \b_reg [61]
  partition pi bit 3: \b_reg [60] <-> \b_reg [60]
  partition pi bit 4: \b_reg [59] <-> \b_reg [59]
  partition pi bit 5: \b_reg [58] <-> \b_reg [58]
  partition pi bit 6: \b_reg [57] <-> \b_reg [57]
  partition pi bit 7: \b_reg [56] <-> \b_reg [56]
  partition pi bit 8: \a_reg [63] <-> \a_reg [63]
  partition pi bit 9: \a_reg [62] <-> \a_reg [62]
  partition pi bit 10: \a_reg [61] <-> \a_reg [61]
  partition pi bit 11: \a_reg [60] <-> \a_reg [60]
  partition pi bit 12: \a_reg [59] <-> \a_reg [59]
  partition pi bit 13: \a_reg [58] <-> \a_reg [58]
  partition pi bit 14: \a_reg [57] <-> \a_reg [57]
  partition pi bit 15: \a_reg [56] <-> \a_reg [56]
  partition po bit 0: \m7 [0] <-> \m7 [0]
  partition po bit 1: \m7 [1] <-> \m7 [1]
  partition po bit 2: \m7 [2] <-> \m7 [2]
  partition po bit 3: \m7 [3] <-> \m7 [3]
  partition po bit 4: \m7 [4] <-> \m7 [4]
  partition po bit 5: \m7 [5] <-> \m7 [5]
  partition po bit 6: \m7 [6] <-> \m7 [6]
  partition po bit 7: \m7 [7] <-> \m7 [7]
  partition po bit 8: \m7 [8] <-> \m7 [8]
  partition po bit 9: \m7 [9] <-> \m7 [9]
  partition po bit 10: \m7 [10] <-> \m7 [10]
  partition po bit 11: \m7 [11] <-> \m7 [11]
  partition po bit 12: \m7 [12] <-> \m7 [12]
  partition po bit 13: \m7 [13] <-> \m7 [13]
  partition po bit 14: \m7 [14] <-> \m7 [14]
  partition po bit 15: \m7 [15] <-> \m7 [15]

3.1.9. Executing RTLIL backend.
Output filename: partitions/bm_mac8.m7.il
<suppressed ~78 debug messages>

3.1.10. Executing CHECK pass (checking for obvious problems).
Checking module gate.bm_mac8.m7...
Checking module gold.bm_mac8.m7...
Found and reported 0 problems.

Writing partition 3 as bm_mac8.m6.
  partition pi bit 0: \b_reg [55] <-> \b_reg [55]
  partition pi bit 1: \b_reg [54] <-> \b_reg [54]
  partition pi bit 2: \b_reg [53] <-> \b_reg [53]
  partition pi bit 3: \b_reg [52] <-> \b_reg [52]
  partition pi bit 4: \b_reg [51] <-> \b_reg [51]
  partition pi bit 5: \b_reg [50] <-> \b_reg [50]
  partition pi bit 6: \b_reg [49] <-> \b_reg [49]
  partition pi bit 7: \b_reg [48] <-> \b_reg [48]
  partition pi bit 8: \a_reg [55] <-> \a_reg [55]
  partition pi bit 9: \a_reg [54] <-> \a_reg [54]
  partition pi bit 10: \a_reg [53] <-> \a_reg [53]
  partition pi bit 11: \a_reg [52] <-> \a_reg [52]
  partition pi bit 12: \a_reg [51] <-> \a_reg [51]
  partition pi bit 13: \a_reg [50] <-> \a_reg [50]
  partition pi bit 14: \a_reg [49] <-> \a_reg [49]
  partition pi bit 15: \a_reg [48] <-> \a_reg [48]
  partition po bit 0: \m6 [0] <-> \m6 [0]
  partition po bit 1: \m6 [1] <-> \m6 [1]
  partition po bit 2: \m6 [2] <-> \m6 [2]
  partition po bit 3: \m6 [3] <-> \m6 [3]
  partition po bit 4: \m6 [4] <-> \m6 [4]
  partition po bit 5: \m6 [5] <-> \m6 [5]
  partition po bit 6: \m6 [6] <-> \m6 [6]
  partition po bit 7: \m6 [7] <-> \m6 [7]
  partition po bit 8: \m6 [8] <-> \m6 [8]
  partition po bit 9: \m6 [9] <-> \m6 [9]
  partition po bit 10: \m6 [10] <-> \m6 [10]
  partition po bit 11: \m6 [11] <-> \m6 [11]
  partition po bit 12: \m6 [12] <-> \m6 [12]
  partition po bit 13: \m6 [13] <-> \m6 [13]
  partition po bit 14: \m6 [14] <-> \m6 [14]
  partition po bit 15: \m6 [15] <-> \m6 [15]

3.1.11. Executing RTLIL backend.
Output filename: partitions/bm_mac8.m6.il
<suppressed ~78 debug messages>

3.1.12. Executing CHECK pass (checking for obvious problems).
Checking module gate.bm_mac8.m6...
Checking module gold.bm_mac8.m6...
Found and reported 0 problems.

Writing partition 4 as bm_mac8.m5.
  partition pi bit 0: \b_reg [47] <-> \b_reg [47]
  partition pi bit 1: \b_reg [46] <-> \b_reg [46]
  partition pi bit 2: \b_reg [45] <-> \b_reg [45]
  partition pi bit 3: \b_reg [44] <-> \b_reg [44]
  partition pi bit 4: \b_reg [43] <-> \b_reg [43]
  partition pi bit 5: \b_reg [42] <-> \b_reg [42]
  partition pi bit 6: \b_reg [41] <-> \b_reg [41]
  partition pi bit 7: \b_reg [40] <-> \b_reg [40]
  partition pi bit 8: \a_reg [47] <-> \a_reg [47]
  partition pi bit 9: \a_reg [46] <-> \a_reg [46]
  partition pi bit 10: \a_reg [45] <-> \a_reg [45]
  partition pi bit 11: \a_reg [44] <-> \a_reg [44]
  partition pi bit 12: \a_reg [43] <-> \a_reg [43]
  partition pi bit 13: \a_reg [42] <-> \a_reg [42]
  partition pi bit 14: \a_reg [41] <-> \a_reg [41]
  partition pi bit 15: \a_reg [40] <-> \a_reg [40]
  partition po bit 0: \m5 [0] <-> \m5 [0]
  partition po bit 1: \m5 [1] <-> \m5 [1]
  partition po bit 2: \m5 [2] <-> \m5 [2]
  partition po bit 3: \m5 [3] <-> \m5 [3]
  partition po bit 4: \m5 [4] <-> \m5 [4]
  partition po bit 5: \m5 [5] <-> \m5 [5]
  partition po bit 6: \m5 [6] <-> \m5 [6]
  partition po bit 7: \m5 [7] <-> \m5 [7]
  partition po bit 8: \m5 [8] <-> \m5 [8]
  partition po bit 9: \m5 [9] <-> \m5 [9]
  partition po bit 10: \m5 [10] <-> \m5 [10]
  partition po bit 11: \m5 [11] <-> \m5 [11]
  partition po bit 12: \m5 [12] <-> \m5 [12]
  partition po bit 13: \m5 [13] <-> \m5 [13]
  partition po bit 14: \m5 [14] <-> \m5 [14]
  partition po bit 15: \m5 [15] <-> \m5 [15]

3.1.13. Executing RTLIL backend.
Output filename: partitions/bm_mac8.m5.il
<suppressed ~78 debug messages>

3.1.14. Executing CHECK pass (checking for obvious problems).
Checking module gate.bm_mac8.m5...
Checking module gold.bm_mac8.m5...
Found and reported 0 problems.

Writing partition 5 as bm_mac8.m4.
  partition pi bit 0: \b_reg [39] <-> \b_reg [39]
  partition pi bit 1: \b_reg [38] <-> \b_reg [38]
  partition pi bit 2: \b_reg [37] <-> \b_reg [37]
  partition pi bit 3: \b_reg [36] <-> \b_reg [36]
  partition pi bit 4: \b_reg [35] <-> \b_reg [35]
  partition pi bit 5: \b_reg [34] <-> \b_reg [34]
  partition pi bit 6: \b_reg [33] <-> \b_reg [33]
  partition pi bit 7: \b_reg [32] <-> \b_reg [32]
  partition pi bit 8: \a_reg [39] <-> \a_reg [39]
  partition pi bit 9: \a_reg [38] <-> \a_reg [38]
  partition pi bit 10: \a_reg [37] <-> \a_reg [37]
  partition pi bit 11: \a_reg [36] <-> \a_reg [36]
  partition pi bit 12: \a_reg [35] <-> \a_reg [35]
  partition pi bit 13: \a_reg [34] <-> \a_reg [34]
  partition pi bit 14: \a_reg [33] <-> \a_reg [33]
  partition pi bit 15: \a_reg [32] <-> \a_reg [32]
  partition po bit 0: \m4 [0] <-> \m4 [0]
  partition po bit 1: \m4 [1] <-> \m4 [1]
  partition po bit 2: \m4 [2] <-> \m4 [2]
  partition po bit 3: \m4 [3] <-> \m4 [3]
  partition po bit 4: \m4 [4] <-> \m4 [4]
  partition po bit 5: \m4 [5] <-> \m4 [5]
  partition po bit 6: \m4 [6] <-> \m4 [6]
  partition po bit 7: \m4 [7] <-> \m4 [7]
  partition po bit 8: \m4 [8] <-> \m4 [8]
  partition po bit 9: \m4 [9] <-> \m4 [9]
  partition po bit 10: \m4 [10] <-> \m4 [10]
  partition po bit 11: \m4 [11] <-> \m4 [11]
  partition po bit 12: \m4 [12] <-> \m4 [12]
  partition po bit 13: \m4 [13] <-> \m4 [13]
  partition po bit 14: \m4 [14] <-> \m4 [14]
  partition po bit 15: \m4 [15] <-> \m4 [15]

3.1.15. Executing RTLIL backend.
Output filename: partitions/bm_mac8.m4.il
<suppressed ~78 debug messages>

3.1.16. Executing CHECK pass (checking for obvious problems).
Checking module gate.bm_mac8.m4...
Checking module gold.bm_mac8.m4...
Found and reported 0 problems.

Writing partition 6 as bm_mac8.m3.
  partition pi bit 0: \b_reg [31] <-> \b_reg [31]
  partition pi bit 1: \b_reg [30] <-> \b_reg [30]
  partition pi bit 2: \b_reg [29] <-> \b_reg [29]
  partition pi bit 3: \b_reg [28] <-> \b_reg [28]
  partition pi bit 4: \b_reg [27] <-> \b_reg [27]
  partition pi bit 5: \b_reg [26] <-> \b_reg [26]
  partition pi bit 6: \b_reg [25] <-> \b_reg [25]
  partition pi bit 7: \b_reg [24] <-> \b_reg [24]
  partition pi bit 8: \a_reg [31] <-> \a_reg [31]
  partition pi bit 9: \a_reg [30] <-> \a_reg [30]
  partition pi bit 10: \a_reg [29] <-> \a_reg [29]
  partition pi bit 11: \a_reg [28] <-> \a_reg [28]
  partition pi bit 12: \a_reg [27] <-> \a_reg [27]
  partition pi bit 13: \a_reg [26] <-> \a_reg [26]
  partition pi bit 14: \a_reg [25] <-> \a_reg [25]
  partition pi bit 15: \a_reg [24] <-> \a_reg [24]
  partition po bit 0: \m3 [0] <-> \m3 [0]
  partition po bit 1: \m3 [1] <-> \m3 [1]
  partition po bit 2: \m3 [2] <-> \m3 [2]
  partition po bit 3: \m3 [3] <-> \m3 [3]
  partition po bit 4: \m3 [4] <-> \m3 [4]
  partition po bit 5: \m3 [5] <-> \m3 [5]
  partition po bit 6: \m3 [6] <-> \m3 [6]
  partition po bit 7: \m3 [7] <-> \m3 [7]
  partition po bit 8: \m3 [8] <-> \m3 [8]
  partition po bit 9: \m3 [9] <-> \m3 [9]
  partition po bit 10: \m3 [10] <-> \m3 [10]
  partition po bit 11: \m3 [11] <-> \m3 [11]
  partition po bit 12: \m3 [12] <-> \m3 [12]
  partition po bit 13: \m3 [13] <-> \m3 [13]
  partition po bit 14: \m3 [14] <-> \m3 [14]
  partition po bit 15: \m3 [15] <-> \m3 [15]

3.1.17. Executing RTLIL backend.
Output filename: partitions/bm_mac8.m3.il
<suppressed ~78 debug messages>

3.1.18. Executing CHECK pass (checking for obvious problems).
Checking module gate.bm_mac8.m3...
Checking module gold.bm_mac8.m3...
Found and reported 0 problems.

Writing partition 7 as bm_mac8.m2.
  partition pi bit 0: \b_reg [23] <-> \b_reg [23]
  partition pi bit 1: \b_reg [22] <-> \b_reg [22]
  partition pi bit 2: \b_reg [21] <-> \b_reg [21]
  partition pi bit 3: \b_reg [20] <-> \b_reg [20]
  partition pi bit 4: \b_reg [19] <-> \b_reg [19]
  partition pi bit 5: \b_reg [18] <-> \b_reg [18]
  partition pi bit 6: \b_reg [17] <-> \b_reg [17]
  partition pi bit 7: \b_reg [16] <-> \b_reg [16]
  partition pi bit 8: \a_reg [23] <-> \a_reg [23]
  partition pi bit 9: \a_reg [22] <-> \a_reg [22]
  partition pi bit 10: \a_reg [21] <-> \a_reg [21]
  partition pi bit 11: \a_reg [20] <-> \a_reg [20]
  partition pi bit 12: \a_reg [19] <-> \a_reg [19]
  partition pi bit 13: \a_reg [18] <-> \a_reg [18]
  partition pi bit 14: \a_reg [17] <-> \a_reg [17]
  partition pi bit 15: \a_reg [16] <-> \a_reg [16]
  partition po bit 0: \m2 [0] <-> \m2 [0]
  partition po bit 1: \m2 [1] <-> \m2 [1]
  partition po bit 2: \m2 [2] <-> \m2 [2]
  partition po bit 3: \m2 [3] <-> \m2 [3]
  partition po bit 4: \m2 [4] <-> \m2 [4]
  partition po bit 5: \m2 [5] <-> \m2 [5]
  partition po bit 6: \m2 [6] <-> \m2 [6]
  partition po bit 7: \m2 [7] <-> \m2 [7]
  partition po bit 8: \m2 [8] <-> \m2 [8]
  partition po bit 9: \m2 [9] <-> \m2 [9]
  partition po bit 10: \m2 [10] <-> \m2 [10]
  partition po bit 11: \m2 [11] <-> \m2 [11]
  partition po bit 12: \m2 [12] <-> \m2 [12]
  partition po bit 13: \m2 [13] <-> \m2 [13]
  partition po bit 14: \m2 [14] <-> \m2 [14]
  partition po bit 15: \m2 [15] <-> \m2 [15]

3.1.19. Executing RTLIL backend.
Output filename: partitions/bm_mac8.m2.il
<suppressed ~78 debug messages>

3.1.20. Executing CHECK pass (checking for obvious problems).
Checking module gate.bm_mac8.m2...
Checking module gold.bm_mac8.m2...
Found and reported 0 problems.

Writing partition 8 as bm_mac8.m1.
  partition pi bit 0: \b_reg [15] <-> \b_reg [15]
  partition pi bit 1: \b_reg [14] <-> \b_reg [14]
  partition pi bit 2: \b_reg [13] <-> \b_reg [13]
  partition pi bit 3: \b_reg [12] <-> \b_reg [12]
  partition pi bit 4: \b_reg [11] <-> \b_reg [11]
  partition pi bit 5: \b_reg [10] <-> \b_reg [10]
  partition pi bit 6: \b_reg [9] <-> \b_reg [9]
  partition pi bit 7: \b_reg [8] <-> \b_reg [8]
  partition pi bit 8: \a_reg [15] <-> \a_reg [15]
  partition pi bit 9: \a_reg [14] <-> \a_reg [14]
  partition pi bit 10: \a_reg [13] <-> \a_reg [13]
  partition pi bit 11: \a_reg [12] <-> \a_reg [12]
  partition pi bit 12: \a_reg [11] <-> \a_reg [11]
  partition pi bit 13: \a_reg [10] <-> \a_reg [10]
  partition pi bit 14: \a_reg [9] <-> \a_reg [9]
  partition pi bit 15: \a_reg [8] <-> \a_reg [8]
  partition po bit 0: \m1 [0] <-> \m1 [0]
  partition po bit 1: \m1 [1] <-> \m1 [1]
  partition po bit 2: \m1 [2] <-> \m1 [2]
  partition po bit 3: \m1 [3] <-> \m1 [3]
  partition po bit 4: \m1 [4] <-> \m1 [4]
  partition po bit 5: \m1 [5] <-> \m1 [5]
  partition po bit 6: \m1 [6] <-> \m1 [6]
  partition po bit 7: \m1 [7] <-> \m1 [7]
  partition po bit 8: \m1 [8] <-> \m1 [8]
  partition po bit 9: \m1 [9] <-> \m1 [9]
  partition po bit 10: \m1 [10] <-> \m1 [10]
  partition po bit 11: \m1 [11] <-> \m1 [11]
  partition po bit 12: \m1 [12] <-> \m1 [12]
  partition po bit 13: \m1 [13] <-> \m1 [13]
  partition po bit 14: \m1 [14] <-> \m1 [14]
  partition po bit 15: \m1 [15] <-> \m1 [15]

3.1.21. Executing RTLIL backend.
Output filename: partitions/bm_mac8.m1.il
<suppressed ~78 debug messages>

3.1.22. Executing CHECK pass (checking for obvious problems).
Checking module gate.bm_mac8.m1...
Checking module gold.bm_mac8.m1...
Found and reported 0 problems.

Writing partition 9 as bm_mac8.m0.
  partition pi bit 0: \b_reg [7] <-> \b_reg [7]
  partition pi bit 1: \b_reg [6] <-> \b_reg [6]
  partition pi bit 2: \b_reg [5] <-> \b_reg [5]
  partition pi bit 3: \b_reg [4] <-> \b_reg [4]
  partition pi bit 4: \b_reg [3] <-> \b_reg [3]
  partition pi bit 5: \b_reg [2] <-> \b_reg [2]
  partition pi bit 6: \b_reg [1] <-> \b_reg [1]
  partition pi bit 7: \b_reg [0] <-> \b_reg [0]
  partition pi bit 8: \a_reg [7] <-> \a_reg [7]
  partition pi bit 9: \a_reg [6] <-> \a_reg [6]
  partition pi bit 10: \a_reg [5] <-> \a_reg [5]
  partition pi bit 11: \a_reg [4] <-> \a_reg [4]
  partition pi bit 12: \a_reg [3] <-> \a_reg [3]
  partition pi bit 13: \a_reg [2] <-> \a_reg [2]
  partition pi bit 14: \a_reg [1] <-> \a_reg [1]
  partition pi bit 15: \a_reg [0] <-> \a_reg [0]
  partition po bit 0: \m0 [0] <-> \m0 [0]
  partition po bit 1: \m0 [1] <-> \m0 [1]
  partition po bit 2: \m0 [2] <-> \m0 [2]
  partition po bit 3: \m0 [3] <-> \m0 [3]
  partition po bit 4: \m0 [4] <-> \m0 [4]
  partition po bit 5: \m0 [5] <-> \m0 [5]
  partition po bit 6: \m0 [6] <-> \m0 [6]
  partition po bit 7: \m0 [7] <-> \m0 [7]
  partition po bit 8: \m0 [8] <-> \m0 [8]
  partition po bit 9: \m0 [9] <-> \m0 [9]
  partition po bit 10: \m0 [10] <-> \m0 [10]
  partition po bit 11: \m0 [11] <-> \m0 [11]
  partition po bit 12: \m0 [12] <-> \m0 [12]
  partition po bit 13: \m0 [13] <-> \m0 [13]
  partition po bit 14: \m0 [14] <-> \m0 [14]
  partition po bit 15: \m0 [15] <-> \m0 [15]

3.1.23. Executing RTLIL backend.
Output filename: partitions/bm_mac8.m0.il
<suppressed ~78 debug messages>

3.1.24. Executing CHECK pass (checking for obvious problems).
Checking module gate.bm_mac8.m0...
Checking module gold.bm_mac8.m0...
Found and reported 0 problems.

Writing partition 11 as bm_mac8.b_reg.
  partition pi bit 0: \rst <-> \rst
  partition pi bit 1: \b_vec [63] <-> \b_vec [63]
  partition pi bit 2: \b_vec [62] <-> \b_vec [62]
  partition pi bit 3: \b_vec [61] <-> \b_vec [61]
  partition pi bit 4: \b_vec [60] <-> \b_vec [60]
  partition pi bit 5: \b_vec [59] <-> \b_vec [59]
  partition pi bit 6: \b_vec [58] <-> \b_vec [58]
  partition pi bit 7: \b_vec [57] <-> \b_vec [57]
  partition pi bit 8: \b_vec [56] <-> \b_vec [56]
  partition pi bit 9: \b_vec [55] <-> \b_vec [55]
  partition pi bit 10: \b_vec [54] <-> \b_vec [54]
  partition pi bit 11: \b_vec [53] <-> \b_vec [53]
  partition pi bit 12: \b_vec [52] <-> \b_vec [52]
  partition pi bit 13: \b_vec [51] <-> \b_vec [51]
  partition pi bit 14: \b_vec [50] <-> \b_vec [50]
  partition pi bit 15: \b_vec [49] <-> \b_vec [49]
  partition pi bit 16: \b_vec [48] <-> \b_vec [48]
  partition pi bit 17: \b_vec [47] <-> \b_vec [47]
  partition pi bit 18: \b_vec [46] <-> \b_vec [46]
  partition pi bit 19: \b_vec [45] <-> \b_vec [45]
  partition pi bit 20: \b_vec [44] <-> \b_vec [44]
  partition pi bit 21: \b_vec [43] <-> \b_vec [43]
  partition pi bit 22: \b_vec [42] <-> \b_vec [42]
  partition pi bit 23: \b_vec [41] <-> \b_vec [41]
  partition pi bit 24: \b_vec [40] <-> \b_vec [40]
  partition pi bit 25: \b_vec [39] <-> \b_vec [39]
  partition pi bit 26: \b_vec [38] <-> \b_vec [38]
  partition pi bit 27: \b_vec [37] <-> \b_vec [37]
  partition pi bit 28: \b_vec [36] <-> \b_vec [36]
  partition pi bit 29: \b_vec [35] <-> \b_vec [35]
  partition pi bit 30: \b_vec [34] <-> \b_vec [34]
  partition pi bit 31: \b_vec [33] <-> \b_vec [33]
  partition pi bit 32: \b_vec [32] <-> \b_vec [32]
  partition pi bit 33: \b_vec [31] <-> \b_vec [31]
  partition pi bit 34: \b_vec [30] <-> \b_vec [30]
  partition pi bit 35: \b_vec [29] <-> \b_vec [29]
  partition pi bit 36: \b_vec [28] <-> \b_vec [28]
  partition pi bit 37: \b_vec [27] <-> \b_vec [27]
  partition pi bit 38: \b_vec [26] <-> \b_vec [26]
  partition pi bit 39: \b_vec [25] <-> \b_vec [25]
  partition pi bit 40: \b_vec [24] <-> \b_vec [24]
  partition pi bit 41: \b_vec [23] <-> \b_vec [23]
  partition pi bit 42: \b_vec [22] <-> \b_vec [22]
  partition pi bit 43: \b_vec [21] <-> \b_vec [21]
  partition pi bit 44: \b_vec [20] <-> \b_vec [20]
  partition pi bit 45: \b_vec [19] <-> \b_vec [19]
  partition pi bit 46: \b_vec [18] <-> \b_vec [18]
  partition pi bit 47: \b_vec [17] <-> \b_vec [17]
  partition pi bit 48: \b_vec [16] <-> \b_vec [16]
  partition pi bit 49: \b_vec [15] <-> \b_vec [15]
  partition pi bit 50: \b_vec [14] <-> \b_vec [14]
  partition pi bit 51: \b_vec [13] <-> \b_vec [13]
  partition pi bit 52: \b_vec [12] <-> \b_vec [12]
  partition pi bit 53: \b_vec [11] <-> \b_vec [11]
  partition pi bit 54: \b_vec [10] <-> \b_vec [10]
  partition pi bit 55: \b_vec [9] <-> \b_vec [9]
  partition pi bit 56: \b_vec [8] <-> \b_vec [8]
  partition pi bit 57: \b_vec [7] <-> \b_vec [7]
  partition pi bit 58: \b_vec [6] <-> \b_vec [6]
  partition pi bit 59: \b_vec [5] <-> \b_vec [5]
  partition pi bit 60: \b_vec [4] <-> \b_vec [4]
  partition pi bit 61: \b_vec [3] <-> \b_vec [3]
  partition pi bit 62: \b_vec [2] <-> \b_vec [2]
  partition pi bit 63: \b_vec [1] <-> \b_vec [1]
  partition pi bit 64: \b_vec [0] <-> \b_vec [0]
  partition pi bit 65: \clk <-> \clk
  partition po bit 0: \b_reg [0] <-> \b_reg [0]
  partition po bit 1: \b_reg [1] <-> \b_reg [1]
  partition po bit 2: \b_reg [2] <-> \b_reg [2]
  partition po bit 3: \b_reg [3] <-> \b_reg [3]
  partition po bit 4: \b_reg [4] <-> \b_reg [4]
  partition po bit 5: \b_reg [5] <-> \b_reg [5]
  partition po bit 6: \b_reg [6] <-> \b_reg [6]
  partition po bit 7: \b_reg [7] <-> \b_reg [7]
  partition po bit 8: \b_reg [8] <-> \b_reg [8]
  partition po bit 9: \b_reg [9] <-> \b_reg [9]
  partition po bit 10: \b_reg [10] <-> \b_reg [10]
  partition po bit 11: \b_reg [11] <-> \b_reg [11]
  partition po bit 12: \b_reg [12] <-> \b_reg [12]
  partition po bit 13: \b_reg [13] <-> \b_reg [13]
  partition po bit 14: \b_reg [14] <-> \b_reg [14]
  partition po bit 15: \b_reg [15] <-> \b_reg [15]
  partition po bit 16: \b_reg [16] <-> \b_reg [16]
  partition po bit 17: \b_reg [17] <-> \b_reg [17]
  partition po bit 18: \b_reg [18] <-> \b_reg [18]
  partition po bit 19: \b_reg [19] <-> \b_reg [19]
  partition po bit 20: \b_reg [20] <-> \b_reg [20]
  partition po bit 21: \b_reg [21] <-> \b_reg [21]
  partition po bit 22: \b_reg [22] <-> \b_reg [22]
  partition po bit 23: \b_reg [23] <-> \b_reg [23]
  partition po bit 24: \b_reg [24] <-> \b_reg [24]
  partition po bit 25: \b_reg [25] <-> \b_reg [25]
  partition po bit 26: \b_reg [26] <-> \b_reg [26]
  partition po bit 27: \b_reg [27] <-> \b_reg [27]
  partition po bit 28: \b_reg [28] <-> \b_reg [28]
  partition po bit 29: \b_reg [29] <-> \b_reg [29]
  partition po bit 30: \b_reg [30] <-> \b_reg [30]
  partition po bit 31: \b_reg [31] <-> \b_reg [31]
  partition po bit 32: \b_reg [32] <-> \b_reg [32]
  partition po bit 33: \b_reg [33] <-> \b_reg [33]
  partition po bit 34: \b_reg [34] <-> \b_reg [34]
  partition po bit 35: \b_reg [35] <-> \b_reg [35]
  partition po bit 36: \b_reg [36] <-> \b_reg [36]
  partition po bit 37: \b_reg [37] <-> \b_reg [37]
  partition po bit 38: \b_reg [38] <-> \b_reg [38]
  partition po bit 39: \b_reg [39] <-> \b_reg [39]
  partition po bit 40: \b_reg [40] <-> \b_reg [40]
  partition po bit 41: \b_reg [41] <-> \b_reg [41]
  partition po bit 42: \b_reg [42] <-> \b_reg [42]
  partition po bit 43: \b_reg [43] <-> \b_reg [43]
  partition po bit 44: \b_reg [44] <-> \b_reg [44]
  partition po bit 45: \b_reg [45] <-> \b_reg [45]
  partition po bit 46: \b_reg [46] <-> \b_reg [46]
  partition po bit 47: \b_reg [47] <-> \b_reg [47]
  partition po bit 48: \b_reg [48] <-> \b_reg [48]
  partition po bit 49: \b_reg [49] <-> \b_reg [49]
  partition po bit 50: \b_reg [50] <-> \b_reg [50]
  partition po bit 51: \b_reg [51] <-> \b_reg [51]
  partition po bit 52: \b_reg [52] <-> \b_reg [52]
  partition po bit 53: \b_reg [53] <-> \b_reg [53]
  partition po bit 54: \b_reg [54] <-> \b_reg [54]
  partition po bit 55: \b_reg [55] <-> \b_reg [55]
  partition po bit 56: \b_reg [56] <-> \b_reg [56]
  partition po bit 57: \b_reg [57] <-> \b_reg [57]
  partition po bit 58: \b_reg [58] <-> \b_reg [58]
  partition po bit 59: \b_reg [59] <-> \b_reg [59]
  partition po bit 60: \b_reg [60] <-> \b_reg [60]
  partition po bit 61: \b_reg [61] <-> \b_reg [61]
  partition po bit 62: \b_reg [62] <-> \b_reg [62]
  partition po bit 63: \b_reg [63] <-> \b_reg [63]

3.1.25. Executing RTLIL backend.
Output filename: partitions/bm_mac8.b_reg.il
<suppressed ~416 debug messages>

3.1.26. Executing CHECK pass (checking for obvious problems).
Checking module gate.bm_mac8.b_reg...
Checking module gold.bm_mac8.b_reg...
Found and reported 0 problems.

Writing partition 12 as bm_mac8.acc.
  partition pi bit 0: \m6 [12] <-> \m6 [12]
  partition pi bit 1: \m6 [11] <-> \m6 [11]
  partition pi bit 2: \m6 [10] <-> \m6 [10]
  partition pi bit 3: \m6 [9] <-> \m6 [9]
  partition pi bit 4: \m6 [8] <-> \m6 [8]
  partition pi bit 5: \m6 [7] <-> \m6 [7]
  partition pi bit 6: \m6 [6] <-> \m6 [6]
  partition pi bit 7: \m6 [5] <-> \m6 [5]
  partition pi bit 8: \m6 [4] <-> \m6 [4]
  partition pi bit 9: \m6 [3] <-> \m6 [3]
  partition pi bit 10: \m6 [2] <-> \m6 [2]
  partition pi bit 11: \m6 [1] <-> \m6 [1]
  partition pi bit 12: \m6 [0] <-> \m6 [0]
  partition pi bit 13: \m5 [15] <-> \m5 [15]
  partition pi bit 14: \m5 [14] <-> \m5 [14]
  partition pi bit 15: \m5 [13] <-> \m5 [13]
  partition pi bit 16: \m5 [12] <-> \m5 [12]
  partition pi bit 17: \m5 [11] <-> \m5 [11]
  partition pi bit 18: \m5 [10] <-> \m5 [10]
  partition pi bit 19: \m5 [9] <-> \m5 [9]
  partition pi bit 20: \m5 [8] <-> \m5 [8]
  partition pi bit 21: \m5 [7] <-> \m5 [7]
  partition pi bit 22: \m5 [6] <-> \m5 [6]
  partition pi bit 23: \m5 [5] <-> \m5 [5]
  partition pi bit 24: \m5 [4] <-> \m5 [4]
  partition pi bit 25: \m5 [3] <-> \m5 [3]
  partition pi bit 26: \m5 [2] <-> \m5 [2]
  partition pi bit 27: \m5 [1] <-> \m5 [1]
  partition pi bit 28: \m5 [0] <-> \m5 [0]
  partition pi bit 29: \m4 [15] <-> \m4 [15]
  partition pi bit 30: \m4 [14] <-> \m4 [14]
  partition pi bit 31: \m4 [13] <-> \m4 [13]
  partition pi bit 32: \m4 [12] <-> \m4 [12]
  partition pi bit 33: \m4 [11] <-> \m4 [11]
  partition pi bit 34: \m4 [10] <-> \m4 [10]
  partition pi bit 35: \m4 [9] <-> \m4 [9]
  partition pi bit 36: \m4 [8] <-> \m4 [8]
  partition pi bit 37: \m4 [7] <-> \m4 [7]
  partition pi bit 38: \m4 [6] <-> \m4 [6]
  partition pi bit 39: \m4 [5] <-> \m4 [5]
  partition pi bit 40: \m4 [4] <-> \m4 [4]
  partition pi bit 41: \m4 [3] <-> \m4 [3]
  partition pi bit 42: \m4 [2] <-> \m4 [2]
  partition pi bit 43: \m4 [1] <-> \m4 [1]
  partition pi bit 44: \m4 [0] <-> \m4 [0]
  partition pi bit 45: \m3 [15] <-> \m3 [15]
  partition pi bit 46: \m3 [14] <-> \m3 [14]
  partition pi bit 47: \m3 [13] <-> \m3 [13]
  partition pi bit 48: \m3 [12] <-> \m3 [12]
  partition pi bit 49: \m3 [11] <-> \m3 [11]
  partition pi bit 50: \m3 [10] <-> \m3 [10]
  partition pi bit 51: \m3 [9] <-> \m3 [9]
  partition pi bit 52: \m3 [8] <-> \m3 [8]
  partition pi bit 53: \m3 [7] <-> \m3 [7]
  partition pi bit 54: \m3 [6] <-> \m3 [6]
  partition pi bit 55: \m3 [5] <-> \m3 [5]
  partition pi bit 56: \m3 [4] <-> \m3 [4]
  partition pi bit 57: \m3 [3] <-> \m3 [3]
  partition pi bit 58: \m3 [2] <-> \m3 [2]
  partition pi bit 59: \m3 [1] <-> \m3 [1]
  partition pi bit 60: \m3 [0] <-> \m3 [0]
  partition pi bit 61: \m2 [15] <-> \m2 [15]
  partition pi bit 62: \m2 [14] <-> \m2 [14]
  partition pi bit 63: \m2 [13] <-> \m2 [13]
  partition pi bit 64: \m2 [12] <-> \m2 [12]
  partition pi bit 65: \m2 [11] <-> \m2 [11]
  partition pi bit 66: \m2 [10] <-> \m2 [10]
  partition pi bit 67: \m2 [9] <-> \m2 [9]
  partition pi bit 68: \m2 [8] <-> \m2 [8]
  partition pi bit 69: \m2 [7] <-> \m2 [7]
  partition pi bit 70: \m2 [6] <-> \m2 [6]
  partition pi bit 71: \m2 [5] <-> \m2 [5]
  partition pi bit 72: \m2 [4] <-> \m2 [4]
  partition pi bit 73: \m2 [3] <-> \m2 [3]
  partition pi bit 74: \m2 [2] <-> \m2 [2]
  partition pi bit 75: \m2 [1] <-> \m2 [1]
  partition pi bit 76: \m2 [0] <-> \m2 [0]
  partition pi bit 77: \m1 [15] <-> \m1 [15]
  partition pi bit 78: \m1 [14] <-> \m1 [14]
  partition pi bit 79: \m1 [13] <-> \m1 [13]
  partition pi bit 80: \m1 [12] <-> \m1 [12]
  partition pi bit 81: \m1 [11] <-> \m1 [11]
  partition pi bit 82: \m1 [10] <-> \m1 [10]
  partition pi bit 83: \m1 [9] <-> \m1 [9]
  partition pi bit 84: \m1 [8] <-> \m1 [8]
  partition pi bit 85: \m1 [7] <-> \m1 [7]
  partition pi bit 86: \m1 [6] <-> \m1 [6]
  partition pi bit 87: \m1 [5] <-> \m1 [5]
  partition pi bit 88: \m1 [4] <-> \m1 [4]
  partition pi bit 89: \m1 [3] <-> \m1 [3]
  partition pi bit 90: \m1 [2] <-> \m1 [2]
  partition pi bit 91: \m1 [1] <-> \m1 [1]
  partition pi bit 92: \m1 [0] <-> \m1 [0]
  partition pi bit 93: \m0 [15] <-> \m0 [15]
  partition pi bit 94: \m0 [14] <-> \m0 [14]
  partition pi bit 95: \m0 [13] <-> \m0 [13]
  partition pi bit 96: \m0 [12] <-> \m0 [12]
  partition pi bit 97: \m0 [11] <-> \m0 [11]
  partition pi bit 98: \m0 [10] <-> \m0 [10]
  partition pi bit 99: \m0 [9] <-> \m0 [9]
  partition pi bit 100: \m0 [8] <-> \m0 [8]
  partition pi bit 101: \m0 [7] <-> \m0 [7]
  partition pi bit 102: \m0 [6] <-> \m0 [6]
  partition pi bit 103: \m0 [5] <-> \m0 [5]
  partition pi bit 104: \m0 [4] <-> \m0 [4]
  partition pi bit 105: \m0 [3] <-> \m0 [3]
  partition pi bit 106: \m0 [2] <-> \m0 [2]
  partition pi bit 107: \m0 [1] <-> \m0 [1]
  partition pi bit 108: \m0 [0] <-> \m0 [0]
  partition pi bit 109: \rst <-> \rst
  partition pi bit 110: \m6 [13] <-> \m6 [13]
  partition pi bit 111: \m6 [14] <-> \m6 [14]
  partition pi bit 112: \m6 [15] <-> \m6 [15]
  partition pi bit 113: \m7 [0] <-> \m7 [0]
  partition pi bit 114: \m7 [1] <-> \m7 [1]
  partition pi bit 115: \m7 [2] <-> \m7 [2]
  partition pi bit 116: \m7 [3] <-> \m7 [3]
  partition pi bit 117: \m7 [4] <-> \m7 [4]
  partition pi bit 118: \m7 [5] <-> \m7 [5]
  partition pi bit 119: \m7 [6] <-> \m7 [6]
  partition pi bit 120: \m7 [7] <-> \m7 [7]
  partition pi bit 121: \m7 [8] <-> \m7 [8]
  partition pi bit 122: \m7 [9] <-> \m7 [9]
  partition pi bit 123: \m7 [10] <-> \m7 [10]
  partition pi bit 124: \m7 [11] <-> \m7 [11]
  partition pi bit 125: \m7 [12] <-> \m7 [12]
  partition pi bit 126: \m7 [13] <-> \m7 [13]
  partition pi bit 127: \m7 [14] <-> \m7 [14]
  partition pi bit 128: \m7 [15] <-> \m7 [15]
  partition pi bit 129: \clk <-> \clk
  partition po bit 0: \acc [0] <-> \acc [0]
  partition po bit 1: \acc [1] <-> \acc [1]
  partition po bit 2: \acc [2] <-> \acc [2]
  partition po bit 3: \acc [3] <-> \acc [3]
  partition po bit 4: \acc [4] <-> \acc [4]
  partition po bit 5: \acc [5] <-> \acc [5]
  partition po bit 6: \acc [6] <-> \acc [6]
  partition po bit 7: \acc [7] <-> \acc [7]
  partition po bit 8: \acc [8] <-> \acc [8]
  partition po bit 9: \acc [9] <-> \acc [9]
  partition po bit 10: \acc [10] <-> \acc [10]
  partition po bit 11: \acc [11] <-> \acc [11]
  partition po bit 12: \acc [12] <-> \acc [12]
  partition po bit 13: \acc [13] <-> \acc [13]
  partition po bit 14: \acc [14] <-> \acc [14]
  partition po bit 15: \acc [15] <-> \acc [15]
  partition po bit 16: \acc [16] <-> \acc [16]
  partition po bit 17: \acc [17] <-> \acc [17]
  partition po bit 18: \acc [18] <-> \acc [18]
  partition po bit 19: \acc [19] <-> \acc [19]
  partition po bit 20: \c7 [18] <-> \c7 [18]
  partition po bit 21: \c7 [17] <-> \c7 [17]
  partition po bit 22: \c7 [16] <-> \c7 [16]
  partition po bit 23: \c7 [15] <-> \c7 [15]
  partition po bit 24: \c7 [14] <-> \c7 [14]
  partition po bit 25: \c7 [13] <-> \c7 [13]
  partition po bit 26: \c7 [12] <-> \c7 [12]
  partition po bit 27: \c7 [11] <-> \c7 [11]
  partition po bit 28: \c7 [10] <-> \c7 [10]
  partition po bit 29: \c7 [9] <-> \c7 [9]
  partition po bit 30: \c7 [8] <-> \c7 [8]
  partition po bit 31: \c7 [7] <-> \c7 [7]
  partition po bit 32: \c7 [6] <-> \c7 [6]
  partition po bit 33: \c7 [5] <-> \c7 [5]
  partition po bit 34: \c7 [4] <-> \c7 [4]
  partition po bit 35: \c7 [3] <-> \c7 [3]
  partition po bit 36: \c7 [2] <-> \c7 [2]
  partition po bit 37: \c7 [1] <-> \c7 [1]
  partition po bit 38: \c7 [0] <-> \c7 [0]
  partition po bit 39: \acc [20] <-> \acc [20]

3.1.27. Executing RTLIL backend.
Output filename: partitions/bm_mac8.acc.il
<suppressed ~779 debug messages>

3.1.28. Executing CHECK pass (checking for obvious problems).
Checking module gate.bm_mac8.acc...
Checking module gold.bm_mac8.acc...
Found and reported 0 problems.

Writing partition 13 as bm_mac8.a_reg.
  partition pi bit 0: \rst <-> \rst
  partition pi bit 1: \a_vec [63] <-> \a_vec [63]
  partition pi bit 2: \a_vec [62] <-> \a_vec [62]
  partition pi bit 3: \a_vec [61] <-> \a_vec [61]
  partition pi bit 4: \a_vec [60] <-> \a_vec [60]
  partition pi bit 5: \a_vec [59] <-> \a_vec [59]
  partition pi bit 6: \a_vec [58] <-> \a_vec [58]
  partition pi bit 7: \a_vec [57] <-> \a_vec [57]
  partition pi bit 8: \a_vec [56] <-> \a_vec [56]
  partition pi bit 9: \a_vec [55] <-> \a_vec [55]
  partition pi bit 10: \a_vec [54] <-> \a_vec [54]
  partition pi bit 11: \a_vec [53] <-> \a_vec [53]
  partition pi bit 12: \a_vec [52] <-> \a_vec [52]
  partition pi bit 13: \a_vec [51] <-> \a_vec [51]
  partition pi bit 14: \a_vec [50] <-> \a_vec [50]
  partition pi bit 15: \a_vec [49] <-> \a_vec [49]
  partition pi bit 16: \a_vec [48] <-> \a_vec [48]
  partition pi bit 17: \a_vec [47] <-> \a_vec [47]
  partition pi bit 18: \a_vec [46] <-> \a_vec [46]
  partition pi bit 19: \a_vec [45] <-> \a_vec [45]
  partition pi bit 20: \a_vec [44] <-> \a_vec [44]
  partition pi bit 21: \a_vec [43] <-> \a_vec [43]
  partition pi bit 22: \a_vec [42] <-> \a_vec [42]
  partition pi bit 23: \a_vec [41] <-> \a_vec [41]
  partition pi bit 24: \a_vec [40] <-> \a_vec [40]
  partition pi bit 25: \a_vec [39] <-> \a_vec [39]
  partition pi bit 26: \a_vec [38] <-> \a_vec [38]
  partition pi bit 27: \a_vec [37] <-> \a_vec [37]
  partition pi bit 28: \a_vec [36] <-> \a_vec [36]
  partition pi bit 29: \a_vec [35] <-> \a_vec [35]
  partition pi bit 30: \a_vec [34] <-> \a_vec [34]
  partition pi bit 31: \a_vec [33] <-> \a_vec [33]
  partition pi bit 32: \a_vec [32] <-> \a_vec [32]
  partition pi bit 33: \a_vec [31] <-> \a_vec [31]
  partition pi bit 34: \a_vec [30] <-> \a_vec [30]
  partition pi bit 35: \a_vec [29] <-> \a_vec [29]
  partition pi bit 36: \a_vec [28] <-> \a_vec [28]
  partition pi bit 37: \a_vec [27] <-> \a_vec [27]
  partition pi bit 38: \a_vec [26] <-> \a_vec [26]
  partition pi bit 39: \a_vec [25] <-> \a_vec [25]
  partition pi bit 40: \a_vec [24] <-> \a_vec [24]
  partition pi bit 41: \a_vec [23] <-> \a_vec [23]
  partition pi bit 42: \a_vec [22] <-> \a_vec [22]
  partition pi bit 43: \a_vec [21] <-> \a_vec [21]
  partition pi bit 44: \a_vec [20] <-> \a_vec [20]
  partition pi bit 45: \a_vec [19] <-> \a_vec [19]
  partition pi bit 46: \a_vec [18] <-> \a_vec [18]
  partition pi bit 47: \a_vec [17] <-> \a_vec [17]
  partition pi bit 48: \a_vec [16] <-> \a_vec [16]
  partition pi bit 49: \a_vec [15] <-> \a_vec [15]
  partition pi bit 50: \a_vec [14] <-> \a_vec [14]
  partition pi bit 51: \a_vec [13] <-> \a_vec [13]
  partition pi bit 52: \a_vec [12] <-> \a_vec [12]
  partition pi bit 53: \a_vec [11] <-> \a_vec [11]
  partition pi bit 54: \a_vec [10] <-> \a_vec [10]
  partition pi bit 55: \a_vec [9] <-> \a_vec [9]
  partition pi bit 56: \a_vec [8] <-> \a_vec [8]
  partition pi bit 57: \a_vec [7] <-> \a_vec [7]
  partition pi bit 58: \a_vec [6] <-> \a_vec [6]
  partition pi bit 59: \a_vec [5] <-> \a_vec [5]
  partition pi bit 60: \a_vec [4] <-> \a_vec [4]
  partition pi bit 61: \a_vec [3] <-> \a_vec [3]
  partition pi bit 62: \a_vec [2] <-> \a_vec [2]
  partition pi bit 63: \a_vec [1] <-> \a_vec [1]
  partition pi bit 64: \a_vec [0] <-> \a_vec [0]
  partition pi bit 65: \clk <-> \clk
  partition po bit 0: \a_reg [0] <-> \a_reg [0]
  partition po bit 1: \a_reg [1] <-> \a_reg [1]
  partition po bit 2: \a_reg [2] <-> \a_reg [2]
  partition po bit 3: \a_reg [3] <-> \a_reg [3]
  partition po bit 4: \a_reg [4] <-> \a_reg [4]
  partition po bit 5: \a_reg [5] <-> \a_reg [5]
  partition po bit 6: \a_reg [6] <-> \a_reg [6]
  partition po bit 7: \a_reg [7] <-> \a_reg [7]
  partition po bit 8: \a_reg [8] <-> \a_reg [8]
  partition po bit 9: \a_reg [9] <-> \a_reg [9]
  partition po bit 10: \a_reg [10] <-> \a_reg [10]
  partition po bit 11: \a_reg [11] <-> \a_reg [11]
  partition po bit 12: \a_reg [12] <-> \a_reg [12]
  partition po bit 13: \a_reg [13] <-> \a_reg [13]
  partition po bit 14: \a_reg [14] <-> \a_reg [14]
  partition po bit 15: \a_reg [15] <-> \a_reg [15]
  partition po bit 16: \a_reg [16] <-> \a_reg [16]
  partition po bit 17: \a_reg [17] <-> \a_reg [17]
  partition po bit 18: \a_reg [18] <-> \a_reg [18]
  partition po bit 19: \a_reg [19] <-> \a_reg [19]
  partition po bit 20: \a_reg [20] <-> \a_reg [20]
  partition po bit 21: \a_reg [21] <-> \a_reg [21]
  partition po bit 22: \a_reg [22] <-> \a_reg [22]
  partition po bit 23: \a_reg [23] <-> \a_reg [23]
  partition po bit 24: \a_reg [24] <-> \a_reg [24]
  partition po bit 25: \a_reg [25] <-> \a_reg [25]
  partition po bit 26: \a_reg [26] <-> \a_reg [26]
  partition po bit 27: \a_reg [27] <-> \a_reg [27]
  partition po bit 28: \a_reg [28] <-> \a_reg [28]
  partition po bit 29: \a_reg [29] <-> \a_reg [29]
  partition po bit 30: \a_reg [30] <-> \a_reg [30]
  partition po bit 31: \a_reg [31] <-> \a_reg [31]
  partition po bit 32: \a_reg [32] <-> \a_reg [32]
  partition po bit 33: \a_reg [33] <-> \a_reg [33]
  partition po bit 34: \a_reg [34] <-> \a_reg [34]
  partition po bit 35: \a_reg [35] <-> \a_reg [35]
  partition po bit 36: \a_reg [36] <-> \a_reg [36]
  partition po bit 37: \a_reg [37] <-> \a_reg [37]
  partition po bit 38: \a_reg [38] <-> \a_reg [38]
  partition po bit 39: \a_reg [39] <-> \a_reg [39]
  partition po bit 40: \a_reg [40] <-> \a_reg [40]
  partition po bit 41: \a_reg [41] <-> \a_reg [41]
  partition po bit 42: \a_reg [42] <-> \a_reg [42]
  partition po bit 43: \a_reg [43] <-> \a_reg [43]
  partition po bit 44: \a_reg [44] <-> \a_reg [44]
  partition po bit 45: \a_reg [45] <-> \a_reg [45]
  partition po bit 46: \a_reg [46] <-> \a_reg [46]
  partition po bit 47: \a_reg [47] <-> \a_reg [47]
  partition po bit 48: \a_reg [48] <-> \a_reg [48]
  partition po bit 49: \a_reg [49] <-> \a_reg [49]
  partition po bit 50: \a_reg [50] <-> \a_reg [50]
  partition po bit 51: \a_reg [51] <-> \a_reg [51]
  partition po bit 52: \a_reg [52] <-> \a_reg [52]
  partition po bit 53: \a_reg [53] <-> \a_reg [53]
  partition po bit 54: \a_reg [54] <-> \a_reg [54]
  partition po bit 55: \a_reg [55] <-> \a_reg [55]
  partition po bit 56: \a_reg [56] <-> \a_reg [56]
  partition po bit 57: \a_reg [57] <-> \a_reg [57]
  partition po bit 58: \a_reg [58] <-> \a_reg [58]
  partition po bit 59: \a_reg [59] <-> \a_reg [59]
  partition po bit 60: \a_reg [60] <-> \a_reg [60]
  partition po bit 61: \a_reg [61] <-> \a_reg [61]
  partition po bit 62: \a_reg [62] <-> \a_reg [62]
  partition po bit 63: \a_reg [63] <-> \a_reg [63]

3.1.29. Executing RTLIL backend.
Output filename: partitions/bm_mac8.a_reg.il
<suppressed ~416 debug messages>

3.1.30. Executing CHECK pass (checking for obvious problems).
Checking module gate.bm_mac8.a_reg...
Checking module gold.bm_mac8.a_reg...
Found and reported 0 problems.

Writing partition 14 as bm_mac8.
  partition pi bit 0: \b_vec [63] <-> \b_vec [63]
  partition pi bit 1: \b_vec [62] <-> \b_vec [62]
  partition pi bit 2: \b_vec [61] <-> \b_vec [61]
  partition pi bit 3: \b_vec [60] <-> \b_vec [60]
  partition pi bit 4: \b_vec [59] <-> \b_vec [59]
  partition pi bit 5: \b_vec [58] <-> \b_vec [58]
  partition pi bit 6: \b_vec [57] <-> \b_vec [57]
  partition pi bit 7: \b_vec [56] <-> \b_vec [56]
  partition pi bit 8: \b_vec [55] <-> \b_vec [55]
  partition pi bit 9: \b_vec [54] <-> \b_vec [54]
  partition pi bit 10: \b_vec [53] <-> \b_vec [53]
  partition pi bit 11: \b_vec [52] <-> \b_vec [52]
  partition pi bit 12: \b_vec [51] <-> \b_vec [51]
  partition pi bit 13: \b_vec [50] <-> \b_vec [50]
  partition pi bit 14: \b_vec [49] <-> \b_vec [49]
  partition pi bit 15: \b_vec [48] <-> \b_vec [48]
  partition pi bit 16: \b_vec [47] <-> \b_vec [47]
  partition pi bit 17: \b_vec [46] <-> \b_vec [46]
  partition pi bit 18: \b_vec [45] <-> \b_vec [45]
  partition pi bit 19: \b_vec [44] <-> \b_vec [44]
  partition pi bit 20: \b_vec [43] <-> \b_vec [43]
  partition pi bit 21: \b_vec [42] <-> \b_vec [42]
  partition pi bit 22: \b_vec [41] <-> \b_vec [41]
  partition pi bit 23: \b_vec [40] <-> \b_vec [40]
  partition pi bit 24: \b_vec [39] <-> \b_vec [39]
  partition pi bit 25: \b_vec [38] <-> \b_vec [38]
  partition pi bit 26: \b_vec [37] <-> \b_vec [37]
  partition pi bit 27: \b_vec [36] <-> \b_vec [36]
  partition pi bit 28: \b_vec [35] <-> \b_vec [35]
  partition pi bit 29: \b_vec [34] <-> \b_vec [34]
  partition pi bit 30: \b_vec [33] <-> \b_vec [33]
  partition pi bit 31: \b_vec [32] <-> \b_vec [32]
  partition pi bit 32: \b_vec [31] <-> \b_vec [31]
  partition pi bit 33: \b_vec [30] <-> \b_vec [30]
  partition pi bit 34: \b_vec [29] <-> \b_vec [29]
  partition pi bit 35: \b_vec [28] <-> \b_vec [28]
  partition pi bit 36: \b_vec [27] <-> \b_vec [27]
  partition pi bit 37: \b_vec [26] <-> \b_vec [26]
  partition pi bit 38: \b_vec [25] <-> \b_vec [25]
  partition pi bit 39: \b_vec [24] <-> \b_vec [24]
  partition pi bit 40: \b_vec [23] <-> \b_vec [23]
  partition pi bit 41: \b_vec [22] <-> \b_vec [22]
  partition pi bit 42: \b_vec [21] <-> \b_vec [21]
  partition pi bit 43: \b_vec [20] <-> \b_vec [20]
  partition pi bit 44: \b_vec [19] <-> \b_vec [19]
  partition pi bit 45: \b_vec [18] <-> \b_vec [18]
  partition pi bit 46: \b_vec [17] <-> \b_vec [17]
  partition pi bit 47: \b_vec [16] <-> \b_vec [16]
  partition pi bit 48: \b_vec [15] <-> \b_vec [15]
  partition pi bit 49: \b_vec [14] <-> \b_vec [14]
  partition pi bit 50: \b_vec [13] <-> \b_vec [13]
  partition pi bit 51: \b_vec [12] <-> \b_vec [12]
  partition pi bit 52: \b_vec [11] <-> \b_vec [11]
  partition pi bit 53: \b_vec [10] <-> \b_vec [10]
  partition pi bit 54: \b_vec [9] <-> \b_vec [9]
  partition pi bit 55: \b_vec [8] <-> \b_vec [8]
  partition pi bit 56: \b_vec [7] <-> \b_vec [7]
  partition pi bit 57: \b_vec [6] <-> \b_vec [6]
  partition pi bit 58: \b_vec [5] <-> \b_vec [5]
  partition pi bit 59: \b_vec [4] <-> \b_vec [4]
  partition pi bit 60: \b_vec [3] <-> \b_vec [3]
  partition pi bit 61: \b_vec [2] <-> \b_vec [2]
  partition pi bit 62: \b_vec [1] <-> \b_vec [1]
  partition pi bit 63: \b_vec [0] <-> \b_vec [0]
  partition pi bit 64: \a_vec [63] <-> \a_vec [63]
  partition pi bit 65: \a_vec [62] <-> \a_vec [62]
  partition pi bit 66: \a_vec [61] <-> \a_vec [61]
  partition pi bit 67: \a_vec [60] <-> \a_vec [60]
  partition pi bit 68: \a_vec [59] <-> \a_vec [59]
  partition pi bit 69: \a_vec [58] <-> \a_vec [58]
  partition pi bit 70: \a_vec [57] <-> \a_vec [57]
  partition pi bit 71: \a_vec [56] <-> \a_vec [56]
  partition pi bit 72: \a_vec [55] <-> \a_vec [55]
  partition pi bit 73: \a_vec [54] <-> \a_vec [54]
  partition pi bit 74: \a_vec [53] <-> \a_vec [53]
  partition pi bit 75: \a_vec [52] <-> \a_vec [52]
  partition pi bit 76: \a_vec [51] <-> \a_vec [51]
  partition pi bit 77: \a_vec [50] <-> \a_vec [50]
  partition pi bit 78: \a_vec [49] <-> \a_vec [49]
  partition pi bit 79: \a_vec [48] <-> \a_vec [48]
  partition pi bit 80: \a_vec [47] <-> \a_vec [47]
  partition pi bit 81: \a_vec [46] <-> \a_vec [46]
  partition pi bit 82: \a_vec [45] <-> \a_vec [45]
  partition pi bit 83: \a_vec [44] <-> \a_vec [44]
  partition pi bit 84: \a_vec [43] <-> \a_vec [43]
  partition pi bit 85: \a_vec [42] <-> \a_vec [42]
  partition pi bit 86: \a_vec [41] <-> \a_vec [41]
  partition pi bit 87: \a_vec [40] <-> \a_vec [40]
  partition pi bit 88: \a_vec [39] <-> \a_vec [39]
  partition pi bit 89: \a_vec [38] <-> \a_vec [38]
  partition pi bit 90: \a_vec [37] <-> \a_vec [37]
  partition pi bit 91: \a_vec [36] <-> \a_vec [36]
  partition pi bit 92: \a_vec [35] <-> \a_vec [35]
  partition pi bit 93: \a_vec [34] <-> \a_vec [34]
  partition pi bit 94: \a_vec [33] <-> \a_vec [33]
  partition pi bit 95: \a_vec [32] <-> \a_vec [32]
  partition pi bit 96: \a_vec [31] <-> \a_vec [31]
  partition pi bit 97: \a_vec [30] <-> \a_vec [30]
  partition pi bit 98: \a_vec [29] <-> \a_vec [29]
  partition pi bit 99: \a_vec [28] <-> \a_vec [28]
  partition pi bit 100: \a_vec [27] <-> \a_vec [27]
  partition pi bit 101: \a_vec [26] <-> \a_vec [26]
  partition pi bit 102: \a_vec [25] <-> \a_vec [25]
  partition pi bit 103: \a_vec [24] <-> \a_vec [24]
  partition pi bit 104: \a_vec [23] <-> \a_vec [23]
  partition pi bit 105: \a_vec [22] <-> \a_vec [22]
  partition pi bit 106: \a_vec [21] <-> \a_vec [21]
  partition pi bit 107: \a_vec [20] <-> \a_vec [20]
  partition pi bit 108: \a_vec [19] <-> \a_vec [19]
  partition pi bit 109: \a_vec [18] <-> \a_vec [18]
  partition pi bit 110: \a_vec [17] <-> \a_vec [17]
  partition pi bit 111: \a_vec [16] <-> \a_vec [16]
  partition pi bit 112: \a_vec [15] <-> \a_vec [15]
  partition pi bit 113: \a_vec [14] <-> \a_vec [14]
  partition pi bit 114: \a_vec [13] <-> \a_vec [13]
  partition pi bit 115: \a_vec [12] <-> \a_vec [12]
  partition pi bit 116: \a_vec [11] <-> \a_vec [11]
  partition pi bit 117: \a_vec [10] <-> \a_vec [10]
  partition pi bit 118: \a_vec [9] <-> \a_vec [9]
  partition pi bit 119: \a_vec [8] <-> \a_vec [8]
  partition pi bit 120: \a_vec [7] <-> \a_vec [7]
  partition pi bit 121: \a_vec [6] <-> \a_vec [6]
  partition pi bit 122: \a_vec [5] <-> \a_vec [5]
  partition pi bit 123: \a_vec [4] <-> \a_vec [4]
  partition pi bit 124: \a_vec [3] <-> \a_vec [3]
  partition pi bit 125: \a_vec [2] <-> \a_vec [2]
  partition pi bit 126: \a_vec [1] <-> \a_vec [1]
  partition pi bit 127: \a_vec [0] <-> \a_vec [0]
  partition pi bit 128: \rst <-> \rst
  partition pi bit 129: \in_valid <-> \in_valid
  partition pi bit 130: \clk <-> \clk
  partition mp bit 0: \c7 [0] <-> \c7 [0]
  partition mp bit 1: \c7 [1] <-> \c7 [1]
  partition mp bit 2: \c7 [2] <-> \c7 [2]
  partition mp bit 3: \c7 [3] <-> \c7 [3]
  partition mp bit 4: \c7 [4] <-> \c7 [4]
  partition mp bit 5: \c7 [5] <-> \c7 [5]
  partition mp bit 6: \c7 [6] <-> \c7 [6]
  partition mp bit 7: \c7 [7] <-> \c7 [7]
  partition mp bit 8: \c7 [8] <-> \c7 [8]
  partition mp bit 9: \c7 [9] <-> \c7 [9]
  partition mp bit 10: \c7 [10] <-> \c7 [10]
  partition mp bit 11: \c7 [11] <-> \c7 [11]
  partition mp bit 12: \c7 [12] <-> \c7 [12]
  partition mp bit 13: \c7 [13] <-> \c7 [13]
  partition mp bit 14: \c7 [14] <-> \c7 [14]
  partition mp bit 15: \c7 [15] <-> \c7 [15]
  partition mp bit 16: \c7 [16] <-> \c7 [16]
  partition mp bit 17: \c7 [17] <-> \c7 [17]
  partition mp bit 18: \c7 [18] <-> \c7 [18]
  partition mp bit 19: \m0 [0] <-> \m0 [0]
  partition mp bit 20: \m0 [1] <-> \m0 [1]
  partition mp bit 21: \m0 [2] <-> \m0 [2]
  partition mp bit 22: \m0 [3] <-> \m0 [3]
  partition mp bit 23: \m0 [4] <-> \m0 [4]
  partition mp bit 24: \m0 [5] <-> \m0 [5]
  partition mp bit 25: \m0 [6] <-> \m0 [6]
  partition mp bit 26: \m0 [7] <-> \m0 [7]
  partition mp bit 27: \m0 [8] <-> \m0 [8]
  partition mp bit 28: \m0 [9] <-> \m0 [9]
  partition mp bit 29: \m0 [10] <-> \m0 [10]
  partition mp bit 30: \m0 [11] <-> \m0 [11]
  partition mp bit 31: \m0 [12] <-> \m0 [12]
  partition mp bit 32: \m0 [13] <-> \m0 [13]
  partition mp bit 33: \m0 [14] <-> \m0 [14]
  partition mp bit 34: \b_reg [7] <-> \b_reg [7]
  partition mp bit 35: \b_reg [6] <-> \b_reg [6]
  partition mp bit 36: \b_reg [5] <-> \b_reg [5]
  partition mp bit 37: \b_reg [4] <-> \b_reg [4]
  partition mp bit 38: \b_reg [3] <-> \b_reg [3]
  partition mp bit 39: \b_reg [2] <-> \b_reg [2]
  partition mp bit 40: \b_reg [1] <-> \b_reg [1]
  partition mp bit 41: \b_reg [0] <-> \b_reg [0]
  partition mp bit 42: \a_reg [7] <-> \a_reg [7]
  partition mp bit 43: \a_reg [6] <-> \a_reg [6]
  partition mp bit 44: \a_reg [5] <-> \a_reg [5]
  partition mp bit 45: \a_reg [4] <-> \a_reg [4]
  partition mp bit 46: \a_reg [3] <-> \a_reg [3]
  partition mp bit 47: \a_reg [2] <-> \a_reg [2]
  partition mp bit 48: \a_reg [1] <-> \a_reg [1]
  partition mp bit 49: \a_reg [0] <-> \a_reg [0]
  partition mp bit 50: \m0 [15] <-> \m0 [15]
  partition mp bit 51: \m1 [0] <-> \m1 [0]
  partition mp bit 52: \m1 [1] <-> \m1 [1]
  partition mp bit 53: \m1 [2] <-> \m1 [2]
  partition mp bit 54: \m1 [3] <-> \m1 [3]
  partition mp bit 55: \m1 [4] <-> \m1 [4]
  partition mp bit 56: \m1 [5] <-> \m1 [5]
  partition mp bit 57: \m1 [6] <-> \m1 [6]
  partition mp bit 58: \m1 [7] <-> \m1 [7]
  partition mp bit 59: \m1 [8] <-> \m1 [8]
  partition mp bit 60: \m1 [9] <-> \m1 [9]
  partition mp bit 61: \m1 [10] <-> \m1 [10]
  partition mp bit 62: \m1 [11] <-> \m1 [11]
  partition mp bit 63: \m1 [12] <-> \m1 [12]
  partition mp bit 64: \m1 [13] <-> \m1 [13]
  partition mp bit 65: \m1 [14] <-> \m1 [14]
  partition mp bit 66: \b_reg [15] <-> \b_reg [15]
  partition mp bit 67: \b_reg [14] <-> \b_reg [14]
  partition mp bit 68: \b_reg [13] <-> \b_reg [13]
  partition mp bit 69: \b_reg [12] <-> \b_reg [12]
  partition mp bit 70: \b_reg [11] <-> \b_reg [11]
  partition mp bit 71: \b_reg [10] <-> \b_reg [10]
  partition mp bit 72: \b_reg [9] <-> \b_reg [9]
  partition mp bit 73: \b_reg [8] <-> \b_reg [8]
  partition mp bit 74: \a_reg [15] <-> \a_reg [15]
  partition mp bit 75: \a_reg [14] <-> \a_reg [14]
  partition mp bit 76: \a_reg [13] <-> \a_reg [13]
  partition mp bit 77: \a_reg [12] <-> \a_reg [12]
  partition mp bit 78: \a_reg [11] <-> \a_reg [11]
  partition mp bit 79: \a_reg [10] <-> \a_reg [10]
  partition mp bit 80: \a_reg [9] <-> \a_reg [9]
  partition mp bit 81: \a_reg [8] <-> \a_reg [8]
  partition mp bit 82: \m1 [15] <-> \m1 [15]
  partition mp bit 83: \m2 [0] <-> \m2 [0]
  partition mp bit 84: \m2 [1] <-> \m2 [1]
  partition mp bit 85: \m2 [2] <-> \m2 [2]
  partition mp bit 86: \m2 [3] <-> \m2 [3]
  partition mp bit 87: \m2 [4] <-> \m2 [4]
  partition mp bit 88: \m2 [5] <-> \m2 [5]
  partition mp bit 89: \m2 [6] <-> \m2 [6]
  partition mp bit 90: \m2 [7] <-> \m2 [7]
  partition mp bit 91: \m2 [8] <-> \m2 [8]
  partition mp bit 92: \m2 [9] <-> \m2 [9]
  partition mp bit 93: \m2 [10] <-> \m2 [10]
  partition mp bit 94: \m2 [11] <-> \m2 [11]
  partition mp bit 95: \m2 [12] <-> \m2 [12]
  partition mp bit 96: \m2 [13] <-> \m2 [13]
  partition mp bit 97: \m2 [14] <-> \m2 [14]
  partition mp bit 98: \b_reg [23] <-> \b_reg [23]
  partition mp bit 99: \b_reg [22] <-> \b_reg [22]
  partition mp bit 100: \b_reg [21] <-> \b_reg [21]
  partition mp bit 101: \b_reg [20] <-> \b_reg [20]
  partition mp bit 102: \b_reg [19] <-> \b_reg [19]
  partition mp bit 103: \b_reg [18] <-> \b_reg [18]
  partition mp bit 104: \b_reg [17] <-> \b_reg [17]
  partition mp bit 105: \b_reg [16] <-> \b_reg [16]
  partition mp bit 106: \a_reg [23] <-> \a_reg [23]
  partition mp bit 107: \a_reg [22] <-> \a_reg [22]
  partition mp bit 108: \a_reg [21] <-> \a_reg [21]
  partition mp bit 109: \a_reg [20] <-> \a_reg [20]
  partition mp bit 110: \a_reg [19] <-> \a_reg [19]
  partition mp bit 111: \a_reg [18] <-> \a_reg [18]
  partition mp bit 112: \a_reg [17] <-> \a_reg [17]
  partition mp bit 113: \a_reg [16] <-> \a_reg [16]
  partition mp bit 114: \m2 [15] <-> \m2 [15]
  partition mp bit 115: \m3 [0] <-> \m3 [0]
  partition mp bit 116: \m3 [1] <-> \m3 [1]
  partition mp bit 117: \m3 [2] <-> \m3 [2]
  partition mp bit 118: \m3 [3] <-> \m3 [3]
  partition mp bit 119: \m3 [4] <-> \m3 [4]
  partition mp bit 120: \m3 [5] <-> \m3 [5]
  partition mp bit 121: \m3 [6] <-> \m3 [6]
  partition mp bit 122: \m3 [7] <-> \m3 [7]
  partition mp bit 123: \m3 [8] <-> \m3 [8]
  partition mp bit 124: \m3 [9] <-> \m3 [9]
  partition mp bit 125: \m3 [10] <-> \m3 [10]
  partition mp bit 126: \m3 [11] <-> \m3 [11]
  partition mp bit 127: \m3 [12] <-> \m3 [12]
  partition mp bit 128: \m3 [13] <-> \m3 [13]
  partition mp bit 129: \m3 [14] <-> \m3 [14]
  partition mp bit 130: \b_reg [31] <-> \b_reg [31]
  partition mp bit 131: \b_reg [30] <-> \b_reg [30]
  partition mp bit 132: \b_reg [29] <-> \b_reg [29]
  partition mp bit 133: \b_reg [28] <-> \b_reg [28]
  partition mp bit 134: \b_reg [27] <-> \b_reg [27]
  partition mp bit 135: \b_reg [26] <-> \b_reg [26]
  partition mp bit 136: \b_reg [25] <-> \b_reg [25]
  partition mp bit 137: \b_reg [24] <-> \b_reg [24]
  partition mp bit 138: \a_reg [31] <-> \a_reg [31]
  partition mp bit 139: \a_reg [30] <-> \a_reg [30]
  partition mp bit 140: \a_reg [29] <-> \a_reg [29]
  partition mp bit 141: \a_reg [28] <-> \a_reg [28]
  partition mp bit 142: \a_reg [27] <-> \a_reg [27]
  partition mp bit 143: \a_reg [26] <-> \a_reg [26]
  partition mp bit 144: \a_reg [25] <-> \a_reg [25]
  partition mp bit 145: \a_reg [24] <-> \a_reg [24]
  partition mp bit 146: \m3 [15] <-> \m3 [15]
  partition mp bit 147: \m4 [0] <-> \m4 [0]
  partition mp bit 148: \m4 [1] <-> \m4 [1]
  partition mp bit 149: \m4 [2] <-> \m4 [2]
  partition mp bit 150: \m4 [3] <-> \m4 [3]
  partition mp bit 151: \m4 [4] <-> \m4 [4]
  partition mp bit 152: \m4 [5] <-> \m4 [5]
  partition mp bit 153: \m4 [6] <-> \m4 [6]
  partition mp bit 154: \m4 [7] <-> \m4 [7]
  partition mp bit 155: \m4 [8] <-> \m4 [8]
  partition mp bit 156: \m4 [9] <-> \m4 [9]
  partition mp bit 157: \m4 [10] <-> \m4 [10]
  partition mp bit 158: \m4 [11] <-> \m4 [11]
  partition mp bit 159: \m4 [12] <-> \m4 [12]
  partition mp bit 160: \m4 [13] <-> \m4 [13]
  partition mp bit 161: \m4 [14] <-> \m4 [14]
  partition mp bit 162: \b_reg [39] <-> \b_reg [39]
  partition mp bit 163: \b_reg [38] <-> \b_reg [38]
  partition mp bit 164: \b_reg [37] <-> \b_reg [37]
  partition mp bit 165: \b_reg [36] <-> \b_reg [36]
  partition mp bit 166: \b_reg [35] <-> \b_reg [35]
  partition mp bit 167: \b_reg [34] <-> \b_reg [34]
  partition mp bit 168: \b_reg [33] <-> \b_reg [33]
  partition mp bit 169: \b_reg [32] <-> \b_reg [32]
  partition mp bit 170: \a_reg [39] <-> \a_reg [39]
  partition mp bit 171: \a_reg [38] <-> \a_reg [38]
  partition mp bit 172: \a_reg [37] <-> \a_reg [37]
  partition mp bit 173: \a_reg [36] <-> \a_reg [36]
  partition mp bit 174: \a_reg [35] <-> \a_reg [35]
  partition mp bit 175: \a_reg [34] <-> \a_reg [34]
  partition mp bit 176: \a_reg [33] <-> \a_reg [33]
  partition mp bit 177: \a_reg [32] <-> \a_reg [32]
  partition mp bit 178: \m4 [15] <-> \m4 [15]
  partition mp bit 179: \m5 [0] <-> \m5 [0]
  partition mp bit 180: \m5 [1] <-> \m5 [1]
  partition mp bit 181: \m5 [2] <-> \m5 [2]
  partition mp bit 182: \m5 [3] <-> \m5 [3]
  partition mp bit 183: \m5 [4] <-> \m5 [4]
  partition mp bit 184: \m5 [5] <-> \m5 [5]
  partition mp bit 185: \m5 [6] <-> \m5 [6]
  partition mp bit 186: \m5 [7] <-> \m5 [7]
  partition mp bit 187: \m5 [8] <-> \m5 [8]
  partition mp bit 188: \m5 [9] <-> \m5 [9]
  partition mp bit 189: \m5 [10] <-> \m5 [10]
  partition mp bit 190: \m5 [11] <-> \m5 [11]
  partition mp bit 191: \m5 [12] <-> \m5 [12]
  partition mp bit 192: \m5 [13] <-> \m5 [13]
  partition mp bit 193: \m5 [14] <-> \m5 [14]
  partition mp bit 194: \b_reg [47] <-> \b_reg [47]
  partition mp bit 195: \b_reg [46] <-> \b_reg [46]
  partition mp bit 196: \b_reg [45] <-> \b_reg [45]
  partition mp bit 197: \b_reg [44] <-> \b_reg [44]
  partition mp bit 198: \b_reg [43] <-> \b_reg [43]
  partition mp bit 199: \b_reg [42] <-> \b_reg [42]
  partition mp bit 200: \b_reg [41] <-> \b_reg [41]
  partition mp bit 201: \b_reg [40] <-> \b_reg [40]
  partition mp bit 202: \a_reg [47] <-> \a_reg [47]
  partition mp bit 203: \a_reg [46] <-> \a_reg [46]
  partition mp bit 204: \a_reg [45] <-> \a_reg [45]
  partition mp bit 205: \a_reg [44] <-> \a_reg [44]
  partition mp bit 206: \a_reg [43] <-> \a_reg [43]
  partition mp bit 207: \a_reg [42] <-> \a_reg [42]
  partition mp bit 208: \a_reg [41] <-> \a_reg [41]
  partition mp bit 209: \a_reg [40] <-> \a_reg [40]
  partition mp bit 210: \m5 [15] <-> \m5 [15]
  partition mp bit 211: \m6 [0] <-> \m6 [0]
  partition mp bit 212: \m6 [1] <-> \m6 [1]
  partition mp bit 213: \m6 [2] <-> \m6 [2]
  partition mp bit 214: \m6 [3] <-> \m6 [3]
  partition mp bit 215: \m6 [4] <-> \m6 [4]
  partition mp bit 216: \m6 [5] <-> \m6 [5]
  partition mp bit 217: \m6 [6] <-> \m6 [6]
  partition mp bit 218: \m6 [7] <-> \m6 [7]
  partition mp bit 219: \m6 [8] <-> \m6 [8]
  partition mp bit 220: \m6 [9] <-> \m6 [9]
  partition mp bit 221: \m6 [10] <-> \m6 [10]
  partition mp bit 222: \m6 [11] <-> \m6 [11]
  partition mp bit 223: \m6 [12] <-> \m6 [12]
  partition mp bit 224: \m6 [13] <-> \m6 [13]
  partition mp bit 225: \m6 [14] <-> \m6 [14]
  partition mp bit 226: \b_reg [55] <-> \b_reg [55]
  partition mp bit 227: \b_reg [54] <-> \b_reg [54]
  partition mp bit 228: \b_reg [53] <-> \b_reg [53]
  partition mp bit 229: \b_reg [52] <-> \b_reg [52]
  partition mp bit 230: \b_reg [51] <-> \b_reg [51]
  partition mp bit 231: \b_reg [50] <-> \b_reg [50]
  partition mp bit 232: \b_reg [49] <-> \b_reg [49]
  partition mp bit 233: \b_reg [48] <-> \b_reg [48]
  partition mp bit 234: \a_reg [55] <-> \a_reg [55]
  partition mp bit 235: \a_reg [54] <-> \a_reg [54]
  partition mp bit 236: \a_reg [53] <-> \a_reg [53]
  partition mp bit 237: \a_reg [52] <-> \a_reg [52]
  partition mp bit 238: \a_reg [51] <-> \a_reg [51]
  partition mp bit 239: \a_reg [50] <-> \a_reg [50]
  partition mp bit 240: \a_reg [49] <-> \a_reg [49]
  partition mp bit 241: \a_reg [48] <-> \a_reg [48]
  partition mp bit 242: \m6 [15] <-> \m6 [15]
  partition mp bit 243: \m7 [0] <-> \m7 [0]
  partition mp bit 244: \m7 [1] <-> \m7 [1]
  partition mp bit 245: \m7 [2] <-> \m7 [2]
  partition mp bit 246: \m7 [3] <-> \m7 [3]
  partition mp bit 247: \m7 [4] <-> \m7 [4]
  partition mp bit 248: \m7 [5] <-> \m7 [5]
  partition mp bit 249: \m7 [6] <-> \m7 [6]
  partition mp bit 250: \m7 [7] <-> \m7 [7]
  partition mp bit 251: \m7 [8] <-> \m7 [8]
  partition mp bit 252: \m7 [9] <-> \m7 [9]
  partition mp bit 253: \m7 [10] <-> \m7 [10]
  partition mp bit 254: \m7 [11] <-> \m7 [11]
  partition mp bit 255: \m7 [12] <-> \m7 [12]
  partition mp bit 256: \m7 [13] <-> \m7 [13]
  partition mp bit 257: \m7 [14] <-> \m7 [14]
  partition mp bit 258: \b_reg [63] <-> \b_reg [63]
  partition mp bit 259: \b_reg [62] <-> \b_reg [62]
  partition mp bit 260: \b_reg [61] <-> \b_reg [61]
  partition mp bit 261: \b_reg [60] <-> \b_reg [60]
  partition mp bit 262: \b_reg [59] <-> \b_reg [59]
  partition mp bit 263: \b_reg [58] <-> \b_reg [58]
  partition mp bit 264: \b_reg [57] <-> \b_reg [57]
  partition mp bit 265: \b_reg [56] <-> \b_reg [56]
  partition mp bit 266: \a_reg [63] <-> \a_reg [63]
  partition mp bit 267: \a_reg [62] <-> \a_reg [62]
  partition mp bit 268: \a_reg [61] <-> \a_reg [61]
  partition mp bit 269: \a_reg [60] <-> \a_reg [60]
  partition mp bit 270: \a_reg [59] <-> \a_reg [59]
  partition mp bit 271: \a_reg [58] <-> \a_reg [58]
  partition mp bit 272: \a_reg [57] <-> \a_reg [57]
  partition mp bit 273: \a_reg [56] <-> \a_reg [56]
  partition mp bit 274: \m7 [15] <-> \m7 [15]
  partition mp bit 275: \vld <-> \vld
  partition po bit 0: \acc [0] <-> \acc [0]
  partition po bit 1: \acc [1] <-> \acc [1]
  partition po bit 2: \acc [2] <-> \acc [2]
  partition po bit 3: \acc [3] <-> \acc [3]
  partition po bit 4: \acc [4] <-> \acc [4]
  partition po bit 5: \acc [5] <-> \acc [5]
  partition po bit 6: \acc [6] <-> \acc [6]
  partition po bit 7: \acc [7] <-> \acc [7]
  partition po bit 8: \acc [8] <-> \acc [8]
  partition po bit 9: \acc [9] <-> \acc [9]
  partition po bit 10: \acc [10] <-> \acc [10]
  partition po bit 11: \acc [11] <-> \acc [11]
  partition po bit 12: \acc [12] <-> \acc [12]
  partition po bit 13: \acc [13] <-> \acc [13]
  partition po bit 14: \acc [14] <-> \acc [14]
  partition po bit 15: \acc [15] <-> \acc [15]
  partition po bit 16: \acc [16] <-> \acc [16]
  partition po bit 17: \acc [17] <-> \acc [17]
  partition po bit 18: \acc [18] <-> \acc [18]
  partition po bit 19: \acc [19] <-> \acc [19]
  partition po bit 20: \acc [20] <-> \acc [20]
  partition po bit 21: \out_valid <-> \out_valid

3.1.31. Executing RTLIL backend.
Output filename: modules/bm_mac8.il
<suppressed ~1715 debug messages>

End of script. Logfile hash: 9c11df8f36, time: 0.15s, user: 0.02s, system: 0.02s, MEM: 18.38 MB peak
Yosys 0.68+195 (git sha1 435977e97-dirty, Release, Clang /usr/bin/clang++ 21.1.8)
Time spent: 72% 1x eqy_partition (0 sec), 13% 13x check (0 sec), ...
